[28May2026 14:36:22.104] [main/INFO] [cpw.mods.modlauncher.Launcher/MODLAUNCHER]: ModLauncher running: args [--username, Bigh2011x, --version, 1.20.1, --gameDir, /home/bigh/.var/app/org.prismlauncher.PrismLauncher/data/PrismLauncher/instances/GregTech Community Pack Modern/minecraft, --assetsDir, /home/bigh/.var/app/org.prismlauncher.PrismLauncher/data/PrismLauncher/assets, --assetIndex, 5, --uuid, 4ad7ad70dd98470aa438bf61b02daec8, --accessToken, ❄❄❄❄❄❄❄❄, --userType, msa, --versionType, release, --launchTarget, forgeclient, --fml.forgeVersion, 47.4.10, --fml.mcVersion, 1.20.1, --fml.forgeGroup, net.minecraftforge, --fml.mcpVersion, 20230612.114412, --width, 854, --height, 480]
[28May2026 14:36:22.106] [main/INFO] [cpw.mods.modlauncher.Launcher/MODLAUNCHER]: ModLauncher 10.0.9+10.0.9+main.dcd20f30 starting: java version 17.0.15 by Microsoft; OS Linux arch amd64 version 6.17.0-29-generic
[28May2026 14:36:22.896] [main/INFO] [net.minecraftforge.fml.loading.ImmediateWindowHandler/]: Loading ImmediateWindowProvider fmlearlywindow
[28May2026 14:36:22.963] [main/INFO] [EARLYDISPLAY/]: Trying GL version 4.6
[28May2026 14:36:23.252] [main/INFO] [EARLYDISPLAY/]: Requested GL version 4.6 got version 4.6
[28May2026 14:36:23.367] [main/WARN] [CrashAssistantJarInJarHelper/]: Stream injection failed; legacy loggers may retain blocking behavior.
[28May2026 14:36:23.368] [main/INFO] [CrashAssistantJarInJarHelper/]: Launching CrashAssistantApp (CrashAssistant-forge-1.19-1.20.1-1.11.9.jar)
[28May2026 14:36:23.475] [pool-2-thread-1/INFO] [EARLYDISPLAY/]: GL info: NVIDIA GeForce RTX 3060/PCIe/SSE2 GL version 4.6.0 NVIDIA 595.71.05, NVIDIA Corporation
[28May2026 14:36:23.599] [main/INFO] [mixin/]: SpongePowered MIXIN Subsystem Version=0.8.5 Source=union:/home/bigh/.var/app/org.prismlauncher.PrismLauncher/data/PrismLauncher/libraries/org/spongepowered/mixin/0.8.5/mixin-0.8.5.jar%23140!/ Service=ModLauncher Env=CLIENT
[28May2026 14:36:23.921] [main/WARN] [net.minecraftforge.fml.loading.moddiscovery.ModFileParser/LOADING]: Mod file /home/bigh/.var/app/org.prismlauncher.PrismLauncher/data/PrismLauncher/libraries/net/minecraftforge/fmlcore/1.20.1-47.4.10/fmlcore-1.20.1-47.4.10.jar is missing mods.toml file
[28May2026 14:36:23.921] [main/WARN] [net.minecraftforge.fml.loading.moddiscovery.ModFileParser/LOADING]: Mod file /home/bigh/.var/app/org.prismlauncher.PrismLauncher/data/PrismLauncher/libraries/net/minecraftforge/javafmllanguage/1.20.1-47.4.10/javafmllanguage-1.20.1-47.4.10.jar is missing mods.toml file
[28May2026 14:36:23.922] [main/WARN] [net.minecraftforge.fml.loading.moddiscovery.ModFileParser/LOADING]: Mod file /home/bigh/.var/app/org.prismlauncher.PrismLauncher/data/PrismLauncher/libraries/net/minecraftforge/lowcodelanguage/1.20.1-47.4.10/lowcodelanguage-1.20.1-47.4.10.jar is missing mods.toml file
[28May2026 14:36:23.922] [main/WARN] [net.minecraftforge.fml.loading.moddiscovery.ModFileParser/LOADING]: Mod file /home/bigh/.var/app/org.prismlauncher.PrismLauncher/data/PrismLauncher/libraries/net/minecraftforge/mclanguage/1.20.1-47.4.10/mclanguage-1.20.1-47.4.10.jar is missing mods.toml file
[28May2026 14:36:24.137] [CrashAssistantApp process logger/INFO] [ChildProcessLogger/]: CrashAssistantApp process successfully started.
[28May2026 14:36:24.767] [main/WARN] [net.minecraftforge.jarjar.selection.JarSelector/]: Attempted to select a dependency jar for JarJar which was passed in as source: configuration. Using Mod File: /home/bigh/.var/app/org.prismlauncher.PrismLauncher/data/PrismLauncher/instances/GregTech Community Pack Modern/minecraft/mods/configuration-forge-1.20.1-3.1.0.jar
[28May2026 14:36:24.767] [main/INFO] [net.minecraftforge.fml.loading.moddiscovery.JarInJarDependencyLocator/]: Found 39 dependencies adding them to mods collection
[28May2026 14:36:27.049] [main/INFO] [mixin/]: Compatibility level set to JAVA_17
[28May2026 14:36:27.162] [main/ERROR] [mixin/]: Mixin config zfastnoise.mixins.json does not specify "minVersion" property
[28May2026 14:36:27.212] [main/ERROR] [mixin/]: Mixin config rei.mixins.json does not specify "minVersion" property
[28May2026 14:36:27.236] [main/ERROR] [mixin/]: Mixin config yacl.mixins.json does not specify "minVersion" property
[28May2026 14:36:27.266] [main/INFO] [mixin/]: Successfully loaded Mixin Connector [com.leobeliik.extremesoundmuffler.MixinConnector]
[28May2026 14:36:27.266] [main/INFO] [cpw.mods.modlauncher.LaunchServiceHandler/MODLAUNCHER]: Launching target 'forgeclient' with arguments [--version, 1.20.1, --gameDir, /home/bigh/.var/app/org.prismlauncher.PrismLauncher/data/PrismLauncher/instances/GregTech Community Pack Modern/minecraft, --assetsDir, /home/bigh/.var/app/org.prismlauncher.PrismLauncher/data/PrismLauncher/assets, --uuid, 4ad7ad70dd98470aa438bf61b02daec8, --username, Bigh2011x, --assetIndex, 5, --accessToken, ❄❄❄❄❄❄❄❄, --userType, msa, --versionType, release, --width, 854, --height, 480]
[28May2026 14:36:27.320] [main/INFO] [ModernFix/]: Loaded configuration file for ModernFix 5.27.40+mc1.20.1: 108 options available, 1 override(s) found
[28May2026 14:36:27.321] [main/WARN] [ModernFix/]: Option 'mixin.perf.thread_priorities' overriden (by mods [smoothboot]) to 'false'
[28May2026 14:36:27.321] [main/INFO] [ModernFix/]: Applying Nashorn fix
[28May2026 14:36:27.337] [main/INFO] [ModernFix/]: Applied Forge config corruption patch
[28May2026 14:36:27.360] [main/WARN] [mixin/]: Reference map '' for chat_heads.forge.mixins.json could not be read. If this is a development environment you can ignore this message
[28May2026 14:36:27.373] [main/INFO] [Embeddium/]: Loaded configuration file for Embeddium: 220 options available, 3 override(s) found
[28May2026 14:36:27.374] [main/INFO] [Embeddium-GraphicsAdapterProbe/]: Searching for graphics cards...
[28May2026 14:36:27.388] [main/INFO] [Embeddium-GraphicsAdapterProbe/]: Found graphics card: GraphicsAdapterInfo[vendor=NVIDIA, name=GA106 [GeForce RTX 3060 Lite Hash Rate], version=unknown]
[28May2026 14:36:27.391] [main/WARN] [Embeddium-Workarounds/]: Embeddium has applied one or more workarounds to prevent crashes or other issues on your system: [NVIDIA_THREADED_OPTIMIZATIONS]
[28May2026 14:36:27.392] [main/WARN] [Embeddium-Workarounds/]: This is not necessarily an issue, but it may result in certain features or optimizations being disabled. You can sometimes fix these issues by upgrading your graphics driver.
[28May2026 14:36:27.403] [main/WARN] [mixin/]: Reference map 'handcrafted-forge-1.20.1-forge-refmap.json' for handcrafted.mixins.json could not be read. If this is a development environment you can ignore this message
[28May2026 14:36:27.406] [main/WARN] [mixin/]: Reference map 'expanded_ecosphere-forge-refmap.json' for wwoo.mixins.json could not be read. If this is a development environment you can ignore this message
[28May2026 14:36:27.463] [main/INFO] [Radium Config/]: Loaded configuration file for Radium: 125 options available, 1 override(s) found
[28May2026 14:36:27.479] [main/WARN] [mixin/]: Reference map 'puzzlesaccessapi.common.refmap.json' for puzzlesaccessapi.common.mixins.json could not be read. If this is a development environment you can ignore this message
[28May2026 14:36:27.490] [main/WARN] [mixin/]: Reference map 'LongerChatHistory-forge-refmap.json' for longerchathistory.mixins.json could not be read. If this is a development environment you can ignore this message
[28May2026 14:36:27.526] [main/INFO] [Puzzles Lib/]: Loading 175 mods:
	- adorn 5.0.1+1.20.1
	- advancedperipherals 0.7.46r
	- ae2 15.4.10
	- ae2ct 1.20.1-1.1.1
	- ae2wtlib 15.3.3-forge
	- almostunified 1.20.1-0.11.0
	- alternate_current 1.7.0
	- appleskin 2.5.1+mc1.20.1
	- architects_palette 1.3.6.1
	- architectury 9.2.14
	- attributefix 21.0.5
	- badpackets 0.4.3
	- balm 7.3.38
		\-- kuma_api 20.1.12
	- betterendcities 1.0.0-1.20.1
	- betterfortresses 1.20-Forge-2.0.6
	- bookshelf 20.2.15
	- botarium 2.3.4
	- buildinggadgets2 1.0.8
	- carryon 2.1.2.7
	- chat_heads 0.15.1
	- chatplus 2.8.1
	- chunky 1.3.146
	- clienttweaks 11.1.6
	- cloth_config 11.1.136
	- clumps 12.0.0.4
	- codechickenlib 4.4.0.516
	- computercraft 1.119.0
	- configuration 3.1.0
	- controlling 12.0.2
	- cookingforblockheads 16.0.15
	- craftingstation 1.20.1-1.4.0
	- craftingtweaks 18.2.9
	- crash_assistant 1.11.9
	- create 6.0.8
		\-- flywheel 1.0.5
	- create_enchantment_industry 1.3.3-for-create-6.0.6
	- createaddition 1.20.1-1.3.3
	- createbigcannons 5.11.3
	- createdeco 2.0.3-1.20.1-forge
	- cristellib 1.1.6
	- cucumber 7.0.16
	- curios 5.14.1+1.20.1
	- defaultoptions 18.0.4
	- delightlib 26.05.18-1.20-forge
	- embeddium 0.3.31+mc1.20.1
		\-- rubidium 0.7.1
	- emojiful 4.2.0
	- enderio 6.2.18-beta
	- enderstorage 2.11.0.188
	- enigmaticgraves 1.8.0
	- expanded_ecosphere 3.2.4
	- expatternprovider 1.20-1.4.15-forge
	- extendedcrafting 6.0.10
	- extremesoundmuffler 3.51
	- farmers_structures 1.0.4
	- farmersdelight 1.20.1-1.3.2
	- fastleafdecay 32
	- fastload 3.4.0
	- fastsuite 5.1.2
	- ferritecore 6.0.1
	- findme 3.2.3
	- forge 47.4.10
	- fpsreducer 1.20.1-2.5.1
	- fragmentum 1.3.0
		\-- yet_another_config_lib_v3 3.6.6+1.20.1-forge
	- framedblocks 9.4.3
	- ftbbackups2 1.0.23
	- ftbchunks 2001.3.7
	- ftbessentials 2001.2.4
	- ftblibrary 2001.2.12
	- ftbquests 2001.4.22
	- ftbteams 2001.3.2
	- ftbxmodcompat 2.1.3
	- gcyr 0.2.8
	- geophilic 3.5
	- glitchcore 0.0.1.1
	- glodium 1.20-1.5-forge
	- greate 0.0.77
	- gt_solar 0.2.1
	- gtceu 7.5.3
		\-- ldlib 1.0.40.b
	- gtec 0.2.1
	- gtmutils 2.9.1
	- guideme 20.1.14
	- handcrafted 3.0.6
	- hangglider 8.0.1
	- iceberg 1.1.25
	- incendium 5.3.5
	- industrialforegoing 3.5.22
	- inventoryessentials 8.2.16
	- inventoryprofilesnext 1.10.20
	- ironjetpacks 7.0.9
	- itemfilters 2001.1.0-build.59
	- jade 11.13.2+forge
	- javd 5.0.1+mc1.20.1
	- kotlinforforge 4.12.0
	- kubejs 2001.6.5-build.26
	- libipn 4.0.2
	- libx 1.20.1-5.0.14
	- lithostitched 1.4.11
	- longerchathistory 1.3
	- lootjs 1.20.1-2.13.1
	- lootr 0.7.35.94
	- mae2 2.0.0
	- mantle 1.11.104
	- mes 2.0.3
	- minecraft 1.20.1
	- mns 2.0.4
	- modelfix 1.15
	- modernfix 5.27.40+mc1.20.1
	- moldraw 3.3.0
	- moogs_structures 1.1.0-1.20-1.20.4
	- moonlight 1.20-2.16.32
	- moredelight 26.05.20-1.20-forge
	- mousetweaks 2.25.1
	- mss 2.1.0
	- mvs 5.0.6
	- nochatreports 1.20.1-v2.2.2
	- nochatrestrictions 1.20.1-v1.0.0
	- notenoughcrashes 4.4.9+1.20.1
	- nuclearcraft 1.2.23
		\-- ponder 1.0.92
	- nullscape 1.2.8
	- obscure_tooltips 3.10.0
	- oculus 1.8.0
	- packagedauto 3.4.15.46
	- packagedexcrafting 3.4.0.20
	- packagedexexcrafting 1.0.0.6
	- patchouli 1.20.1-85-FORGE
	- placebo 8.6.3
	- polyeng 0.1.1-1.20.1
	- polylib 2000.0.3-build.143
	- polymorph 0.49.10+1.20.1
		\-- spectrelib 0.13.17+1.20.1
	- puzzleslib 8.1.33
		\-- puzzlesaccessapi 20.1.1
	- quark 4.0-462
	- radium 0.12.4+git.26c9d8e
	- railways 1.7.2+forge-mc1.20.1
	- resourcefulconfig 2.1.3
	- resourcefullib 2.1.29
	- rhino 2001.2.3-build.10
	- ritchiesprojectilelib 2.1.1
	- roughlyenoughitems 12.1.785
	- searchables 1.0.3
	- smoothboot 0.0.4
	- solcarrot 1.15.1
	- sophisticatedbackpacks 3.24.43.1789
	- sophisticatedcore 1.3.38.1893
	- sophisticatedstorage 1.4.48.1754
	- spark 1.10.53
	- steamadditions 1.5.1
	- supplementaries 1.20-3.1.43
		\-- mixinsquared 0.1.1
	- tconstruct 3.11.2.172
	- terrablender 3.0.1.10
	- tinygates 1.20-4.0.0
	- tinypipes 1.20-4.0.1
	- tinyredstone 1.20-5.0.3
	- titanium 3.8.34
	- toastcontrol 8.0.3
	- toolbelt 1.20.03
	- tooltipoverhaul 1.4.3
	- torchmaster 20.1.9
	- travelanchors 1.20.1-5.0.1
	- trenzalore 3.3.10
	- vista 1.20-3.1.3
	- xaerominimap 25.3.13
	- xaeroworldmap 1.40.16
		\-- xaerolib 1.1.15
	- xtonesreworked 1.0.4
	- yeetusexperimentus 2.3.1-build.6+mc1.20.1
	- yungsapi 1.20-Forge-4.0.6
	- zeta 1.0-31
	- zfastnoise 1.0.11
[28May2026 14:36:27.582] [main/WARN] [mixin/]: Reference map 'cristellib-forge-refmap.json' for cristellib.mixins.json could not be read. If this is a development environment you can ignore this message
[28May2026 14:36:27.598] [main/WARN] [mixin/]: Reference map 'cookingforblockheads.refmap.json' for cookingforblockheads.mixins.json could not be read. If this is a development environment you can ignore this message
[28May2026 14:36:27.613] [main/INFO] [fpsreducer/]: OptiFine was NOT detected.
[28May2026 14:36:27.615] [main/INFO] [fpsreducer/]: OptiFabric was NOT detected.
[28May2026 14:36:28.069] [main/WARN] [mixin/]: Error loading class: com/ultramega/showcaseitem/ShowcaseItemFeature (java.lang.ClassNotFoundException: com.ultramega.showcaseitem.ShowcaseItemFeature)
[28May2026 14:36:28.156] [main/WARN] [mixin/]: Error loading class: mekanism/client/render/entity/RenderFlame (java.lang.ClassNotFoundException: mekanism.client.render.entity.RenderFlame)
[28May2026 14:36:28.157] [main/WARN] [mixin/]: Error loading class: mekanism/client/render/armor/MekaSuitArmor (java.lang.ClassNotFoundException: mekanism.client.render.armor.MekaSuitArmor)
[28May2026 14:36:28.212] [main/WARN] [Radium Config/]: Force-disabling mixin 'alloc.blockstate.StateMixin' as option 'mixin.alloc.blockstate' (added by mods [ferritecore]) disables it and children
[28May2026 14:36:28.447] [main/INFO] [net.minecraftforge.coremod.CoreMod.placebo/COREMODLOG]: Patching IForgeItemStack#getEnchantmentLevel
[28May2026 14:36:28.451] [main/INFO] [net.minecraftforge.coremod.CoreMod.placebo/COREMODLOG]: Patching IForgeItemStack#getEnchantmentLevel
[28May2026 14:36:28.701] [main/INFO] [fpsreducer/]: bre2el.fpsreducer.mixin.RenderSystemMixin will be applied.
[28May2026 14:36:28.701] [main/INFO] [fpsreducer/]: bre2el.fpsreducer.mixin.WindowMixin will NOT be applied because OptiFine was NOT detected.
[28May2026 14:36:28.737] [main/WARN] [IMixinConfigPlugin/]: Inventory Profiles Next: Doing our own dependency resolving! Because Forge is being Forge....: https://github.com/MinecraftForge/MinecraftForge/issues/9088
[28May2026 14:36:28.741] [main/WARN] [mixin/]: Error loading class: de/maxhenkel/easyvillagers/blocks/tileentity/TraderTileentityBase (java.lang.ClassNotFoundException: de.maxhenkel.easyvillagers.blocks.tileentity.TraderTileentityBase)
[28May2026 14:36:28.741] [main/WARN] [mixin/]: @Mixin target de.maxhenkel.easyvillagers.blocks.tileentity.TraderTileentityBase was not found mixins.ipnext.json:MixinTraderTileEntityBase
[28May2026 14:36:28.764] [main/WARN] [mixin/]: Error loading class: dev/emi/emi/network/FillRecipeC2SPacket (java.lang.ClassNotFoundException: dev.emi.emi.network.FillRecipeC2SPacket)
[28May2026 14:36:28.764] [main/WARN] [mixin/]: @Mixin target dev.emi.emi.network.FillRecipeC2SPacket was not found craftingstation.mixins.json:EmiPacketMixin
[28May2026 14:36:28.805] [main/WARN] [mixin/]: Error loading class: mekanism/common/lib/radiation/RadiationManager (java.lang.ClassNotFoundException: mekanism.common.lib.radiation.RadiationManager)
[28May2026 14:36:28.805] [main/WARN] [mixin/]: @Mixin target mekanism.common.lib.radiation.RadiationManager was not found nuclearcraft.mixins.json:MekRadiationManager
[28May2026 14:36:28.846] [main/WARN] [mixin/]: Error loading class: com/simibubi/create/foundation/ponder/PonderWorld (java.lang.ClassNotFoundException: com.simibubi.create.foundation.ponder.PonderWorld)
[28May2026 14:36:28.851] [main/WARN] [mixin/]: Error loading class: blusunrize/immersiveengineering/api/wires/GlobalWireNetwork (java.lang.ClassNotFoundException: blusunrize.immersiveengineering.api.wires.GlobalWireNetwork)
[28May2026 14:36:28.851] [main/WARN] [mixin/]: @Mixin target blusunrize.immersiveengineering.api.wires.GlobalWireNetwork was not found mixins.epp.json:MixinGlobalWireNetwork
[28May2026 14:36:28.867] [main/WARN] [mixin/]: Error loading class: dev/emi/emi/EmiUtil (java.lang.ClassNotFoundException: dev.emi.emi.EmiUtil)
[28May2026 14:36:28.869] [main/WARN] [mixin/]: Error loading class: mezz/modnametooltip/TooltipEventHandler (java.lang.ClassNotFoundException: mezz.modnametooltip.TooltipEventHandler)
[28May2026 14:36:28.904] [main/WARN] [mixin/]: Error loading class: dev/emi/emi/api/stack/FluidEmiStack (java.lang.ClassNotFoundException: dev.emi.emi.api.stack.FluidEmiStack)
[28May2026 14:36:28.904] [main/WARN] [mixin/]: @Mixin target dev.emi.emi.api.stack.FluidEmiStack was not found moldraw.mixins.json:FluidEmiStackMixin
[28May2026 14:36:28.905] [main/WARN] [mixin/]: Error loading class: mezz/jei/common/gui/JeiTooltip (java.lang.ClassNotFoundException: mezz.jei.common.gui.JeiTooltip)
[28May2026 14:36:28.905] [main/WARN] [mixin/]: @Mixin target mezz.jei.common.gui.JeiTooltip was not found moldraw.mixins.json:JeiTooltipMixin
[28May2026 14:36:28.907] [main/WARN] [mixin/]: Error loading class: mezz/jei/forge/platform/FluidHelper (java.lang.ClassNotFoundException: mezz.jei.forge.platform.FluidHelper)
[28May2026 14:36:28.907] [main/WARN] [mixin/]: @Mixin target mezz.jei.forge.platform.FluidHelper was not found moldraw.mixins.json:FluidHelperMixin
[28May2026 14:36:29.004] [main/WARN] [mixin/]: Error loading class: net/raphimc/immediatelyfast/feature/map_atlas_generation/MapAtlasTexture (java.lang.ClassNotFoundException: net.raphimc.immediatelyfast.feature.map_atlas_generation.MapAtlasTexture)
[28May2026 14:36:29.075] [main/WARN] [Embeddium/]: Force-disabling mixin 'features.render.world.sky.WorldRendererMixin' as rule 'mixin.features.render.world.sky' (added by mods [oculus]) disables it and children
[28May2026 14:36:29.075] [main/WARN] [Embeddium/]: Force-disabling mixin 'features.render.world.sky.ClientWorldMixin' as rule 'mixin.features.render.world.sky' (added by mods [oculus]) disables it and children
[28May2026 14:36:29.075] [main/WARN] [Embeddium/]: Force-disabling mixin 'features.render.world.sky.BackgroundRendererMixin' as rule 'mixin.features.render.world.sky' (added by mods [oculus]) disables it and children
[28May2026 14:36:29.076] [main/WARN] [Embeddium/]: Force-disabling mixin 'features.render.gui.font.GlyphRendererMixin' as rule 'mixin.features.render.gui.font' (added by mods [oculus]) disables it and children
[28May2026 14:36:29.076] [main/WARN] [Embeddium/]: Force-disabling mixin 'features.render.gui.font.FontSetMixin' as rule 'mixin.features.render.gui.font' (added by mods [oculus]) disables it and children
[28May2026 14:36:29.076] [main/WARN] [Embeddium/]: Force-disabling mixin 'features.render.entity.shadows.EntityRenderDispatcherMixin' as rule 'mixin.features.render.entity' (added by mods [oculus]) disables it and children
[28May2026 14:36:29.076] [main/WARN] [Embeddium/]: Force-disabling mixin 'features.render.entity.remove_streams.ModelPartMixin' as rule 'mixin.features.render.entity' (added by mods [oculus]) disables it and children
[28May2026 14:36:29.076] [main/WARN] [Embeddium/]: Force-disabling mixin 'features.render.entity.remove_streams.HierarchicalModelMixin' as rule 'mixin.features.render.entity' (added by mods [oculus]) disables it and children
[28May2026 14:36:29.076] [main/WARN] [Embeddium/]: Force-disabling mixin 'features.render.entity.fast_render.ModelPartMixin' as rule 'mixin.features.render.entity' (added by mods [oculus]) disables it and children
[28May2026 14:36:29.076] [main/WARN] [Embeddium/]: Force-disabling mixin 'features.render.entity.fast_render.CuboidMixin' as rule 'mixin.features.render.entity' (added by mods [oculus]) disables it and children
[28May2026 14:36:29.076] [main/WARN] [Embeddium/]: Force-disabling mixin 'features.render.entity.cull.EntityRendererMixin' as rule 'mixin.features.render.entity' (added by mods [oculus]) disables it and children
[28May2026 14:36:29.224] [main/WARN] [mixin/]: Error loading class: org/jetbrains/annotations/ApiStatus$Internal (java.lang.ClassNotFoundException: org.jetbrains.annotations.ApiStatus$Internal)
[28May2026 14:36:29.229] [main/INFO] [MixinExtras|Service/]: Initializing MixinExtras via com.llamalad7.mixinextras.service.MixinExtrasServiceImpl(version=0.5.3).
[28May2026 14:36:29.294] [main/INFO] [net.minecraftforge.coremod.CoreMod.placebo/COREMODLOG]: Patching IForgeItemStack#getEnchantmentLevel
[28May2026 14:36:29.294] [main/INFO] [net.minecraftforge.coremod.CoreMod.placebo/COREMODLOG]: Patching IForgeItemStack#getEnchantmentLevel
[28May2026 14:36:29.394] [main/INFO] [mixin/]: Mixing client.MixinMinecraft from mixins/common/nochatreports.mixins.json into net.minecraft.client.Minecraft
[28May2026 14:36:29.537] [main/INFO] [chatplus/]: Setting java.awt.headless to false
[28May2026 14:36:29.567] [main/INFO] [Smooth Boot (Reloaded)/]: Smooth Boot (Reloaded) config initialized
[28May2026 14:36:29.605] [main/WARN] [mixin/]: Static binding violation: PRIVATE @Overwrite method m_216202_ in modernfix-modernfix.mixins.json:perf.tag_id_caching.TagOrElementLocationMixin cannot reduce visibiliy of PUBLIC target method, visibility will be upgraded.
[28May2026 14:36:29.945] [main/INFO] [mixin/]: Mixing client.MixinTitleScreen from mixins/common/nochatreports.mixins.json into net.minecraft.client.gui.screens.TitleScreen
[28May2026 14:36:29.961] [main/INFO] [mixin/]: Mixing client.MixinChatScreen from mixins/common/nochatreports.mixins.json into net.minecraft.client.gui.screens.ChatScreen
[28May2026 14:36:29.961] [main/INFO] [mixin/]: Renaming synthetic method lambda$onInit$4()Lnet/minecraft/network/chat/Component; to md8a0817$lambda$onInit$4$0 in mixins/common/nochatreports.mixins.json:client.MixinChatScreen
[28May2026 14:36:29.961] [main/INFO] [mixin/]: Renaming synthetic method lambda$onInit$3(Lnet/minecraft/client/gui/components/Button;)V to md8a0817$lambda$onInit$3$1 in mixins/common/nochatreports.mixins.json:client.MixinChatScreen
[28May2026 14:36:29.961] [main/INFO] [mixin/]: Renaming synthetic method lambda$onInit$2()Lnet/minecraft/network/chat/Component; to md8a0817$lambda$onInit$2$2 in mixins/common/nochatreports.mixins.json:client.MixinChatScreen
[28May2026 14:36:29.962] [main/INFO] [mixin/]: Renaming synthetic method lambda$onInit$1(Lnet/minecraft/client/gui/components/Button;)V to md8a0817$lambda$onInit$1$3 in mixins/common/nochatreports.mixins.json:client.MixinChatScreen
[28May2026 14:36:29.962] [main/INFO] [mixin/]: Renaming synthetic method lambda$onBeforeMessage$0(Ljava/lang/String;Lorg/spongepowered/asm/mixin/injection/callback/CallbackInfoReturnable;Lcom/aizistral/nochatreports/common/encryption/Encryptor;)V to md8a0817$lambda$onBeforeMessage$0$4 in mixins/common/nochatreports.mixins.json:client.MixinChatScreen
[28May2026 14:36:30.239] [pool-4-thread-1/INFO] [net.minecraft.server.Bootstrap/]: ModernFix reached bootstrap stage (9.664 s after launch)
[28May2026 14:36:30.301] [pool-4-thread-1/WARN] [mixin/]: @Final field delegatesByName:Ljava/util/Map; in modernfix-modernfix.mixins.json:perf.forge_registry_alloc.ForgeRegistryMixin should be final
[28May2026 14:36:30.301] [pool-4-thread-1/WARN] [mixin/]: @Final field delegatesByValue:Ljava/util/Map; in modernfix-modernfix.mixins.json:perf.forge_registry_alloc.ForgeRegistryMixin should be final
[28May2026 14:36:30.379] [pool-4-thread-1/INFO] [ModernFix/]: Injecting BlockStateBase cache population hook into getNeighborPathNodeType from me.jellysquid.mods.lithium.mixin.ai.pathing.AbstractBlockStateMixin
[28May2026 14:36:30.379] [pool-4-thread-1/INFO] [ModernFix/]: Injecting BlockStateBase cache population hook into getPathNodeType from me.jellysquid.mods.lithium.mixin.ai.pathing.AbstractBlockStateMixin
[28May2026 14:36:30.379] [pool-4-thread-1/INFO] [ModernFix/]: Injecting BlockStateBase cache population hook into getAllFlags from me.jellysquid.mods.lithium.mixin.util.block_tracking.AbstractBlockStateMixin
[28May2026 14:36:30.932] [pool-4-thread-1/INFO] [net.minecraftforge.coremod.CoreMod.placebo/COREMODLOG]: Patching IForgeItemStack#getEnchantmentLevel
[28May2026 14:36:30.932] [pool-4-thread-1/INFO] [net.minecraftforge.coremod.CoreMod.placebo/COREMODLOG]: Patching IForgeItemStack#getEnchantmentLevel
[28May2026 14:36:30.990] [pool-4-thread-1/INFO] [mixin/]: Mixing common.MixinFriendlyByteBuf from mixins/common/nochatreports.mixins.json into net.minecraft.network.FriendlyByteBuf
[28May2026 14:36:30.991] [pool-4-thread-1/INFO] [mixin/]: Renaming synthetic method lambda$onWriteJsonWithCodec$1(Ljava/lang/Object;Ljava/lang/String;)Lio/netty/handler/codec/EncoderException; to md8a0817$lambda$onWriteJsonWithCodec$1$0 in mixins/common/nochatreports.mixins.json:common.MixinFriendlyByteBuf
[28May2026 14:36:30.991] [pool-4-thread-1/INFO] [mixin/]: Renaming synthetic method lambda$onReadJsonWithCodec$0(Ljava/lang/String;)Lio/netty/handler/codec/DecoderException; to md8a0817$lambda$onReadJsonWithCodec$0$1 in mixins/common/nochatreports.mixins.json:common.MixinFriendlyByteBuf
[28May2026 14:36:31.014] [pool-4-thread-1/INFO] [net.minecraft.server.Bootstrap/]: Vanilla bootstrap took 761 milliseconds
[28May2026 14:36:32.029] [pool-4-thread-1/INFO] [mixin/]: Mixing server.MixinServerGamePacketListenerImpl from mixins/common/nochatreports.mixins.json into net.minecraft.server.network.ServerGamePacketListenerImpl
[28May2026 14:36:32.457] [pool-4-thread-1/WARN] [mixin/]: Static binding violation: PRIVATE @Overwrite method m_47505_ in modernfix-modernfix.mixins.json:perf.remove_biome_temperature_cache.BiomeMixin cannot reduce visibiliy of PUBLIC target method, visibility will be upgraded.
[28May2026 14:36:32.458] [pool-4-thread-1/WARN] [mixin/]: Method overwrite conflict for m_47505_ in lithium.mixins.json:world.temperature_cache.BiomeMixin, previously written by org.embeddedt.modernfix.common.mixin.perf.remove_biome_temperature_cache.BiomeMixin. Skipping method.
[28May2026 14:36:32.608] [pool-4-thread-1/WARN] [AE2:C/]: Unable to find class com.simibubi.create.foundation.ponder.PonderWorld. Integration with PonderJS disabled.
[28May2026 14:36:33.014] [Render thread/WARN] [mixin/]: Static binding violation: PRIVATE @Overwrite method m_166786_ in embeddium.mixins.json:features.render.immediate.buffer_builder.sorting.BufferBuilderMixin cannot reduce visibiliy of PUBLIC target method, visibility will be upgraded.
[28May2026 14:36:33.099] [Render thread/WARN] [net.minecraft.server.packs.VanillaPackResourcesBuilder/]: Assets URL 'union:/home/bigh/.var/app/org.prismlauncher.PrismLauncher/data/PrismLauncher/libraries/net/minecraft/client/1.20.1-20230612.114412/client-1.20.1-20230612.114412-srg.jar%23475!/assets/.mcassetsroot' uses unexpected schema
[28May2026 14:36:33.099] [Render thread/WARN] [net.minecraft.server.packs.VanillaPackResourcesBuilder/]: Assets URL 'union:/home/bigh/.var/app/org.prismlauncher.PrismLauncher/data/PrismLauncher/libraries/net/minecraft/client/1.20.1-20230612.114412/client-1.20.1-20230612.114412-srg.jar%23475!/data/.mcassetsroot' uses unexpected schema
[28May2026 14:36:33.112] [Render thread/INFO] [com.mojang.authlib.yggdrasil.YggdrasilAuthenticationService/]: Environment: authHost='https://authserver.mojang.com', accountsHost='https://api.mojang.com', sessionHost='https://sessionserver.mojang.com', servicesHost='https://api.minecraftservices.com', name='PROD'
[28May2026 14:36:33.670] [Render thread/INFO] [NoChatRestrictions/]: Successfully supplanted UserApiService with a wrapped version.
[28May2026 14:36:33.670] [Render thread/INFO] [net.minecraft.client.Minecraft/]: Setting user: Bigh2011x
[28May2026 14:36:33.726] [Render thread/INFO] [ModernFix/]: Bypassed Mojang DFU
[28May2026 14:36:33.726] [Render thread/INFO] [mixin/]: Mixing client.MixinToastComponent from mixins/common/nochatreports.mixins.json into net.minecraft.client.gui.components.toasts.ToastComponent
[28May2026 14:36:33.729] [Render thread/INFO] [mixin/]: Mixing client.MixinOptions from mixins/common/nochatreports.mixins.json into net.minecraft.client.Options
[28May2026 14:36:33.729] [Render thread/INFO] [mixin/]: Renaming synthetic method lambda$onlyShowSecureChat$0(Ljava/lang/Boolean;)V to md8a0817$lambda$onlyShowSecureChat$0$0 in mixins/common/nochatreports.mixins.json:client.MixinOptions
[28May2026 14:36:33.755] [Render thread/INFO] [mixin/]: Mixing client.MixinChatComponent from mixins/common/nochatreports.mixins.json into net.minecraft.client.gui.components.ChatComponent
[28May2026 14:36:33.755] [Render thread/INFO] [mixin/]: Renaming synthetic method lambda$modifyGUIMessage$1()V to md8a0817$lambda$modifyGUIMessage$1$0 in mixins/common/nochatreports.mixins.json:client.MixinChatComponent
[28May2026 14:36:33.755] [Render thread/INFO] [mixin/]: Renaming synthetic method lambda$modifyGUIMessage$0(Lnet/minecraft/network/chat/FormattedText;Lnet/minecraft/network/chat/Component;)V to md8a0817$lambda$modifyGUIMessage$0$1 in mixins/common/nochatreports.mixins.json:client.MixinChatComponent
[28May2026 14:36:33.762] [Render thread/INFO] [mixin/]: BeforeConstant is searching for constants in method with descriptor (Lnet/minecraft/network/chat/Component;Lnet/minecraft/client/GuiMessageTag;)V
[28May2026 14:36:33.762] [Render thread/INFO] [mixin/]:   BeforeConstant found STRING constant: value = , stringValue = null
[28May2026 14:36:33.763] [Render thread/INFO] [mixin/]:     BeforeConstant found a matching constant TYPE at ordinal 0
[28May2026 14:36:33.763] [Render thread/INFO] [mixin/]:       BeforeConstant found LdcInsn 
[28May2026 14:36:33.763] [Render thread/INFO] [mixin/]:   BeforeConstant found STRING constant: value = \\r, stringValue = null
[28May2026 14:36:33.763] [Render thread/INFO] [mixin/]:     BeforeConstant found a matching constant TYPE at ordinal 1
[28May2026 14:36:33.763] [Render thread/INFO] [mixin/]:       BeforeConstant found LdcInsn \\r
[28May2026 14:36:33.763] [Render thread/INFO] [mixin/]:   BeforeConstant found STRING constant: value = 
, stringValue = null
[28May2026 14:36:33.763] [Render thread/INFO] [mixin/]:     BeforeConstant found a matching constant TYPE at ordinal 2
[28May2026 14:36:33.763] [Render thread/INFO] [mixin/]:       BeforeConstant found LdcInsn 

[28May2026 14:36:33.763] [Render thread/INFO] [mixin/]:   BeforeConstant found STRING constant: value = \\n, stringValue = null
[28May2026 14:36:33.763] [Render thread/INFO] [mixin/]:     BeforeConstant found a matching constant TYPE at ordinal 3
[28May2026 14:36:33.763] [Render thread/INFO] [mixin/]:       BeforeConstant found LdcInsn \\n
[28May2026 14:36:33.763] [Render thread/INFO] [mixin/]:   BeforeConstant found CLASS constant: value = Ljava/lang/String;, typeValue = null
[28May2026 14:36:33.763] [Render thread/INFO] [mixin/]:   BeforeConstant found STRING constant: value = [{}] [CHAT] {}, stringValue = null
[28May2026 14:36:33.763] [Render thread/INFO] [mixin/]:     BeforeConstant found a matching constant TYPE at ordinal 4
[28May2026 14:36:33.763] [Render thread/INFO] [mixin/]:       BeforeConstant found LdcInsn [{}] [CHAT] {}
[28May2026 14:36:33.763] [Render thread/INFO] [mixin/]:   BeforeConstant found STRING constant: value = [CHAT] {}, stringValue = null
[28May2026 14:36:33.763] [Render thread/INFO] [mixin/]:     BeforeConstant found a matching constant TYPE at ordinal 5
[28May2026 14:36:33.763] [Render thread/INFO] [mixin/]:       BeforeConstant found LdcInsn [CHAT] {}
[28May2026 14:36:33.767] [Render thread/INFO] [mixin/]: Mixing client.MixinGuiMessageTagIcon from mixins/common/nochatreports.mixins.json into net.minecraft.client.GuiMessageTag$Icon
[28May2026 14:36:33.767] [Render thread/INFO] [mixin/]: Renaming @Invoker method create(Ljava/lang/String;IIIII)Lnet/minecraft/client/GuiMessageTag$Icon; to create_$md$8a0817$0 in mixins/common/nochatreports.mixins.json:client.MixinGuiMessageTagIcon
[28May2026 14:36:33.791] [Render thread/INFO] [defaultoptions/]: options.txt already exists - last modified 1779963030655
[28May2026 14:36:33.793] [Render thread/INFO] [defaultoptions/]: Loaded default options for extra-folder
[28May2026 14:36:33.800] [Render thread/INFO] [ModernFix/]: Instantiating Mojang DFU
[28May2026 14:36:34.051] [Render thread/INFO] [net.minecraft.client.Minecraft/]: Backend library: LWJGL version 3.3.1 build 7
[28May2026 14:36:34.078] [Render thread/INFO] [KubeJS/]: Loaded client.properties
[28May2026 14:36:34.080] [Render thread/WARN] [Embeddium-NvidiaWorkarounds/]: Applying workaround: Prevent the NVIDIA OpenGL driver from using broken optimizations (NVIDIA_THREADED_OPTIMIZATIONS)
[28May2026 14:36:34.083] [Render thread/ERROR] [Embeddium-MixinTaintDetector/]: Mod mixin into Embeddium internals detected. This instance is now tainted. The Embeddium team does not provide any guarantee of support for issues encountered while such mods are installed.
[28May2026 14:36:34.084] [Render thread/WARN] [Embeddium-MixinTaintDetector/]: Mod(s) [oculus] are modifying Embeddium class me.jellysquid.mods.sodium.client.gui.SodiumGameOptions, which may cause instability.
[28May2026 14:36:34.112] [Render thread/INFO] [Embeddium-PostlaunchChecks/]: OpenGL Vendor: NVIDIA Corporation
[28May2026 14:36:34.112] [Render thread/INFO] [Embeddium-PostlaunchChecks/]: OpenGL Renderer: NVIDIA GeForce RTX 3060/PCIe/SSE2
[28May2026 14:36:34.112] [Render thread/INFO] [Embeddium-PostlaunchChecks/]: OpenGL Version: 4.6.0 NVIDIA 595.71.05
[28May2026 14:36:34.112] [Render thread/WARN] [Embeddium-PostlaunchChecks/]: Enabling secondary workaround for NVIDIA threaded optimizations
[28May2026 14:36:34.117] [Datafixer Bootstrap/INFO] [com.mojang.datafixers.DataFixerBuilder/]: 188 Datafixer optimizations took 88 milliseconds
[28May2026 14:36:34.283] [Render thread/INFO] [Oculus/]: Debug functionality is disabled.
[28May2026 14:36:34.285] [Render thread/INFO] [Oculus/]: OpenGL 4.5 detected, enabling DSA.
[28May2026 14:36:34.297] [Render thread/INFO] [Oculus/]: Shaders are disabled because enableShaders is set to false in iris.properties
[28May2026 14:36:34.297] [Render thread/INFO] [Oculus/]: Shaders are disabled
[28May2026 14:36:34.543] [modloading-worker-0/INFO] [LowDragLib/]: LowDragLib is initializing on platform: Forge
[28May2026 14:36:34.567] [modloading-worker-0/WARN] [Embeddium-MixinTaintDetector/]: Mod(s) [oculus] are modifying Embeddium class me.jellysquid.mods.sodium.client.gui.SodiumOptionsGUI, which may cause instability.
[28May2026 14:36:34.579] [modloading-worker-0/INFO] [mixin/]: Mixing client.MixinClientConnection from mixins/forge/nochatreports-forge.mixins.json into net.minecraft.network.Connection
[28May2026 14:36:34.666] [modloading-worker-0/INFO] [PluginManager/]: Scanning classes for industrialforegoing
[28May2026 14:36:34.667] [modloading-worker-0/INFO] [dev.architectury.networking.forge.NetworkManagerImpl/]: Registering S2C receiver with id architectury:sync_ids
[28May2026 14:36:34.668] [modloading-worker-0/INFO] [dev.architectury.networking.forge.NetworkManagerImpl/]: Registering C2S receiver with id architectury:sync_ids
[28May2026 14:36:34.669] [modloading-worker-0/INFO] [dev.architectury.networking.forge.NetworkManagerImpl/]: Registering S2C receiver with id ftbessentials:update_tab_name
[28May2026 14:36:34.684] [modloading-worker-0/INFO] [PluginManager/]: Found FeaturePluginInstance for class PatchouliPlugin for plugin patchouli
[28May2026 14:36:34.684] [modloading-worker-0/INFO] [PluginManager/]: Found FeaturePluginInstance for class CuriosPlugin for plugin curios
[28May2026 14:36:34.698] [modloading-worker-0/INFO] [PluginManager/]: Constructed class PatchouliPlugin for plugin patchouli for mod industrialforegoing
[28May2026 14:36:34.698] [modloading-worker-0/INFO] [PluginManager/]: Constructed class CuriosPlugin for plugin curios for mod industrialforegoing
[28May2026 14:36:34.698] [modloading-worker-0/INFO] [PluginManager/]: Executing phase CONSTRUCTION for plugin class PatchouliPlugin
[28May2026 14:36:34.702] [modloading-worker-0/INFO] [PluginManager/]: Executing phase CONSTRUCTION for plugin class CuriosPlugin
[28May2026 14:36:34.708] [modloading-worker-0/ERROR] [Vista/]: IRIS mod detected. Vista WILL have visual issues and degraded performance. This is not something that I can fix and happens even with shaderpacks off. Trust me I tried but it's inherently due to how Iris was made and should be handled there.
[28May2026 14:36:34.720] [modloading-worker-0/INFO] [PluginManager/]: Executing phase PRE_INIT for plugin class PatchouliPlugin
[28May2026 14:36:34.720] [modloading-worker-0/INFO] [PluginManager/]: Executing phase PRE_INIT for plugin class CuriosPlugin
[28May2026 14:36:34.747] [modloading-worker-0/INFO] [Expanded Ecosphere/]: Loading Expanded Ecosphere
[28May2026 14:36:34.813] [modloading-worker-0/WARN] [Embeddium-MixinTaintDetector/]: Mod(s) [oculus] are modifying Embeddium class me.jellysquid.mods.sodium.client.render.immediate.CloudRenderer, which may cause instability.
[28May2026 14:36:34.821] [modloading-worker-0/WARN] [Embeddium-MixinTaintDetector/]: Mod(s) [oculus] are modifying Embeddium class me.jellysquid.mods.sodium.client.render.SodiumWorldRenderer, which may cause instability.
[28May2026 14:36:34.836] [modloading-worker-0/INFO] [mixin/]: Mixing client.MixinClientPacketListener from mixins/common/nochatreports.mixins.json into net.minecraft.client.multiplayer.ClientPacketListener
[28May2026 14:36:34.836] [modloading-worker-0/INFO] [mixin/]: Mixing client.MixinClientPacketListener from mixins/forge/nochatreports-forge.mixins.json into net.minecraft.client.multiplayer.ClientPacketListener
[28May2026 14:36:34.864] [modloading-worker-0/INFO] [net.blay09.mods.balm.forge.config.ForgeBalmConfig/]: Registering config for clienttweaks:common (COMMON) with 28 properties.
[28May2026 14:36:34.868] [modloading-worker-0/INFO] [net.minecraftforge.common.ForgeMod/FORGEMOD]: Forge mod loading, version 47.4.10, for MC 1.20.1 with MCP 20230612.114412
[28May2026 14:36:34.868] [modloading-worker-0/INFO] [net.minecraftforge.common.MinecraftForge/FORGE]: MinecraftForge v47.4.10 Initialized
[28May2026 14:36:34.888] [modloading-worker-0/INFO] [STDOUT/]: [yalter.mousetweaks.Logger:Log:6]: [Mouse Tweaks] Main.initialize()
[28May2026 14:36:34.890] [modloading-worker-0/INFO] [STDOUT/]: [yalter.mousetweaks.Logger:Log:6]: [Mouse Tweaks] Initialized.
[28May2026 14:36:34.892] [modloading-worker-0/INFO] [NoChatReports/]: KONNICHIWA ZA WARUDO!
[28May2026 14:36:34.893] [modloading-worker-0/INFO] [NoChatReports/]: Default JVM text encoding is: UTF-8
[28May2026 14:36:34.899] [modloading-worker-0/INFO] [NoChatReports/]: Reading config file NoChatReports/NCR-Common.json...
[28May2026 14:36:34.901] [modloading-worker-0/INFO] [NoChatReports/]: Reading config file NoChatReports/NCR-Client.json...
[28May2026 14:36:34.902] [modloading-worker-0/INFO] [NoChatReports/]: Reading config file NoChatReports/NCR-ServerPreferences.json...
[28May2026 14:36:34.913] [modloading-worker-0/INFO] [NoChatReports/]: Reading config file NoChatReports/NCR-Encryption.json...
[28May2026 14:36:34.923] [modloading-worker-0/INFO] [mixin/]: Mixing server.MixinPlayerList from mixins/common/nochatreports.mixins.json into net.minecraft.server.players.PlayerList
[28May2026 14:36:34.948] [modloading-worker-0/INFO] [NoChatReports/]: Writing config file NoChatReports/NCR-Common.json...
[28May2026 14:36:34.949] [modloading-worker-0/INFO] [NoChatReports/]: Writing config file NoChatReports/NCR-Client.json...
[28May2026 14:36:34.949] [modloading-worker-0/INFO] [NoChatReports/]: Writing config file NoChatReports/NCR-ServerPreferences.json...
[28May2026 14:36:34.950] [modloading-worker-0/INFO] [NoChatReports/]: Writing config file NoChatReports/NCR-Encryption.json...
[28May2026 14:36:34.951] [modloading-worker-0/INFO] [NoChatReports/]: Client initialization...
[28May2026 14:36:34.977] [modloading-worker-0/INFO] [net.blay09.mods.balm.forge.config.ForgeBalmConfig/]: Registering config for defaultoptions:common (COMMON) with 2 properties.
[28May2026 14:36:34.985] [modloading-worker-0/INFO] [PluginManager/]: Executing phase INIT for plugin class PatchouliPlugin
[28May2026 14:36:34.986] [modloading-worker-0/INFO] [PluginManager/]: Executing phase INIT for plugin class CuriosPlugin
[28May2026 14:36:34.986] [modloading-worker-0/INFO] [thedarkcolour.kotlinforforge.test.KotlinForForge/]: Kotlin For Forge Enabled!
[28May2026 14:36:34.989] [modloading-worker-0/INFO] [Advanced Peripherals/]: AdvancedPeripherals says hello!
[28May2026 14:36:35.000] [modloading-worker-0/INFO] [Puzzles Lib/]: Constructing common components for puzzleslib:main
[28May2026 14:36:35.045] [modloading-worker-0/INFO] [xaero.common.HudMod/]: Registering common data for channel xaerominimap:main!
[28May2026 14:36:35.049] [modloading-worker-0/INFO] [PluginManager/]: Executing phase POST_INIT for plugin class PatchouliPlugin
[28May2026 14:36:35.049] [modloading-worker-0/INFO] [PluginManager/]: Executing phase POST_INIT for plugin class CuriosPlugin
[28May2026 14:36:35.057] [modloading-worker-0/INFO] [Puzzles Lib/]: Constructing client components for puzzleslib:main
[28May2026 14:36:35.070] [modloading-worker-0/INFO] [Advanced Peripherals/]: powah not loaded, skip integration loading
[28May2026 14:36:35.070] [modloading-worker-0/WARN] [Advanced Peripherals/]: Failed to load integration for powah
[28May2026 14:36:35.071] [modloading-worker-0/WARN] [Advanced Peripherals/]: Successfully loaded integration for create
[28May2026 14:36:35.072] [modloading-worker-0/INFO] [Advanced Peripherals/]: mekanism not loaded, skip integration loading
[28May2026 14:36:35.073] [modloading-worker-0/WARN] [Advanced Peripherals/]: Failed to load integration for mekanism
[28May2026 14:36:35.073] [modloading-worker-0/INFO] [Advanced Peripherals/]: botania not loaded, skip integration loading
[28May2026 14:36:35.073] [modloading-worker-0/WARN] [Advanced Peripherals/]: Failed to load integration for botania
[28May2026 14:36:35.096] [modloading-worker-0/INFO] [net.blay09.mods.balm.forge.config.ForgeBalmConfig/]: Registering config for cookingforblockheads:common (COMMON) with 11 properties.
[28May2026 14:36:35.098] [modloading-worker-0/INFO] [xaero.common.HudMod/]: Registering client data for channel xaerominimap:main!
[28May2026 14:36:35.108] [modloading-worker-0/INFO] [Railways/]: Steam 'n' Rails v1.7.2 initializing! Commit hash: 7c1a21e3a4edbd6b5f1301f82a8bfbeb5fdb1444 on Create version: 6.0.8 on platform: Forge
[28May2026 14:36:35.127] [modloading-worker-0/INFO] [xaero.common.HudMod/]: Loading primary common config for channel xaerominimap:main!
[28May2026 14:36:35.141] [modloading-worker-0/INFO] [xaero.common.HudMod/]: Loading server config profiles for channel xaerominimap:main!
[28May2026 14:36:35.141] [modloading-worker-0/INFO] [Bookshelf/]: Fixing MC-151457. Crafting remainder for minecraft:pufferfish_bucket is now minecraft:bucket.
[28May2026 14:36:35.142] [modloading-worker-0/INFO] [Bookshelf/]: Fixing MC-151457. Crafting remainder for minecraft:salmon_bucket is now minecraft:bucket.
[28May2026 14:36:35.142] [modloading-worker-0/INFO] [Bookshelf/]: Fixing MC-151457. Crafting remainder for minecraft:cod_bucket is now minecraft:bucket.
[28May2026 14:36:35.142] [modloading-worker-0/INFO] [Bookshelf/]: Fixing MC-151457. Crafting remainder for minecraft:tropical_fish_bucket is now minecraft:bucket.
[28May2026 14:36:35.142] [modloading-worker-0/INFO] [Bookshelf/]: Fixing MC-151457. Crafting remainder for minecraft:axolotl_bucket is now minecraft:bucket.
[28May2026 14:36:35.142] [modloading-worker-0/INFO] [Bookshelf/]: Fixing MC-151457. Crafting remainder for minecraft:powder_snow_bucket is now minecraft:bucket.
[28May2026 14:36:35.142] [modloading-worker-0/INFO] [Bookshelf/]: Fixing MC-151457. Crafting remainder for minecraft:tadpole_bucket is now minecraft:bucket.
[28May2026 14:36:35.144] [modloading-worker-0/INFO] [xaero.common.HudMod/]: Loading primary client config for channel xaerominimap:main!
[28May2026 14:36:35.144] [modloading-worker-0/INFO] [xaero.common.HudMod/]: Loading client config profiles for channel xaerominimap:main!
[28May2026 14:36:35.147] [modloading-worker-0/INFO] [xaero.map.WorldMap/]: Registering common data for channel xaeroworldmap:main!
[28May2026 14:36:35.159] [modloading-worker-0/INFO] [xaero.map.WorldMap/]: Registering client data for channel xaeroworldmap:main!
[28May2026 14:36:35.182] [modloading-worker-0/INFO] [xaero.map.WorldMap/]: Loading primary common config for channel xaeroworldmap:main!
[28May2026 14:36:35.183] [modloading-worker-0/INFO] [xaero.map.WorldMap/]: Loading server config profiles for channel xaeroworldmap:main!
[28May2026 14:36:35.183] [modloading-worker-0/INFO] [xaero.map.WorldMap/]: Loading primary client config for channel xaeroworldmap:main!
[28May2026 14:36:35.184] [modloading-worker-0/INFO] [xaero.map.WorldMap/]: Loading client config profiles for channel xaeroworldmap:main!
[28May2026 14:36:35.186] [modloading-worker-0/INFO] [Puzzles Lib/]: Constructing common components for hangglider:main
[28May2026 14:36:35.205] [modloading-worker-0/INFO] [dev.architectury.networking.forge.NetworkManagerImpl/]: Registering S2C receiver with id ftblibrary:edit_nbt
[28May2026 14:36:35.206] [modloading-worker-0/INFO] [dev.architectury.networking.forge.NetworkManagerImpl/]: Registering C2S receiver with id ftblibrary:edit_nbt_response
[28May2026 14:36:35.206] [modloading-worker-0/INFO] [dev.architectury.networking.forge.NetworkManagerImpl/]: Registering S2C receiver with id ftblibrary:sync_known_server_registries
[28May2026 14:36:35.210] [modloading-worker-0/INFO] [dev.architectury.networking.forge.NetworkManagerImpl/]: Registering S2C receiver with id ftblibrary:edit_config
[28May2026 14:36:35.246] [modloading-worker-0/INFO] [dev.architectury.networking.forge.NetworkManagerImpl/]: Registering C2S receiver with id findme:default/93a3df5fb37f371cb25c481f6e5b9323
[28May2026 14:36:35.246] [modloading-worker-0/INFO] [dev.architectury.networking.forge.NetworkManagerImpl/]: Registering S2C receiver with id findme:default/93a3df5fb37f371cb25c481f6e5b9323
[28May2026 14:36:35.248] [modloading-worker-0/INFO] [dev.architectury.networking.forge.NetworkManagerImpl/]: Registering C2S receiver with id findme:default/b71e26ec071d32928d9fb5d2c3ec8a7a
[28May2026 14:36:35.248] [modloading-worker-0/INFO] [dev.architectury.networking.forge.NetworkManagerImpl/]: Registering S2C receiver with id findme:default/b71e26ec071d32928d9fb5d2c3ec8a7a
[28May2026 14:36:35.250] [modloading-worker-0/INFO] [dev.architectury.networking.forge.NetworkManagerImpl/]: Registering C2S receiver with id findme:default/1f516f929b313631ad555a7b42b1d39c
[28May2026 14:36:35.250] [modloading-worker-0/INFO] [dev.architectury.networking.forge.NetworkManagerImpl/]: Registering S2C receiver with id findme:default/1f516f929b313631ad555a7b42b1d39c
[28May2026 14:36:35.251] [modloading-worker-0/INFO] [Puzzles Lib/]: Constructing client components for hangglider:main
[28May2026 14:36:35.260] [modloading-worker-0/INFO] [zeta/]: Doing super early config setup for zeta
[28May2026 14:36:35.262] [modloading-worker-0/INFO] [chatplus/]: Initializing ChatPlus
[28May2026 14:36:35.263] [modloading-worker-0/INFO] [chatplus/]: Loading languages...
[28May2026 14:36:35.273] [modloading-worker-0/INFO] [chatplus/]: Loaded 110 languages
[28May2026 14:36:35.273] [modloading-worker-0/INFO] [dev.architectury.networking.forge.NetworkManagerImpl/]: Registering S2C receiver with id ftbteams:sync_teams
[28May2026 14:36:35.274] [modloading-worker-0/INFO] [dev.architectury.networking.forge.NetworkManagerImpl/]: Registering S2C receiver with id ftbteams:sync_message_history
[28May2026 14:36:35.275] [modloading-worker-0/INFO] [dev.architectury.networking.forge.NetworkManagerImpl/]: Registering C2S receiver with id ftbteams:open_gui
[28May2026 14:36:35.276] [modloading-worker-0/INFO] [dev.architectury.networking.forge.NetworkManagerImpl/]: Registering S2C receiver with id ftbteams:open_my_team_gui
[28May2026 14:36:35.276] [modloading-worker-0/INFO] [dev.architectury.networking.forge.NetworkManagerImpl/]: Registering C2S receiver with id ftbteams:update_settings
[28May2026 14:36:35.277] [modloading-worker-0/INFO] [dev.architectury.networking.forge.NetworkManagerImpl/]: Registering S2C receiver with id ftbteams:update_settings_response
[28May2026 14:36:35.282] [modloading-worker-0/INFO] [dev.architectury.networking.forge.NetworkManagerImpl/]: Registering C2S receiver with id ftbteams:send_message
[28May2026 14:36:35.284] [modloading-worker-0/INFO] [dev.architectury.networking.forge.NetworkManagerImpl/]: Registering S2C receiver with id ftbteams:send_message_response
[28May2026 14:36:35.284] [modloading-worker-0/INFO] [Inventory Profiles Next/]: [Inventory Profiles Next] Inventory Profiles Next - init in Kotlin
[28May2026 14:36:35.285] [modloading-worker-0/INFO] [dev.architectury.networking.forge.NetworkManagerImpl/]: Registering S2C receiver with id ftbteams:update_presence
[28May2026 14:36:35.287] [modloading-worker-0/INFO] [dev.architectury.networking.forge.NetworkManagerImpl/]: Registering C2S receiver with id ftbteams:create_party
[28May2026 14:36:35.289] [modloading-worker-0/INFO] [dev.architectury.networking.forge.NetworkManagerImpl/]: Registering C2S receiver with id ftbteams:player_gui_operation
[28May2026 14:36:35.295] [modloading-worker-0/INFO] [net.blay09.mods.balm.forge.config.ForgeBalmConfig/]: Registering config for inventoryessentials:common (COMMON) with 10 properties.
[28May2026 14:36:35.305] [modloading-worker-0/INFO] [dev.architectury.networking.forge.NetworkManagerImpl/]: Registering S2C receiver with id polylib:container_to_client
[28May2026 14:36:35.305] [modloading-worker-0/INFO] [dev.architectury.networking.forge.NetworkManagerImpl/]: Registering S2C receiver with id polylib:tile_to_client
[28May2026 14:36:35.305] [modloading-worker-0/INFO] [dev.architectury.networking.forge.NetworkManagerImpl/]: Registering C2S receiver with id polylib:container_packet_server
[28May2026 14:36:35.305] [modloading-worker-0/INFO] [dev.architectury.networking.forge.NetworkManagerImpl/]: Registering C2S receiver with id polylib:tile_data_server
[28May2026 14:36:35.306] [modloading-worker-0/INFO] [dev.architectury.networking.forge.NetworkManagerImpl/]: Registering C2S receiver with id polylib:tile_packet_server
[28May2026 14:36:35.333] [modloading-worker-0/INFO] [xaero.lib.XaeroLib/]: Registering common data for channel xaerolib:main!
[28May2026 14:36:35.334] [modloading-worker-0/INFO] [xaero.lib.XaeroLib/]: Registering client data for channel xaerolib:main!
[28May2026 14:36:35.334] [modloading-worker-0/INFO] [xaero.lib.XaeroLib/]: Loading primary common config for channel xaerolib:main!
[28May2026 14:36:35.335] [modloading-worker-0/INFO] [xaero.lib.XaeroLib/]: Loading server config profiles for channel xaerolib:main!
[28May2026 14:36:35.335] [modloading-worker-0/INFO] [xaero.lib.XaeroLib/]: Loading primary client config for channel xaerolib:main!
[28May2026 14:36:35.336] [modloading-worker-0/INFO] [xaero.lib.XaeroLib/]: Loading client config profiles for channel xaerolib:main!
[28May2026 14:36:35.340] [modloading-worker-0/INFO] [chatplus/]: Config Directory: /home/bigh/.var/app/org.prismlauncher.PrismLauncher/data/PrismLauncher/instances/GregTech Community Pack Modern/minecraft/config/chatplus
[28May2026 14:36:35.356] [modloading-worker-0/INFO] [NoChatRestrictions/]: NoChatRestrictions Forge mod initialized!
[28May2026 14:36:35.357] [modloading-worker-0/INFO] [com.simibubi.create.Create/]: Create 6.0.8 initializing! Commit hash: 1a1a9a2819b4f89f78caec41b55ed8cb222fa24b
[28May2026 14:36:35.386] [modloading-worker-0/INFO] [dev.architectury.networking.forge.NetworkManagerImpl/]: Registering C2S receiver with id itemfilters:main/14e7fa1454283aec8ae811ef844ada28
[28May2026 14:36:35.387] [modloading-worker-0/INFO] [dev.architectury.networking.forge.NetworkManagerImpl/]: Registering S2C receiver with id itemfilters:main/14e7fa1454283aec8ae811ef844ada28
[28May2026 14:36:35.387] [modloading-worker-0/INFO] [dev.architectury.networking.forge.NetworkManagerImpl/]: Registering C2S receiver with id itemfilters:main/8f6a899247753217b9d86ab427a2b279
[28May2026 14:36:35.388] [modloading-worker-0/INFO] [dev.architectury.networking.forge.NetworkManagerImpl/]: Registering S2C receiver with id itemfilters:main/8f6a899247753217b9d86ab427a2b279
[28May2026 14:36:35.398] [modloading-worker-0/INFO] [Create Deco/]: Registering items for Create Deco
[28May2026 14:36:35.419] [modloading-worker-0/INFO] [igentuman.nc.NuclearCraft/]: JAR file path: /home/bigh/.var/app/org.prismlauncher.PrismLauncher/data/PrismLauncher/instances/GregTech Community Pack Modern/minecraft/mods/NuclearCraft-1.20.1-1.2.23.jar
[28May2026 14:36:35.430] [modloading-worker-0/INFO] [igentuman.nc.NuclearCraft/]: JAR file path: /home/bigh/.var/app/org.prismlauncher.PrismLauncher/data/PrismLauncher/instances/GregTech Community Pack Modern/minecraft/mods/NuclearCraft-1.20.1-1.2.23.jar
[28May2026 14:36:35.444] [modloading-worker-0/INFO] [igentuman.nc.NuclearCraft/]: JAR file path: /home/bigh/.var/app/org.prismlauncher.PrismLauncher/data/PrismLauncher/instances/GregTech Community Pack Modern/minecraft/mods/NuclearCraft-1.20.1-1.2.23.jar
[28May2026 14:36:35.466] [modloading-worker-0/INFO] [chatplus/]: ChatRenderer init
[28May2026 14:36:35.466] [modloading-worker-0/INFO] [dev.architectury.networking.forge.NetworkManagerImpl/]: Registering S2C receiver with id ftbquests:sync_quests
[28May2026 14:36:35.467] [modloading-worker-0/INFO] [dev.architectury.networking.forge.NetworkManagerImpl/]: Registering S2C receiver with id ftbquests:sync_team_data
[28May2026 14:36:35.468] [modloading-worker-0/INFO] [chatplus/]: x: 0, y: -28, width: 236, height: 189
[28May2026 14:36:35.468] [modloading-worker-0/INFO] [dev.architectury.networking.forge.NetworkManagerImpl/]: Registering S2C receiver with id ftbquests:update_task_progress
[28May2026 14:36:35.471] [modloading-worker-0/INFO] [dev.architectury.networking.forge.NetworkManagerImpl/]: Registering C2S receiver with id ftbquests:submit_task
[28May2026 14:36:35.471] [modloading-worker-0/INFO] [dev.architectury.networking.forge.NetworkManagerImpl/]: Registering C2S receiver with id ftbquests:claim_reward
[28May2026 14:36:35.472] [modloading-worker-0/INFO] [dev.architectury.networking.forge.NetworkManagerImpl/]: Registering S2C receiver with id ftbquests:claim_reward_response
[28May2026 14:36:35.472] [modloading-worker-0/INFO] [dev.architectury.networking.forge.NetworkManagerImpl/]: Registering S2C receiver with id ftbquests:sync_editing_mode
[28May2026 14:36:35.473] [modloading-worker-0/INFO] [dev.architectury.networking.forge.NetworkManagerImpl/]: Registering C2S receiver with id ftbquests:get_emergency_items
[28May2026 14:36:35.473] [modloading-worker-0/INFO] [dev.architectury.networking.forge.NetworkManagerImpl/]: Registering S2C receiver with id ftbquests:create_other_team_data
[28May2026 14:36:35.474] [modloading-worker-0/INFO] [dev.architectury.networking.forge.NetworkManagerImpl/]: Registering C2S receiver with id ftbquests:claim_all_rewards
[28May2026 14:36:35.483] [modloading-worker-0/INFO] [dev.architectury.networking.forge.NetworkManagerImpl/]: Registering C2S receiver with id ftbquests:claim_choice_reward
[28May2026 14:36:35.485] [modloading-worker-0/INFO] [dev.architectury.networking.forge.NetworkManagerImpl/]: Registering S2C receiver with id ftbquests:display_completion_toast
[28May2026 14:36:35.486] [modloading-worker-0/INFO] [dev.architectury.networking.forge.NetworkManagerImpl/]: Registering S2C receiver with id ftbquests:display_reward_toast
[28May2026 14:36:35.486] [modloading-worker-0/INFO] [dev.architectury.networking.forge.NetworkManagerImpl/]: Registering S2C receiver with id ftbquests:display_item_reward_toast
[28May2026 14:36:35.487] [modloading-worker-0/INFO] [dev.architectury.networking.forge.NetworkManagerImpl/]: Registering S2C receiver with id ftbquests:custom_reward_toast
[28May2026 14:36:35.488] [modloading-worker-0/INFO] [dev.architectury.networking.forge.NetworkManagerImpl/]: Registering C2S receiver with id ftbquests:toggle_pinned
[28May2026 14:36:35.490] [modloading-worker-0/INFO] [dev.architectury.networking.forge.NetworkManagerImpl/]: Registering S2C receiver with id ftbquests:toggle_pinned_response
[28May2026 14:36:35.491] [modloading-worker-0/INFO] [dev.architectury.networking.forge.NetworkManagerImpl/]: Registering C2S receiver with id ftbquests:toggle_chapter_pinned
[28May2026 14:36:35.491] [modloading-worker-0/INFO] [dev.architectury.networking.forge.NetworkManagerImpl/]: Registering S2C receiver with id ftbquests:toggle_chapter_pinned_response
[28May2026 14:36:35.491] [modloading-worker-0/INFO] [dev.architectury.networking.forge.NetworkManagerImpl/]: Registering C2S receiver with id ftbquests:toggle_editing_mode
[28May2026 14:36:35.494] [modloading-worker-0/INFO] [dev.architectury.networking.forge.NetworkManagerImpl/]: Registering C2S receiver with id ftbquests:force_save
[28May2026 14:36:35.497] [modloading-worker-0/INFO] [dev.architectury.networking.forge.NetworkManagerImpl/]: Registering S2C receiver with id ftbquests:update_team_data
[28May2026 14:36:35.499] [modloading-worker-0/INFO] [dev.architectury.networking.forge.NetworkManagerImpl/]: Registering C2S receiver with id ftbquests:set_custom_image
[28May2026 14:36:35.499] [modloading-worker-0/INFO] [dev.architectury.networking.forge.NetworkManagerImpl/]: Registering S2C receiver with id ftbquests:object_started
[28May2026 14:36:35.500] [modloading-worker-0/INFO] [dev.architectury.networking.forge.NetworkManagerImpl/]: Registering S2C receiver with id ftbquests:object_completed
[28May2026 14:36:35.501] [modloading-worker-0/INFO] [Create Deco/]: Registering blocks for Create Deco
[28May2026 14:36:35.501] [modloading-worker-0/INFO] [dev.architectury.networking.forge.NetworkManagerImpl/]: Registering S2C receiver with id ftbquests:object_started_reset
[28May2026 14:36:35.502] [modloading-worker-0/INFO] [dev.architectury.networking.forge.NetworkManagerImpl/]: Registering S2C receiver with id ftbquests:object_completed_reset
[28May2026 14:36:35.502] [modloading-worker-0/INFO] [dev.architectury.networking.forge.NetworkManagerImpl/]: Registering S2C receiver with id ftbquests:sync_lock
[28May2026 14:36:35.504] [modloading-worker-0/INFO] [chatplus/]: Create ChatWindow()
[28May2026 14:36:35.506] [modloading-worker-0/INFO] [dev.architectury.networking.forge.NetworkManagerImpl/]: Registering S2C receiver with id ftbquests:reset_reward
[28May2026 14:36:35.506] [modloading-worker-0/INFO] [dev.architectury.networking.forge.NetworkManagerImpl/]: Registering S2C receiver with id ftbquests:team_data_changed
[28May2026 14:36:35.512] [modloading-worker-0/INFO] [dev.architectury.networking.forge.NetworkManagerImpl/]: Registering S2C receiver with id ftbquests:task_screen_config_req
[28May2026 14:36:35.513] [modloading-worker-0/INFO] [dev.architectury.networking.forge.NetworkManagerImpl/]: Registering C2S receiver with id ftbquests:task_screen_config_resp
[28May2026 14:36:35.514] [modloading-worker-0/INFO] [dev.architectury.networking.forge.NetworkManagerImpl/]: Registering C2S receiver with id ftbquests:give_item_to_player
[28May2026 14:36:35.517] [modloading-worker-0/INFO] [dev.architectury.networking.forge.NetworkManagerImpl/]: Registering C2S receiver with id ftbquests:reorder_item
[28May2026 14:36:35.518] [modloading-worker-0/INFO] [dev.architectury.networking.forge.NetworkManagerImpl/]: Registering C2S receiver with id ftbquests:change_progress
[28May2026 14:36:35.518] [modloading-worker-0/INFO] [dev.architectury.networking.forge.NetworkManagerImpl/]: Registering C2S receiver with id ftbquests:create_object
[28May2026 14:36:35.519] [modloading-worker-0/INFO] [chatplus/]: SpeechToText initialized
[28May2026 14:36:35.520] [modloading-worker-0/INFO] [dev.architectury.networking.forge.NetworkManagerImpl/]: Registering S2C receiver with id ftbquests:create_object_response
[28May2026 14:36:35.522] [modloading-worker-0/INFO] [dev.architectury.networking.forge.NetworkManagerImpl/]: Registering C2S receiver with id ftbquests:create_task_at
[28May2026 14:36:35.524] [ChatPlusMicrophoneThread/INFO] [chatplus/]: SpeechToText Thread started
[28May2026 14:36:35.525] [modloading-worker-0/INFO] [dev.architectury.networking.forge.NetworkManagerImpl/]: Registering C2S receiver with id ftbquests:delete_object
[28May2026 14:36:35.525] [modloading-worker-0/INFO] [dev.architectury.networking.forge.NetworkManagerImpl/]: Registering S2C receiver with id ftbquests:delete_object_response
[28May2026 14:36:35.526] [modloading-worker-0/INFO] [dev.architectury.networking.forge.NetworkManagerImpl/]: Registering C2S receiver with id ftbquests:edit_object
[28May2026 14:36:35.526] [modloading-worker-0/INFO] [dev.architectury.networking.forge.NetworkManagerImpl/]: Registering S2C receiver with id ftbquests:edit_object_response
[28May2026 14:36:35.528] [modloading-worker-0/INFO] [dev.architectury.networking.forge.NetworkManagerImpl/]: Registering C2S receiver with id ftbquests:move_chapter
[28May2026 14:36:35.528] [modloading-worker-0/INFO] [chatplus/]: Config Loaded
[28May2026 14:36:35.528] [modloading-worker-0/INFO] [dev.architectury.networking.forge.NetworkManagerImpl/]: Registering S2C receiver with id ftbquests:move_chapter_response
[28May2026 14:36:35.529] [modloading-worker-0/INFO] [dev.architectury.networking.forge.NetworkManagerImpl/]: Registering C2S receiver with id ftbquests:move_quest
[28May2026 14:36:35.529] [modloading-worker-0/INFO] [dev.architectury.networking.forge.NetworkManagerImpl/]: Registering S2C receiver with id ftbquests:move_quest_response
[28May2026 14:36:35.530] [modloading-worker-0/INFO] [dev.architectury.networking.forge.NetworkManagerImpl/]: Registering C2S receiver with id ftbquests:change_chapter_group
[28May2026 14:36:35.532] [modloading-worker-0/INFO] [dev.architectury.networking.forge.NetworkManagerImpl/]: Registering S2C receiver with id ftbquests:change_chapter_group_response
[28May2026 14:36:35.536] [modloading-worker-0/INFO] [dev.architectury.networking.forge.NetworkManagerImpl/]: Registering C2S receiver with id ftbquests:move_chapter_group
[28May2026 14:36:35.537] [modloading-worker-0/INFO] [dev.architectury.networking.forge.NetworkManagerImpl/]: Registering S2C receiver with id ftbquests:move_chapter_group_response
[28May2026 14:36:35.537] [modloading-worker-0/INFO] [dev.architectury.networking.forge.NetworkManagerImpl/]: Registering S2C receiver with id ftbquests:sync_reward_blocking
[28May2026 14:36:35.538] [modloading-worker-0/INFO] [dev.architectury.networking.forge.NetworkManagerImpl/]: Registering C2S receiver with id ftbquests:copy_quest
[28May2026 14:36:35.543] [modloading-worker-0/INFO] [dev.architectury.networking.forge.NetworkManagerImpl/]: Registering C2S receiver with id ftbquests:copy_chapter_image
[28May2026 14:36:35.543] [modloading-worker-0/INFO] [dev.architectury.networking.forge.NetworkManagerImpl/]: Registering C2S receiver with id ftbquests:sync_structures_request
[28May2026 14:36:35.545] [modloading-worker-0/INFO] [dev.architectury.networking.forge.NetworkManagerImpl/]: Registering S2C receiver with id ftbquests:sync_structures_response
[28May2026 14:36:35.560] [modloading-worker-0/INFO] [dev.architectury.networking.forge.NetworkManagerImpl/]: Registering C2S receiver with id ftbquests:request_team_data
[28May2026 14:36:35.560] [modloading-worker-0/INFO] [dev.architectury.networking.forge.NetworkManagerImpl/]: Registering S2C receiver with id ftbquests:sync_editor_permission
[28May2026 14:36:35.561] [modloading-worker-0/INFO] [dev.architectury.networking.forge.NetworkManagerImpl/]: Registering S2C receiver with id ftbquests:open_quest_book
[28May2026 14:36:35.563] [modloading-worker-0/INFO] [dev.architectury.networking.forge.NetworkManagerImpl/]: Registering S2C receiver with id ftbquests:clear_display_cache
[28May2026 14:36:35.564] [modloading-worker-0/INFO] [dev.architectury.networking.forge.NetworkManagerImpl/]: Registering S2C receiver with id ftbquests:reorder_item_response
[28May2026 14:36:35.565] [modloading-worker-0/INFO] [dev.architectury.networking.forge.NetworkManagerImpl/]: Registering S2C receiver with id ftbquests:clear_repeat_cooldown
[28May2026 14:36:35.635] [modloading-worker-0/INFO] [net.creeperhost.ftbbackups.repack.org.quartz.impl.StdSchedulerFactory/]: Using default implementation for ThreadExecutor
[28May2026 14:36:35.677] [modloading-worker-0/INFO] [net.creeperhost.ftbbackups.repack.org.quartz.core.SchedulerSignalerImpl/]: Initialized Scheduler Signaller of type: class net.creeperhost.ftbbackups.repack.org.quartz.core.SchedulerSignalerImpl
[28May2026 14:36:35.682] [modloading-worker-0/INFO] [net.creeperhost.ftbbackups.repack.org.quartz.core.QuartzScheduler/]: Quartz Scheduler v.2.0.2 created.
[28May2026 14:36:35.684] [modloading-worker-0/INFO] [net.creeperhost.ftbbackups.repack.org.quartz.simpl.RAMJobStore/]: RAMJobStore initialized.
[28May2026 14:36:35.686] [modloading-worker-0/INFO] [net.creeperhost.ftbbackups.repack.org.quartz.core.QuartzScheduler/]: Scheduler meta-data: Quartz Scheduler (v2.0.2) 'ftbbackups2' with instanceId 'NON_CLUSTERED'
  Scheduler class: 'net.creeperhost.ftbbackups.repack.org.quartz.core.QuartzScheduler' - running locally.
  NOT STARTED.
  Currently in standby mode.
  Number of jobs executed: 0
  Using thread pool 'net.creeperhost.ftbbackups.repack.org.quartz.simpl.SimpleThreadPool' - with 1 threads.
  Using job-store 'net.creeperhost.ftbbackups.repack.org.quartz.simpl.RAMJobStore' - which does not support persistence. and is not clustered.

[28May2026 14:36:35.686] [modloading-worker-0/INFO] [net.creeperhost.ftbbackups.repack.org.quartz.impl.StdSchedulerFactory/]: Quartz scheduler 'ftbbackups2' initialized from an externally provided properties instance.
[28May2026 14:36:35.686] [modloading-worker-0/INFO] [net.creeperhost.ftbbackups.repack.org.quartz.impl.StdSchedulerFactory/]: Quartz scheduler version: 2.0.2
[28May2026 14:36:35.693] [modloading-worker-0/INFO] [net.creeperhost.ftbbackups.repack.org.quartz.core.QuartzScheduler/]: Scheduler ftbbackups2_$_NON_CLUSTERED started.
[28May2026 14:36:35.699] [modloading-worker-0/INFO] [com.axperty.delightlib.api.DelightAddon/]: Delight Lib initialized for: moredelight
[28May2026 14:36:35.726] [ChatPlusMicrophoneThread/ERROR] [chatplus/]: java.io.IOException: Failed to create a model
[28May2026 14:36:35.728] [modloading-worker-0/INFO] [dev.architectury.networking.forge.NetworkManagerImpl/]: Registering C2S receiver with id ftbchunks:request_map_data
[28May2026 14:36:35.749] [modloading-worker-0/INFO] [dev.architectury.networking.forge.NetworkManagerImpl/]: Registering C2S receiver with id ftbchunks:share_waypoint
[28May2026 14:36:35.752] [modloading-worker-0/INFO] [dev.architectury.networking.forge.NetworkManagerImpl/]: Registering S2C receiver with id ftbchunks:send_all_chunks
[28May2026 14:36:35.753] [modloading-worker-0/INFO] [dev.architectury.networking.forge.NetworkManagerImpl/]: Registering S2C receiver with id ftbchunks:login_data
[28May2026 14:36:35.755] [modloading-worker-0/INFO] [dev.architectury.networking.forge.NetworkManagerImpl/]: Registering C2S receiver with id ftbchunks:request_chunk_change
[28May2026 14:36:35.756] [modloading-worker-0/INFO] [net.blay09.mods.balm.forge.config.ForgeBalmConfig/]: Registering config for craftingtweaks:common (COMMON) with 7 properties.
[28May2026 14:36:35.757] [modloading-worker-0/INFO] [dev.architectury.networking.forge.NetworkManagerImpl/]: Registering S2C receiver with id ftbchunks:send_chunk
[28May2026 14:36:35.758] [modloading-worker-0/INFO] [dev.architectury.networking.forge.NetworkManagerImpl/]: Registering S2C receiver with id ftbchunks:send_general_data
[28May2026 14:36:35.759] [modloading-worker-0/INFO] [dev.architectury.networking.forge.NetworkManagerImpl/]: Registering C2S receiver with id ftbchunks:teleport_from_map
[28May2026 14:36:35.760] [modloading-worker-0/INFO] [dev.architectury.networking.forge.NetworkManagerImpl/]: Registering S2C receiver with id ftbchunks:player_death
[28May2026 14:36:35.767] [modloading-worker-0/INFO] [dev.architectury.networking.forge.NetworkManagerImpl/]: Registering S2C receiver with id ftbchunks:send_visible_player_list
[28May2026 14:36:35.768] [modloading-worker-0/INFO] [dev.architectury.networking.forge.NetworkManagerImpl/]: Registering C2S receiver with id ftbchunks:sync_tx
[28May2026 14:36:35.769] [modloading-worker-0/INFO] [dev.architectury.networking.forge.NetworkManagerImpl/]: Registering S2C receiver with id ftbchunks:sync_rx
[28May2026 14:36:35.770] [modloading-worker-0/INFO] [dev.architectury.networking.forge.NetworkManagerImpl/]: Registering S2C receiver with id ftbchunks:loaded_chunk_view
[28May2026 14:36:35.774] [modloading-worker-0/INFO] [dev.architectury.networking.forge.NetworkManagerImpl/]: Registering S2C receiver with id ftbchunks:send_player_position
[28May2026 14:36:35.775] [modloading-worker-0/INFO] [dev.architectury.networking.forge.NetworkManagerImpl/]: Registering C2S receiver with id ftbchunks:update_force_load_expiry
[28May2026 14:36:35.776] [modloading-worker-0/INFO] [dev.architectury.networking.forge.NetworkManagerImpl/]: Registering C2S receiver with id ftbchunks:server_config_request
[28May2026 14:36:35.778] [modloading-worker-0/INFO] [dev.architectury.networking.forge.NetworkManagerImpl/]: Registering S2C receiver with id ftbchunks:server_config_response
[28May2026 14:36:35.778] [modloading-worker-0/INFO] [dev.architectury.networking.forge.NetworkManagerImpl/]: Registering S2C receiver with id ftbchunks:chunk_change_response
[28May2026 14:36:35.779] [modloading-worker-0/INFO] [dev.architectury.networking.forge.NetworkManagerImpl/]: Registering S2C receiver with id ftbchunks:request_block_color
[28May2026 14:36:35.779] [modloading-worker-0/INFO] [dev.architectury.networking.forge.NetworkManagerImpl/]: Registering S2C receiver with id ftbchunks:add_waypoint
[28May2026 14:36:35.816] [modloading-worker-0/INFO] [chatplus/]: Done Initializing ChatPlus
[28May2026 14:36:35.863] [modloading-worker-0/INFO] [STDOUT/]: [igentuman.nc.content.particles.ParticleSources:init:30]: Initializing ParticleSources
[28May2026 14:36:35.877] [modloading-worker-0/INFO] [libIPN/]: [libIPN] libIPN - init in Kotlin
[28May2026 14:36:35.893] [modloading-worker-0/INFO] [PluginManager/]: Scanning classes for titanium
[28May2026 14:36:36.237] [modloading-worker-0/INFO] [GregTechCEu/]: GregTechCEu is initializing...
[28May2026 14:36:36.264] [modloading-worker-0/INFO] [KubeJS/]: Loaded common.properties
[28May2026 14:36:36.265] [modloading-worker-0/INFO] [KubeJS/]: Loaded dev.properties
[28May2026 14:36:36.276] [modloading-worker-0/INFO] [KubeJS/]: Looking for KubeJS plugins...
[28May2026 14:36:36.277] [modloading-worker-0/INFO] [KubeJS/]: Found plugin source kubejs
[28May2026 14:36:36.303] [modloading-worker-0/WARN] [KubeJS/]: Plugin dev.latvian.mods.kubejs.integration.forge.gamestages.GameStagesIntegration does not have required mod gamestages loaded, skipping
[28May2026 14:36:36.304] [modloading-worker-0/INFO] [KubeJS/]: Found plugin source ldlib
[28May2026 14:36:36.306] [modloading-worker-0/INFO] [KubeJS/]: Found plugin source ftbxmodcompat
[28May2026 14:36:36.314] [modloading-worker-0/WARN] [KubeJS/]: Plugin dev.ftb.mods.ftbxmodcompat.ftbfiltersystem.kubejs.FFSKubeJSPlugin does not have required mod ftbfiltersystem loaded, skipping
[28May2026 14:36:36.314] [modloading-worker-0/INFO] [KubeJS/]: Found plugin source greate
[28May2026 14:36:36.332] [modloading-worker-0/INFO] [KubeJS/]: Found plugin source lootjs
[28May2026 14:36:36.336] [modloading-worker-0/INFO] [KubeJS/]: Found plugin source cucumber
[28May2026 14:36:36.337] [modloading-worker-0/INFO] [KubeJS/]: Found plugin source nuclearcraft
[28May2026 14:36:36.425] [modloading-worker-0/INFO] [KubeJS/]: Found plugin source gtceu
[28May2026 14:36:36.426] [modloading-worker-0/INFO] [Configuration/FileWatching]: Registered gtceu config for auto-sync function
[28May2026 14:36:36.426] [modloading-worker-0/INFO] [Configuration/FileWatching]: Registered gcyr config for auto-sync function
[28May2026 14:36:36.433] [modloading-worker-0/INFO] [GregTechCEu/]: High-Tier is Disabled.
[28May2026 14:36:36.460] [modloading-worker-0/INFO] [REI/]: [REI] Config loaded
[28May2026 14:36:36.466] [modloading-worker-0/INFO] [KubeJS/]: Found plugin source gcyr
[28May2026 14:36:36.468] [modloading-worker-0/INFO] [KubeJS/]: Found plugin source moldraw
[28May2026 14:36:36.470] [modloading-worker-0/INFO] [Configuration/FileWatching]: Registered gtmutils config for auto-sync function
[28May2026 14:36:36.471] [modloading-worker-0/INFO] [KubeJS/]: Done in 194.5 ms
[28May2026 14:36:36.551] [modloading-worker-0/INFO] [REI/]: [REI] Registered plugin provider AE2 [ae2] for REIPlugin
[28May2026 14:36:36.559] [modloading-worker-0/INFO] [Configuration/FileWatching]: Registered greate config for auto-sync function
[28May2026 14:36:36.565] [modloading-worker-0/INFO] [FTB XMod Compat/]: [FTB Quests] Enabled KubeJS integration
[28May2026 14:36:36.567] [modloading-worker-0/INFO] [FTB XMod Compat/]: [FTB Chunks] Enabled KubeJS integration
[28May2026 14:36:36.587] [modloading-worker-0/INFO] [com.axperty.delightlib.DelightLib/]: Delight Lib loaded
[28May2026 14:36:36.592] [modloading-worker-0/INFO] [quark/]: Initializing TerraBlender underground biome compat
[28May2026 14:36:36.593] [modloading-worker-0/INFO] [REI/]: [REI] Registered plugin provider AdornReiServerForge [adorn] for REIPlugin
[28May2026 14:36:36.593] [modloading-worker-0/INFO] [REI/]: [REI] Registered plugin provider CoreReiCommonPlugin [sophisticatedcore] for REIPlugin
[28May2026 14:36:36.593] [modloading-worker-0/INFO] [REI/]: [REI] Registered plugin provider BackpackReiCommonPlugin [sophisticatedbackpacks] for REIPlugin
[28May2026 14:36:36.593] [modloading-worker-0/INFO] [REI/]: [REI] Registered plugin provider REIForgePluginStub [ftblibrary] for REIPlugin
[28May2026 14:36:36.593] [modloading-worker-0/INFO] [REI/]: [REI] Registered plugin provider ReiPlugin [craftingstation] for REIPlugin
[28May2026 14:36:36.593] [modloading-worker-0/INFO] [REI/]: [REI] Registered plugin provider ReiClientPlugin [craftingstation] for REIPlugin
[28May2026 14:36:36.593] [modloading-worker-0/INFO] [REI/]: [REI] Registered plugin provider StorageReiCommonPlugin [sophisticatedstorage] for REIPlugin
[28May2026 14:36:36.627] [modloading-worker-0/INFO] [REI/]: [REI] Registered plugin provider REIPluginImpl [ldlib] for REIPlugin
[28May2026 14:36:36.628] [modloading-worker-0/INFO] [REI/]: [REI] Registered plugin provider AdornReiClientForge [adorn] for REIPlugin
[28May2026 14:36:36.653] [modloading-worker-0/INFO] [REI/]: [REI] Registered plugin provider almostunified.roughlyenoughitems [almostunified] for REIPlugin
[28May2026 14:36:36.653] [modloading-worker-0/INFO] [REI/]: [REI] Registered plugin provider BackpackReiClientPlugin [sophisticatedbackpacks] for REIPlugin
[28May2026 14:36:36.653] [modloading-worker-0/INFO] [REI/]: [REI] Registered plugin provider StorageReiClientPlugin [sophisticatedstorage] for REIPlugin
[28May2026 14:36:36.653] [modloading-worker-0/INFO] [REI/]: [REI] Registered plugin provider FramedReiPlugin [framedblocks] for REIPlugin
[28May2026 14:36:36.653] [modloading-worker-0/INFO] [REI/]: [REI] Registered plugin provider ExtendedAE [expatternprovider] for REIPlugin
[28May2026 14:36:36.666] [modloading-worker-0/INFO] [REI/]: [REI] Registered plugin provider REIForgePluginStub [kubejs] for REIPlugin
[28May2026 14:36:36.666] [modloading-worker-0/INFO] [REI/]: [REI] Registered plugin provider FTBQuestsREIIntegrationForge [ftbxmodcompat] for REIPlugin
[28May2026 14:36:36.666] [modloading-worker-0/INFO] [REI/]: [REI] Registered plugin provider GTREIPlugin [gtceu] for REIPlugin
[28May2026 14:36:36.666] [modloading-worker-0/INFO] [REI/]: [REI] Registered plugin provider REICompat [supplementaries] for REIPlugin
[28May2026 14:36:36.697] [modloading-worker-0/INFO] [dev.architectury.networking.forge.NetworkManagerImpl/]: Registering S2C receiver with id roughlyenoughitems:request_tags_s2c
[28May2026 14:36:36.701] [modloading-worker-0/INFO] [dev.architectury.networking.forge.NetworkManagerImpl/]: Registering C2S receiver with id roughlyenoughitems:request_tags_c2s
[28May2026 14:36:36.702] [modloading-worker-0/INFO] [REI/]: [REI] Registered plugin provider DefaultPluginImpl [roughlyenoughitems] for REIServerPlugin
[28May2026 14:36:36.702] [modloading-worker-0/INFO] [REI/]: [REI] Registered plugin provider DefaultPluginImpl [roughlyenoughitems] for REIPlugin
[28May2026 14:36:36.736] [modloading-worker-0/INFO] [REI/]: [REI] Registered plugin provider DefaultRuntimePlugin [roughlyenoughitems] for REIServerPlugin
[28May2026 14:36:36.736] [modloading-worker-0/INFO] [REI/]: [REI] Registered plugin provider DefaultRuntimePlugin [roughlyenoughitems] for REIPlugin
[28May2026 14:36:36.738] [modloading-worker-0/INFO] [REI/]: [REI] Registered plugin provider AdornReiServerForge [adorn] for REIServerPlugin
[28May2026 14:36:36.738] [modloading-worker-0/INFO] [REI/]: [REI] Registered plugin provider CoreReiCommonPlugin [sophisticatedcore] for REIServerPlugin
[28May2026 14:36:36.738] [modloading-worker-0/INFO] [REI/]: [REI] Registered plugin provider BackpackReiCommonPlugin [sophisticatedbackpacks] for REIServerPlugin
[28May2026 14:36:36.738] [modloading-worker-0/INFO] [REI/]: [REI] Registered plugin provider ReiPlugin [craftingstation] for REIServerPlugin
[28May2026 14:36:36.738] [modloading-worker-0/INFO] [REI/]: [REI] Registered plugin provider StorageReiCommonPlugin [sophisticatedstorage] for REIServerPlugin
[28May2026 14:36:36.770] [modloading-worker-0/INFO] [dev.architectury.networking.forge.NetworkManagerImpl/]: Registering C2S receiver with id roughlyenoughitems:delete_item
[28May2026 14:36:36.772] [modloading-worker-0/INFO] [dev.architectury.networking.forge.NetworkManagerImpl/]: Registering C2S receiver with id roughlyenoughitems:create_item
[28May2026 14:36:36.772] [modloading-worker-0/INFO] [dev.architectury.networking.forge.NetworkManagerImpl/]: Registering C2S receiver with id roughlyenoughitems:create_item_grab
[28May2026 14:36:36.772] [modloading-worker-0/INFO] [dev.architectury.networking.forge.NetworkManagerImpl/]: Registering C2S receiver with id roughlyenoughitems:create_item_hotbar
[28May2026 14:36:36.772] [modloading-worker-0/INFO] [dev.architectury.networking.forge.NetworkManagerImpl/]: Registering C2S receiver with id roughlyenoughitems:move_items
[28May2026 14:36:36.772] [modloading-worker-0/INFO] [dev.architectury.networking.forge.NetworkManagerImpl/]: Registering C2S receiver with id roughlyenoughitems:move_items_new
[28May2026 14:36:36.815] [modloading-worker-0/INFO] [YetAnotherConfigLib/]: Deserializing YACLConfig from '/home/bigh/.var/app/org.prismlauncher.PrismLauncher/data/PrismLauncher/instances/GregTech Community Pack Modern/minecraft/config/yacl.json5'
[28May2026 14:36:36.823] [modloading-worker-0/INFO] [net.tobsend.xtonesreworked.XtonesReworkedMod/]: SETUP Xtones Reworked
[28May2026 14:36:36.833] [modloading-worker-0/INFO] [REI/]: [REI] Registered plugin provider DefaultClientPluginImpl [roughlyenoughitems] for REIClientPlugin
[28May2026 14:36:36.833] [modloading-worker-0/INFO] [REI/]: [REI] Registered plugin provider DefaultClientPluginImpl [roughlyenoughitems] for REIPlugin
[28May2026 14:36:36.854] [modloading-worker-0/INFO] [REI/]: [REI] Registered plugin provider DefaultClientRuntimePlugin [roughlyenoughitems] for REIClientPlugin
[28May2026 14:36:36.855] [modloading-worker-0/INFO] [REI/]: [REI] Registered plugin provider DefaultClientRuntimePlugin [roughlyenoughitems] for REIPlugin
[28May2026 14:36:36.857] [modloading-worker-0/INFO] [REI/]: [REI] Registered plugin provider HideIngredientsFromTagsPlugin [roughlyenoughitems] for REIClientPlugin
[28May2026 14:36:36.858] [modloading-worker-0/INFO] [REI/]: [REI] Registered plugin provider HideIngredientsFromTagsPlugin [roughlyenoughitems] for REIPlugin
[28May2026 14:36:36.858] [modloading-worker-0/INFO] [Rhino Script Remapper/]: Loading Rhino Minecraft remapper...
[28May2026 14:36:36.860] [modloading-worker-0/INFO] [REI/]: [REI] Registered plugin provider AE2 [ae2] for REIClientPlugin
[28May2026 14:36:36.861] [modloading-worker-0/INFO] [REI/]: [REI] Registered plugin provider REIForgePluginStub [ftblibrary] for REIClientPlugin
[28May2026 14:36:36.861] [modloading-worker-0/INFO] [REI/]: [REI] Registered plugin provider ReiClientPlugin [craftingstation] for REIClientPlugin
[28May2026 14:36:36.863] [modloading-worker-0/INFO] [REI/]: [REI] Registered plugin provider REIPluginImpl [ldlib] for REIClientPlugin
[28May2026 14:36:36.863] [modloading-worker-0/INFO] [dev.latvian.mods.rhino.mod.util.RhinoProperties/]: Rhino properties loaded.
[28May2026 14:36:36.863] [modloading-worker-0/INFO] [REI/]: [REI] Registered plugin provider AdornReiClientForge [adorn] for REIClientPlugin
[28May2026 14:36:36.863] [modloading-worker-0/INFO] [REI/]: [REI] Registered plugin provider almostunified.roughlyenoughitems [almostunified] for REIClientPlugin
[28May2026 14:36:36.863] [modloading-worker-0/INFO] [REI/]: [REI] Registered plugin provider BackpackReiClientPlugin [sophisticatedbackpacks] for REIClientPlugin
[28May2026 14:36:36.864] [modloading-worker-0/INFO] [REI/]: [REI] Registered plugin provider StorageReiClientPlugin [sophisticatedstorage] for REIClientPlugin
[28May2026 14:36:36.864] [modloading-worker-0/INFO] [REI/]: [REI] Registered plugin provider FramedReiPlugin [framedblocks] for REIClientPlugin
[28May2026 14:36:36.864] [modloading-worker-0/INFO] [REI/]: [REI] Registered plugin provider ExtendedAE [expatternprovider] for REIClientPlugin
[28May2026 14:36:36.864] [modloading-worker-0/INFO] [REI/]: [REI] Registered plugin provider REIForgePluginStub [kubejs] for REIClientPlugin
[28May2026 14:36:36.864] [modloading-worker-0/INFO] [REI/]: [REI] Registered plugin provider FTBQuestsREIIntegrationForge [ftbxmodcompat] for REIClientPlugin
[28May2026 14:36:36.865] [modloading-worker-0/INFO] [Rhino Script Remapper/]: Loading mappings for 1.20.1
[28May2026 14:36:36.865] [modloading-worker-0/INFO] [REI/]: [REI] Registered plugin provider GTREIPlugin [gtceu] for REIClientPlugin
[28May2026 14:36:36.865] [modloading-worker-0/INFO] [REI/]: [REI] Registered plugin provider REICompat [supplementaries] for REIClientPlugin
[28May2026 14:36:36.865] [modloading-worker-0/INFO] [dev.architectury.networking.forge.NetworkManagerImpl/]: Registering S2C receiver with id roughlyenoughitems:ci_msg
[28May2026 14:36:36.865] [modloading-worker-0/INFO] [dev.architectury.networking.forge.NetworkManagerImpl/]: Registering S2C receiver with id roughlyenoughitems:og_not_enough
[28May2026 14:36:36.976] [modloading-worker-0/INFO] [Rhino Script Remapper/]: Done in 0.115 s
[28May2026 14:36:37.082] [modloading-worker-0/INFO] [Railways/]: Registered bogey styles from railways
[28May2026 14:36:37.089] [modloading-worker-0/INFO] [quark-zeta/]: Discovered 164 modules to load.
[28May2026 14:36:37.089] [modloading-worker-0/INFO] [quark-zeta/]: Constructing module Abacus...
[28May2026 14:36:37.097] [modloading-worker-0/INFO] [quark-zeta/]: Constructing module Adjustable Chat...
[28May2026 14:36:37.097] [modloading-worker-0/INFO] [quark-zeta/]: Constructing module Ambient Discs...
[28May2026 14:36:37.098] [modloading-worker-0/INFO] [quark-zeta/]: Constructing module Ancient Tomes...
[28May2026 14:36:37.102] [modloading-worker-0/INFO] [quark-zeta/]: Constructing module Ancient Wood...
[28May2026 14:36:37.111] [modloading-worker-0/INFO] [quark-zeta/]: Constructing module Armed Armor Stands...
[28May2026 14:36:37.111] [modloading-worker-0/INFO] [quark-zeta/]: Constructing module Auto Walk Keybind...
[28May2026 14:36:37.112] [modloading-worker-0/INFO] [quark-zeta/]: Constructing module Automatic Recipe Unlock...
[28May2026 14:36:37.112] [modloading-worker-0/INFO] [quark-zeta/]: Constructing module Automatic Tool Restock...
[28May2026 14:36:37.114] [modloading-worker-0/INFO] [quark-zeta/]: Constructing module Azalea Wood...
[28May2026 14:36:37.114] [modloading-worker-0/INFO] [quark-zeta/]: Constructing module Back Button Keybind...
[28May2026 14:36:37.115] [modloading-worker-0/INFO] [quark-zeta/]: Constructing module Backpack...
[28May2026 14:36:37.120] [modloading-worker-0/INFO] [quark-zeta/]: Constructing module Beacon Redirection...
[28May2026 14:36:37.121] [modloading-worker-0/INFO] [quark-zeta/]: Constructing module Better Elytra Rocket...
[28May2026 14:36:37.122] [modloading-worker-0/INFO] [quark-zeta/]: Constructing module Big Stone Clusters...
[28May2026 14:36:37.129] [modloading-worker-0/INFO] [quark-zeta/]: Constructing module Blossom Trees...
[28May2026 14:36:37.130] [modloading-worker-0/INFO] [quark-zeta/]: Constructing module Bottled Cloud...
[28May2026 14:36:37.132] [modloading-worker-0/INFO] [quark-zeta/]: Constructing module Buckets Show Inhabitants...
[28May2026 14:36:37.133] [modloading-worker-0/INFO] [quark-zeta/]: Constructing module Camera...
[28May2026 14:36:37.134] [modloading-worker-0/INFO] [quark-zeta/]: Constructing module Campfires Boost Elytra...
[28May2026 14:36:37.134] [modloading-worker-0/INFO] [quark-zeta/]: Constructing module Celebratory Lamps...
[28May2026 14:36:37.135] [modloading-worker-0/INFO] [quark-zeta/]: Constructing module Chains Connect Blocks...
[28May2026 14:36:37.135] [modloading-worker-0/INFO] [quark-zeta/]: Constructing module Chest Searching...
[28May2026 14:36:37.136] [modloading-worker-0/INFO] [quark-zeta/]: Constructing module Chorus Vegetation...
[28May2026 14:36:37.138] [modloading-worker-0/INFO] [quark-zeta/]: Constructing module Chute...
[28May2026 14:36:37.139] [modloading-worker-0/INFO] [quark-zeta/]: Constructing module Climate Control Remover...
[28May2026 14:36:37.139] [modloading-worker-0/INFO] [quark-zeta/]: Constructing module Color Runes...
[28May2026 14:36:37.142] [modloading-worker-0/INFO] [quark-zeta/]: Constructing module Compasses Work Everywhere...
[28May2026 14:36:37.142] [modloading-worker-0/INFO] [quark-zeta/]: Constructing module Compressed Blocks...
[28May2026 14:36:37.143] [modloading-worker-0/INFO] [quark-zeta/]: Constructing module Coral On Cactus...
[28May2026 14:36:37.143] [modloading-worker-0/INFO] [quark-zeta/]: Constructing module Corundum...
[28May2026 14:36:37.159] [modloading-worker-0/INFO] [quark-zeta/]: Constructing module Crabs...
[28May2026 14:36:37.163] [modloading-worker-0/INFO] [quark-zeta/]: Constructing module Crafter...
[28May2026 14:36:37.165] [modloading-worker-0/INFO] [quark-zeta/]: Constructing module Crate...
[28May2026 14:36:37.166] [modloading-worker-0/INFO] [quark-zeta/]: Constructing module Diamond Repair...
[28May2026 14:36:37.166] [modloading-worker-0/INFO] [quark-zeta/]: Constructing module Dispensers Place Blocks...
[28May2026 14:36:37.166] [modloading-worker-0/INFO] [quark-zeta/]: Constructing module Double Door Opening...
[28May2026 14:36:37.167] [modloading-worker-0/INFO] [quark-zeta/]: Constructing module Dragon Scales...
[28May2026 14:36:37.167] [modloading-worker-0/INFO] [quark-zeta/]: Constructing module Duskbound Blocks...
[28May2026 14:36:37.167] [modloading-worker-0/INFO] [quark-zeta/]: Constructing module Dyeable Item Frames...
[28May2026 14:36:37.168] [modloading-worker-0/INFO] [quark-zeta/]: Constructing module Easy Transfering...
[28May2026 14:36:37.168] [modloading-worker-0/INFO] [quark-zeta/]: Constructing module Elytra Indicator...
[28May2026 14:36:37.169] [modloading-worker-0/INFO] [quark-zeta/]: Constructing module Emotes...
[28May2026 14:36:37.171] [modloading-worker-0/INFO] [quark-zeta/]: Constructing module Enchantment Predicates...
[28May2026 14:36:37.171] [modloading-worker-0/INFO] [quark-zeta/]: Constructing module Enchantments Begone...
[28May2026 14:36:37.172] [modloading-worker-0/INFO] [quark-zeta/]: Constructing module Ender Watcher...
[28May2026 14:36:37.174] [modloading-worker-0/INFO] [quark-zeta/]: Constructing module Endermosh Music Disc...
[28May2026 14:36:37.176] [modloading-worker-0/INFO] [quark-zeta/]: Constructing module Enhanced Ladders...
[28May2026 14:36:37.178] [modloading-worker-0/INFO] [quark-zeta/]: Constructing module Expanded Item Interactions...
[28May2026 14:36:37.180] [modloading-worker-0/INFO] [quark-zeta/]: Constructing module Fairy Rings...
[28May2026 14:36:37.181] [modloading-worker-0/INFO] [quark-zeta/]: Constructing module Fallen Logs...
[28May2026 14:36:37.182] [modloading-worker-0/INFO] [quark-zeta/]: Constructing module Feeding Trough...
[28May2026 14:36:37.201] [modloading-worker-0/INFO] [quark-zeta/]: Constructing module Forgotten...
[28May2026 14:36:37.208] [modloading-worker-0/INFO] [quark-zeta/]: Constructing module Foxhound...
[28May2026 14:36:37.209] [modloading-worker-0/INFO] [quark-zeta/]: Constructing module Framed Glass...
[28May2026 14:36:37.209] [modloading-worker-0/INFO] [quark-zeta/]: Constructing module Game Nerfs...
[28May2026 14:36:37.210] [modloading-worker-0/INFO] [quark-zeta/]: Constructing module Glass Item Frame...
[28May2026 14:36:37.212] [modloading-worker-0/INFO] [quark-zeta/]: Constructing module Glass Shard...
[28May2026 14:36:37.213] [modloading-worker-0/INFO] [quark-zeta/]: Constructing module Glimmering Weald...
[28May2026 14:36:37.241] [modloading-worker-0/INFO] [quark-zeta/]: Constructing module Gold Bars...
[28May2026 14:36:37.241] [modloading-worker-0/INFO] [quark-zeta/]: Constructing module Gold Tools Have Fortune...
[28May2026 14:36:37.242] [modloading-worker-0/INFO] [quark-zeta/]: Constructing module Grab Chickens...
[28May2026 14:36:37.242] [modloading-worker-0/INFO] [quark-zeta/]: Constructing module Grate...
[28May2026 14:36:37.245] [modloading-worker-0/INFO] [quark-zeta/]: Constructing module Gravisand...
[28May2026 14:36:37.247] [modloading-worker-0/INFO] [quark-zeta/]: Constructing module Greener Grass...
[28May2026 14:36:37.249] [modloading-worker-0/INFO] [quark-zeta/]: Constructing module Hedges...
[28May2026 14:36:37.256] [modloading-worker-0/INFO] [quark-zeta/]: Constructing module Hoe Harvesting...
[28May2026 14:36:37.257] [modloading-worker-0/INFO] [quark-zeta/]: Constructing module Hollow Logs...
[28May2026 14:36:37.257] [modloading-worker-0/INFO] [quark-zeta/]: Constructing module Horses Swim...
[28May2026 14:36:37.258] [modloading-worker-0/INFO] [quark-zeta/]: Constructing module Hotbar Changer...
[28May2026 14:36:37.258] [modloading-worker-0/INFO] [quark-zeta/]: Constructing module Improved Sponges...
[28May2026 14:36:37.258] [modloading-worker-0/INFO] [quark-zeta/]: Constructing module Improved Tooltips...
[28May2026 14:36:37.259] [modloading-worker-0/INFO] [quark-zeta/]: Constructing module Industrial Palette...
[28May2026 14:36:37.259] [modloading-worker-0/INFO] [quark-zeta/]: Constructing module Inventory Sorting...
[28May2026 14:36:37.260] [modloading-worker-0/INFO] [quark-zeta/]: Constructing module Iron Rod...
[28May2026 14:36:37.268] [modloading-worker-0/INFO] [quark-zeta/]: Constructing module Item Sharing...
[28May2026 14:36:37.269] [modloading-worker-0/INFO] [quark-zeta/]: Constructing module Japanese Palette...
[28May2026 14:36:37.269] [modloading-worker-0/INFO] [quark-zeta/]: Constructing module Leaf Carpet...
[28May2026 14:36:37.270] [modloading-worker-0/INFO] [quark-zeta/]: Constructing module Lock Rotation...
[28May2026 14:36:37.271] [modloading-worker-0/INFO] [quark-zeta/]: Constructing module Long Range Pick Block...
[28May2026 14:36:37.272] [modloading-worker-0/INFO] [quark-zeta/]: Constructing module Magma Keeps Concrete Powder...
[28May2026 14:36:37.272] [modloading-worker-0/INFO] [quark-zeta/]: Constructing module Magnets...
[28May2026 14:36:37.275] [modloading-worker-0/INFO] [quark-zeta/]: Constructing module Map Washing...
[28May2026 14:36:37.275] [modloading-worker-0/INFO] [quark-zeta/]: Constructing module Matrix Enchanting...
[28May2026 14:36:37.281] [modloading-worker-0/INFO] [quark-zeta/]: Constructing module Metal Buttons...
[28May2026 14:36:37.282] [modloading-worker-0/INFO] [quark-zeta/]: Constructing module Microcrafting Helper...
[28May2026 14:36:37.283] [modloading-worker-0/INFO] [quark-zeta/]: Constructing module Midori...
[28May2026 14:36:37.284] [modloading-worker-0/INFO] [quark-zeta/]: Constructing module Monster Box...
[28May2026 14:36:37.284] [modloading-worker-0/INFO] [quark-zeta/]: Constructing module More Banner Layers...
[28May2026 14:36:37.284] [modloading-worker-0/INFO] [quark-zeta/]: Constructing module More Brick Types...
[28May2026 14:36:37.284] [modloading-worker-0/INFO] [quark-zeta/]: Constructing module More Mud Blocks...
[28May2026 14:36:37.284] [modloading-worker-0/INFO] [quark-zeta/]: Constructing module More Note Block Sounds...
[28May2026 14:36:37.285] [modloading-worker-0/INFO] [quark-zeta/]: Constructing module More Potted Plants...
[28May2026 14:36:37.285] [modloading-worker-0/INFO] [quark-zeta/]: Constructing module More Villagers...
[28May2026 14:36:37.285] [modloading-worker-0/INFO] [quark-zeta/]: Constructing module Narrator Readout...
[28May2026 14:36:37.285] [modloading-worker-0/INFO] [quark-zeta/]: Constructing module Nether Brick Fence Gate...
[28May2026 14:36:37.285] [modloading-worker-0/INFO] [quark-zeta/]: Constructing module Nether Obsidian Spikes...
[28May2026 14:36:37.286] [modloading-worker-0/INFO] [quark-zeta/]: Constructing module New Stone Types...
[28May2026 14:36:37.293] [modloading-worker-0/INFO] [quark-zeta/]: Constructing module No Durability On Cosmetics...
[28May2026 14:36:37.293] [modloading-worker-0/INFO] [quark-zeta/]: Constructing module No More Lava Pockets...
[28May2026 14:36:37.293] [modloading-worker-0/INFO] [quark-zeta/]: Constructing module Obsidian Plate...
[28May2026 14:36:37.293] [modloading-worker-0/INFO] [quark-zeta/]: Constructing module Overlay Shader...
[28May2026 14:36:37.294] [modloading-worker-0/INFO] [quark-zeta/]: Constructing module Parrot Eggs...
[28May2026 14:36:37.294] [modloading-worker-0/INFO] [quark-zeta/]: Constructing module Pat The Dogs...
[28May2026 14:36:37.298] [modloading-worker-0/INFO] [quark-zeta/]: Constructing module Pathfinder Maps...
[28May2026 14:36:37.300] [modloading-worker-0/INFO] [quark-zeta/]: Constructing module Permafrost...
[28May2026 14:36:37.301] [modloading-worker-0/INFO] [quark-zeta/]: Constructing module Petals On Water...
[28May2026 14:36:37.302] [modloading-worker-0/INFO] [quark-zeta/]: Constructing module Pickarang...
[28May2026 14:36:37.304] [modloading-worker-0/INFO] [quark-zeta/]: Constructing module Pig Litters...
[28May2026 14:36:37.305] [modloading-worker-0/INFO] [quark-zeta/]: Constructing module Pipes...
[28May2026 14:36:37.309] [modloading-worker-0/INFO] [quark-zeta/]: Constructing module Pistons Move Tile Entities...
[28May2026 14:36:37.309] [modloading-worker-0/INFO] [quark-zeta/]: Constructing module Poison Potato Usage...
[28May2026 14:36:37.310] [modloading-worker-0/INFO] [quark-zeta/]: Constructing module Quick Armor Swapping...
[28May2026 14:36:37.310] [modloading-worker-0/INFO] [quark-zeta/]: Constructing module Rainbow Lamps...
[28May2026 14:36:37.310] [modloading-worker-0/INFO] [quark-zeta/]: Constructing module Raw Metal Bricks...
[28May2026 14:36:37.310] [modloading-worker-0/INFO] [quark-zeta/]: Constructing module Reacharound Placing...
[28May2026 14:36:37.312] [modloading-worker-0/INFO] [quark-zeta/]: Constructing module Redstone Randomizer...
[28May2026 14:36:37.314] [modloading-worker-0/INFO] [quark-zeta/]: Constructing module Renewable Spore Blossoms...
[28May2026 14:36:37.314] [modloading-worker-0/INFO] [mixin/]: Mixing client.MixinServerData from mixins/common/nochatreports.mixins.json into net.minecraft.client.multiplayer.ServerData
[28May2026 14:36:37.315] [modloading-worker-0/INFO] [quark-zeta/]: Constructing module Replace Scaffolding...
[28May2026 14:36:37.315] [modloading-worker-0/INFO] [quark-zeta/]: Constructing module Rope...
[28May2026 14:36:37.317] [modloading-worker-0/INFO] [quark-zeta/]: Constructing module Safer Creatures...
[28May2026 14:36:37.318] [modloading-worker-0/INFO] [quark-zeta/]: Constructing module Seed Pouch...
[28May2026 14:36:37.320] [modloading-worker-0/INFO] [quark-zeta/]: Constructing module Shear Vines...
[28May2026 14:36:37.329] [modloading-worker-0/INFO] [quark-zeta/]: Constructing module Shiba...
[28May2026 14:36:37.329] [modloading-worker-0/INFO] [quark-zeta/]: Constructing module Shingles...
[28May2026 14:36:37.329] [modloading-worker-0/INFO] [quark-zeta/]: Constructing module Shulker Packing...
[28May2026 14:36:37.330] [modloading-worker-0/INFO] [quark-zeta/]: Constructing module Simple Harvest...
[28May2026 14:36:37.331] [modloading-worker-0/INFO] [quark-zeta/]: Constructing module Skull Pikes...
[28May2026 14:36:37.335] [modloading-worker-0/INFO] [quark-zeta/]: Constructing module Slabs To Blocks...
[28May2026 14:36:37.335] [modloading-worker-0/INFO] [quark-zeta/]: Constructing module Slime In A Bucket...
[28May2026 14:36:37.336] [modloading-worker-0/INFO] [Railways/]: Registering data fixers
[28May2026 14:36:37.337] [modloading-worker-0/INFO] [quark-zeta/]: Constructing module Slimes To Magma Cubes...
[28May2026 14:36:37.337] [modloading-worker-0/INFO] [quark-zeta/]: Constructing module Snow Golem Player Heads...
[28May2026 14:36:37.337] [modloading-worker-0/INFO] [quark-zeta/]: Constructing module Soul Candles...
[28May2026 14:36:37.337] [modloading-worker-0/INFO] [quark-zeta/]: Constructing module Soul Sandstone...
[28May2026 14:36:37.337] [modloading-worker-0/INFO] [quark-zeta/]: Constructing module Spawner Replacer...
[28May2026 14:36:37.337] [modloading-worker-0/INFO] [quark-zeta/]: Constructing module Spiral Spires...
[28May2026 14:36:37.339] [modloading-worker-0/INFO] [quark-zeta/]: Constructing module Stonelings...
[28May2026 14:36:37.340] [modloading-worker-0/INFO] [quark-zeta/]: Constructing module Stools...
[28May2026 14:36:37.340] [modloading-worker-0/INFO] [quark-zeta/]: Constructing module Sturdy Stone...
[28May2026 14:36:37.341] [modloading-worker-0/INFO] [quark-zeta/]: Constructing module Thatch...
[28May2026 14:36:37.341] [modloading-worker-0/INFO] [quark-zeta/]: Constructing module Tiny Potato...
[28May2026 14:36:37.342] [modloading-worker-0/INFO] [quark-zeta/]: Constructing module Torch Arrow...
[28May2026 14:36:37.343] [modloading-worker-0/INFO] [quark-zeta/]: Constructing module Toretoise...
[28May2026 14:36:37.343] [Railways Datafixer Bootstrap/INFO] [com.mojang.datafixers.DataFixerBuilder/]: 5 Datafixer optimizations took 1 milliseconds
[28May2026 14:36:37.344] [modloading-worker-0/INFO] [quark-zeta/]: Constructing module Totem Of Holding...
[28May2026 14:36:37.344] [modloading-worker-0/INFO] [Railways/MultiRegistryCallback/]: Registering callback for create:track_signal in minecraft:block_entity_type
[28May2026 14:36:37.345] [modloading-worker-0/INFO] [Railways/MultiRegistryCallback/]: Registering callback for railways:track_signal_source in create:display_source
[28May2026 14:36:37.345] [modloading-worker-0/INFO] [Railways/MultiRegistryCallback/]: Registering callback for create:copycat in minecraft:block_entity_type
[28May2026 14:36:37.345] [modloading-worker-0/INFO] [Railways/MultiRegistryCallback/]: Registering callback for railways:conductor_vent in minecraft:block
[28May2026 14:36:37.345] [modloading-worker-0/INFO] [Railways/MultiRegistryCallback/]: Registering callback for create:flywheel in minecraft:block_entity_type
[28May2026 14:36:37.345] [modloading-worker-0/INFO] [Railways/MultiRegistryCallback/]: Registering callback for railways:locometal_flywheel in minecraft:block
[28May2026 14:36:37.345] [modloading-worker-0/INFO] [Railways/MultiRegistryCallback/]: Registering callback for create:sliding_door in minecraft:block_entity_type
[28May2026 14:36:37.345] [modloading-worker-0/INFO] [Railways/MultiRegistryCallback/]: Registering callback for railways:sliding_locometal_door in minecraft:block
[28May2026 14:36:37.345] [modloading-worker-0/INFO] [Railways/MultiRegistryCallback/]: Registering callback for create:sliding_door in minecraft:block_entity_type
[28May2026 14:36:37.345] [modloading-worker-0/INFO] [Railways/MultiRegistryCallback/]: Registering callback for railways:folding_locometal_door in minecraft:block
[28May2026 14:36:37.345] [modloading-worker-0/INFO] [Railways/MultiRegistryCallback/]: Registering callback for create:flywheel in minecraft:block_entity_type
[28May2026 14:36:37.345] [modloading-worker-0/INFO] [Railways/MultiRegistryCallback/]: Registering callback for railways:brown_locometal_flywheel in minecraft:block
[28May2026 14:36:37.345] [modloading-worker-0/INFO] [Railways/MultiRegistryCallback/]: Registering callback for create:sliding_door in minecraft:block_entity_type
[28May2026 14:36:37.345] [modloading-worker-0/INFO] [Railways/MultiRegistryCallback/]: Registering callback for railways:brown_sliding_locometal_door in minecraft:block
[28May2026 14:36:37.345] [modloading-worker-0/INFO] [Railways/MultiRegistryCallback/]: Registering callback for create:sliding_door in minecraft:block_entity_type
[28May2026 14:36:37.345] [modloading-worker-0/INFO] [Railways/MultiRegistryCallback/]: Registering callback for railways:brown_folding_locometal_door in minecraft:block
[28May2026 14:36:37.345] [modloading-worker-0/INFO] [Railways/MultiRegistryCallback/]: Registering callback for create:flywheel in minecraft:block_entity_type
[28May2026 14:36:37.345] [modloading-worker-0/INFO] [Railways/MultiRegistryCallback/]: Registering callback for railways:maroon_locometal_flywheel in minecraft:block
[28May2026 14:36:37.345] [modloading-worker-0/INFO] [Railways/MultiRegistryCallback/]: Registering callback for create:sliding_door in minecraft:block_entity_type
[28May2026 14:36:37.345] [modloading-worker-0/INFO] [Railways/MultiRegistryCallback/]: Registering callback for railways:maroon_sliding_locometal_door in minecraft:block
[28May2026 14:36:37.345] [modloading-worker-0/INFO] [Railways/MultiRegistryCallback/]: Registering callback for create:sliding_door in minecraft:block_entity_type
[28May2026 14:36:37.345] [modloading-worker-0/INFO] [Railways/MultiRegistryCallback/]: Registering callback for railways:maroon_folding_locometal_door in minecraft:block
[28May2026 14:36:37.345] [modloading-worker-0/INFO] [Railways/MultiRegistryCallback/]: Registering callback for create:flywheel in minecraft:block_entity_type
[28May2026 14:36:37.345] [modloading-worker-0/INFO] [Railways/MultiRegistryCallback/]: Registering callback for railways:red_locometal_flywheel in minecraft:block
[28May2026 14:36:37.345] [modloading-worker-0/INFO] [Railways/MultiRegistryCallback/]: Registering callback for create:sliding_door in minecraft:block_entity_type
[28May2026 14:36:37.345] [modloading-worker-0/INFO] [Railways/MultiRegistryCallback/]: Registering callback for railways:red_sliding_locometal_door in minecraft:block
[28May2026 14:36:37.345] [modloading-worker-0/INFO] [Railways/MultiRegistryCallback/]: Registering callback for create:sliding_door in minecraft:block_entity_type
[28May2026 14:36:37.345] [modloading-worker-0/INFO] [Railways/MultiRegistryCallback/]: Registering callback for railways:red_folding_locometal_door in minecraft:block
[28May2026 14:36:37.345] [modloading-worker-0/INFO] [Railways/MultiRegistryCallback/]: Registering callback for create:flywheel in minecraft:block_entity_type
[28May2026 14:36:37.345] [modloading-worker-0/INFO] [Railways/MultiRegistryCallback/]: Registering callback for railways:vermilion_locometal_flywheel in minecraft:block
[28May2026 14:36:37.345] [modloading-worker-0/INFO] [Railways/MultiRegistryCallback/]: Registering callback for create:sliding_door in minecraft:block_entity_type
[28May2026 14:36:37.345] [modloading-worker-0/INFO] [Railways/MultiRegistryCallback/]: Registering callback for railways:vermilion_sliding_locometal_door in minecraft:block
[28May2026 14:36:37.345] [modloading-worker-0/INFO] [Railways/MultiRegistryCallback/]: Registering callback for create:sliding_door in minecraft:block_entity_type
[28May2026 14:36:37.345] [modloading-worker-0/INFO] [Railways/MultiRegistryCallback/]: Registering callback for railways:vermilion_folding_locometal_door in minecraft:block
[28May2026 14:36:37.345] [modloading-worker-0/INFO] [Railways/MultiRegistryCallback/]: Registering callback for create:flywheel in minecraft:block_entity_type
[28May2026 14:36:37.345] [modloading-worker-0/INFO] [Railways/MultiRegistryCallback/]: Registering callback for railways:orange_locometal_flywheel in minecraft:block
[28May2026 14:36:37.345] [modloading-worker-0/INFO] [Railways/MultiRegistryCallback/]: Registering callback for create:sliding_door in minecraft:block_entity_type
[28May2026 14:36:37.345] [modloading-worker-0/INFO] [Railways/MultiRegistryCallback/]: Registering callback for railways:orange_sliding_locometal_door in minecraft:block
[28May2026 14:36:37.345] [modloading-worker-0/INFO] [Railways/MultiRegistryCallback/]: Registering callback for create:sliding_door in minecraft:block_entity_type
[28May2026 14:36:37.345] [modloading-worker-0/INFO] [Railways/MultiRegistryCallback/]: Registering callback for railways:orange_folding_locometal_door in minecraft:block
[28May2026 14:36:37.345] [modloading-worker-0/INFO] [Railways/MultiRegistryCallback/]: Registering callback for create:flywheel in minecraft:block_entity_type
[28May2026 14:36:37.345] [modloading-worker-0/INFO] [Railways/MultiRegistryCallback/]: Registering callback for railways:granite_locometal_flywheel in minecraft:block
[28May2026 14:36:37.345] [modloading-worker-0/INFO] [Railways/MultiRegistryCallback/]: Registering callback for create:sliding_door in minecraft:block_entity_type
[28May2026 14:36:37.345] [modloading-worker-0/INFO] [Railways/MultiRegistryCallback/]: Registering callback for railways:granite_sliding_locometal_door in minecraft:block
[28May2026 14:36:37.345] [modloading-worker-0/INFO] [Railways/MultiRegistryCallback/]: Registering callback for create:sliding_door in minecraft:block_entity_type
[28May2026 14:36:37.345] [modloading-worker-0/INFO] [Railways/MultiRegistryCallback/]: Registering callback for railways:granite_folding_locometal_door in minecraft:block
[28May2026 14:36:37.345] [modloading-worker-0/INFO] [Railways/MultiRegistryCallback/]: Registering callback for create:flywheel in minecraft:block_entity_type
[28May2026 14:36:37.345] [modloading-worker-0/INFO] [Railways/MultiRegistryCallback/]: Registering callback for railways:dripstone_locometal_flywheel in minecraft:block
[28May2026 14:36:37.345] [modloading-worker-0/INFO] [Railways/MultiRegistryCallback/]: Registering callback for create:sliding_door in minecraft:block_entity_type
[28May2026 14:36:37.345] [modloading-worker-0/INFO] [Railways/MultiRegistryCallback/]: Registering callback for railways:dripstone_sliding_locometal_door in minecraft:block
[28May2026 14:36:37.345] [modloading-worker-0/INFO] [Railways/MultiRegistryCallback/]: Registering callback for create:sliding_door in minecraft:block_entity_type
[28May2026 14:36:37.345] [modloading-worker-0/INFO] [Railways/MultiRegistryCallback/]: Registering callback for railways:dripstone_folding_locometal_door in minecraft:block
[28May2026 14:36:37.345] [modloading-worker-0/INFO] [Railways/MultiRegistryCallback/]: Registering callback for create:flywheel in minecraft:block_entity_type
[28May2026 14:36:37.345] [modloading-worker-0/INFO] [Railways/MultiRegistryCallback/]: Registering callback for railways:ochrum_locometal_flywheel in minecraft:block
[28May2026 14:36:37.346] [modloading-worker-0/INFO] [Railways/MultiRegistryCallback/]: Registering callback for create:sliding_door in minecraft:block_entity_type
[28May2026 14:36:37.346] [modloading-worker-0/INFO] [Railways/MultiRegistryCallback/]: Registering callback for railways:ochrum_sliding_locometal_door in minecraft:block
[28May2026 14:36:37.346] [modloading-worker-0/INFO] [Railways/MultiRegistryCallback/]: Registering callback for create:sliding_door in minecraft:block_entity_type
[28May2026 14:36:37.346] [modloading-worker-0/INFO] [Railways/MultiRegistryCallback/]: Registering callback for railways:ochrum_folding_locometal_door in minecraft:block
[28May2026 14:36:37.346] [modloading-worker-0/INFO] [Railways/MultiRegistryCallback/]: Registering callback for create:flywheel in minecraft:block_entity_type
[28May2026 14:36:37.346] [modloading-worker-0/INFO] [Railways/MultiRegistryCallback/]: Registering callback for railways:yellow_locometal_flywheel in minecraft:block
[28May2026 14:36:37.346] [modloading-worker-0/INFO] [Railways/MultiRegistryCallback/]: Registering callback for create:sliding_door in minecraft:block_entity_type
[28May2026 14:36:37.346] [modloading-worker-0/INFO] [Railways/MultiRegistryCallback/]: Registering callback for railways:yellow_sliding_locometal_door in minecraft:block
[28May2026 14:36:37.346] [modloading-worker-0/INFO] [Railways/MultiRegistryCallback/]: Registering callback for create:sliding_door in minecraft:block_entity_type
[28May2026 14:36:37.346] [modloading-worker-0/INFO] [Railways/MultiRegistryCallback/]: Registering callback for railways:yellow_folding_locometal_door in minecraft:block
[28May2026 14:36:37.346] [modloading-worker-0/INFO] [Railways/MultiRegistryCallback/]: Registering callback for create:flywheel in minecraft:block_entity_type
[28May2026 14:36:37.346] [modloading-worker-0/INFO] [Railways/MultiRegistryCallback/]: Registering callback for railways:chartreuse_locometal_flywheel in minecraft:block
[28May2026 14:36:37.346] [modloading-worker-0/INFO] [Railways/MultiRegistryCallback/]: Registering callback for create:sliding_door in minecraft:block_entity_type
[28May2026 14:36:37.346] [modloading-worker-0/INFO] [Railways/MultiRegistryCallback/]: Registering callback for railways:chartreuse_sliding_locometal_door in minecraft:block
[28May2026 14:36:37.346] [modloading-worker-0/INFO] [Railways/MultiRegistryCallback/]: Registering callback for create:sliding_door in minecraft:block_entity_type
[28May2026 14:36:37.346] [modloading-worker-0/INFO] [Railways/MultiRegistryCallback/]: Registering callback for railways:chartreuse_folding_locometal_door in minecraft:block
[28May2026 14:36:37.346] [modloading-worker-0/INFO] [Railways/MultiRegistryCallback/]: Registering callback for create:flywheel in minecraft:block_entity_type
[28May2026 14:36:37.346] [modloading-worker-0/INFO] [Railways/MultiRegistryCallback/]: Registering callback for railways:olive_green_locometal_flywheel in minecraft:block
[28May2026 14:36:37.346] [modloading-worker-0/INFO] [Railways/MultiRegistryCallback/]: Registering callback for create:sliding_door in minecraft:block_entity_type
[28May2026 14:36:37.346] [modloading-worker-0/INFO] [Railways/MultiRegistryCallback/]: Registering callback for railways:olive_green_sliding_locometal_door in minecraft:block
[28May2026 14:36:37.346] [modloading-worker-0/INFO] [Railways/MultiRegistryCallback/]: Registering callback for create:sliding_door in minecraft:block_entity_type
[28May2026 14:36:37.346] [modloading-worker-0/INFO] [Railways/MultiRegistryCallback/]: Registering callback for railways:olive_green_folding_locometal_door in minecraft:block
[28May2026 14:36:37.346] [modloading-worker-0/INFO] [Railways/MultiRegistryCallback/]: Registering callback for create:flywheel in minecraft:block_entity_type
[28May2026 14:36:37.346] [modloading-worker-0/INFO] [Railways/MultiRegistryCallback/]: Registering callback for railways:lime_locometal_flywheel in minecraft:block
[28May2026 14:36:37.346] [modloading-worker-0/INFO] [Railways/MultiRegistryCallback/]: Registering callback for create:sliding_door in minecraft:block_entity_type
[28May2026 14:36:37.346] [modloading-worker-0/INFO] [Railways/MultiRegistryCallback/]: Registering callback for railways:lime_sliding_locometal_door in minecraft:block
[28May2026 14:36:37.346] [modloading-worker-0/INFO] [Railways/MultiRegistryCallback/]: Registering callback for create:sliding_door in minecraft:block_entity_type
[28May2026 14:36:37.346] [modloading-worker-0/INFO] [Railways/MultiRegistryCallback/]: Registering callback for railways:lime_folding_locometal_door in minecraft:block
[28May2026 14:36:37.346] [modloading-worker-0/INFO] [Railways/MultiRegistryCallback/]: Registering callback for create:flywheel in minecraft:block_entity_type
[28May2026 14:36:37.346] [modloading-worker-0/INFO] [Railways/MultiRegistryCallback/]: Registering callback for railways:green_locometal_flywheel in minecraft:block
[28May2026 14:36:37.346] [modloading-worker-0/INFO] [Railways/MultiRegistryCallback/]: Registering callback for create:sliding_door in minecraft:block_entity_type
[28May2026 14:36:37.346] [modloading-worker-0/INFO] [Railways/MultiRegistryCallback/]: Registering callback for railways:green_sliding_locometal_door in minecraft:block
[28May2026 14:36:37.346] [modloading-worker-0/INFO] [Railways/MultiRegistryCallback/]: Registering callback for create:sliding_door in minecraft:block_entity_type
[28May2026 14:36:37.346] [modloading-worker-0/INFO] [Railways/MultiRegistryCallback/]: Registering callback for railways:green_folding_locometal_door in minecraft:block
[28May2026 14:36:37.346] [modloading-worker-0/INFO] [Railways/MultiRegistryCallback/]: Registering callback for create:flywheel in minecraft:block_entity_type
[28May2026 14:36:37.346] [modloading-worker-0/INFO] [Railways/MultiRegistryCallback/]: Registering callback for railways:pine_green_locometal_flywheel in minecraft:block
[28May2026 14:36:37.346] [modloading-worker-0/INFO] [Railways/MultiRegistryCallback/]: Registering callback for create:sliding_door in minecraft:block_entity_type
[28May2026 14:36:37.346] [modloading-worker-0/INFO] [Railways/MultiRegistryCallback/]: Registering callback for railways:pine_green_sliding_locometal_door in minecraft:block
[28May2026 14:36:37.346] [modloading-worker-0/INFO] [Railways/MultiRegistryCallback/]: Registering callback for create:sliding_door in minecraft:block_entity_type
[28May2026 14:36:37.346] [modloading-worker-0/INFO] [Railways/MultiRegistryCallback/]: Registering callback for railways:pine_green_folding_locometal_door in minecraft:block
[28May2026 14:36:37.346] [modloading-worker-0/INFO] [Railways/MultiRegistryCallback/]: Registering callback for create:flywheel in minecraft:block_entity_type
[28May2026 14:36:37.346] [modloading-worker-0/INFO] [Railways/MultiRegistryCallback/]: Registering callback for railways:cyan_locometal_flywheel in minecraft:block
[28May2026 14:36:37.346] [modloading-worker-0/INFO] [Railways/MultiRegistryCallback/]: Registering callback for create:sliding_door in minecraft:block_entity_type
[28May2026 14:36:37.346] [modloading-worker-0/INFO] [Railways/MultiRegistryCallback/]: Registering callback for railways:cyan_sliding_locometal_door in minecraft:block
[28May2026 14:36:37.346] [modloading-worker-0/INFO] [Railways/MultiRegistryCallback/]: Registering callback for create:sliding_door in minecraft:block_entity_type
[28May2026 14:36:37.346] [modloading-worker-0/INFO] [Railways/MultiRegistryCallback/]: Registering callback for railways:cyan_folding_locometal_door in minecraft:block
[28May2026 14:36:37.346] [modloading-worker-0/INFO] [Railways/MultiRegistryCallback/]: Registering callback for create:flywheel in minecraft:block_entity_type
[28May2026 14:36:37.346] [modloading-worker-0/INFO] [Railways/MultiRegistryCallback/]: Registering callback for railways:sea_green_locometal_flywheel in minecraft:block
[28May2026 14:36:37.346] [modloading-worker-0/INFO] [Railways/MultiRegistryCallback/]: Registering callback for create:sliding_door in minecraft:block_entity_type
[28May2026 14:36:37.346] [modloading-worker-0/INFO] [Railways/MultiRegistryCallback/]: Registering callback for railways:sea_green_sliding_locometal_door in minecraft:block
[28May2026 14:36:37.346] [modloading-worker-0/INFO] [Railways/MultiRegistryCallback/]: Registering callback for create:sliding_door in minecraft:block_entity_type
[28May2026 14:36:37.346] [modloading-worker-0/INFO] [Railways/MultiRegistryCallback/]: Registering callback for railways:sea_green_folding_locometal_door in minecraft:block
[28May2026 14:36:37.346] [modloading-worker-0/INFO] [Railways/MultiRegistryCallback/]: Registering callback for create:flywheel in minecraft:block_entity_type
[28May2026 14:36:37.346] [modloading-worker-0/INFO] [Railways/MultiRegistryCallback/]: Registering callback for railways:turquoise_locometal_flywheel in minecraft:block
[28May2026 14:36:37.346] [modloading-worker-0/INFO] [Railways/MultiRegistryCallback/]: Registering callback for create:sliding_door in minecraft:block_entity_type
[28May2026 14:36:37.346] [modloading-worker-0/INFO] [Railways/MultiRegistryCallback/]: Registering callback for railways:turquoise_sliding_locometal_door in minecraft:block
[28May2026 14:36:37.346] [modloading-worker-0/INFO] [Railways/MultiRegistryCallback/]: Registering callback for create:sliding_door in minecraft:block_entity_type
[28May2026 14:36:37.346] [modloading-worker-0/INFO] [Railways/MultiRegistryCallback/]: Registering callback for railways:turquoise_folding_locometal_door in minecraft:block
[28May2026 14:36:37.346] [modloading-worker-0/INFO] [Railways/MultiRegistryCallback/]: Registering callback for create:flywheel in minecraft:block_entity_type
[28May2026 14:36:37.346] [modloading-worker-0/INFO] [Railways/MultiRegistryCallback/]: Registering callback for railways:light_blue_locometal_flywheel in minecraft:block
[28May2026 14:36:37.346] [modloading-worker-0/INFO] [Railways/MultiRegistryCallback/]: Registering callback for create:sliding_door in minecraft:block_entity_type
[28May2026 14:36:37.346] [modloading-worker-0/INFO] [Railways/MultiRegistryCallback/]: Registering callback for railways:light_blue_sliding_locometal_door in minecraft:block
[28May2026 14:36:37.346] [modloading-worker-0/INFO] [Railways/MultiRegistryCallback/]: Registering callback for create:sliding_door in minecraft:block_entity_type
[28May2026 14:36:37.346] [modloading-worker-0/INFO] [Railways/MultiRegistryCallback/]: Registering callback for railways:light_blue_folding_locometal_door in minecraft:block
[28May2026 14:36:37.346] [modloading-worker-0/INFO] [Railways/MultiRegistryCallback/]: Registering callback for create:flywheel in minecraft:block_entity_type
[28May2026 14:36:37.346] [modloading-worker-0/INFO] [Railways/MultiRegistryCallback/]: Registering callback for railways:blue_locometal_flywheel in minecraft:block
[28May2026 14:36:37.346] [modloading-worker-0/INFO] [Railways/MultiRegistryCallback/]: Registering callback for create:sliding_door in minecraft:block_entity_type
[28May2026 14:36:37.346] [modloading-worker-0/INFO] [Railways/MultiRegistryCallback/]: Registering callback for railways:blue_sliding_locometal_door in minecraft:block
[28May2026 14:36:37.346] [modloading-worker-0/INFO] [Railways/MultiRegistryCallback/]: Registering callback for create:sliding_door in minecraft:block_entity_type
[28May2026 14:36:37.346] [modloading-worker-0/INFO] [Railways/MultiRegistryCallback/]: Registering callback for railways:blue_folding_locometal_door in minecraft:block
[28May2026 14:36:37.346] [modloading-worker-0/INFO] [Railways/MultiRegistryCallback/]: Registering callback for create:flywheel in minecraft:block_entity_type
[28May2026 14:36:37.346] [modloading-worker-0/INFO] [Railways/MultiRegistryCallback/]: Registering callback for railways:royal_blue_locometal_flywheel in minecraft:block
[28May2026 14:36:37.346] [modloading-worker-0/INFO] [Railways/MultiRegistryCallback/]: Registering callback for create:sliding_door in minecraft:block_entity_type
[28May2026 14:36:37.346] [modloading-worker-0/INFO] [Railways/MultiRegistryCallback/]: Registering callback for railways:royal_blue_sliding_locometal_door in minecraft:block
[28May2026 14:36:37.346] [modloading-worker-0/INFO] [Railways/MultiRegistryCallback/]: Registering callback for create:sliding_door in minecraft:block_entity_type
[28May2026 14:36:37.346] [modloading-worker-0/INFO] [Railways/MultiRegistryCallback/]: Registering callback for railways:royal_blue_folding_locometal_door in minecraft:block
[28May2026 14:36:37.346] [modloading-worker-0/INFO] [Railways/MultiRegistryCallback/]: Registering callback for create:flywheel in minecraft:block_entity_type
[28May2026 14:36:37.347] [modloading-worker-0/INFO] [Railways/MultiRegistryCallback/]: Registering callback for railways:purple_locometal_flywheel in minecraft:block
[28May2026 14:36:37.347] [modloading-worker-0/INFO] [Railways/MultiRegistryCallback/]: Registering callback for create:sliding_door in minecraft:block_entity_type
[28May2026 14:36:37.347] [modloading-worker-0/INFO] [Railways/MultiRegistryCallback/]: Registering callback for railways:purple_sliding_locometal_door in minecraft:block
[28May2026 14:36:37.347] [modloading-worker-0/INFO] [Railways/MultiRegistryCallback/]: Registering callback for create:sliding_door in minecraft:block_entity_type
[28May2026 14:36:37.347] [modloading-worker-0/INFO] [Railways/MultiRegistryCallback/]: Registering callback for railways:purple_folding_locometal_door in minecraft:block
[28May2026 14:36:37.347] [modloading-worker-0/INFO] [Railways/MultiRegistryCallback/]: Registering callback for create:flywheel in minecraft:block_entity_type
[28May2026 14:36:37.347] [modloading-worker-0/INFO] [Railways/MultiRegistryCallback/]: Registering callback for railways:magenta_locometal_flywheel in minecraft:block
[28May2026 14:36:37.347] [modloading-worker-0/INFO] [Railways/MultiRegistryCallback/]: Registering callback for create:sliding_door in minecraft:block_entity_type
[28May2026 14:36:37.347] [modloading-worker-0/INFO] [Railways/MultiRegistryCallback/]: Registering callback for railways:magenta_sliding_locometal_door in minecraft:block
[28May2026 14:36:37.347] [modloading-worker-0/INFO] [Railways/MultiRegistryCallback/]: Registering callback for create:sliding_door in minecraft:block_entity_type
[28May2026 14:36:37.347] [modloading-worker-0/INFO] [Railways/MultiRegistryCallback/]: Registering callback for railways:magenta_folding_locometal_door in minecraft:block
[28May2026 14:36:37.347] [modloading-worker-0/INFO] [Railways/MultiRegistryCallback/]: Registering callback for create:flywheel in minecraft:block_entity_type
[28May2026 14:36:37.347] [modloading-worker-0/INFO] [Railways/MultiRegistryCallback/]: Registering callback for railways:pink_locometal_flywheel in minecraft:block
[28May2026 14:36:37.347] [modloading-worker-0/INFO] [Railways/MultiRegistryCallback/]: Registering callback for create:sliding_door in minecraft:block_entity_type
[28May2026 14:36:37.347] [modloading-worker-0/INFO] [Railways/MultiRegistryCallback/]: Registering callback for railways:pink_sliding_locometal_door in minecraft:block
[28May2026 14:36:37.347] [modloading-worker-0/INFO] [Railways/MultiRegistryCallback/]: Registering callback for create:sliding_door in minecraft:block_entity_type
[28May2026 14:36:37.347] [modloading-worker-0/INFO] [Railways/MultiRegistryCallback/]: Registering callback for railways:pink_folding_locometal_door in minecraft:block
[28May2026 14:36:37.347] [modloading-worker-0/INFO] [Railways/MultiRegistryCallback/]: Registering callback for create:flywheel in minecraft:block_entity_type
[28May2026 14:36:37.347] [modloading-worker-0/INFO] [Railways/MultiRegistryCallback/]: Registering callback for railways:white_locometal_flywheel in minecraft:block
[28May2026 14:36:37.347] [modloading-worker-0/INFO] [Railways/MultiRegistryCallback/]: Registering callback for create:sliding_door in minecraft:block_entity_type
[28May2026 14:36:37.347] [modloading-worker-0/INFO] [Railways/MultiRegistryCallback/]: Registering callback for railways:white_sliding_locometal_door in minecraft:block
[28May2026 14:36:37.347] [modloading-worker-0/INFO] [Railways/MultiRegistryCallback/]: Registering callback for create:sliding_door in minecraft:block_entity_type
[28May2026 14:36:37.347] [modloading-worker-0/INFO] [Railways/MultiRegistryCallback/]: Registering callback for railways:white_folding_locometal_door in minecraft:block
[28May2026 14:36:37.347] [modloading-worker-0/INFO] [Railways/MultiRegistryCallback/]: Registering callback for create:flywheel in minecraft:block_entity_type
[28May2026 14:36:37.347] [modloading-worker-0/INFO] [Railways/MultiRegistryCallback/]: Registering callback for railways:diorite_locometal_flywheel in minecraft:block
[28May2026 14:36:37.347] [modloading-worker-0/INFO] [Railways/MultiRegistryCallback/]: Registering callback for create:sliding_door in minecraft:block_entity_type
[28May2026 14:36:37.347] [modloading-worker-0/INFO] [Railways/MultiRegistryCallback/]: Registering callback for railways:diorite_sliding_locometal_door in minecraft:block
[28May2026 14:36:37.347] [modloading-worker-0/INFO] [Railways/MultiRegistryCallback/]: Registering callback for create:sliding_door in minecraft:block_entity_type
[28May2026 14:36:37.347] [modloading-worker-0/INFO] [Railways/MultiRegistryCallback/]: Registering callback for railways:diorite_folding_locometal_door in minecraft:block
[28May2026 14:36:37.347] [modloading-worker-0/INFO] [Railways/MultiRegistryCallback/]: Registering callback for create:flywheel in minecraft:block_entity_type
[28May2026 14:36:37.347] [modloading-worker-0/INFO] [Railways/MultiRegistryCallback/]: Registering callback for railways:limestone_locometal_flywheel in minecraft:block
[28May2026 14:36:37.347] [modloading-worker-0/INFO] [Railways/MultiRegistryCallback/]: Registering callback for create:sliding_door in minecraft:block_entity_type
[28May2026 14:36:37.347] [modloading-worker-0/INFO] [Railways/MultiRegistryCallback/]: Registering callback for railways:limestone_sliding_locometal_door in minecraft:block
[28May2026 14:36:37.347] [modloading-worker-0/INFO] [Railways/MultiRegistryCallback/]: Registering callback for create:sliding_door in minecraft:block_entity_type
[28May2026 14:36:37.347] [modloading-worker-0/INFO] [Railways/MultiRegistryCallback/]: Registering callback for railways:limestone_folding_locometal_door in minecraft:block
[28May2026 14:36:37.347] [modloading-worker-0/INFO] [Railways/MultiRegistryCallback/]: Registering callback for create:flywheel in minecraft:block_entity_type
[28May2026 14:36:37.347] [modloading-worker-0/INFO] [Railways/MultiRegistryCallback/]: Registering callback for railways:light_gray_locometal_flywheel in minecraft:block
[28May2026 14:36:37.347] [modloading-worker-0/INFO] [Railways/MultiRegistryCallback/]: Registering callback for create:sliding_door in minecraft:block_entity_type
[28May2026 14:36:37.347] [modloading-worker-0/INFO] [Railways/MultiRegistryCallback/]: Registering callback for railways:light_gray_sliding_locometal_door in minecraft:block
[28May2026 14:36:37.347] [modloading-worker-0/INFO] [Railways/MultiRegistryCallback/]: Registering callback for create:sliding_door in minecraft:block_entity_type
[28May2026 14:36:37.347] [modloading-worker-0/INFO] [Railways/MultiRegistryCallback/]: Registering callback for railways:light_gray_folding_locometal_door in minecraft:block
[28May2026 14:36:37.347] [modloading-worker-0/INFO] [Railways/MultiRegistryCallback/]: Registering callback for create:flywheel in minecraft:block_entity_type
[28May2026 14:36:37.347] [modloading-worker-0/INFO] [Railways/MultiRegistryCallback/]: Registering callback for railways:tuff_locometal_flywheel in minecraft:block
[28May2026 14:36:37.347] [modloading-worker-0/INFO] [Railways/MultiRegistryCallback/]: Registering callback for create:sliding_door in minecraft:block_entity_type
[28May2026 14:36:37.347] [modloading-worker-0/INFO] [Railways/MultiRegistryCallback/]: Registering callback for railways:tuff_sliding_locometal_door in minecraft:block
[28May2026 14:36:37.347] [modloading-worker-0/INFO] [Railways/MultiRegistryCallback/]: Registering callback for create:sliding_door in minecraft:block_entity_type
[28May2026 14:36:37.347] [modloading-worker-0/INFO] [Railways/MultiRegistryCallback/]: Registering callback for railways:tuff_folding_locometal_door in minecraft:block
[28May2026 14:36:37.347] [modloading-worker-0/INFO] [Railways/MultiRegistryCallback/]: Registering callback for create:flywheel in minecraft:block_entity_type
[28May2026 14:36:37.347] [modloading-worker-0/INFO] [Railways/MultiRegistryCallback/]: Registering callback for railways:gray_locometal_flywheel in minecraft:block
[28May2026 14:36:37.347] [modloading-worker-0/INFO] [Railways/MultiRegistryCallback/]: Registering callback for create:sliding_door in minecraft:block_entity_type
[28May2026 14:36:37.347] [modloading-worker-0/INFO] [Railways/MultiRegistryCallback/]: Registering callback for railways:gray_sliding_locometal_door in minecraft:block
[28May2026 14:36:37.347] [modloading-worker-0/INFO] [Railways/MultiRegistryCallback/]: Registering callback for create:sliding_door in minecraft:block_entity_type
[28May2026 14:36:37.347] [modloading-worker-0/INFO] [Railways/MultiRegistryCallback/]: Registering callback for railways:gray_folding_locometal_door in minecraft:block
[28May2026 14:36:37.347] [modloading-worker-0/INFO] [Railways/MultiRegistryCallback/]: Registering callback for create:flywheel in minecraft:block_entity_type
[28May2026 14:36:37.347] [modloading-worker-0/INFO] [Railways/MultiRegistryCallback/]: Registering callback for railways:scorchia_locometal_flywheel in minecraft:block
[28May2026 14:36:37.347] [modloading-worker-0/INFO] [Railways/MultiRegistryCallback/]: Registering callback for create:sliding_door in minecraft:block_entity_type
[28May2026 14:36:37.347] [modloading-worker-0/INFO] [Railways/MultiRegistryCallback/]: Registering callback for railways:scorchia_sliding_locometal_door in minecraft:block
[28May2026 14:36:37.347] [modloading-worker-0/INFO] [Railways/MultiRegistryCallback/]: Registering callback for create:sliding_door in minecraft:block_entity_type
[28May2026 14:36:37.347] [modloading-worker-0/INFO] [Railways/MultiRegistryCallback/]: Registering callback for railways:scorchia_folding_locometal_door in minecraft:block
[28May2026 14:36:37.347] [modloading-worker-0/INFO] [Railways/MultiRegistryCallback/]: Registering callback for create:flywheel in minecraft:block_entity_type
[28May2026 14:36:37.347] [modloading-worker-0/INFO] [Railways/MultiRegistryCallback/]: Registering callback for railways:black_locometal_flywheel in minecraft:block
[28May2026 14:36:37.347] [modloading-worker-0/INFO] [Railways/MultiRegistryCallback/]: Registering callback for create:sliding_door in minecraft:block_entity_type
[28May2026 14:36:37.347] [modloading-worker-0/INFO] [Railways/MultiRegistryCallback/]: Registering callback for railways:black_sliding_locometal_door in minecraft:block
[28May2026 14:36:37.347] [modloading-worker-0/INFO] [Railways/MultiRegistryCallback/]: Registering callback for create:sliding_door in minecraft:block_entity_type
[28May2026 14:36:37.347] [modloading-worker-0/INFO] [Railways/MultiRegistryCallback/]: Registering callback for railways:black_folding_locometal_door in minecraft:block
[28May2026 14:36:37.348] [modloading-worker-0/INFO] [quark-zeta/]: Constructing module Trowel...
[28May2026 14:36:37.349] [modloading-worker-0/INFO] [quark-zeta/]: Constructing module Usage Ticker...
[28May2026 14:36:37.350] [modloading-worker-0/INFO] [quark-zeta/]: Constructing module Uses For Curses...
[28May2026 14:36:37.353] [modloading-worker-0/INFO] [quark-zeta/]: Constructing module Utility Recipes...
[28May2026 14:36:37.353] [modloading-worker-0/INFO] [quark-zeta/]: Constructing module Variant Animal Textures...
[28May2026 14:36:37.353] [modloading-worker-0/INFO] [Railways/]: Registering tracks for Hex Casting
[28May2026 14:36:37.354] [modloading-worker-0/INFO] [quark-zeta/]: Constructing module Variant Bookshelves...
[28May2026 14:36:37.354] [modloading-worker-0/INFO] [Railways/]: Registering tracks for Oh The Biomes You'll Go
[28May2026 14:36:37.354] [modloading-worker-0/INFO] [quark-zeta/]: Constructing module Variant Chests...
[28May2026 14:36:37.356] [modloading-worker-0/INFO] [Railways/]: Registering tracks for Blue Skies
[28May2026 14:36:37.361] [modloading-worker-0/INFO] [Railways/]: Registering tracks for Twilight Forest
[28May2026 14:36:37.361] [modloading-worker-0/INFO] [Railways/]: Registering tracks for Biomes O' Plenty
[28May2026 14:36:37.362] [modloading-worker-0/INFO] [mixin/]: Mixing client.MixinChatListener from mixins/common/nochatreports.mixins.json into net.minecraft.client.multiplayer.chat.ChatListener
[28May2026 14:36:37.374] [modloading-worker-0/INFO] [Railways/]: Registering tracks for Nature's Spirit
[28May2026 14:36:37.375] [modloading-worker-0/INFO] [Railways/]: Registering tracks for Dreams and Desires
[28May2026 14:36:37.375] [modloading-worker-0/INFO] [Railways/]: Registering tracks for Quark
[28May2026 14:36:37.376] [modloading-worker-0/INFO] [quark-zeta/]: Constructing module Variant Furnaces...
[28May2026 14:36:37.384] [modloading-worker-0/INFO] [quark-zeta/]: Constructing module Variant Ladders...
[28May2026 14:36:37.384] [modloading-worker-0/INFO] [quark-zeta/]: Constructing module Variant Selector...
[28May2026 14:36:37.388] [modloading-worker-0/INFO] [quark-zeta/]: Constructing module Vertical Planks...
[28May2026 14:36:37.388] [modloading-worker-0/INFO] [quark-zeta/]: Constructing module Vertical Slabs...
[28May2026 14:36:37.393] [modloading-worker-0/INFO] [Railways/]: Registering tracks for TerraFirmaCraft
[28May2026 14:36:37.410] [modloading-worker-0/INFO] [quark-zeta/]: Constructing module Vexes Die With Their Masters...
[28May2026 14:36:37.410] [modloading-worker-0/INFO] [quark-zeta/]: Constructing module Villager Rerolling Rework...
[28May2026 14:36:37.414] [modloading-worker-0/INFO] [quark-zeta/]: Constructing module Villagers Follow Emeralds...
[28May2026 14:36:37.414] [modloading-worker-0/INFO] [quark-zeta/]: Constructing module Wooden Posts...
[28May2026 14:36:37.416] [modloading-worker-0/INFO] [quark-zeta/]: Constructing module Wool Shuts Up Minecarts...
[28May2026 14:36:37.417] [modloading-worker-0/INFO] [quark-zeta/]: Constructing module Wraith...
[28May2026 14:36:37.419] [modloading-worker-0/INFO] [quark-zeta/]: Constructing module Zombie Villagers On Normal...
[28May2026 14:36:37.420] [modloading-worker-0/INFO] [quark-zeta/]: Constructing module More Stone Variants...
[28May2026 14:36:37.420] [modloading-worker-0/INFO] [quark-zeta/]: Constructed 164 modules.
[28May2026 14:36:37.428] [modloading-worker-0/INFO] [Expanded Ecosphere/]: [Expanded Ecosphere Updater] Found no updates
[28May2026 14:36:37.469] [modloading-worker-0/INFO] [STDOUT/]: [com.enderio.core.EnderCore:onConstruct:25]: ================ Core construct ==================
[28May2026 14:36:37.473] [modloading-worker-0/INFO] [STDOUT/]: [com.enderio.conduits.EIOConduits:onConstruct:30]: ================ Conduits construct ==================
[28May2026 14:36:37.525] [modloading-worker-0/INFO] [quark-zeta/]: Doing super early config setup for quark
[28May2026 14:36:37.671] [modloading-worker-0/INFO] [mixin/]: Mixing common.MixinServerStatus from mixins/common/nochatreports.mixins.json into net.minecraft.network.protocol.status.ServerStatus
[28May2026 14:36:37.822] [modloading-worker-0/INFO] [KubeJS/]: Added bindings for script type STARTUP from mod 'almostunified': [AlmostUnified]
[28May2026 14:36:37.861] [modloading-worker-0/INFO] [KubeJS Startup/]: Loaded script startup_scripts:dimension_markers.js in 0.035 s
[28May2026 14:36:37.861] [modloading-worker-0/INFO] [KubeJS Startup/]: Loaded script startup_scripts:recipes/construction_core.js in 0.0 s
[28May2026 14:36:37.862] [modloading-worker-0/INFO] [KubeJS Startup/]: Loaded script startup_scripts:recipes/greenhouse.js in 0.001 s
[28May2026 14:36:37.864] [modloading-worker-0/INFO] [KubeJS Startup/]: Loaded script startup_scripts:icons.js in 0.002 s
[28May2026 14:36:37.865] [modloading-worker-0/INFO] [KubeJS Startup/]: Loaded script startup_scripts:material_testing/material.js in 0.001 s
[28May2026 14:36:37.866] [modloading-worker-0/INFO] [KubeJS Startup/]: Loaded script startup_scripts:machinery/construction_core.js in 0.001 s
[28May2026 14:36:37.867] [modloading-worker-0/INFO] [KubeJS Startup/]: Loaded script startup_scripts:machinery/greenhouse.js in 0.001 s
[28May2026 14:36:37.867] [modloading-worker-0/INFO] [KubeJS Startup/]: Loaded script startup_scripts:components/hsla-steel.js in 0.0 s
[28May2026 14:36:37.870] [modloading-worker-0/INFO] [KubeJS Startup/]: Loaded 8/8 KubeJS startup scripts in 0.89 s with 0 errors and 0 warnings
[28May2026 14:36:37.908] [modloading-worker-0/INFO] [KubeJS/]: Added bindings for script type CLIENT from mod 'almostunified': [AlmostUnified]
[28May2026 14:36:37.915] [modloading-worker-0/ERROR] [KubeJS Client/]: jei/hidden_items.js#1: ReferenceError: "JEIEvents" is not defined.
[28May2026 14:36:37.916] [modloading-worker-0/ERROR] [KubeJS Client/]: jei/hidden_categories.js#1: ReferenceError: "JEIEvents" is not defined.
[28May2026 14:36:37.916] [modloading-worker-0/INFO] [KubeJS Client/]: Loaded script client_scripts:tooltips.js in 0.0 s
[28May2026 14:36:37.916] [modloading-worker-0/INFO] [KubeJS Client/]: Loaded 1/3 KubeJS client scripts in 0.024 s with 0 errors and 0 warnings
[28May2026 14:36:37.948] [modloading-worker-0/INFO] [dev.architectury.networking.forge.NetworkManagerImpl/]: Registering C2S receiver with id kubejs:send_data_from_client
[28May2026 14:36:37.948] [modloading-worker-0/INFO] [dev.architectury.networking.forge.NetworkManagerImpl/]: Registering S2C receiver with id kubejs:send_data_from_server
[28May2026 14:36:37.948] [modloading-worker-0/INFO] [dev.architectury.networking.forge.NetworkManagerImpl/]: Registering S2C receiver with id kubejs:paint
[28May2026 14:36:37.949] [modloading-worker-0/INFO] [dev.architectury.networking.forge.NetworkManagerImpl/]: Registering S2C receiver with id kubejs:add_stage
[28May2026 14:36:37.949] [modloading-worker-0/INFO] [dev.architectury.networking.forge.NetworkManagerImpl/]: Registering S2C receiver with id kubejs:remove_stage
[28May2026 14:36:37.950] [modloading-worker-0/INFO] [dev.architectury.networking.forge.NetworkManagerImpl/]: Registering S2C receiver with id kubejs:sync_stages
[28May2026 14:36:37.950] [modloading-worker-0/INFO] [dev.architectury.networking.forge.NetworkManagerImpl/]: Registering C2S receiver with id kubejs:first_click
[28May2026 14:36:37.950] [modloading-worker-0/INFO] [dev.architectury.networking.forge.NetworkManagerImpl/]: Registering S2C receiver with id kubejs:toast
[28May2026 14:36:37.951] [modloading-worker-0/INFO] [dev.architectury.networking.forge.NetworkManagerImpl/]: Registering S2C receiver with id kubejs:reload_startup_scripts
[28May2026 14:36:37.951] [modloading-worker-0/INFO] [dev.architectury.networking.forge.NetworkManagerImpl/]: Registering S2C receiver with id kubejs:display_server_errors
[28May2026 14:36:37.951] [modloading-worker-0/INFO] [dev.architectury.networking.forge.NetworkManagerImpl/]: Registering S2C receiver with id kubejs:display_client_errors
[28May2026 14:36:37.977] [Render thread/INFO] [Configuration/FileWatching]: Registered moldraw config for auto-sync function
[28May2026 14:36:37.977] [Render thread/INFO] [GregTechCEu/]: GTCEu common proxy init!
[28May2026 14:36:38.020] [Render thread/INFO] [GregTechCEu/]: Registering material registries
[28May2026 14:36:38.021] [Render thread/INFO] [GregTechCEu/]: Registering GTCEu Materials
[28May2026 14:36:38.111] [Render thread/INFO] [GregTechCEu/]: Registering addon Materials
[28May2026 14:36:38.458] [Render thread/WARN] [GregTechCEu/]: FluidStorageKey{gtceu:liquid} already has an associated fluid for material gtceu:lava
[28May2026 14:36:38.461] [Render thread/WARN] [GregTechCEu/]: FluidStorageKey{gtceu:liquid} already has an associated fluid for material gtceu:milk
[28May2026 14:36:38.464] [Render thread/WARN] [GregTechCEu/]: FluidStorageKey{gtceu:liquid} already has an associated fluid for material gtceu:water
[28May2026 14:36:38.819] [Render thread/INFO] [electrolyte.greate.Greate/]: Greate GTCEu addon initialized!
[28May2026 14:36:38.836] [Render thread/INFO] [GregTechCEu/]: Registering KeyBinds
[28May2026 14:36:42.009] [Render thread/INFO] [dev.architectury.networking.forge.NetworkManagerImpl/]: Registering C2S receiver with id ae2wtlib:cycle_terminal
[28May2026 14:36:42.010] [Render thread/INFO] [dev.architectury.networking.forge.NetworkManagerImpl/]: Registering C2S receiver with id ae2wtlib:pick_block
[28May2026 14:36:42.010] [Render thread/INFO] [dev.architectury.networking.forge.NetworkManagerImpl/]: Registering C2S receiver with id ae2wtlib:terminal_settings
[28May2026 14:36:42.304] [Render thread/INFO] [Moonlight/]: Initialized block sets in 18ms
[28May2026 14:36:42.380] [Render thread/INFO] [Railways/MultiRegistryCallback/]: Running callback for create:flywheel and railways:locometal_flywheel
[28May2026 14:36:42.380] [Render thread/INFO] [Railways/MultiRegistryCallback/]: Running callback for create:flywheel and railways:brown_locometal_flywheel
[28May2026 14:36:42.380] [Render thread/INFO] [Railways/MultiRegistryCallback/]: Running callback for create:flywheel and railways:maroon_locometal_flywheel
[28May2026 14:36:42.380] [Render thread/INFO] [Railways/MultiRegistryCallback/]: Running callback for create:flywheel and railways:red_locometal_flywheel
[28May2026 14:36:42.380] [Render thread/INFO] [Railways/MultiRegistryCallback/]: Running callback for create:flywheel and railways:vermilion_locometal_flywheel
[28May2026 14:36:42.380] [Render thread/INFO] [Railways/MultiRegistryCallback/]: Running callback for create:flywheel and railways:orange_locometal_flywheel
[28May2026 14:36:42.380] [Render thread/INFO] [Railways/MultiRegistryCallback/]: Running callback for create:flywheel and railways:granite_locometal_flywheel
[28May2026 14:36:42.380] [Render thread/INFO] [Railways/MultiRegistryCallback/]: Running callback for create:flywheel and railways:dripstone_locometal_flywheel
[28May2026 14:36:42.380] [Render thread/INFO] [Railways/MultiRegistryCallback/]: Running callback for create:flywheel and railways:ochrum_locometal_flywheel
[28May2026 14:36:42.380] [Render thread/INFO] [Railways/MultiRegistryCallback/]: Running callback for create:flywheel and railways:yellow_locometal_flywheel
[28May2026 14:36:42.380] [Render thread/INFO] [Railways/MultiRegistryCallback/]: Running callback for create:flywheel and railways:chartreuse_locometal_flywheel
[28May2026 14:36:42.380] [Render thread/INFO] [Railways/MultiRegistryCallback/]: Running callback for create:flywheel and railways:olive_green_locometal_flywheel
[28May2026 14:36:42.380] [Render thread/INFO] [Railways/MultiRegistryCallback/]: Running callback for create:flywheel and railways:lime_locometal_flywheel
[28May2026 14:36:42.380] [Render thread/INFO] [Railways/MultiRegistryCallback/]: Running callback for create:flywheel and railways:green_locometal_flywheel
[28May2026 14:36:42.380] [Render thread/INFO] [Railways/MultiRegistryCallback/]: Running callback for create:flywheel and railways:pine_green_locometal_flywheel
[28May2026 14:36:42.380] [Render thread/INFO] [Railways/MultiRegistryCallback/]: Running callback for create:flywheel and railways:cyan_locometal_flywheel
[28May2026 14:36:42.380] [Render thread/INFO] [Railways/MultiRegistryCallback/]: Running callback for create:flywheel and railways:sea_green_locometal_flywheel
[28May2026 14:36:42.380] [Render thread/INFO] [Railways/MultiRegistryCallback/]: Running callback for create:flywheel and railways:turquoise_locometal_flywheel
[28May2026 14:36:42.380] [Render thread/INFO] [Railways/MultiRegistryCallback/]: Running callback for create:flywheel and railways:light_blue_locometal_flywheel
[28May2026 14:36:42.380] [Render thread/INFO] [Railways/MultiRegistryCallback/]: Running callback for create:flywheel and railways:blue_locometal_flywheel
[28May2026 14:36:42.380] [Render thread/INFO] [Railways/MultiRegistryCallback/]: Running callback for create:flywheel and railways:royal_blue_locometal_flywheel
[28May2026 14:36:42.380] [Render thread/INFO] [Railways/MultiRegistryCallback/]: Running callback for create:flywheel and railways:purple_locometal_flywheel
[28May2026 14:36:42.380] [Render thread/INFO] [Railways/MultiRegistryCallback/]: Running callback for create:flywheel and railways:magenta_locometal_flywheel
[28May2026 14:36:42.380] [Render thread/INFO] [Railways/MultiRegistryCallback/]: Running callback for create:flywheel and railways:pink_locometal_flywheel
[28May2026 14:36:42.380] [Render thread/INFO] [Railways/MultiRegistryCallback/]: Running callback for create:flywheel and railways:white_locometal_flywheel
[28May2026 14:36:42.380] [Render thread/INFO] [Railways/MultiRegistryCallback/]: Running callback for create:flywheel and railways:diorite_locometal_flywheel
[28May2026 14:36:42.380] [Render thread/INFO] [Railways/MultiRegistryCallback/]: Running callback for create:flywheel and railways:limestone_locometal_flywheel
[28May2026 14:36:42.380] [Render thread/INFO] [Railways/MultiRegistryCallback/]: Running callback for create:flywheel and railways:light_gray_locometal_flywheel
[28May2026 14:36:42.380] [Render thread/INFO] [Railways/MultiRegistryCallback/]: Running callback for create:flywheel and railways:tuff_locometal_flywheel
[28May2026 14:36:42.380] [Render thread/INFO] [Railways/MultiRegistryCallback/]: Running callback for create:flywheel and railways:gray_locometal_flywheel
[28May2026 14:36:42.380] [Render thread/INFO] [Railways/MultiRegistryCallback/]: Running callback for create:flywheel and railways:scorchia_locometal_flywheel
[28May2026 14:36:42.380] [Render thread/INFO] [Railways/MultiRegistryCallback/]: Running callback for create:flywheel and railways:black_locometal_flywheel
[28May2026 14:36:42.381] [Render thread/INFO] [Railways/MultiRegistryCallback/]: Running callback for create:sliding_door and railways:sliding_locometal_door
[28May2026 14:36:42.381] [Render thread/INFO] [Railways/MultiRegistryCallback/]: Running callback for create:sliding_door and railways:folding_locometal_door
[28May2026 14:36:42.381] [Render thread/INFO] [Railways/MultiRegistryCallback/]: Running callback for create:sliding_door and railways:brown_sliding_locometal_door
[28May2026 14:36:42.381] [Render thread/INFO] [Railways/MultiRegistryCallback/]: Running callback for create:sliding_door and railways:brown_folding_locometal_door
[28May2026 14:36:42.381] [Render thread/INFO] [Railways/MultiRegistryCallback/]: Running callback for create:sliding_door and railways:maroon_sliding_locometal_door
[28May2026 14:36:42.381] [Render thread/INFO] [Railways/MultiRegistryCallback/]: Running callback for create:sliding_door and railways:maroon_folding_locometal_door
[28May2026 14:36:42.381] [Render thread/INFO] [Railways/MultiRegistryCallback/]: Running callback for create:sliding_door and railways:red_sliding_locometal_door
[28May2026 14:36:42.381] [Render thread/INFO] [Railways/MultiRegistryCallback/]: Running callback for create:sliding_door and railways:red_folding_locometal_door
[28May2026 14:36:42.381] [Render thread/INFO] [Railways/MultiRegistryCallback/]: Running callback for create:sliding_door and railways:vermilion_sliding_locometal_door
[28May2026 14:36:42.381] [Render thread/INFO] [Railways/MultiRegistryCallback/]: Running callback for create:sliding_door and railways:vermilion_folding_locometal_door
[28May2026 14:36:42.381] [Render thread/INFO] [Railways/MultiRegistryCallback/]: Running callback for create:sliding_door and railways:orange_sliding_locometal_door
[28May2026 14:36:42.381] [Render thread/INFO] [Railways/MultiRegistryCallback/]: Running callback for create:sliding_door and railways:orange_folding_locometal_door
[28May2026 14:36:42.381] [Render thread/INFO] [Railways/MultiRegistryCallback/]: Running callback for create:sliding_door and railways:granite_sliding_locometal_door
[28May2026 14:36:42.381] [Render thread/INFO] [Railways/MultiRegistryCallback/]: Running callback for create:sliding_door and railways:granite_folding_locometal_door
[28May2026 14:36:42.381] [Render thread/INFO] [Railways/MultiRegistryCallback/]: Running callback for create:sliding_door and railways:dripstone_sliding_locometal_door
[28May2026 14:36:42.381] [Render thread/INFO] [Railways/MultiRegistryCallback/]: Running callback for create:sliding_door and railways:dripstone_folding_locometal_door
[28May2026 14:36:42.381] [Render thread/INFO] [Railways/MultiRegistryCallback/]: Running callback for create:sliding_door and railways:ochrum_sliding_locometal_door
[28May2026 14:36:42.381] [Render thread/INFO] [Railways/MultiRegistryCallback/]: Running callback for create:sliding_door and railways:ochrum_folding_locometal_door
[28May2026 14:36:42.381] [Render thread/INFO] [Railways/MultiRegistryCallback/]: Running callback for create:sliding_door and railways:yellow_sliding_locometal_door
[28May2026 14:36:42.381] [Render thread/INFO] [Railways/MultiRegistryCallback/]: Running callback for create:sliding_door and railways:yellow_folding_locometal_door
[28May2026 14:36:42.381] [Render thread/INFO] [Railways/MultiRegistryCallback/]: Running callback for create:sliding_door and railways:chartreuse_sliding_locometal_door
[28May2026 14:36:42.381] [Render thread/INFO] [Railways/MultiRegistryCallback/]: Running callback for create:sliding_door and railways:chartreuse_folding_locometal_door
[28May2026 14:36:42.381] [Render thread/INFO] [Railways/MultiRegistryCallback/]: Running callback for create:sliding_door and railways:olive_green_sliding_locometal_door
[28May2026 14:36:42.381] [Render thread/INFO] [Railways/MultiRegistryCallback/]: Running callback for create:sliding_door and railways:olive_green_folding_locometal_door
[28May2026 14:36:42.381] [Render thread/INFO] [Railways/MultiRegistryCallback/]: Running callback for create:sliding_door and railways:lime_sliding_locometal_door
[28May2026 14:36:42.381] [Render thread/INFO] [Railways/MultiRegistryCallback/]: Running callback for create:sliding_door and railways:lime_folding_locometal_door
[28May2026 14:36:42.381] [Render thread/INFO] [Railways/MultiRegistryCallback/]: Running callback for create:sliding_door and railways:green_sliding_locometal_door
[28May2026 14:36:42.381] [Render thread/INFO] [Railways/MultiRegistryCallback/]: Running callback for create:sliding_door and railways:green_folding_locometal_door
[28May2026 14:36:42.381] [Render thread/INFO] [Railways/MultiRegistryCallback/]: Running callback for create:sliding_door and railways:pine_green_sliding_locometal_door
[28May2026 14:36:42.381] [Render thread/INFO] [Railways/MultiRegistryCallback/]: Running callback for create:sliding_door and railways:pine_green_folding_locometal_door
[28May2026 14:36:42.381] [Render thread/INFO] [Railways/MultiRegistryCallback/]: Running callback for create:sliding_door and railways:cyan_sliding_locometal_door
[28May2026 14:36:42.381] [Render thread/INFO] [Railways/MultiRegistryCallback/]: Running callback for create:sliding_door and railways:cyan_folding_locometal_door
[28May2026 14:36:42.381] [Render thread/INFO] [Railways/MultiRegistryCallback/]: Running callback for create:sliding_door and railways:sea_green_sliding_locometal_door
[28May2026 14:36:42.381] [Render thread/INFO] [Railways/MultiRegistryCallback/]: Running callback for create:sliding_door and railways:sea_green_folding_locometal_door
[28May2026 14:36:42.381] [Render thread/INFO] [Railways/MultiRegistryCallback/]: Running callback for create:sliding_door and railways:turquoise_sliding_locometal_door
[28May2026 14:36:42.381] [Render thread/INFO] [Railways/MultiRegistryCallback/]: Running callback for create:sliding_door and railways:turquoise_folding_locometal_door
[28May2026 14:36:42.381] [Render thread/INFO] [Railways/MultiRegistryCallback/]: Running callback for create:sliding_door and railways:light_blue_sliding_locometal_door
[28May2026 14:36:42.381] [Render thread/INFO] [Railways/MultiRegistryCallback/]: Running callback for create:sliding_door and railways:light_blue_folding_locometal_door
[28May2026 14:36:42.381] [Render thread/INFO] [Railways/MultiRegistryCallback/]: Running callback for create:sliding_door and railways:blue_sliding_locometal_door
[28May2026 14:36:42.381] [Render thread/INFO] [Railways/MultiRegistryCallback/]: Running callback for create:sliding_door and railways:blue_folding_locometal_door
[28May2026 14:36:42.381] [Render thread/INFO] [Railways/MultiRegistryCallback/]: Running callback for create:sliding_door and railways:royal_blue_sliding_locometal_door
[28May2026 14:36:42.381] [Render thread/INFO] [Railways/MultiRegistryCallback/]: Running callback for create:sliding_door and railways:royal_blue_folding_locometal_door
[28May2026 14:36:42.381] [Render thread/INFO] [Railways/MultiRegistryCallback/]: Running callback for create:sliding_door and railways:purple_sliding_locometal_door
[28May2026 14:36:42.381] [Render thread/INFO] [Railways/MultiRegistryCallback/]: Running callback for create:sliding_door and railways:purple_folding_locometal_door
[28May2026 14:36:42.381] [Render thread/INFO] [Railways/MultiRegistryCallback/]: Running callback for create:sliding_door and railways:magenta_sliding_locometal_door
[28May2026 14:36:42.381] [Render thread/INFO] [Railways/MultiRegistryCallback/]: Running callback for create:sliding_door and railways:magenta_folding_locometal_door
[28May2026 14:36:42.381] [Render thread/INFO] [Railways/MultiRegistryCallback/]: Running callback for create:sliding_door and railways:pink_sliding_locometal_door
[28May2026 14:36:42.381] [Render thread/INFO] [Railways/MultiRegistryCallback/]: Running callback for create:sliding_door and railways:pink_folding_locometal_door
[28May2026 14:36:42.381] [Render thread/INFO] [Railways/MultiRegistryCallback/]: Running callback for create:sliding_door and railways:white_sliding_locometal_door
[28May2026 14:36:42.381] [Render thread/INFO] [Railways/MultiRegistryCallback/]: Running callback for create:sliding_door and railways:white_folding_locometal_door
[28May2026 14:36:42.381] [Render thread/INFO] [Railways/MultiRegistryCallback/]: Running callback for create:sliding_door and railways:diorite_sliding_locometal_door
[28May2026 14:36:42.381] [Render thread/INFO] [Railways/MultiRegistryCallback/]: Running callback for create:sliding_door and railways:diorite_folding_locometal_door
[28May2026 14:36:42.381] [Render thread/INFO] [Railways/MultiRegistryCallback/]: Running callback for create:sliding_door and railways:limestone_sliding_locometal_door
[28May2026 14:36:42.381] [Render thread/INFO] [Railways/MultiRegistryCallback/]: Running callback for create:sliding_door and railways:limestone_folding_locometal_door
[28May2026 14:36:42.381] [Render thread/INFO] [Railways/MultiRegistryCallback/]: Running callback for create:sliding_door and railways:light_gray_sliding_locometal_door
[28May2026 14:36:42.381] [Render thread/INFO] [Railways/MultiRegistryCallback/]: Running callback for create:sliding_door and railways:light_gray_folding_locometal_door
[28May2026 14:36:42.381] [Render thread/INFO] [Railways/MultiRegistryCallback/]: Running callback for create:sliding_door and railways:tuff_sliding_locometal_door
[28May2026 14:36:42.381] [Render thread/INFO] [Railways/MultiRegistryCallback/]: Running callback for create:sliding_door and railways:tuff_folding_locometal_door
[28May2026 14:36:42.381] [Render thread/INFO] [Railways/MultiRegistryCallback/]: Running callback for create:sliding_door and railways:gray_sliding_locometal_door
[28May2026 14:36:42.381] [Render thread/INFO] [Railways/MultiRegistryCallback/]: Running callback for create:sliding_door and railways:gray_folding_locometal_door
[28May2026 14:36:42.381] [Render thread/INFO] [Railways/MultiRegistryCallback/]: Running callback for create:sliding_door and railways:scorchia_sliding_locometal_door
[28May2026 14:36:42.381] [Render thread/INFO] [Railways/MultiRegistryCallback/]: Running callback for create:sliding_door and railways:scorchia_folding_locometal_door
[28May2026 14:36:42.381] [Render thread/INFO] [Railways/MultiRegistryCallback/]: Running callback for create:sliding_door and railways:black_sliding_locometal_door
[28May2026 14:36:42.381] [Render thread/INFO] [Railways/MultiRegistryCallback/]: Running callback for create:sliding_door and railways:black_folding_locometal_door
[28May2026 14:36:42.381] [Render thread/INFO] [Railways/MultiRegistryCallback/]: Running callback for create:copycat and railways:conductor_vent
[28May2026 14:36:43.200] [Render thread/INFO] [Railways/MultiRegistryCallback/]: Running callback for create:track_signal and railways:track_signal_source
[28May2026 14:36:43.200] [Render thread/INFO] [Railways/MultiRegistryCallback/]: Running finalizers
[28May2026 14:36:44.459] [Render thread/INFO] [slimeknights.tconstruct.data.pack.DynamicResourceProviderRunner/]: Captured 14051 dynamic client resources from 18 providers for tconstruct-client-resources in 610.12616 ms
[28May2026 14:36:44.679] [Render thread/INFO] [Oculus/]: Hardware information:
[28May2026 14:36:44.680] [Render thread/INFO] [Oculus/]: CPU: 12x 12th Gen Intel(R) Core(TM) i5-12400F
[28May2026 14:36:44.680] [Render thread/INFO] [Oculus/]: GPU: NVIDIA GeForce RTX 3060/PCIe/SSE2 (Supports OpenGL 4.6.0 NVIDIA 595.71.05)
[28May2026 14:36:44.680] [Render thread/INFO] [Oculus/]: OS: Linux (6.17.0-29-generic)
[28May2026 14:36:44.690] [Render thread/WARN] [Embeddium-MixinTaintDetector/]: Mod(s) [oculus] are modifying Embeddium class me.jellysquid.mods.sodium.client.render.vertex.VertexFormatDescriptionImpl, which may cause instability.
[28May2026 14:36:44.708] [Finalizer/WARN] [ModernFix/]: One or more BufferBuilders have been leaked, ModernFix will attempt to correct this.
[28May2026 14:36:44.711] [Render thread/WARN] [Embeddium-MixinTaintDetector/]: Mod(s) [oculus] are modifying Embeddium class me.jellysquid.mods.sodium.client.render.vertex.buffer.SodiumBufferBuilder, which may cause instability.
[28May2026 14:36:44.910] [Render thread/INFO] [quark/]: Registering model layer quark:crab#main
[28May2026 14:36:44.911] [Render thread/INFO] [quark/]: Registering model layer quark:shiba#main
[28May2026 14:36:44.911] [Render thread/INFO] [quark/]: Registering model layer quark:quark_boat_chest#main
[28May2026 14:36:44.911] [Render thread/INFO] [quark/]: Registering model layer quark:wraith#main
[28May2026 14:36:44.911] [Render thread/INFO] [quark/]: Registering model layer quark:forgotten_hat#main
[28May2026 14:36:44.911] [Render thread/INFO] [quark/]: Registering model layer quark:stoneling#main
[28May2026 14:36:44.911] [Render thread/INFO] [quark/]: Registering model layer quark:toretoise#main
[28May2026 14:36:44.911] [Render thread/INFO] [quark/]: Registering model layer quark:quark_boat#main
[28May2026 14:36:44.911] [Render thread/INFO] [quark/]: Registering model layer quark:foxhound#main
[28May2026 14:36:44.911] [Render thread/INFO] [quark/]: Registering model layer quark:backpack#main
[28May2026 14:36:45.260] [Render thread/INFO] [STDERR/]: [dev.latvian.mods.kubejs.client.GeneratedClientResourcePack:generate:129]: com.google.gson.JsonSyntaxException: com.google.gson.stream.MalformedJsonException: Unterminated object at line 11 column 6 path $.item.enderio.sculk_superconductor_conduit
[28May2026 14:36:45.260] [Render thread/INFO] [STDERR/]: [dev.latvian.mods.kubejs.client.GeneratedClientResourcePack:generate:129]: 	at MC-BOOTSTRAP/com.google.gson@2.10/com.google.gson.Gson.fromJson(Gson.java:1229)
[28May2026 14:36:45.260] [Render thread/INFO] [STDERR/]: [dev.latvian.mods.kubejs.client.GeneratedClientResourcePack:generate:129]: 	at MC-BOOTSTRAP/com.google.gson@2.10/com.google.gson.Gson.fromJson(Gson.java:1124)
[28May2026 14:36:45.260] [Render thread/INFO] [STDERR/]: [dev.latvian.mods.kubejs.client.GeneratedClientResourcePack:generate:129]: 	at MC-BOOTSTRAP/com.google.gson@2.10/com.google.gson.Gson.fromJson(Gson.java:1062)
[28May2026 14:36:45.260] [Render thread/INFO] [STDERR/]: [dev.latvian.mods.kubejs.client.GeneratedClientResourcePack:generate:129]: 	at TRANSFORMER/kubejs@2001.6.5-build.26/dev.latvian.mods.kubejs.client.GeneratedClientResourcePack.generate(GeneratedClientResourcePack.java:122)
[28May2026 14:36:45.260] [Render thread/INFO] [STDERR/]: [dev.latvian.mods.kubejs.client.GeneratedClientResourcePack:generate:129]: 	at TRANSFORMER/kubejs@2001.6.5-build.26/dev.latvian.mods.kubejs.script.data.GeneratedResourcePack.getGenerated(GeneratedResourcePack.java:88)
[28May2026 14:36:45.260] [Render thread/INFO] [STDERR/]: [dev.latvian.mods.kubejs.client.GeneratedClientResourcePack:generate:129]: 	at TRANSFORMER/kubejs@2001.6.5-build.26/dev.latvian.mods.kubejs.client.GeneratedClientResourcePack.<init>(GeneratedClientResourcePack.java:67)
[28May2026 14:36:45.260] [Render thread/INFO] [STDERR/]: [dev.latvian.mods.kubejs.client.GeneratedClientResourcePack:generate:129]: 	at TRANSFORMER/kubejs@2001.6.5-build.26/dev.latvian.mods.kubejs.client.GeneratedClientResourcePack.inject(GeneratedClientResourcePack.java:48)
[28May2026 14:36:45.260] [Render thread/INFO] [STDERR/]: [dev.latvian.mods.kubejs.client.GeneratedClientResourcePack:generate:129]: 	at TRANSFORMER/minecraft@1.20.1/net.minecraft.client.Minecraft.modifyExpressionValue$dpo000$kjs$loadPacks(Minecraft.java:19958)
[28May2026 14:36:45.260] [Render thread/INFO] [STDERR/]: [dev.latvian.mods.kubejs.client.GeneratedClientResourcePack:generate:129]: 	at TRANSFORMER/minecraft@1.20.1/net.minecraft.client.Minecraft.<init>(Minecraft.java:559)
[28May2026 14:36:45.260] [Render thread/INFO] [STDERR/]: [dev.latvian.mods.kubejs.client.GeneratedClientResourcePack:generate:129]: 	at TRANSFORMER/minecraft@1.20.1/net.minecraft.client.main.Main.main(Main.java:182)
[28May2026 14:36:45.260] [Render thread/INFO] [STDERR/]: [dev.latvian.mods.kubejs.client.GeneratedClientResourcePack:generate:129]: 	at java.base/jdk.internal.reflect.NativeMethodAccessorImpl.invoke0(Native Method)
[28May2026 14:36:45.260] [Render thread/INFO] [STDERR/]: [dev.latvian.mods.kubejs.client.GeneratedClientResourcePack:generate:129]: 	at java.base/jdk.internal.reflect.NativeMethodAccessorImpl.invoke(NativeMethodAccessorImpl.java:77)
[28May2026 14:36:45.260] [Render thread/INFO] [STDERR/]: [dev.latvian.mods.kubejs.client.GeneratedClientResourcePack:generate:129]: 	at java.base/jdk.internal.reflect.DelegatingMethodAccessorImpl.invoke(DelegatingMethodAccessorImpl.java:43)
[28May2026 14:36:45.260] [Render thread/INFO] [STDERR/]: [dev.latvian.mods.kubejs.client.GeneratedClientResourcePack:generate:129]: 	at java.base/java.lang.reflect.Method.invoke(Method.java:569)
[28May2026 14:36:45.260] [Render thread/INFO] [STDERR/]: [dev.latvian.mods.kubejs.client.GeneratedClientResourcePack:generate:129]: 	at MC-BOOTSTRAP/fmlloader@1.20.1-47.4.10/net.minecraftforge.fml.loading.targets.CommonLaunchHandler.runTarget(CommonLaunchHandler.java:111)
[28May2026 14:36:45.260] [Render thread/INFO] [STDERR/]: [dev.latvian.mods.kubejs.client.GeneratedClientResourcePack:generate:129]: 	at MC-BOOTSTRAP/fmlloader@1.20.1-47.4.10/net.minecraftforge.fml.loading.targets.CommonLaunchHandler.clientService(CommonLaunchHandler.java:99)
[28May2026 14:36:45.260] [Render thread/INFO] [STDERR/]: [dev.latvian.mods.kubejs.client.GeneratedClientResourcePack:generate:129]: 	at MC-BOOTSTRAP/fmlloader@1.20.1-47.4.10/net.minecraftforge.fml.loading.targets.CommonClientLaunchHandler.lambda$makeService$0(CommonClientLaunchHandler.java:25)
[28May2026 14:36:45.260] [Render thread/INFO] [STDERR/]: [dev.latvian.mods.kubejs.client.GeneratedClientResourcePack:generate:129]: 	at MC-BOOTSTRAP/cpw.mods.modlauncher@10.0.9/cpw.mods.modlauncher.LaunchServiceHandlerDecorator.launch(LaunchServiceHandlerDecorator.java:30)
[28May2026 14:36:45.260] [Render thread/INFO] [STDERR/]: [dev.latvian.mods.kubejs.client.GeneratedClientResourcePack:generate:129]: 	at MC-BOOTSTRAP/cpw.mods.modlauncher@10.0.9/cpw.mods.modlauncher.LaunchServiceHandler.launch(LaunchServiceHandler.java:53)
[28May2026 14:36:45.260] [Render thread/INFO] [STDERR/]: [dev.latvian.mods.kubejs.client.GeneratedClientResourcePack:generate:129]: 	at MC-BOOTSTRAP/cpw.mods.modlauncher@10.0.9/cpw.mods.modlauncher.LaunchServiceHandler.launch(LaunchServiceHandler.java:71)
[28May2026 14:36:45.260] [Render thread/INFO] [STDERR/]: [dev.latvian.mods.kubejs.client.GeneratedClientResourcePack:generate:129]: 	at MC-BOOTSTRAP/cpw.mods.modlauncher@10.0.9/cpw.mods.modlauncher.Launcher.run(Launcher.java:108)
[28May2026 14:36:45.260] [Render thread/INFO] [STDERR/]: [dev.latvian.mods.kubejs.client.GeneratedClientResourcePack:generate:129]: 	at MC-BOOTSTRAP/cpw.mods.modlauncher@10.0.9/cpw.mods.modlauncher.Launcher.main(Launcher.java:78)
[28May2026 14:36:45.260] [Render thread/INFO] [STDERR/]: [dev.latvian.mods.kubejs.client.GeneratedClientResourcePack:generate:129]: 	at MC-BOOTSTRAP/cpw.mods.modlauncher@10.0.9/cpw.mods.modlauncher.BootstrapLaunchConsumer.accept(BootstrapLaunchConsumer.java:26)
[28May2026 14:36:45.260] [Render thread/INFO] [STDERR/]: [dev.latvian.mods.kubejs.client.GeneratedClientResourcePack:generate:129]: 	at MC-BOOTSTRAP/cpw.mods.modlauncher@10.0.9/cpw.mods.modlauncher.BootstrapLaunchConsumer.accept(BootstrapLaunchConsumer.java:23)
[28May2026 14:36:45.260] [Render thread/INFO] [STDERR/]: [dev.latvian.mods.kubejs.client.GeneratedClientResourcePack:generate:129]: 	at cpw.mods.bootstraplauncher@1.1.2/cpw.mods.bootstraplauncher.BootstrapLauncher.main(BootstrapLauncher.java:141)
[28May2026 14:36:45.260] [Render thread/INFO] [STDERR/]: [dev.latvian.mods.kubejs.client.GeneratedClientResourcePack:generate:129]: 	at java.base/jdk.internal.reflect.NativeMethodAccessorImpl.invoke0(Native Method)
[28May2026 14:36:45.260] [Render thread/INFO] [STDERR/]: [dev.latvian.mods.kubejs.client.GeneratedClientResourcePack:generate:129]: 	at java.base/jdk.internal.reflect.NativeMethodAccessorImpl.invoke(NativeMethodAccessorImpl.java:77)
[28May2026 14:36:45.260] [Render thread/INFO] [STDERR/]: [dev.latvian.mods.kubejs.client.GeneratedClientResourcePack:generate:129]: 	at java.base/jdk.internal.reflect.DelegatingMethodAccessorImpl.invoke(DelegatingMethodAccessorImpl.java:43)
[28May2026 14:36:45.261] [Render thread/INFO] [STDERR/]: [dev.latvian.mods.kubejs.client.GeneratedClientResourcePack:generate:129]: 	at java.base/java.lang.reflect.Method.invoke(Method.java:569)
[28May2026 14:36:45.261] [Render thread/INFO] [STDERR/]: [dev.latvian.mods.kubejs.client.GeneratedClientResourcePack:generate:129]: 	at io.github.zekerzhayard.forgewrapper.installer.Main.main(Main.java:67)
[28May2026 14:36:45.261] [Render thread/INFO] [STDERR/]: [dev.latvian.mods.kubejs.client.GeneratedClientResourcePack:generate:129]: 	at org.prismlauncher.launcher.impl.StandardLauncher.launch(StandardLauncher.java:115)
[28May2026 14:36:45.261] [Render thread/INFO] [STDERR/]: [dev.latvian.mods.kubejs.client.GeneratedClientResourcePack:generate:129]: 	at org.prismlauncher.EntryPoint.listen(EntryPoint.java:129)
[28May2026 14:36:45.261] [Render thread/INFO] [STDERR/]: [dev.latvian.mods.kubejs.client.GeneratedClientResourcePack:generate:129]: 	at org.prismlauncher.EntryPoint.main(EntryPoint.java:70)
[28May2026 14:36:45.261] [Render thread/INFO] [STDERR/]: [java.lang.Throwable:printStackTrace:650]: Caused by: com.google.gson.stream.MalformedJsonException: Unterminated object at line 11 column 6 path $.item.enderio.sculk_superconductor_conduit
[28May2026 14:36:45.261] [Render thread/INFO] [STDERR/]: [java.lang.Throwable:printStackTrace:650]: 	at MC-BOOTSTRAP/com.google.gson@2.10/com.google.gson.stream.JsonReader.syntaxError(JsonReader.java:1657)
[28May2026 14:36:45.261] [Render thread/INFO] [STDERR/]: [java.lang.Throwable:printStackTrace:650]: 	at MC-BOOTSTRAP/com.google.gson@2.10/com.google.gson.stream.JsonReader.doPeek(JsonReader.java:500)
[28May2026 14:36:45.261] [Render thread/INFO] [STDERR/]: [java.lang.Throwable:printStackTrace:650]: 	at MC-BOOTSTRAP/com.google.gson@2.10/com.google.gson.stream.JsonReader.hasNext(JsonReader.java:422)
[28May2026 14:36:45.261] [Render thread/INFO] [STDERR/]: [java.lang.Throwable:printStackTrace:650]: 	at MC-BOOTSTRAP/com.google.gson@2.10/com.google.gson.internal.bind.TypeAdapters$28.read(TypeAdapters.java:779)
[28May2026 14:36:45.261] [Render thread/INFO] [STDERR/]: [java.lang.Throwable:printStackTrace:650]: 	at MC-BOOTSTRAP/com.google.gson@2.10/com.google.gson.internal.bind.TypeAdapters$28.read(TypeAdapters.java:725)
[28May2026 14:36:45.261] [Render thread/INFO] [STDERR/]: [java.lang.Throwable:printStackTrace:650]: 	at MC-BOOTSTRAP/com.google.gson@2.10/com.google.gson.internal.bind.TypeAdapters$34$1.read(TypeAdapters.java:1007)
[28May2026 14:36:45.261] [Render thread/INFO] [STDERR/]: [java.lang.Throwable:printStackTrace:650]: 	at MC-BOOTSTRAP/com.google.gson@2.10/com.google.gson.Gson.fromJson(Gson.java:1214)
[28May2026 14:36:45.261] [Render thread/INFO] [STDERR/]: [java.lang.Throwable:printStackTrace:650]: 	... 32 more
[28May2026 14:36:45.375] [Render thread/INFO] [net.minecraft.server.packs.resources.ReloadableResourceManager/]: Reloading ResourceManager: gtceu:dynamic_assets, tconstruct:dynamic_assets, mod_resources, vanilla, generated/fragmentum_layer, Moonlight Mods Dynamic Assets, obscure_tooltips/packs/vibrant_tooltips, KubeJS Resource Pack [assets], ldlib
[28May2026 14:36:45.380] [Worker-ResourceReload-0/INFO] [Moonlight/]: Starting runtime resource generation for pack type CLIENT_RESOURCES with generators from mods [supplementaries, moonlight, supplementaries, vista]: [net.mehvahdjukaar.supplementaries.dynamicpack.ClientDynamicResourcesGenerator@19ad8dfd, net.mehvahdjukaar.moonlight.core.MoonlightClient$MLDynamicClientResources@7abc2e94, net.mehvahdjukaar.vista.client.VistaDynamicResources@658f9dd1]
[28May2026 14:36:45.381] [Worker-ResourceReload-0/INFO] [Moonlight/]: Generating runtime assets for pack Moonlight Mods Dynamic Assets (supplementaries)
[28May2026 14:36:45.477] [FTB Backups Config Watcher 0/INFO] [net.creeperhost.ftbbackups.FTBBackups/]: Config at /home/bigh/.var/app/org.prismlauncher.PrismLauncher/data/PrismLauncher/instances/GregTech Community Pack Modern/minecraft/config/ftbbackups2.json has changed, reloaded!
[28May2026 14:36:45.654] [Render thread/INFO] [Emojiful/]: Loaded 2008 emojis
[28May2026 14:36:45.655] [Render thread/INFO] [KubeJS Client/]: Client resource reload complete!
[28May2026 14:36:45.982] [Worker-ResourceReload-0/INFO] [Supplementaries/]: Generated runtime CLIENT_RESOURCES for pack Moonlight Mods Dynamic Assets (supplementaries) in: 601 ms (multithreaded)
[28May2026 14:36:45.983] [Worker-ResourceReload-0/INFO] [Moonlight/]: Generating runtime assets for pack Moonlight Mods Dynamic Assets (moonlight)
[28May2026 14:36:45.983] [Worker-ResourceReload-0/INFO] [Moonlight/]: Generated runtime CLIENT_RESOURCES for pack Moonlight Mods Dynamic Assets (moonlight) in: 0 ms (multithreaded)
[28May2026 14:36:45.983] [Worker-ResourceReload-0/INFO] [Moonlight/]: Generating runtime assets for pack Moonlight Mods Dynamic Assets (vista)
[28May2026 14:36:45.984] [Worker-ResourceReload-0/INFO] [Vista/]: Generated runtime CLIENT_RESOURCES for pack Moonlight Mods Dynamic Assets (vista) in: 0 ms (multithreaded)
[28May2026 14:36:45.984] [Worker-ResourceReload-0/INFO] [Moonlight/]: Finished runtime resources generation for 4 packs in a total of 603 ms
[28May2026 14:36:46.019] [Render thread/INFO] [mixin/]: Mixing client.MixinJoinMultiplayerScreen from mixins/common/nochatreports.mixins.json into net.minecraft.client.gui.screens.multiplayer.JoinMultiplayerScreen
[28May2026 14:36:46.019] [Render thread/INFO] [mixin/]: Renaming synthetic method lambda$onInit$2()Lnet/minecraft/network/chat/Component; to md8a0817$lambda$onInit$2$0 in mixins/common/nochatreports.mixins.json:client.MixinJoinMultiplayerScreen
[28May2026 14:36:46.019] [Render thread/INFO] [mixin/]: Renaming synthetic method lambda$onInit$1(Lnet/minecraft/client/gui/components/Button;)V to md8a0817$lambda$onInit$1$1 in mixins/common/nochatreports.mixins.json:client.MixinJoinMultiplayerScreen
[28May2026 14:36:46.019] [Render thread/INFO] [mixin/]: Renaming synthetic method lambda$onInit$0(Lnet/minecraft/client/gui/components/Button;)V to md8a0817$lambda$onInit$0$2 in mixins/common/nochatreports.mixins.json:client.MixinJoinMultiplayerScreen
[28May2026 14:36:46.095] [Worker-ResourceReload-1/WARN] [net.minecraft.client.sounds.SoundManager/]: File supplementaries:sounds/item/awning_bounce_1.ogg does not exist, cannot add it to event supplementaries:block.awning.bounce
[28May2026 14:36:46.095] [Worker-ResourceReload-1/WARN] [net.minecraft.client.sounds.SoundManager/]: File supplementaries:sounds/item/awning_bounce_2.ogg does not exist, cannot add it to event supplementaries:block.awning.bounce
[28May2026 14:36:46.096] [Worker-ResourceReload-1/WARN] [net.minecraft.client.sounds.SoundManager/]: File supplementaries:sounds/item/awning_bounce_3.ogg does not exist, cannot add it to event supplementaries:block.awning.bounce
[28May2026 14:36:46.096] [Worker-ResourceReload-4/INFO] [net.minecraft.client.gui.font.providers.UnihexProvider/]: Found unifont_all_no_pua-15.0.06.hex, loading
[28May2026 14:36:46.105] [modloading-worker-0/INFO] [Puzzles Lib/]: Loading client config for hangglider
[28May2026 14:36:46.126] [modloading-worker-0/INFO] [PluginManager/]: Executing phase CONFIG_LOAD for plugin class PatchouliPlugin
[28May2026 14:36:46.126] [modloading-worker-0/INFO] [PluginManager/]: Executing phase CONFIG_LOAD for plugin class CuriosPlugin
[28May2026 14:36:46.127] [modloading-worker-0/INFO] [PluginManager/]: Executing phase CONFIG_LOAD for plugin class PatchouliPlugin
[28May2026 14:36:46.127] [modloading-worker-0/INFO] [PluginManager/]: Executing phase CONFIG_LOAD for plugin class CuriosPlugin
[28May2026 14:36:46.128] [modloading-worker-0/INFO] [PluginManager/]: Executing phase CONFIG_LOAD for plugin class PatchouliPlugin
[28May2026 14:36:46.128] [modloading-worker-0/INFO] [PluginManager/]: Executing phase CONFIG_LOAD for plugin class CuriosPlugin
[28May2026 14:36:46.129] [modloading-worker-0/INFO] [PluginManager/]: Executing phase CONFIG_LOAD for plugin class PatchouliPlugin
[28May2026 14:36:46.129] [modloading-worker-0/INFO] [PluginManager/]: Executing phase CONFIG_LOAD for plugin class CuriosPlugin
[28May2026 14:36:46.129] [modloading-worker-0/INFO] [PluginManager/]: Executing phase CONFIG_LOAD for plugin class PatchouliPlugin
[28May2026 14:36:46.129] [modloading-worker-0/INFO] [PluginManager/]: Executing phase CONFIG_LOAD for plugin class CuriosPlugin
[28May2026 14:36:46.169] [modloading-worker-0/WARN] [net.minecraftforge.common.ForgeConfigSpec/CORE]: Configuration file /home/bigh/.var/app/org.prismlauncher.PrismLauncher/data/PrismLauncher/instances/GregTech Community Pack Modern/minecraft/config/NuclearCraft/common.toml is not correct. Correcting
[28May2026 14:36:46.170] [modloading-worker-0/WARN] [net.minecraftforge.common.ForgeConfigSpec/CORE]: Incorrect key GregTech Energy Compatibility.fission_reactor_energy_tier was corrected from EV to its default, EV. 
[28May2026 14:36:46.170] [modloading-worker-0/WARN] [net.minecraftforge.common.ForgeConfigSpec/CORE]: Incorrect key GregTech Energy Compatibility.turbine_energy_tier was corrected from EV to its default, EV. 
[28May2026 14:36:46.170] [modloading-worker-0/WARN] [net.minecraftforge.common.ForgeConfigSpec/CORE]: Incorrect key GregTech Energy Compatibility.fusion_reactor_energy_tier was corrected from IV to its default, IV. 
[28May2026 14:36:46.170] [modloading-worker-0/WARN] [net.minecraftforge.common.ForgeConfigSpec/CORE]: Incorrect key GregTech Energy Compatibility.kugelblitz_energy_tier was corrected from LuV to its default, LuV. 
[28May2026 14:36:46.170] [modloading-worker-0/WARN] [net.minecraftforge.common.ForgeConfigSpec/CORE]: Incorrect key GregTech Energy Compatibility.accelerators_energy_tier was corrected from LuV to its default, LuV. 
[28May2026 14:36:46.170] [modloading-worker-0/WARN] [net.minecraftforge.common.ForgeConfigSpec/CORE]: Incorrect key GregTech Energy Compatibility.processor_energy_tier was corrected from MV to its default, MV. 
[28May2026 14:36:46.181] [modloading-worker-0/INFO] [net.blay09.mods.craftingtweaks.registry.ModFileJsonCompatLoader/]: Mod file craftingtweaks has registered com.blakebr0.extendedcrafting.container.UltimateAutoTableContainer of extendedcrafting with CraftingTweaks
[28May2026 14:36:46.181] [modloading-worker-0/INFO] [net.blay09.mods.craftingtweaks.registry.ModFileJsonCompatLoader/]: Mod file craftingtweaks has registered com.blakebr0.extendedcrafting.container.UltimateTableContainer of extendedcrafting with CraftingTweaks
[28May2026 14:36:46.181] [modloading-worker-0/INFO] [net.blay09.mods.craftingtweaks.registry.ModFileJsonCompatLoader/]: Mod file craftingtweaks has registered com.blakebr0.extendedcrafting.container.EliteAutoTableContainer of extendedcrafting with CraftingTweaks
[28May2026 14:36:46.182] [modloading-worker-0/INFO] [net.blay09.mods.craftingtweaks.registry.ModFileJsonCompatLoader/]: Mod file craftingtweaks has registered com.blakebr0.extendedcrafting.container.EliteTableContainer of extendedcrafting with CraftingTweaks
[28May2026 14:36:46.182] [modloading-worker-0/INFO] [net.blay09.mods.craftingtweaks.registry.ModFileJsonCompatLoader/]: Mod file craftingtweaks has registered com.blakebr0.extendedcrafting.container.BasicAutoTableContainer of extendedcrafting with CraftingTweaks
[28May2026 14:36:46.182] [modloading-worker-0/INFO] [net.blay09.mods.craftingtweaks.registry.ModFileJsonCompatLoader/]: Mod file craftingtweaks has registered com.blakebr0.extendedcrafting.container.AdvancedAutoTableContainer of extendedcrafting with CraftingTweaks
[28May2026 14:36:46.182] [modloading-worker-0/INFO] [net.blay09.mods.craftingtweaks.registry.ModFileJsonCompatLoader/]: Mod file craftingtweaks has registered com.blakebr0.extendedcrafting.container.AdvancedTableContainer of extendedcrafting with CraftingTweaks
[28May2026 14:36:46.182] [modloading-worker-0/INFO] [net.blay09.mods.craftingtweaks.registry.ModFileJsonCompatLoader/]: Mod file craftingtweaks has registered com.blakebr0.extendedcrafting.container.BasicTableContainer of extendedcrafting with CraftingTweaks
[28May2026 14:36:46.206] [Worker-ResourceReload-8/INFO] [PluginManager/]: Executing phase COMMON_SETUP for plugin class PatchouliPlugin
[28May2026 14:36:46.206] [Worker-ResourceReload-8/INFO] [PluginManager/]: Executing phase COMMON_SETUP for plugin class CuriosPlugin
[28May2026 14:36:46.214] [Forge Version Check/INFO] [net.minecraftforge.fml.VersionChecker/]: [ironjetpacks] Starting version check at https://api.blakesmods.com/v2/mods/ironjetpacks/1.20/updates
[28May2026 14:36:46.275] [Worker-ResourceReload-10/INFO] [FTB Library/]: Setting game stages provider implementation to: KubeJS Stages
[28May2026 14:36:46.275] [Worker-ResourceReload-10/INFO] [FTB XMod Compat/]: Chose [KubeJS Stages] as the active game stages implementation
[28May2026 14:36:46.276] [Worker-ResourceReload-10/INFO] [FTB XMod Compat/]: Chose [FALLBACK] as the active permissions implementation
[28May2026 14:36:46.280] [Worker-ResourceReload-10/INFO] [FTB XMod Compat/]: [FTB Quests] recipe helper provider is [REI]
[28May2026 14:36:46.283] [Worker-ResourceReload-10/INFO] [FTB XMod Compat/]: [FTB Quests] Enabled Item Filters integration
[28May2026 14:36:46.286] [Worker-ResourceReload-10/INFO] [xaero.lib.XaeroLib/]: Loading XaeroLib common 1/2!
[28May2026 14:36:46.310] [Worker-ResourceReload-7/INFO] [de.castcrafter.travelanchors.TravelAnchors/]: Loading TravelAnchors
[28May2026 14:36:46.346] [Thread-4/INFO] [ModernFix/]: Please use /mfrc to reload any changed mod config files
[28May2026 14:36:46.398] [Forge Version Check/INFO] [net.minecraftforge.fml.VersionChecker/]: [ironjetpacks] Found status: UP_TO_DATE Current: 7.0.9 Target: null
[28May2026 14:36:46.398] [Forge Version Check/INFO] [net.minecraftforge.fml.VersionChecker/]: [searchables] Starting version check at https://updates.blamejared.com/get?n=searchables&gv=1.20.1
[28May2026 14:36:46.529] [Forge Version Check/INFO] [net.minecraftforge.fml.VersionChecker/]: [searchables] Found status: BETA Current: 1.0.3 Target: 1.0.3
[28May2026 14:36:46.529] [Forge Version Check/INFO] [net.minecraftforge.fml.VersionChecker/]: [codechickenlib] Starting version check at https://version-check.covers1624.net/check/?mod=CodeChickenLib&mc=1.20.1
[28May2026 14:36:46.554] [Render thread/INFO] [GregTechCEu/]: GregTech Model loading took 505ms
[28May2026 14:36:46.597] [Render thread/INFO] [electrolyte.greate.Greate/]: Greate model loading took 43ms
[28May2026 14:36:46.750] [Worker-ResourceReload-7/INFO] [Mantle/]: Loaded 74 fluid textures in 6.673623 ms
[28May2026 14:36:47.061] [Worker-ResourceReload-2/ERROR] [net.minecraft.client.resources.model.ModelManager/]: Failed to load model enderio:models/block/athena/basic_capacitor_bank_part.json
com.google.gson.JsonParseException: Model loader 'athena:athena' not found. Registered loaders: tconstruct:material, expatternprovider:active_formation_plane, sophisticatedbackpacks:backpack, expatternprovider:active_formation_plane_on, codechickenlib:class, enderio:conduit, forge:elements, forge:obj, tconstruct:tool, sophisticatedstorage:limited_barrel, mantle:colored_block, supplementaries:sign_post, gtceu:pipe, supplementaries:rope_knot, supplementaries:book_pile, architects_palette:wrapped, supplementaries:bunting, mantle:retextured, enderio:modloaded, supplementaries:goblet, sophisticatedstorage:shulker_box, forge:separate_transforms, codechickenlib:item_composite, enderio:painted_block, sophisticatedstorage:simple_composite, supplementaries:frame_block, mantle:item_layer, expatternprovider:ex_drive, supplementaries:extra_rotation, gtceu:machine, computercraft:turtle, tconstruct:fluid_texture, supplementaries:blackboard, framedblocks:overlay, sophisticatedstorage:barrel, ldlib:renderer, expatternprovider:assembler_matrix_glass, supplementaries:flower_box, sophisticatedstorage:chest, mantle:connected, guideme:guide_item_dispatcher, mantle:fallback, tconstruct:tank, supplementaries:jar, supplementaries:faucet, forge:empty, mantle:nbt_key, tconstruct:gui, tconstruct:fluid_container, forge:fluid_container, forge:composite, nuclearcraft:battery_loader, enderio:io_overlay, forge:item_layers, tconstruct:material_block, gtceu:facade, lootr:barrel
	at net.minecraftforge.client.model.ExtendedBlockModelDeserializer.deserializeGeometry(ExtendedBlockModelDeserializer.java:103) ~[forge-1.20.1-47.4.10-universal.jar%23480!/:?]
	at net.minecraftforge.client.model.ExtendedBlockModelDeserializer.deserialize(ExtendedBlockModelDeserializer.java:55) ~[forge-1.20.1-47.4.10-universal.jar%23480!/:?]
	at net.minecraftforge.client.model.ExtendedBlockModelDeserializer.deserialize(ExtendedBlockModelDeserializer.java:38) ~[forge-1.20.1-47.4.10-universal.jar%23480!/:?]
	at com.google.gson.internal.bind.TreeTypeAdapter.read(TreeTypeAdapter.java:76) ~[gson-2.10.jar%2388!/:?]
	at net.minecraft.util.GsonHelper.m_13780_(GsonHelper.java:524) ~[client-1.20.1-20230612.114412-srg.jar%23475!/:?]
	at net.minecraft.util.GsonHelper.m_263475_(GsonHelper.java:531) ~[client-1.20.1-20230612.114412-srg.jar%23475!/:?]
	at net.minecraft.util.GsonHelper.m_13776_(GsonHelper.java:581) ~[client-1.20.1-20230612.114412-srg.jar%23475!/:?]
	at net.minecraft.client.renderer.block.model.BlockModel.m_111461_(BlockModel.java:74) ~[client-1.20.1-20230612.114412-srg.jar%23475!/:?]
	at net.minecraft.client.resources.model.ModelManager.m_246478_(ModelManager.java:110) ~[client-1.20.1-20230612.114412-srg.jar%23475!/:?]
	at java.util.concurrent.CompletableFuture$AsyncSupply.run(CompletableFuture.java:1768) ~[?:?]
	at java.util.concurrent.CompletableFuture$AsyncSupply.exec(CompletableFuture.java:1760) ~[?:?]
	at java.util.concurrent.ForkJoinTask.doExec(ForkJoinTask.java:373) ~[?:?]
	at java.util.concurrent.ForkJoinPool$WorkQueue.topLevelExec(ForkJoinPool.java:1182) ~[?:?]
	at java.util.concurrent.ForkJoinPool.scan(ForkJoinPool.java:1655) ~[?:?]
	at java.util.concurrent.ForkJoinPool.runWorker(ForkJoinPool.java:1622) ~[?:?]
	at java.util.concurrent.ForkJoinWorkerThread.run(ForkJoinWorkerThread.java:165) ~[?:?]
[28May2026 14:36:47.057] [Worker-ResourceReload-9/ERROR] [net.minecraft.client.resources.model.ModelManager/]: Failed to load model enderio:models/block/athena/advanced_capacitor_bank_part.json
com.google.gson.JsonParseException: Model loader 'athena:athena' not found. Registered loaders: tconstruct:material, expatternprovider:active_formation_plane, sophisticatedbackpacks:backpack, expatternprovider:active_formation_plane_on, codechickenlib:class, enderio:conduit, forge:elements, forge:obj, tconstruct:tool, sophisticatedstorage:limited_barrel, mantle:colored_block, supplementaries:sign_post, gtceu:pipe, supplementaries:rope_knot, supplementaries:book_pile, architects_palette:wrapped, supplementaries:bunting, mantle:retextured, enderio:modloaded, supplementaries:goblet, sophisticatedstorage:shulker_box, forge:separate_transforms, codechickenlib:item_composite, enderio:painted_block, sophisticatedstorage:simple_composite, supplementaries:frame_block, mantle:item_layer, expatternprovider:ex_drive, supplementaries:extra_rotation, gtceu:machine, computercraft:turtle, tconstruct:fluid_texture, supplementaries:blackboard, framedblocks:overlay, sophisticatedstorage:barrel, ldlib:renderer, expatternprovider:assembler_matrix_glass, supplementaries:flower_box, sophisticatedstorage:chest, mantle:connected, guideme:guide_item_dispatcher, mantle:fallback, tconstruct:tank, supplementaries:jar, supplementaries:faucet, forge:empty, mantle:nbt_key, tconstruct:gui, tconstruct:fluid_container, forge:fluid_container, forge:composite, nuclearcraft:battery_loader, enderio:io_overlay, forge:item_layers, tconstruct:material_block, gtceu:facade, lootr:barrel
	at net.minecraftforge.client.model.ExtendedBlockModelDeserializer.deserializeGeometry(ExtendedBlockModelDeserializer.java:103) ~[forge-1.20.1-47.4.10-universal.jar%23480!/:?]
	at net.minecraftforge.client.model.ExtendedBlockModelDeserializer.deserialize(ExtendedBlockModelDeserializer.java:55) ~[forge-1.20.1-47.4.10-universal.jar%23480!/:?]
	at net.minecraftforge.client.model.ExtendedBlockModelDeserializer.deserialize(ExtendedBlockModelDeserializer.java:38) ~[forge-1.20.1-47.4.10-universal.jar%23480!/:?]
	at com.google.gson.internal.bind.TreeTypeAdapter.read(TreeTypeAdapter.java:76) ~[gson-2.10.jar%2388!/:?]
	at net.minecraft.util.GsonHelper.m_13780_(GsonHelper.java:524) ~[client-1.20.1-20230612.114412-srg.jar%23475!/:?]
	at net.minecraft.util.GsonHelper.m_263475_(GsonHelper.java:531) ~[client-1.20.1-20230612.114412-srg.jar%23475!/:?]
	at net.minecraft.util.GsonHelper.m_13776_(GsonHelper.java:581) ~[client-1.20.1-20230612.114412-srg.jar%23475!/:?]
	at net.minecraft.client.renderer.block.model.BlockModel.m_111461_(BlockModel.java:74) ~[client-1.20.1-20230612.114412-srg.jar%23475!/:?]
	at net.minecraft.client.resources.model.ModelManager.m_246478_(ModelManager.java:110) ~[client-1.20.1-20230612.114412-srg.jar%23475!/:?]
	at java.util.concurrent.CompletableFuture$AsyncSupply.run(CompletableFuture.java:1768) ~[?:?]
	at java.util.concurrent.CompletableFuture$AsyncSupply.exec(CompletableFuture.java:1760) ~[?:?]
	at java.util.concurrent.ForkJoinTask.doExec(ForkJoinTask.java:373) ~[?:?]
	at java.util.concurrent.ForkJoinPool$WorkQueue.topLevelExec(ForkJoinPool.java:1182) ~[?:?]
	at java.util.concurrent.ForkJoinPool.scan(ForkJoinPool.java:1655) ~[?:?]
	at java.util.concurrent.ForkJoinPool.runWorker(ForkJoinPool.java:1622) ~[?:?]
	at java.util.concurrent.ForkJoinWorkerThread.run(ForkJoinWorkerThread.java:165) ~[?:?]
[28May2026 14:36:47.063] [Worker-ResourceReload-2/ERROR] [net.minecraft.client.resources.model.ModelManager/]: Failed to load model enderio:models/block/athena/vibrant_capacitor_bank_part.json
com.google.gson.JsonParseException: Model loader 'athena:athena' not found. Registered loaders: tconstruct:material, expatternprovider:active_formation_plane, sophisticatedbackpacks:backpack, expatternprovider:active_formation_plane_on, codechickenlib:class, enderio:conduit, forge:elements, forge:obj, tconstruct:tool, sophisticatedstorage:limited_barrel, mantle:colored_block, supplementaries:sign_post, gtceu:pipe, supplementaries:rope_knot, supplementaries:book_pile, architects_palette:wrapped, supplementaries:bunting, mantle:retextured, enderio:modloaded, supplementaries:goblet, sophisticatedstorage:shulker_box, forge:separate_transforms, codechickenlib:item_composite, enderio:painted_block, sophisticatedstorage:simple_composite, supplementaries:frame_block, mantle:item_layer, expatternprovider:ex_drive, supplementaries:extra_rotation, gtceu:machine, computercraft:turtle, tconstruct:fluid_texture, supplementaries:blackboard, framedblocks:overlay, sophisticatedstorage:barrel, ldlib:renderer, expatternprovider:assembler_matrix_glass, supplementaries:flower_box, sophisticatedstorage:chest, mantle:connected, guideme:guide_item_dispatcher, mantle:fallback, tconstruct:tank, supplementaries:jar, supplementaries:faucet, forge:empty, mantle:nbt_key, tconstruct:gui, tconstruct:fluid_container, forge:fluid_container, forge:composite, nuclearcraft:battery_loader, enderio:io_overlay, forge:item_layers, tconstruct:material_block, gtceu:facade, lootr:barrel
	at net.minecraftforge.client.model.ExtendedBlockModelDeserializer.deserializeGeometry(ExtendedBlockModelDeserializer.java:103) ~[forge-1.20.1-47.4.10-universal.jar%23480!/:?]
	at net.minecraftforge.client.model.ExtendedBlockModelDeserializer.deserialize(ExtendedBlockModelDeserializer.java:55) ~[forge-1.20.1-47.4.10-universal.jar%23480!/:?]
	at net.minecraftforge.client.model.ExtendedBlockModelDeserializer.deserialize(ExtendedBlockModelDeserializer.java:38) ~[forge-1.20.1-47.4.10-universal.jar%23480!/:?]
	at com.google.gson.internal.bind.TreeTypeAdapter.read(TreeTypeAdapter.java:76) ~[gson-2.10.jar%2388!/:?]
	at net.minecraft.util.GsonHelper.m_13780_(GsonHelper.java:524) ~[client-1.20.1-20230612.114412-srg.jar%23475!/:?]
	at net.minecraft.util.GsonHelper.m_263475_(GsonHelper.java:531) ~[client-1.20.1-20230612.114412-srg.jar%23475!/:?]
	at net.minecraft.util.GsonHelper.m_13776_(GsonHelper.java:581) ~[client-1.20.1-20230612.114412-srg.jar%23475!/:?]
	at net.minecraft.client.renderer.block.model.BlockModel.m_111461_(BlockModel.java:74) ~[client-1.20.1-20230612.114412-srg.jar%23475!/:?]
	at net.minecraft.client.resources.model.ModelManager.m_246478_(ModelManager.java:110) ~[client-1.20.1-20230612.114412-srg.jar%23475!/:?]
	at java.util.concurrent.CompletableFuture$AsyncSupply.run(CompletableFuture.java:1768) ~[?:?]
	at java.util.concurrent.CompletableFuture$AsyncSupply.exec(CompletableFuture.java:1760) ~[?:?]
	at java.util.concurrent.ForkJoinTask.doExec(ForkJoinTask.java:373) ~[?:?]
	at java.util.concurrent.ForkJoinPool$WorkQueue.topLevelExec(ForkJoinPool.java:1182) ~[?:?]
	at java.util.concurrent.ForkJoinPool.scan(ForkJoinPool.java:1655) ~[?:?]
	at java.util.concurrent.ForkJoinPool.runWorker(ForkJoinPool.java:1622) ~[?:?]
	at java.util.concurrent.ForkJoinWorkerThread.run(ForkJoinWorkerThread.java:165) ~[?:?]
[28May2026 14:36:47.249] [Worker-ResourceReload-3/WARN] [net.minecraft.client.renderer.texture.atlas.sources.SingleFile/]: Missing sprite: kubejs:textures/block/netherite/casing_ctm.png
[28May2026 14:36:47.249] [Render thread/INFO] [zeta/]: Common setup: Performing initial refresh of zeta's config on thread 'Render thread'
[28May2026 14:36:47.250] [Render thread/INFO] [zeta/]: 'zeta' is enabling Zeta's piston structure resolver.
[28May2026 14:36:47.255] [Render thread/INFO] [zeta/]: zeta's config is now ready to accept filewatcher changes
[28May2026 14:36:47.283] [Worker-ResourceReload-3/WARN] [net.minecraft.client.renderer.texture.atlas.sources.SingleFile/]: Missing sprite: kubejs:textures/block/cryolobus/cryococcus_casing_ctm.png
[28May2026 14:36:47.312] [Render thread/INFO] [STDOUT/]: [igentuman.nc.content.particles.ParticleSources:registerRuntimeSources:59]: Posting RegisterParticleSourceItemEvent to KubeJS
[28May2026 14:36:47.312] [Render thread/INFO] [STDOUT/]: [igentuman.nc.compat.kubejs.NCKubeJsEvents:onParticleItemSourcesRegister:47]: Registered custom particle item sources via KubeJS
[28May2026 14:36:47.312] [Render thread/INFO] [STDOUT/]: [igentuman.nc.content.particles.ParticleSources:registerRuntimeSources:67]: Posting RegisterParticleSourceFluidEvent to KubeJS
[28May2026 14:36:47.312] [Render thread/INFO] [STDOUT/]: [igentuman.nc.compat.kubejs.NCKubeJsEvents:onParticleFluidSourcesRegister:53]: Registered custom particle fluid sources via KubeJS
[28May2026 14:36:47.408] [Forge Version Check/INFO] [net.minecraftforge.fml.VersionChecker/]: [codechickenlib] Found status: UP_TO_DATE Current: 4.4.0.516 Target: null
[28May2026 14:36:47.408] [Forge Version Check/INFO] [net.minecraftforge.fml.VersionChecker/]: [radium] Starting version check at https://api.modrinth.com/updates/radium/forge_updates.json
[28May2026 14:36:47.556] [Render thread/INFO] [Moonlight/]: Initialized color sets in 167ms
[28May2026 14:36:47.597] [Forge Version Check/INFO] [net.minecraftforge.fml.VersionChecker/]: [radium] Found status: AHEAD Current: 0.12.4+git.26c9d8e Target: null
[28May2026 14:36:47.597] [Forge Version Check/INFO] [net.minecraftforge.fml.VersionChecker/]: [fastload] Starting version check at https://github.com/BumbleSoftware/Fastload/raw/Forge-1.20.1/updates.json
[28May2026 14:36:47.633] [Worker-ResourceReload-3/WARN] [net.minecraft.client.renderer.texture.atlas.sources.SingleFile/]: Missing sprite: kubejs:textures/block/biosculk/casing_ctm.png
[28May2026 14:36:47.706] [Render thread/INFO] [GregTechCEu/]: CC: Tweaked found. Enabling integration...
[28May2026 14:36:47.723] [Render thread/INFO] [net.neganote.gtutilities.GregTechModernUtilities/]: Hello from common setup! This is *after* registries are done, so we can do this:
[28May2026 14:36:47.724] [Render thread/INFO] [net.neganote.gtutilities.GregTechModernUtilities/]: Look, I found a diamond!
[28May2026 14:36:47.726] [Forge Version Check/INFO] [net.minecraftforge.fml.VersionChecker/]: [fastload] Found status: UP_TO_DATE Current: 3.4.0 Target: null
[28May2026 14:36:47.726] [Forge Version Check/INFO] [net.minecraftforge.fml.VersionChecker/]: [attributefix] Starting version check at https://updates.blamejared.com/get?n=attributefix&gv=1.20.1
[28May2026 14:36:47.734] [Render thread/INFO] [terrablender/]: Registered region minecraft:overworld to index 0 for type OVERWORLD
[28May2026 14:36:47.735] [Render thread/INFO] [terrablender/]: Registered region minecraft:nether to index 0 for type NETHER
[28May2026 14:36:47.735] [Render thread/INFO] [terrablender/]: Registered region quark:biome_provider to index 1 for type OVERWORLD
[28May2026 14:36:47.736] [Render thread/INFO] [quark-zeta/]: Common setup: Performing initial refresh of quark's config on thread 'Render thread'
[28May2026 14:36:47.760] [Forge Version Check/INFO] [net.minecraftforge.fml.VersionChecker/]: [attributefix] Found status: BETA Current: 21.0.5 Target: 21.0.5
[28May2026 14:36:47.760] [Forge Version Check/INFO] [net.minecraftforge.fml.VersionChecker/]: [fragmentum] Starting version check at https://raw.githubusercontent.com/ObscuriaLithium/modding/main/versions/fragmentum.json
[28May2026 14:36:47.777] [Forge Version Check/INFO] [net.minecraftforge.fml.VersionChecker/]: [fragmentum] Found status: UP_TO_DATE Current: 1.3.0 Target: null
[28May2026 14:36:47.778] [Forge Version Check/INFO] [net.minecraftforge.fml.VersionChecker/]: [libx] Starting version check at https://assets.melanx.de/updates/libx.json
[28May2026 14:36:47.789] [Worker-ResourceReload-6/WARN] [net.minecraft.client.renderer.texture.SpriteContents/]: Unused frames in sprite enderio:block/primitive_alloy_smelter_front_active: [4, 5]
[28May2026 14:36:47.836] [Render thread/INFO] [quark-zeta/]: quark's config is now ready to accept filewatcher changes
[28May2026 14:36:47.899] [Forge Version Check/INFO] [net.minecraftforge.fml.VersionChecker/]: [libx] Found status: AHEAD Current: 1.20.1-5.0.14 Target: null
[28May2026 14:36:47.900] [Forge Version Check/INFO] [net.minecraftforge.fml.VersionChecker/]: [puzzlesaccessapi] Starting version check at https://raw.githubusercontent.com/Fuzss/modresources/main/update/puzzlesaccessapi.json
[28May2026 14:36:47.904] [Render thread/INFO] [Supplementaries/]: Finished mod setup in: [4, 11, 0, 7, 0, 0, 41, 0] ms
[28May2026 14:36:47.914] [Forge Version Check/INFO] [net.minecraftforge.fml.VersionChecker/]: [puzzlesaccessapi] Found status: BETA Current: 20.1.1 Target: null
[28May2026 14:36:47.914] [Forge Version Check/INFO] [net.minecraftforge.fml.VersionChecker/]: [forge] Starting version check at https://files.minecraftforge.net/net/minecraftforge/forge/promotions_slim.json
[28May2026 14:36:48.010] [Worker-ResourceReload-7/WARN] [net.minecraft.client.renderer.texture.SpriteContents/]: Unused frames in sprite enderio:block/alloy_smelter_front_active: [4, 5]
[28May2026 14:36:48.028] [Worker-ResourceReload-5/INFO] [PluginManager/]: Executing phase CLIENT_SETUP for plugin class PatchouliPlugin
[28May2026 14:36:48.029] [Worker-ResourceReload-5/INFO] [PluginManager/]: Executing phase CLIENT_SETUP for plugin class CuriosPlugin
[28May2026 14:36:48.030] [Worker-ResourceReload-6/INFO] [Embeddium-CCL/]: Retrieving block renderers
[28May2026 14:36:48.032] [Worker-ResourceReload-6/INFO] [Embeddium-CCL/]: Retrieving fluid renderers
[28May2026 14:36:48.032] [Worker-ResourceReload-6/INFO] [Embeddium-CCL/]: Retrieving global renderers
[28May2026 14:36:48.037] [Worker-ResourceReload-7/INFO] [xaero.minimap.XaeroMinimap/]: Loading Xaero's Minimap - Stage 1/2
[28May2026 14:36:48.054] [Worker-ResourceReload-6/INFO] [xaero.map.WorldMap/]: Loading Xaero's World Map - Stage 1/2
[28May2026 14:36:48.058] [Placebo Patreon Trail Loader/INFO] [placebo/]: Loading patreon trails data...
[28May2026 14:36:48.060] [Placebo Patreon Wing Loader/INFO] [placebo/]: Loading patreon wing data...
[28May2026 14:36:48.081] [Placebo Patreon Trail Loader/INFO] [placebo/]: Loaded 48 patreon trails.
[28May2026 14:36:48.098] [Placebo Patreon Wing Loader/INFO] [placebo/]: Loaded 42 patreon wings.
[28May2026 14:36:48.100] [Forge Version Check/INFO] [net.minecraftforge.fml.VersionChecker/]: [forge] Found status: UP_TO_DATE Current: 47.4.10 Target: null
[28May2026 14:36:48.100] [Forge Version Check/INFO] [net.minecraftforge.fml.VersionChecker/]: [puzzleslib] Starting version check at https://raw.githubusercontent.com/Fuzss/modresources/main/update/puzzleslib.json
[28May2026 14:36:48.126] [Forge Version Check/INFO] [net.minecraftforge.fml.VersionChecker/]: [puzzleslib] Found status: UP_TO_DATE Current: 8.1.33 Target: null
[28May2026 14:36:48.126] [Forge Version Check/INFO] [net.minecraftforge.fml.VersionChecker/]: [extendedcrafting] Starting version check at https://api.blakesmods.com/v2/mods/extendedcrafting/1.20/updates
[28May2026 14:36:48.139] [Worker-ResourceReload-10/INFO] [xaero.lib.XaeroLib/]: Loading XaeroLib client 1/2!
[28May2026 14:36:48.235] [Forge Version Check/INFO] [net.minecraftforge.fml.VersionChecker/]: [extendedcrafting] Found status: OUTDATED Current: 6.0.10 Target: 6.0.11
[28May2026 14:36:48.235] [Forge Version Check/INFO] [net.minecraftforge.fml.VersionChecker/]: [controlling] Starting version check at https://updates.blamejared.com/get?n=controlling&gv=1.20.1
[28May2026 14:36:48.277] [Forge Version Check/INFO] [net.minecraftforge.fml.VersionChecker/]: [controlling] Found status: BETA Current: 12.0.2 Target: 12.0.2
[28May2026 14:36:48.277] [Forge Version Check/INFO] [net.minecraftforge.fml.VersionChecker/]: [bookshelf] Starting version check at https://updates.blamejared.com/get?n=bookshelf&gv=1.20.1
[28May2026 14:36:48.281] [Worker-ResourceReload-8/INFO] [dev.architectury.networking.forge.NetworkManagerImpl/]: Registering S2C receiver with id ae2wtlib:update_wut
[28May2026 14:36:48.282] [Worker-ResourceReload-8/INFO] [dev.architectury.networking.forge.NetworkManagerImpl/]: Registering S2C receiver with id ae2wtlib:update_restock
[28May2026 14:36:48.282] [Worker-ResourceReload-8/INFO] [dev.architectury.networking.forge.NetworkManagerImpl/]: Registering S2C receiver with id ae2wtlib:restock_amounts
[28May2026 14:36:48.310] [Forge Version Check/INFO] [net.minecraftforge.fml.VersionChecker/]: [bookshelf] Found status: BETA Current: 20.2.15 Target: 20.2.15
[28May2026 14:36:48.310] [Forge Version Check/INFO] [net.minecraftforge.fml.VersionChecker/]: [hangglider] Starting version check at https://raw.githubusercontent.com/Fuzss/modresources/main/update/hangglider.json
[28May2026 14:36:48.457] [Forge Version Check/INFO] [net.minecraftforge.fml.VersionChecker/]: [hangglider] Found status: UP_TO_DATE Current: 8.0.1 Target: null
[28May2026 14:36:48.457] [Forge Version Check/INFO] [net.minecraftforge.fml.VersionChecker/]: [computercraft] Starting version check at https://api.modrinth.com/updates/cc-tweaked/forge_updates.json
[28May2026 14:36:48.529] [Worker-ResourceReload-2/WARN] [net.minecraft.client.resources.model.ModelBakery/]: Exception loading blockstate definition: 'industrialforegoing:blockstates/machine_frame_pity.json' missing model for variant: 'industrialforegoing:machine_frame_pity#'
[28May2026 14:36:48.529] [Worker-ResourceReload-2/WARN] [net.minecraft.client.resources.model.ModelBakery/]: Exception loading blockstate definition: 'industrialforegoing:blockstates/machine_frame_simple.json' missing model for variant: 'industrialforegoing:machine_frame_simple#'
[28May2026 14:36:48.529] [Worker-ResourceReload-2/WARN] [net.minecraft.client.resources.model.ModelBakery/]: Exception loading blockstate definition: 'industrialforegoing:blockstates/machine_frame_advanced.json' missing model for variant: 'industrialforegoing:machine_frame_advanced#'
[28May2026 14:36:48.530] [Worker-ResourceReload-2/WARN] [net.minecraft.client.resources.model.ModelBakery/]: Exception loading blockstate definition: 'industrialforegoing:blockstates/machine_frame_supreme.json' missing model for variant: 'industrialforegoing:machine_frame_supreme#'
[28May2026 14:36:48.530] [Worker-ResourceReload-2/WARN] [net.minecraft.client.resources.model.ModelBakery/]: Exception loading blockstate definition: 'industrialforegoing:blockstates/latex.json' missing model for variant: 'industrialforegoing:latex#level=12'
[28May2026 14:36:48.530] [Worker-ResourceReload-2/WARN] [net.minecraft.client.resources.model.ModelBakery/]: Exception loading blockstate definition: 'industrialforegoing:blockstates/latex.json' missing model for variant: 'industrialforegoing:latex#level=11'
[28May2026 14:36:48.530] [Worker-ResourceReload-2/WARN] [net.minecraft.client.resources.model.ModelBakery/]: Exception loading blockstate definition: 'industrialforegoing:blockstates/latex.json' missing model for variant: 'industrialforegoing:latex#level=14'
[28May2026 14:36:48.530] [Worker-ResourceReload-2/WARN] [net.minecraft.client.resources.model.ModelBakery/]: Exception loading blockstate definition: 'industrialforegoing:blockstates/latex.json' missing model for variant: 'industrialforegoing:latex#level=13'
[28May2026 14:36:48.530] [Worker-ResourceReload-2/WARN] [net.minecraft.client.resources.model.ModelBakery/]: Exception loading blockstate definition: 'industrialforegoing:blockstates/latex.json' missing model for variant: 'industrialforegoing:latex#level=6'
[28May2026 14:36:48.530] [Worker-ResourceReload-2/WARN] [net.minecraft.client.resources.model.ModelBakery/]: Exception loading blockstate definition: 'industrialforegoing:blockstates/latex.json' missing model for variant: 'industrialforegoing:latex#level=7'
[28May2026 14:36:48.530] [Worker-ResourceReload-2/WARN] [net.minecraft.client.resources.model.ModelBakery/]: Exception loading blockstate definition: 'industrialforegoing:blockstates/latex.json' missing model for variant: 'industrialforegoing:latex#level=8'
[28May2026 14:36:48.530] [Worker-ResourceReload-2/WARN] [net.minecraft.client.resources.model.ModelBakery/]: Exception loading blockstate definition: 'industrialforegoing:blockstates/latex.json' missing model for variant: 'industrialforegoing:latex#level=10'
[28May2026 14:36:48.530] [Worker-ResourceReload-2/WARN] [net.minecraft.client.resources.model.ModelBakery/]: Exception loading blockstate definition: 'industrialforegoing:blockstates/latex.json' missing model for variant: 'industrialforegoing:latex#level=9'
[28May2026 14:36:48.530] [Worker-ResourceReload-2/WARN] [net.minecraft.client.resources.model.ModelBakery/]: Exception loading blockstate definition: 'industrialforegoing:blockstates/latex.json' missing model for variant: 'industrialforegoing:latex#level=2'
[28May2026 14:36:48.530] [Worker-ResourceReload-2/WARN] [net.minecraft.client.resources.model.ModelBakery/]: Exception loading blockstate definition: 'industrialforegoing:blockstates/latex.json' missing model for variant: 'industrialforegoing:latex#level=3'
[28May2026 14:36:48.530] [Worker-ResourceReload-2/WARN] [net.minecraft.client.resources.model.ModelBakery/]: Exception loading blockstate definition: 'industrialforegoing:blockstates/latex.json' missing model for variant: 'industrialforegoing:latex#level=4'
[28May2026 14:36:48.530] [Worker-ResourceReload-2/WARN] [net.minecraft.client.resources.model.ModelBakery/]: Exception loading blockstate definition: 'industrialforegoing:blockstates/latex.json' missing model for variant: 'industrialforegoing:latex#level=5'
[28May2026 14:36:48.530] [Worker-ResourceReload-2/WARN] [net.minecraft.client.resources.model.ModelBakery/]: Exception loading blockstate definition: 'industrialforegoing:blockstates/latex.json' missing model for variant: 'industrialforegoing:latex#level=15'
[28May2026 14:36:48.530] [Worker-ResourceReload-2/WARN] [net.minecraft.client.resources.model.ModelBakery/]: Exception loading blockstate definition: 'industrialforegoing:blockstates/latex.json' missing model for variant: 'industrialforegoing:latex#level=0'
[28May2026 14:36:48.530] [Worker-ResourceReload-2/WARN] [net.minecraft.client.resources.model.ModelBakery/]: Exception loading blockstate definition: 'industrialforegoing:blockstates/latex.json' missing model for variant: 'industrialforegoing:latex#level=1'
[28May2026 14:36:48.530] [Worker-ResourceReload-2/WARN] [net.minecraft.client.resources.model.ModelBakery/]: Exception loading blockstate definition: 'industrialforegoing:blockstates/meat.json' missing model for variant: 'industrialforegoing:meat#level=2'
[28May2026 14:36:48.530] [Worker-ResourceReload-2/WARN] [net.minecraft.client.resources.model.ModelBakery/]: Exception loading blockstate definition: 'industrialforegoing:blockstates/meat.json' missing model for variant: 'industrialforegoing:meat#level=1'
[28May2026 14:36:48.530] [Worker-ResourceReload-2/WARN] [net.minecraft.client.resources.model.ModelBakery/]: Exception loading blockstate definition: 'industrialforegoing:blockstates/meat.json' missing model for variant: 'industrialforegoing:meat#level=0'
[28May2026 14:36:48.530] [Worker-ResourceReload-2/WARN] [net.minecraft.client.resources.model.ModelBakery/]: Exception loading blockstate definition: 'industrialforegoing:blockstates/meat.json' missing model for variant: 'industrialforegoing:meat#level=6'
[28May2026 14:36:48.530] [Worker-ResourceReload-2/WARN] [net.minecraft.client.resources.model.ModelBakery/]: Exception loading blockstate definition: 'industrialforegoing:blockstates/meat.json' missing model for variant: 'industrialforegoing:meat#level=5'
[28May2026 14:36:48.530] [Worker-ResourceReload-2/WARN] [net.minecraft.client.resources.model.ModelBakery/]: Exception loading blockstate definition: 'industrialforegoing:blockstates/meat.json' missing model for variant: 'industrialforegoing:meat#level=4'
[28May2026 14:36:48.530] [Worker-ResourceReload-2/WARN] [net.minecraft.client.resources.model.ModelBakery/]: Exception loading blockstate definition: 'industrialforegoing:blockstates/meat.json' missing model for variant: 'industrialforegoing:meat#level=3'
[28May2026 14:36:48.530] [Worker-ResourceReload-2/WARN] [net.minecraft.client.resources.model.ModelBakery/]: Exception loading blockstate definition: 'industrialforegoing:blockstates/meat.json' missing model for variant: 'industrialforegoing:meat#level=12'
[28May2026 14:36:48.530] [Worker-ResourceReload-2/WARN] [net.minecraft.client.resources.model.ModelBakery/]: Exception loading blockstate definition: 'industrialforegoing:blockstates/meat.json' missing model for variant: 'industrialforegoing:meat#level=9'
[28May2026 14:36:48.530] [Worker-ResourceReload-2/WARN] [net.minecraft.client.resources.model.ModelBakery/]: Exception loading blockstate definition: 'industrialforegoing:blockstates/meat.json' missing model for variant: 'industrialforegoing:meat#level=13'
[28May2026 14:36:48.530] [Worker-ResourceReload-2/WARN] [net.minecraft.client.resources.model.ModelBakery/]: Exception loading blockstate definition: 'industrialforegoing:blockstates/meat.json' missing model for variant: 'industrialforegoing:meat#level=8'
[28May2026 14:36:48.530] [Worker-ResourceReload-2/WARN] [net.minecraft.client.resources.model.ModelBakery/]: Exception loading blockstate definition: 'industrialforegoing:blockstates/meat.json' missing model for variant: 'industrialforegoing:meat#level=14'
[28May2026 14:36:48.530] [Worker-ResourceReload-2/WARN] [net.minecraft.client.resources.model.ModelBakery/]: Exception loading blockstate definition: 'industrialforegoing:blockstates/meat.json' missing model for variant: 'industrialforegoing:meat#level=7'
[28May2026 14:36:48.530] [Worker-ResourceReload-2/WARN] [net.minecraft.client.resources.model.ModelBakery/]: Exception loading blockstate definition: 'industrialforegoing:blockstates/meat.json' missing model for variant: 'industrialforegoing:meat#level=15'
[28May2026 14:36:48.530] [Worker-ResourceReload-2/WARN] [net.minecraft.client.resources.model.ModelBakery/]: Exception loading blockstate definition: 'industrialforegoing:blockstates/meat.json' missing model for variant: 'industrialforegoing:meat#level=10'
[28May2026 14:36:48.530] [Worker-ResourceReload-2/WARN] [net.minecraft.client.resources.model.ModelBakery/]: Exception loading blockstate definition: 'industrialforegoing:blockstates/meat.json' missing model for variant: 'industrialforegoing:meat#level=11'
[28May2026 14:36:48.530] [Worker-ResourceReload-2/WARN] [net.minecraft.client.resources.model.ModelBakery/]: Exception loading blockstate definition: 'industrialforegoing:blockstates/sewage.json' missing model for variant: 'industrialforegoing:sewage#level=2'
[28May2026 14:36:48.530] [Worker-ResourceReload-2/WARN] [net.minecraft.client.resources.model.ModelBakery/]: Exception loading blockstate definition: 'industrialforegoing:blockstates/sewage.json' missing model for variant: 'industrialforegoing:sewage#level=3'
[28May2026 14:36:48.530] [Worker-ResourceReload-2/WARN] [net.minecraft.client.resources.model.ModelBakery/]: Exception loading blockstate definition: 'industrialforegoing:blockstates/sewage.json' missing model for variant: 'industrialforegoing:sewage#level=4'
[28May2026 14:36:48.530] [Worker-ResourceReload-2/WARN] [net.minecraft.client.resources.model.ModelBakery/]: Exception loading blockstate definition: 'industrialforegoing:blockstates/sewage.json' missing model for variant: 'industrialforegoing:sewage#level=5'
[28May2026 14:36:48.530] [Worker-ResourceReload-2/WARN] [net.minecraft.client.resources.model.ModelBakery/]: Exception loading blockstate definition: 'industrialforegoing:blockstates/sewage.json' missing model for variant: 'industrialforegoing:sewage#level=15'
[28May2026 14:36:48.530] [Worker-ResourceReload-2/WARN] [net.minecraft.client.resources.model.ModelBakery/]: Exception loading blockstate definition: 'industrialforegoing:blockstates/sewage.json' missing model for variant: 'industrialforegoing:sewage#level=0'
[28May2026 14:36:48.530] [Worker-ResourceReload-2/WARN] [net.minecraft.client.resources.model.ModelBakery/]: Exception loading blockstate definition: 'industrialforegoing:blockstates/sewage.json' missing model for variant: 'industrialforegoing:sewage#level=1'
[28May2026 14:36:48.530] [Worker-ResourceReload-2/WARN] [net.minecraft.client.resources.model.ModelBakery/]: Exception loading blockstate definition: 'industrialforegoing:blockstates/sewage.json' missing model for variant: 'industrialforegoing:sewage#level=12'
[28May2026 14:36:48.530] [Worker-ResourceReload-2/WARN] [net.minecraft.client.resources.model.ModelBakery/]: Exception loading blockstate definition: 'industrialforegoing:blockstates/sewage.json' missing model for variant: 'industrialforegoing:sewage#level=11'
[28May2026 14:36:48.530] [Worker-ResourceReload-2/WARN] [net.minecraft.client.resources.model.ModelBakery/]: Exception loading blockstate definition: 'industrialforegoing:blockstates/sewage.json' missing model for variant: 'industrialforegoing:sewage#level=14'
[28May2026 14:36:48.530] [Worker-ResourceReload-2/WARN] [net.minecraft.client.resources.model.ModelBakery/]: Exception loading blockstate definition: 'industrialforegoing:blockstates/sewage.json' missing model for variant: 'industrialforegoing:sewage#level=13'
[28May2026 14:36:48.530] [Worker-ResourceReload-2/WARN] [net.minecraft.client.resources.model.ModelBakery/]: Exception loading blockstate definition: 'industrialforegoing:blockstates/sewage.json' missing model for variant: 'industrialforegoing:sewage#level=6'
[28May2026 14:36:48.530] [Worker-ResourceReload-2/WARN] [net.minecraft.client.resources.model.ModelBakery/]: Exception loading blockstate definition: 'industrialforegoing:blockstates/sewage.json' missing model for variant: 'industrialforegoing:sewage#level=7'
[28May2026 14:36:48.530] [Worker-ResourceReload-2/WARN] [net.minecraft.client.resources.model.ModelBakery/]: Exception loading blockstate definition: 'industrialforegoing:blockstates/sewage.json' missing model for variant: 'industrialforegoing:sewage#level=8'
[28May2026 14:36:48.530] [Worker-ResourceReload-2/WARN] [net.minecraft.client.resources.model.ModelBakery/]: Exception loading blockstate definition: 'industrialforegoing:blockstates/sewage.json' missing model for variant: 'industrialforegoing:sewage#level=10'
[28May2026 14:36:48.530] [Worker-ResourceReload-2/WARN] [net.minecraft.client.resources.model.ModelBakery/]: Exception loading blockstate definition: 'industrialforegoing:blockstates/sewage.json' missing model for variant: 'industrialforegoing:sewage#level=9'
[28May2026 14:36:48.530] [Worker-ResourceReload-2/WARN] [net.minecraft.client.resources.model.ModelBakery/]: Exception loading blockstate definition: 'industrialforegoing:blockstates/essence.json' missing model for variant: 'industrialforegoing:essence#level=13'
[28May2026 14:36:48.530] [Worker-ResourceReload-2/WARN] [net.minecraft.client.resources.model.ModelBakery/]: Exception loading blockstate definition: 'industrialforegoing:blockstates/essence.json' missing model for variant: 'industrialforegoing:essence#level=14'
[28May2026 14:36:48.530] [Worker-ResourceReload-2/WARN] [net.minecraft.client.resources.model.ModelBakery/]: Exception loading blockstate definition: 'industrialforegoing:blockstates/essence.json' missing model for variant: 'industrialforegoing:essence#level=15'
[28May2026 14:36:48.530] [Worker-ResourceReload-2/WARN] [net.minecraft.client.resources.model.ModelBakery/]: Exception loading blockstate definition: 'industrialforegoing:blockstates/essence.json' missing model for variant: 'industrialforegoing:essence#level=3'
[28May2026 14:36:48.530] [Worker-ResourceReload-2/WARN] [net.minecraft.client.resources.model.ModelBakery/]: Exception loading blockstate definition: 'industrialforegoing:blockstates/essence.json' missing model for variant: 'industrialforegoing:essence#level=2'
[28May2026 14:36:48.530] [Worker-ResourceReload-2/WARN] [net.minecraft.client.resources.model.ModelBakery/]: Exception loading blockstate definition: 'industrialforegoing:blockstates/essence.json' missing model for variant: 'industrialforegoing:essence#level=1'
[28May2026 14:36:48.530] [Worker-ResourceReload-2/WARN] [net.minecraft.client.resources.model.ModelBakery/]: Exception loading blockstate definition: 'industrialforegoing:blockstates/essence.json' missing model for variant: 'industrialforegoing:essence#level=0'
[28May2026 14:36:48.530] [Worker-ResourceReload-2/WARN] [net.minecraft.client.resources.model.ModelBakery/]: Exception loading blockstate definition: 'industrialforegoing:blockstates/essence.json' missing model for variant: 'industrialforegoing:essence#level=9'
[28May2026 14:36:48.530] [Worker-ResourceReload-2/WARN] [net.minecraft.client.resources.model.ModelBakery/]: Exception loading blockstate definition: 'industrialforegoing:blockstates/essence.json' missing model for variant: 'industrialforegoing:essence#level=8'
[28May2026 14:36:48.530] [Worker-ResourceReload-2/WARN] [net.minecraft.client.resources.model.ModelBakery/]: Exception loading blockstate definition: 'industrialforegoing:blockstates/essence.json' missing model for variant: 'industrialforegoing:essence#level=7'
[28May2026 14:36:48.530] [Worker-ResourceReload-2/WARN] [net.minecraft.client.resources.model.ModelBakery/]: Exception loading blockstate definition: 'industrialforegoing:blockstates/essence.json' missing model for variant: 'industrialforegoing:essence#level=6'
[28May2026 14:36:48.530] [Worker-ResourceReload-2/WARN] [net.minecraft.client.resources.model.ModelBakery/]: Exception loading blockstate definition: 'industrialforegoing:blockstates/essence.json' missing model for variant: 'industrialforegoing:essence#level=5'
[28May2026 14:36:48.530] [Worker-ResourceReload-2/WARN] [net.minecraft.client.resources.model.ModelBakery/]: Exception loading blockstate definition: 'industrialforegoing:blockstates/essence.json' missing model for variant: 'industrialforegoing:essence#level=4'
[28May2026 14:36:48.530] [Worker-ResourceReload-2/WARN] [net.minecraft.client.resources.model.ModelBakery/]: Exception loading blockstate definition: 'industrialforegoing:blockstates/essence.json' missing model for variant: 'industrialforegoing:essence#level=10'
[28May2026 14:36:48.530] [Worker-ResourceReload-2/WARN] [net.minecraft.client.resources.model.ModelBakery/]: Exception loading blockstate definition: 'industrialforegoing:blockstates/essence.json' missing model for variant: 'industrialforegoing:essence#level=11'
[28May2026 14:36:48.530] [Worker-ResourceReload-2/WARN] [net.minecraft.client.resources.model.ModelBakery/]: Exception loading blockstate definition: 'industrialforegoing:blockstates/essence.json' missing model for variant: 'industrialforegoing:essence#level=12'
[28May2026 14:36:48.531] [Worker-ResourceReload-2/WARN] [net.minecraft.client.resources.model.ModelBakery/]: Exception loading blockstate definition: 'industrialforegoing:blockstates/sludge.json' missing model for variant: 'industrialforegoing:sludge#level=5'
[28May2026 14:36:48.531] [Worker-ResourceReload-2/WARN] [net.minecraft.client.resources.model.ModelBakery/]: Exception loading blockstate definition: 'industrialforegoing:blockstates/sludge.json' missing model for variant: 'industrialforegoing:sludge#level=4'
[28May2026 14:36:48.531] [Worker-ResourceReload-2/WARN] [net.minecraft.client.resources.model.ModelBakery/]: Exception loading blockstate definition: 'industrialforegoing:blockstates/sludge.json' missing model for variant: 'industrialforegoing:sludge#level=3'
[28May2026 14:36:48.531] [Worker-ResourceReload-2/WARN] [net.minecraft.client.resources.model.ModelBakery/]: Exception loading blockstate definition: 'industrialforegoing:blockstates/sludge.json' missing model for variant: 'industrialforegoing:sludge#level=2'
[28May2026 14:36:48.531] [Worker-ResourceReload-2/WARN] [net.minecraft.client.resources.model.ModelBakery/]: Exception loading blockstate definition: 'industrialforegoing:blockstates/sludge.json' missing model for variant: 'industrialforegoing:sludge#level=9'
[28May2026 14:36:48.531] [Worker-ResourceReload-2/WARN] [net.minecraft.client.resources.model.ModelBakery/]: Exception loading blockstate definition: 'industrialforegoing:blockstates/sludge.json' missing model for variant: 'industrialforegoing:sludge#level=8'
[28May2026 14:36:48.531] [Worker-ResourceReload-2/WARN] [net.minecraft.client.resources.model.ModelBakery/]: Exception loading blockstate definition: 'industrialforegoing:blockstates/sludge.json' missing model for variant: 'industrialforegoing:sludge#level=7'
[28May2026 14:36:48.531] [Worker-ResourceReload-2/WARN] [net.minecraft.client.resources.model.ModelBakery/]: Exception loading blockstate definition: 'industrialforegoing:blockstates/sludge.json' missing model for variant: 'industrialforegoing:sludge#level=6'
[28May2026 14:36:48.531] [Worker-ResourceReload-2/WARN] [net.minecraft.client.resources.model.ModelBakery/]: Exception loading blockstate definition: 'industrialforegoing:blockstates/sludge.json' missing model for variant: 'industrialforegoing:sludge#level=1'
[28May2026 14:36:48.531] [Worker-ResourceReload-2/WARN] [net.minecraft.client.resources.model.ModelBakery/]: Exception loading blockstate definition: 'industrialforegoing:blockstates/sludge.json' missing model for variant: 'industrialforegoing:sludge#level=0'
[28May2026 14:36:48.531] [Worker-ResourceReload-2/WARN] [net.minecraft.client.resources.model.ModelBakery/]: Exception loading blockstate definition: 'industrialforegoing:blockstates/sludge.json' missing model for variant: 'industrialforegoing:sludge#level=10'
[28May2026 14:36:48.531] [Worker-ResourceReload-2/WARN] [net.minecraft.client.resources.model.ModelBakery/]: Exception loading blockstate definition: 'industrialforegoing:blockstates/sludge.json' missing model for variant: 'industrialforegoing:sludge#level=15'
[28May2026 14:36:48.531] [Worker-ResourceReload-2/WARN] [net.minecraft.client.resources.model.ModelBakery/]: Exception loading blockstate definition: 'industrialforegoing:blockstates/sludge.json' missing model for variant: 'industrialforegoing:sludge#level=11'
[28May2026 14:36:48.531] [Worker-ResourceReload-2/WARN] [net.minecraft.client.resources.model.ModelBakery/]: Exception loading blockstate definition: 'industrialforegoing:blockstates/sludge.json' missing model for variant: 'industrialforegoing:sludge#level=12'
[28May2026 14:36:48.531] [Worker-ResourceReload-2/WARN] [net.minecraft.client.resources.model.ModelBakery/]: Exception loading blockstate definition: 'industrialforegoing:blockstates/sludge.json' missing model for variant: 'industrialforegoing:sludge#level=13'
[28May2026 14:36:48.531] [Worker-ResourceReload-2/WARN] [net.minecraft.client.resources.model.ModelBakery/]: Exception loading blockstate definition: 'industrialforegoing:blockstates/sludge.json' missing model for variant: 'industrialforegoing:sludge#level=14'
[28May2026 14:36:48.531] [Worker-ResourceReload-2/WARN] [net.minecraft.client.resources.model.ModelBakery/]: Exception loading blockstate definition: 'industrialforegoing:blockstates/pink_slime.json' missing model for variant: 'industrialforegoing:pink_slime#level=9'
[28May2026 14:36:48.531] [Worker-ResourceReload-2/WARN] [net.minecraft.client.resources.model.ModelBakery/]: Exception loading blockstate definition: 'industrialforegoing:blockstates/pink_slime.json' missing model for variant: 'industrialforegoing:pink_slime#level=8'
[28May2026 14:36:48.531] [Worker-ResourceReload-2/WARN] [net.minecraft.client.resources.model.ModelBakery/]: Exception loading blockstate definition: 'industrialforegoing:blockstates/pink_slime.json' missing model for variant: 'industrialforegoing:pink_slime#level=7'
[28May2026 14:36:48.531] [Worker-ResourceReload-2/WARN] [net.minecraft.client.resources.model.ModelBakery/]: Exception loading blockstate definition: 'industrialforegoing:blockstates/pink_slime.json' missing model for variant: 'industrialforegoing:pink_slime#level=6'
[28May2026 14:36:48.531] [Worker-ResourceReload-2/WARN] [net.minecraft.client.resources.model.ModelBakery/]: Exception loading blockstate definition: 'industrialforegoing:blockstates/pink_slime.json' missing model for variant: 'industrialforegoing:pink_slime#level=5'
[28May2026 14:36:48.531] [Worker-ResourceReload-2/WARN] [net.minecraft.client.resources.model.ModelBakery/]: Exception loading blockstate definition: 'industrialforegoing:blockstates/pink_slime.json' missing model for variant: 'industrialforegoing:pink_slime#level=4'
[28May2026 14:36:48.531] [Worker-ResourceReload-2/WARN] [net.minecraft.client.resources.model.ModelBakery/]: Exception loading blockstate definition: 'industrialforegoing:blockstates/pink_slime.json' missing model for variant: 'industrialforegoing:pink_slime#level=3'
[28May2026 14:36:48.531] [Worker-ResourceReload-2/WARN] [net.minecraft.client.resources.model.ModelBakery/]: Exception loading blockstate definition: 'industrialforegoing:blockstates/pink_slime.json' missing model for variant: 'industrialforegoing:pink_slime#level=10'
[28May2026 14:36:48.531] [Worker-ResourceReload-2/WARN] [net.minecraft.client.resources.model.ModelBakery/]: Exception loading blockstate definition: 'industrialforegoing:blockstates/pink_slime.json' missing model for variant: 'industrialforegoing:pink_slime#level=11'
[28May2026 14:36:48.531] [Worker-ResourceReload-2/WARN] [net.minecraft.client.resources.model.ModelBakery/]: Exception loading blockstate definition: 'industrialforegoing:blockstates/pink_slime.json' missing model for variant: 'industrialforegoing:pink_slime#level=12'
[28May2026 14:36:48.531] [Worker-ResourceReload-2/WARN] [net.minecraft.client.resources.model.ModelBakery/]: Exception loading blockstate definition: 'industrialforegoing:blockstates/pink_slime.json' missing model for variant: 'industrialforegoing:pink_slime#level=13'
[28May2026 14:36:48.531] [Worker-ResourceReload-2/WARN] [net.minecraft.client.resources.model.ModelBakery/]: Exception loading blockstate definition: 'industrialforegoing:blockstates/pink_slime.json' missing model for variant: 'industrialforegoing:pink_slime#level=14'
[28May2026 14:36:48.531] [Worker-ResourceReload-2/WARN] [net.minecraft.client.resources.model.ModelBakery/]: Exception loading blockstate definition: 'industrialforegoing:blockstates/pink_slime.json' missing model for variant: 'industrialforegoing:pink_slime#level=15'
[28May2026 14:36:48.531] [Worker-ResourceReload-2/WARN] [net.minecraft.client.resources.model.ModelBakery/]: Exception loading blockstate definition: 'industrialforegoing:blockstates/pink_slime.json' missing model for variant: 'industrialforegoing:pink_slime#level=2'
[28May2026 14:36:48.531] [Worker-ResourceReload-2/WARN] [net.minecraft.client.resources.model.ModelBakery/]: Exception loading blockstate definition: 'industrialforegoing:blockstates/pink_slime.json' missing model for variant: 'industrialforegoing:pink_slime#level=1'
[28May2026 14:36:48.531] [Worker-ResourceReload-2/WARN] [net.minecraft.client.resources.model.ModelBakery/]: Exception loading blockstate definition: 'industrialforegoing:blockstates/pink_slime.json' missing model for variant: 'industrialforegoing:pink_slime#level=0'
[28May2026 14:36:48.531] [Worker-ResourceReload-2/WARN] [net.minecraft.client.resources.model.ModelBakery/]: Exception loading blockstate definition: 'industrialforegoing:blockstates/biofuel.json' missing model for variant: 'industrialforegoing:biofuel#level=5'
[28May2026 14:36:48.531] [Worker-ResourceReload-2/WARN] [net.minecraft.client.resources.model.ModelBakery/]: Exception loading blockstate definition: 'industrialforegoing:blockstates/biofuel.json' missing model for variant: 'industrialforegoing:biofuel#level=4'
[28May2026 14:36:48.531] [Worker-ResourceReload-2/WARN] [net.minecraft.client.resources.model.ModelBakery/]: Exception loading blockstate definition: 'industrialforegoing:blockstates/biofuel.json' missing model for variant: 'industrialforegoing:biofuel#level=3'
[28May2026 14:36:48.531] [Worker-ResourceReload-2/WARN] [net.minecraft.client.resources.model.ModelBakery/]: Exception loading blockstate definition: 'industrialforegoing:blockstates/biofuel.json' missing model for variant: 'industrialforegoing:biofuel#level=2'
[28May2026 14:36:48.531] [Worker-ResourceReload-2/WARN] [net.minecraft.client.resources.model.ModelBakery/]: Exception loading blockstate definition: 'industrialforegoing:blockstates/biofuel.json' missing model for variant: 'industrialforegoing:biofuel#level=9'
[28May2026 14:36:48.531] [Worker-ResourceReload-2/WARN] [net.minecraft.client.resources.model.ModelBakery/]: Exception loading blockstate definition: 'industrialforegoing:blockstates/biofuel.json' missing model for variant: 'industrialforegoing:biofuel#level=8'
[28May2026 14:36:48.531] [Worker-ResourceReload-2/WARN] [net.minecraft.client.resources.model.ModelBakery/]: Exception loading blockstate definition: 'industrialforegoing:blockstates/biofuel.json' missing model for variant: 'industrialforegoing:biofuel#level=7'
[28May2026 14:36:48.531] [Worker-ResourceReload-2/WARN] [net.minecraft.client.resources.model.ModelBakery/]: Exception loading blockstate definition: 'industrialforegoing:blockstates/biofuel.json' missing model for variant: 'industrialforegoing:biofuel#level=6'
[28May2026 14:36:48.531] [Worker-ResourceReload-2/WARN] [net.minecraft.client.resources.model.ModelBakery/]: Exception loading blockstate definition: 'industrialforegoing:blockstates/biofuel.json' missing model for variant: 'industrialforegoing:biofuel#level=15'
[28May2026 14:36:48.531] [Worker-ResourceReload-2/WARN] [net.minecraft.client.resources.model.ModelBakery/]: Exception loading blockstate definition: 'industrialforegoing:blockstates/biofuel.json' missing model for variant: 'industrialforegoing:biofuel#level=11'
[28May2026 14:36:48.531] [Worker-ResourceReload-2/WARN] [net.minecraft.client.resources.model.ModelBakery/]: Exception loading blockstate definition: 'industrialforegoing:blockstates/biofuel.json' missing model for variant: 'industrialforegoing:biofuel#level=12'
[28May2026 14:36:48.531] [Worker-ResourceReload-2/WARN] [net.minecraft.client.resources.model.ModelBakery/]: Exception loading blockstate definition: 'industrialforegoing:blockstates/biofuel.json' missing model for variant: 'industrialforegoing:biofuel#level=13'
[28May2026 14:36:48.531] [Worker-ResourceReload-2/WARN] [net.minecraft.client.resources.model.ModelBakery/]: Exception loading blockstate definition: 'industrialforegoing:blockstates/biofuel.json' missing model for variant: 'industrialforegoing:biofuel#level=14'
[28May2026 14:36:48.531] [Worker-ResourceReload-2/WARN] [net.minecraft.client.resources.model.ModelBakery/]: Exception loading blockstate definition: 'industrialforegoing:blockstates/biofuel.json' missing model for variant: 'industrialforegoing:biofuel#level=10'
[28May2026 14:36:48.531] [Worker-ResourceReload-2/WARN] [net.minecraft.client.resources.model.ModelBakery/]: Exception loading blockstate definition: 'industrialforegoing:blockstates/biofuel.json' missing model for variant: 'industrialforegoing:biofuel#level=1'
[28May2026 14:36:48.531] [Worker-ResourceReload-2/WARN] [net.minecraft.client.resources.model.ModelBakery/]: Exception loading blockstate definition: 'industrialforegoing:blockstates/biofuel.json' missing model for variant: 'industrialforegoing:biofuel#level=0'
[28May2026 14:36:48.531] [Worker-ResourceReload-2/WARN] [net.minecraft.client.resources.model.ModelBakery/]: Exception loading blockstate definition: 'industrialforegoing:blockstates/ether_gas.json' missing model for variant: 'industrialforegoing:ether_gas#level=7'
[28May2026 14:36:48.531] [Worker-ResourceReload-2/WARN] [net.minecraft.client.resources.model.ModelBakery/]: Exception loading blockstate definition: 'industrialforegoing:blockstates/ether_gas.json' missing model for variant: 'industrialforegoing:ether_gas#level=6'
[28May2026 14:36:48.531] [Worker-ResourceReload-2/WARN] [net.minecraft.client.resources.model.ModelBakery/]: Exception loading blockstate definition: 'industrialforegoing:blockstates/ether_gas.json' missing model for variant: 'industrialforegoing:ether_gas#level=5'
[28May2026 14:36:48.531] [Worker-ResourceReload-2/WARN] [net.minecraft.client.resources.model.ModelBakery/]: Exception loading blockstate definition: 'industrialforegoing:blockstates/ether_gas.json' missing model for variant: 'industrialforegoing:ether_gas#level=4'
[28May2026 14:36:48.531] [Worker-ResourceReload-2/WARN] [net.minecraft.client.resources.model.ModelBakery/]: Exception loading blockstate definition: 'industrialforegoing:blockstates/ether_gas.json' missing model for variant: 'industrialforegoing:ether_gas#level=9'
[28May2026 14:36:48.531] [Worker-ResourceReload-2/WARN] [net.minecraft.client.resources.model.ModelBakery/]: Exception loading blockstate definition: 'industrialforegoing:blockstates/ether_gas.json' missing model for variant: 'industrialforegoing:ether_gas#level=8'
[28May2026 14:36:48.531] [Worker-ResourceReload-2/WARN] [net.minecraft.client.resources.model.ModelBakery/]: Exception loading blockstate definition: 'industrialforegoing:blockstates/ether_gas.json' missing model for variant: 'industrialforegoing:ether_gas#level=15'
[28May2026 14:36:48.531] [Worker-ResourceReload-2/WARN] [net.minecraft.client.resources.model.ModelBakery/]: Exception loading blockstate definition: 'industrialforegoing:blockstates/ether_gas.json' missing model for variant: 'industrialforegoing:ether_gas#level=14'
[28May2026 14:36:48.531] [Worker-ResourceReload-2/WARN] [net.minecraft.client.resources.model.ModelBakery/]: Exception loading blockstate definition: 'industrialforegoing:blockstates/ether_gas.json' missing model for variant: 'industrialforegoing:ether_gas#level=13'
[28May2026 14:36:48.531] [Worker-ResourceReload-2/WARN] [net.minecraft.client.resources.model.ModelBakery/]: Exception loading blockstate definition: 'industrialforegoing:blockstates/ether_gas.json' missing model for variant: 'industrialforegoing:ether_gas#level=12'
[28May2026 14:36:48.531] [Worker-ResourceReload-2/WARN] [net.minecraft.client.resources.model.ModelBakery/]: Exception loading blockstate definition: 'industrialforegoing:blockstates/ether_gas.json' missing model for variant: 'industrialforegoing:ether_gas#level=11'
[28May2026 14:36:48.531] [Worker-ResourceReload-2/WARN] [net.minecraft.client.resources.model.ModelBakery/]: Exception loading blockstate definition: 'industrialforegoing:blockstates/ether_gas.json' missing model for variant: 'industrialforegoing:ether_gas#level=10'
[28May2026 14:36:48.531] [Worker-ResourceReload-2/WARN] [net.minecraft.client.resources.model.ModelBakery/]: Exception loading blockstate definition: 'industrialforegoing:blockstates/ether_gas.json' missing model for variant: 'industrialforegoing:ether_gas#level=3'
[28May2026 14:36:48.531] [Worker-ResourceReload-2/WARN] [net.minecraft.client.resources.model.ModelBakery/]: Exception loading blockstate definition: 'industrialforegoing:blockstates/ether_gas.json' missing model for variant: 'industrialforegoing:ether_gas#level=2'
[28May2026 14:36:48.531] [Worker-ResourceReload-2/WARN] [net.minecraft.client.resources.model.ModelBakery/]: Exception loading blockstate definition: 'industrialforegoing:blockstates/ether_gas.json' missing model for variant: 'industrialforegoing:ether_gas#level=1'
[28May2026 14:36:48.531] [Worker-ResourceReload-2/WARN] [net.minecraft.client.resources.model.ModelBakery/]: Exception loading blockstate definition: 'industrialforegoing:blockstates/ether_gas.json' missing model for variant: 'industrialforegoing:ether_gas#level=0'
[28May2026 14:36:48.531] [Worker-ResourceReload-2/WARN] [net.minecraft.client.resources.model.ModelBakery/]: Exception loading blockstate definition: 'industrialforegoing:blockstates/raw_ore_meat.json' missing model for variant: 'industrialforegoing:raw_ore_meat#level=10'
[28May2026 14:36:48.531] [Worker-ResourceReload-2/WARN] [net.minecraft.client.resources.model.ModelBakery/]: Exception loading blockstate definition: 'industrialforegoing:blockstates/raw_ore_meat.json' missing model for variant: 'industrialforegoing:raw_ore_meat#level=11'
[28May2026 14:36:48.531] [Worker-ResourceReload-2/WARN] [net.minecraft.client.resources.model.ModelBakery/]: Exception loading blockstate definition: 'industrialforegoing:blockstates/raw_ore_meat.json' missing model for variant: 'industrialforegoing:raw_ore_meat#level=9'
[28May2026 14:36:48.531] [Worker-ResourceReload-2/WARN] [net.minecraft.client.resources.model.ModelBakery/]: Exception loading blockstate definition: 'industrialforegoing:blockstates/raw_ore_meat.json' missing model for variant: 'industrialforegoing:raw_ore_meat#level=8'
[28May2026 14:36:48.531] [Worker-ResourceReload-2/WARN] [net.minecraft.client.resources.model.ModelBakery/]: Exception loading blockstate definition: 'industrialforegoing:blockstates/raw_ore_meat.json' missing model for variant: 'industrialforegoing:raw_ore_meat#level=7'
[28May2026 14:36:48.531] [Worker-ResourceReload-2/WARN] [net.minecraft.client.resources.model.ModelBakery/]: Exception loading blockstate definition: 'industrialforegoing:blockstates/raw_ore_meat.json' missing model for variant: 'industrialforegoing:raw_ore_meat#level=6'
[28May2026 14:36:48.531] [Worker-ResourceReload-2/WARN] [net.minecraft.client.resources.model.ModelBakery/]: Exception loading blockstate definition: 'industrialforegoing:blockstates/raw_ore_meat.json' missing model for variant: 'industrialforegoing:raw_ore_meat#level=5'
[28May2026 14:36:48.531] [Worker-ResourceReload-2/WARN] [net.minecraft.client.resources.model.ModelBakery/]: Exception loading blockstate definition: 'industrialforegoing:blockstates/raw_ore_meat.json' missing model for variant: 'industrialforegoing:raw_ore_meat#level=4'
[28May2026 14:36:48.531] [Worker-ResourceReload-2/WARN] [net.minecraft.client.resources.model.ModelBakery/]: Exception loading blockstate definition: 'industrialforegoing:blockstates/raw_ore_meat.json' missing model for variant: 'industrialforegoing:raw_ore_meat#level=3'
[28May2026 14:36:48.531] [Worker-ResourceReload-2/WARN] [net.minecraft.client.resources.model.ModelBakery/]: Exception loading blockstate definition: 'industrialforegoing:blockstates/raw_ore_meat.json' missing model for variant: 'industrialforegoing:raw_ore_meat#level=2'
[28May2026 14:36:48.531] [Worker-ResourceReload-2/WARN] [net.minecraft.client.resources.model.ModelBakery/]: Exception loading blockstate definition: 'industrialforegoing:blockstates/raw_ore_meat.json' missing model for variant: 'industrialforegoing:raw_ore_meat#level=1'
[28May2026 14:36:48.531] [Worker-ResourceReload-2/WARN] [net.minecraft.client.resources.model.ModelBakery/]: Exception loading blockstate definition: 'industrialforegoing:blockstates/raw_ore_meat.json' missing model for variant: 'industrialforegoing:raw_ore_meat#level=0'
[28May2026 14:36:48.531] [Worker-ResourceReload-2/WARN] [net.minecraft.client.resources.model.ModelBakery/]: Exception loading blockstate definition: 'industrialforegoing:blockstates/raw_ore_meat.json' missing model for variant: 'industrialforegoing:raw_ore_meat#level=12'
[28May2026 14:36:48.531] [Worker-ResourceReload-2/WARN] [net.minecraft.client.resources.model.ModelBakery/]: Exception loading blockstate definition: 'industrialforegoing:blockstates/raw_ore_meat.json' missing model for variant: 'industrialforegoing:raw_ore_meat#level=13'
[28May2026 14:36:48.531] [Worker-ResourceReload-2/WARN] [net.minecraft.client.resources.model.ModelBakery/]: Exception loading blockstate definition: 'industrialforegoing:blockstates/raw_ore_meat.json' missing model for variant: 'industrialforegoing:raw_ore_meat#level=14'
[28May2026 14:36:48.532] [Worker-ResourceReload-2/WARN] [net.minecraft.client.resources.model.ModelBakery/]: Exception loading blockstate definition: 'industrialforegoing:blockstates/raw_ore_meat.json' missing model for variant: 'industrialforegoing:raw_ore_meat#level=15'
[28May2026 14:36:48.532] [Worker-ResourceReload-2/WARN] [net.minecraft.client.resources.model.ModelBakery/]: Exception loading blockstate definition: 'industrialforegoing:blockstates/fermented_ore_meat.json' missing model for variant: 'industrialforegoing:fermented_ore_meat#level=14'
[28May2026 14:36:48.532] [Worker-ResourceReload-2/WARN] [net.minecraft.client.resources.model.ModelBakery/]: Exception loading blockstate definition: 'industrialforegoing:blockstates/fermented_ore_meat.json' missing model for variant: 'industrialforegoing:fermented_ore_meat#level=15'
[28May2026 14:36:48.532] [Worker-ResourceReload-2/WARN] [net.minecraft.client.resources.model.ModelBakery/]: Exception loading blockstate definition: 'industrialforegoing:blockstates/fermented_ore_meat.json' missing model for variant: 'industrialforegoing:fermented_ore_meat#level=12'
[28May2026 14:36:48.532] [Worker-ResourceReload-2/WARN] [net.minecraft.client.resources.model.ModelBakery/]: Exception loading blockstate definition: 'industrialforegoing:blockstates/fermented_ore_meat.json' missing model for variant: 'industrialforegoing:fermented_ore_meat#level=13'
[28May2026 14:36:48.532] [Worker-ResourceReload-2/WARN] [net.minecraft.client.resources.model.ModelBakery/]: Exception loading blockstate definition: 'industrialforegoing:blockstates/fermented_ore_meat.json' missing model for variant: 'industrialforegoing:fermented_ore_meat#level=1'
[28May2026 14:36:48.532] [Worker-ResourceReload-2/WARN] [net.minecraft.client.resources.model.ModelBakery/]: Exception loading blockstate definition: 'industrialforegoing:blockstates/fermented_ore_meat.json' missing model for variant: 'industrialforegoing:fermented_ore_meat#level=2'
[28May2026 14:36:48.532] [Worker-ResourceReload-2/WARN] [net.minecraft.client.resources.model.ModelBakery/]: Exception loading blockstate definition: 'industrialforegoing:blockstates/fermented_ore_meat.json' missing model for variant: 'industrialforegoing:fermented_ore_meat#level=0'
[28May2026 14:36:48.532] [Worker-ResourceReload-2/WARN] [net.minecraft.client.resources.model.ModelBakery/]: Exception loading blockstate definition: 'industrialforegoing:blockstates/fermented_ore_meat.json' missing model for variant: 'industrialforegoing:fermented_ore_meat#level=5'
[28May2026 14:36:48.532] [Worker-ResourceReload-2/WARN] [net.minecraft.client.resources.model.ModelBakery/]: Exception loading blockstate definition: 'industrialforegoing:blockstates/fermented_ore_meat.json' missing model for variant: 'industrialforegoing:fermented_ore_meat#level=6'
[28May2026 14:36:48.532] [Worker-ResourceReload-2/WARN] [net.minecraft.client.resources.model.ModelBakery/]: Exception loading blockstate definition: 'industrialforegoing:blockstates/fermented_ore_meat.json' missing model for variant: 'industrialforegoing:fermented_ore_meat#level=3'
[28May2026 14:36:48.532] [Worker-ResourceReload-2/WARN] [net.minecraft.client.resources.model.ModelBakery/]: Exception loading blockstate definition: 'industrialforegoing:blockstates/fermented_ore_meat.json' missing model for variant: 'industrialforegoing:fermented_ore_meat#level=4'
[28May2026 14:36:48.532] [Worker-ResourceReload-2/WARN] [net.minecraft.client.resources.model.ModelBakery/]: Exception loading blockstate definition: 'industrialforegoing:blockstates/fermented_ore_meat.json' missing model for variant: 'industrialforegoing:fermented_ore_meat#level=9'
[28May2026 14:36:48.532] [Worker-ResourceReload-2/WARN] [net.minecraft.client.resources.model.ModelBakery/]: Exception loading blockstate definition: 'industrialforegoing:blockstates/fermented_ore_meat.json' missing model for variant: 'industrialforegoing:fermented_ore_meat#level=10'
[28May2026 14:36:48.532] [Worker-ResourceReload-2/WARN] [net.minecraft.client.resources.model.ModelBakery/]: Exception loading blockstate definition: 'industrialforegoing:blockstates/fermented_ore_meat.json' missing model for variant: 'industrialforegoing:fermented_ore_meat#level=11'
[28May2026 14:36:48.532] [Worker-ResourceReload-2/WARN] [net.minecraft.client.resources.model.ModelBakery/]: Exception loading blockstate definition: 'industrialforegoing:blockstates/fermented_ore_meat.json' missing model for variant: 'industrialforegoing:fermented_ore_meat#level=7'
[28May2026 14:36:48.532] [Worker-ResourceReload-2/WARN] [net.minecraft.client.resources.model.ModelBakery/]: Exception loading blockstate definition: 'industrialforegoing:blockstates/fermented_ore_meat.json' missing model for variant: 'industrialforegoing:fermented_ore_meat#level=8'
[28May2026 14:36:48.537] [Worker-ResourceReload-2/WARN] [net.minecraft.client.resources.model.ModelBakery/]: Exception loading blockstate definition: 'torchmaster:blockstates/invisible_light.json' missing model for variant: 'torchmaster:invisible_light#'
[28May2026 14:36:48.537] [Worker-ResourceReload-2/WARN] [net.minecraft.client.resources.model.ModelBakery/]: Exception loading blockstate definition: 'torchmaster:blockstates/invisible_light.json' in resourcepack: 'mod_resources': Neither 'variants' nor 'multipart' found
[28May2026 14:36:48.562] [Forge Version Check/INFO] [net.minecraftforge.fml.VersionChecker/]: [computercraft] Found status: UP_TO_DATE Current: 1.119.0 Target: null
[28May2026 14:36:48.562] [Forge Version Check/INFO] [net.minecraftforge.fml.VersionChecker/]: [cucumber] Starting version check at https://api.blakesmods.com/v2/mods/cucumber/1.20/updates
[28May2026 14:36:48.662] [Forge Version Check/INFO] [net.minecraftforge.fml.VersionChecker/]: [cucumber] Found status: UP_TO_DATE Current: 7.0.16 Target: null
[28May2026 14:36:48.662] [Forge Version Check/INFO] [net.minecraftforge.fml.VersionChecker/]: [travelanchors] Starting version check at https://assets.melanx.de/updates/travel-anchors.json
[28May2026 14:36:48.677] [Forge Version Check/INFO] [net.minecraftforge.fml.VersionChecker/]: [travelanchors] Found status: UP_TO_DATE Current: 1.20.1-5.0.1 Target: null
[28May2026 14:36:48.677] [Forge Version Check/INFO] [net.minecraftforge.fml.VersionChecker/]: [clumps] Starting version check at https://updates.blamejared.com/get?n=clumps&gv=1.20.1
[28May2026 14:36:48.708] [Forge Version Check/INFO] [net.minecraftforge.fml.VersionChecker/]: [clumps] Found status: BETA Current: 12.0.0.4 Target: 12.0.0.4
[28May2026 14:36:48.708] [Forge Version Check/INFO] [net.minecraftforge.fml.VersionChecker/]: [enderstorage] Starting version check at https://version-check.covers1624.net/check/?mod=EnderStorage&mc=1.20.1
[28May2026 14:36:48.963] [Forge Version Check/INFO] [net.minecraftforge.fml.VersionChecker/]: [enderstorage] Found status: UP_TO_DATE Current: 2.11.0.188 Target: null
[28May2026 14:36:48.963] [Forge Version Check/INFO] [net.minecraftforge.fml.VersionChecker/]: [obscure_tooltips] Starting version check at https://raw.githubusercontent.com/ObscuriaLithium/modding/main/versions/obscure-tooltips.json
[28May2026 14:36:48.974] [Forge Version Check/INFO] [net.minecraftforge.fml.VersionChecker/]: [obscure_tooltips] Found status: UP_TO_DATE Current: 3.10.0 Target: null
[28May2026 14:36:48.974] [Forge Version Check/INFO] [net.minecraftforge.fml.VersionChecker/]: [smoothboot] Starting version check at https://github.com/AbdElAziz333/SmoothBoot-Reloaded/raw/mc1.20.1/dev/updates.json
[28May2026 14:36:49.021] [Forge Version Check/WARN] [net.minecraftforge.fml.VersionChecker/]: Failed to process update information
com.google.gson.JsonSyntaxException: java.lang.IllegalStateException: Expected BEGIN_OBJECT but was STRING at line 9 column 1 path $
	at com.google.gson.Gson.fromJson(Gson.java:1226) ~[gson-2.10.jar%2388!/:?]
	at com.google.gson.Gson.fromJson(Gson.java:1124) ~[gson-2.10.jar%2388!/:?]
	at com.google.gson.Gson.fromJson(Gson.java:1034) ~[gson-2.10.jar%2388!/:?]
	at com.google.gson.Gson.fromJson(Gson.java:969) ~[gson-2.10.jar%2388!/:?]
	at net.minecraftforge.fml.VersionChecker$1.process(VersionChecker.java:186) ~[fmlcore-1.20.1-47.4.10.jar%23476!/:?]
	at java.lang.Iterable.forEach(Iterable.java:75) ~[?:?]
	at net.minecraftforge.fml.VersionChecker$1.run(VersionChecker.java:117) ~[fmlcore-1.20.1-47.4.10.jar%23476!/:?]
Caused by: java.lang.IllegalStateException: Expected BEGIN_OBJECT but was STRING at line 9 column 1 path $
	at com.google.gson.stream.JsonReader.beginObject(JsonReader.java:393) ~[gson-2.10.jar%2388!/:?]
	at com.google.gson.internal.bind.MapTypeAdapterFactory$Adapter.read(MapTypeAdapterFactory.java:182) ~[gson-2.10.jar%2388!/:?]
	at com.google.gson.internal.bind.MapTypeAdapterFactory$Adapter.read(MapTypeAdapterFactory.java:144) ~[gson-2.10.jar%2388!/:?]
	at com.google.gson.Gson.fromJson(Gson.java:1214) ~[gson-2.10.jar%2388!/:?]
	... 6 more
[28May2026 14:36:49.021] [Forge Version Check/INFO] [net.minecraftforge.fml.VersionChecker/]: [iceberg] Starting version check at https://mc-update-check.anthonyhilyard.com/520110
[28May2026 14:36:49.045] [Worker-ResourceReload-10/WARN] [xaero.lib.XaeroLib/]: io exception while checking patreon: Online mod data expired! Date: Sat May 23 09:44:16 BST 2026
[28May2026 14:36:49.102] [Render thread/INFO] [Tooltip Overhaul/]: Found 6 frame configs in TooltipOverhaul config
[28May2026 14:36:49.105] [Render thread/INFO] [Tooltip Overhaul/]: Found 1 custom frame config files from resource packs
[28May2026 14:36:49.106] [Render thread/INFO] [Tooltip Overhaul/]: Loaded 81 custom frame entries total
[28May2026 14:36:49.106] [Render thread/INFO] [Tooltip Overhaul/]: 81 frames have been loaded!
[28May2026 14:36:49.119] [Render thread/INFO] [xaero.map.WorldMap/]: Loading Xaero's World Map - Stage 2/2
[28May2026 14:36:49.122] [Render thread/INFO] [xaero.map.WorldMap/]: New world map region cache hash code: 1286663114
[28May2026 14:36:49.446] [Forge Version Check/INFO] [net.minecraftforge.fml.VersionChecker/]: [iceberg] Found status: UP_TO_DATE Current: 1.1.25 Target: null
[28May2026 14:36:49.446] [Forge Version Check/INFO] [net.minecraftforge.fml.VersionChecker/]: [supplementaries] Starting version check at https://api.modrinth.com/updates/supplementaries/forge_updates.json
[28May2026 14:36:49.567] [Forge Version Check/INFO] [net.minecraftforge.fml.VersionChecker/]: [supplementaries] Found status: OUTDATED Current: 1.20-3.1.43 Target: 1.20-3.1.43-forge
[28May2026 14:36:49.632] [Render thread/ERROR] [xaero.map.WorldMap/]: io exception while checking versions: Online mod data expired! Date: Sat May 23 09:44:16 BST 2026
[28May2026 14:36:49.633] [Render thread/INFO] [xaero.map.WorldMap/]: Registered player tracker system: map_synced
[28May2026 14:36:49.636] [Render thread/INFO] [xaero.map.WorldMap/]: Xaero's WorldMap Mod: Xaero's minimap found!
[28May2026 14:36:49.639] [Render thread/INFO] [xaero.map.WorldMap/]: Registered player tracker system: minimap_synced
[28May2026 14:36:49.639] [Render thread/INFO] [xaero.map.WorldMap/]: No Optifine!
[28May2026 14:36:49.639] [Render thread/INFO] [xaero.map.WorldMap/]: Xaero's World Map: No Vivecraft!
[28May2026 14:36:49.641] [Render thread/INFO] [xaero.map.WorldMap/]: Xaero's World Map: Framed Blocks found!
[28May2026 14:36:49.641] [Render thread/INFO] [xaero.map.WorldMap/]: Xaero's World Map: Iris found!
[28May2026 14:36:49.692] [Render thread/INFO] [igentuman.nc.client.RuntimeFuelModelGenerator/]: ============================================================
[28May2026 14:36:49.692] [Render thread/INFO] [igentuman.nc.client.RuntimeFuelModelGenerator/]: Starting runtime fuel model generation...
[28May2026 14:36:49.692] [Render thread/INFO] [igentuman.nc.client.RuntimeFuelModelGenerator/]: ============================================================
[28May2026 14:36:49.692] [Render thread/INFO] [igentuman.nc.client.RuntimeFuelModelGenerator/]: ✓ Created directory structure
[28May2026 14:36:49.693] [Render thread/INFO] [igentuman.nc.client.RuntimeFuelModelGenerator/]: No custom fuels registered - skipping texture generation
[28May2026 14:36:49.693] [Render thread/INFO] [igentuman.nc.client.RuntimeFuelModelGenerator/]: No custom fuels registered - skipping model generation
[28May2026 14:36:49.693] [Render thread/INFO] [igentuman.nc.client.RuntimeFuelModelGenerator/]: ✓ Created texture README at: /home/bigh/.var/app/org.prismlauncher.PrismLauncher/data/PrismLauncher/instances/GregTech Community Pack Modern/minecraft/kubejs/assets/nuclearcraft/textures/item/fuel/readme.txt
[28May2026 14:36:49.693] [Render thread/INFO] [igentuman.nc.client.RuntimeFuelModelGenerator/]: No custom fuels to add to language file
[28May2026 14:36:49.693] [Render thread/INFO] [igentuman.nc.client.RuntimeFuelModelGenerator/]: ============================================================
[28May2026 14:36:49.693] [Render thread/INFO] [igentuman.nc.client.RuntimeFuelModelGenerator/]: ✓ Generated 0 model files
[28May2026 14:36:49.693] [Render thread/INFO] [igentuman.nc.client.RuntimeFuelModelGenerator/]: ✓ Generated 0 texture files
[28May2026 14:36:49.693] [Render thread/INFO] [igentuman.nc.client.RuntimeFuelModelGenerator/]: ============================================================
[28May2026 14:36:49.693] [Render thread/INFO] [igentuman.nc.client.RuntimeFuelModelGenerator/]: Next steps:
[28May2026 14:36:49.693] [Render thread/INFO] [igentuman.nc.client.RuntimeFuelModelGenerator/]:   1. Press F3+T in-game to reload resources
[28May2026 14:36:49.693] [Render thread/INFO] [igentuman.nc.client.RuntimeFuelModelGenerator/]: ============================================================
[28May2026 14:36:49.722] [Render thread/INFO] [xaero.minimap.XaeroMinimap/]: Loading Xaero's Minimap - Stage 2/2
[28May2026 14:36:50.970] [Render thread/WARN] [xaero.hud.minimap.MinimapLogs/]: io exception while checking versions: Online mod data expired! Date: Sat May 23 09:44:16 BST 2026
[28May2026 14:36:50.971] [Render thread/INFO] [xaero.hud.minimap.MinimapLogs/]: Registered player tracker system: minimap_synced
[28May2026 14:36:50.972] [Render thread/INFO] [xaero.hud.minimap.MinimapLogs/]: Xaero's Minimap: World Map found!
[28May2026 14:36:50.972] [Render thread/INFO] [xaero.hud.minimap.MinimapLogs/]: No Optifine!
[28May2026 14:36:50.972] [Render thread/INFO] [xaero.hud.minimap.MinimapLogs/]: Xaero's Minimap: No Vivecraft!
[28May2026 14:36:50.973] [Render thread/INFO] [xaero.hud.minimap.MinimapLogs/]: Xaero's Minimap: Framed Blocks found!
[28May2026 14:36:50.973] [Render thread/INFO] [xaero.hud.minimap.MinimapLogs/]: Xaero's Minimap: Iris found!
[28May2026 14:36:50.973] [Render thread/WARN] [net.minecraftforge.fml.DeferredWorkQueue/LOADING]: Mod 'xaerominimap' took 1.251 s to run a deferred task.
[28May2026 14:36:50.998] [Render thread/INFO] [xaero.lib.XaeroLib/]: Loading XaeroLib common 2/2!
[28May2026 14:36:50.998] [Render thread/INFO] [xaero.lib.XaeroLib/]: Loading XaeroLib client 2/2!
[28May2026 14:36:51.022] [Worker-ResourceReload-2/WARN] [net.minecraft.client.resources.model.ModelBakery/]: Exception loading blockstate definition: 'tinygates:blockstates/and_gate_block.json' missing model for variant: 'tinygates:and_gate_block#facing=south,gate_direction=up'
[28May2026 14:36:51.022] [Worker-ResourceReload-2/WARN] [net.minecraft.client.resources.model.ModelBakery/]: Exception loading blockstate definition: 'tinygates:blockstates/and_gate_block.json' missing model for variant: 'tinygates:and_gate_block#facing=down,gate_direction=south'
[28May2026 14:36:51.022] [Worker-ResourceReload-2/WARN] [net.minecraft.client.resources.model.ModelBakery/]: Exception loading blockstate definition: 'tinygates:blockstates/and_gate_block.json' missing model for variant: 'tinygates:and_gate_block#facing=south,gate_direction=down'
[28May2026 14:36:51.022] [Worker-ResourceReload-2/WARN] [net.minecraft.client.resources.model.ModelBakery/]: Exception loading blockstate definition: 'tinygates:blockstates/and_gate_block.json' missing model for variant: 'tinygates:and_gate_block#facing=down,gate_direction=north'
[28May2026 14:36:51.022] [Worker-ResourceReload-2/WARN] [net.minecraft.client.resources.model.ModelBakery/]: Exception loading blockstate definition: 'tinygates:blockstates/and_gate_block.json' missing model for variant: 'tinygates:and_gate_block#facing=north,gate_direction=down'
[28May2026 14:36:51.022] [Worker-ResourceReload-2/WARN] [net.minecraft.client.resources.model.ModelBakery/]: Exception loading blockstate definition: 'tinygates:blockstates/and_gate_block.json' missing model for variant: 'tinygates:and_gate_block#facing=west,gate_direction=west'
[28May2026 14:36:51.022] [Worker-ResourceReload-2/WARN] [net.minecraft.client.resources.model.ModelBakery/]: Exception loading blockstate definition: 'tinygates:blockstates/and_gate_block.json' missing model for variant: 'tinygates:and_gate_block#facing=north,gate_direction=up'
[28May2026 14:36:51.022] [Worker-ResourceReload-2/WARN] [net.minecraft.client.resources.model.ModelBakery/]: Exception loading blockstate definition: 'tinygates:blockstates/and_gate_block.json' missing model for variant: 'tinygates:and_gate_block#facing=north,gate_direction=west'
[28May2026 14:36:51.022] [Worker-ResourceReload-2/WARN] [net.minecraft.client.resources.model.ModelBakery/]: Exception loading blockstate definition: 'tinygates:blockstates/and_gate_block.json' missing model for variant: 'tinygates:and_gate_block#facing=west,gate_direction=down'
[28May2026 14:36:51.022] [Worker-ResourceReload-2/WARN] [net.minecraft.client.resources.model.ModelBakery/]: Exception loading blockstate definition: 'tinygates:blockstates/and_gate_block.json' missing model for variant: 'tinygates:and_gate_block#facing=south,gate_direction=west'
[28May2026 14:36:51.022] [Worker-ResourceReload-2/WARN] [net.minecraft.client.resources.model.ModelBakery/]: Exception loading blockstate definition: 'tinygates:blockstates/and_gate_block.json' missing model for variant: 'tinygates:and_gate_block#facing=east,gate_direction=east'
[28May2026 14:36:51.022] [Worker-ResourceReload-2/WARN] [net.minecraft.client.resources.model.ModelBakery/]: Exception loading blockstate definition: 'tinygates:blockstates/and_gate_block.json' missing model for variant: 'tinygates:and_gate_block#facing=up,gate_direction=east'
[28May2026 14:36:51.022] [Worker-ResourceReload-2/WARN] [net.minecraft.client.resources.model.ModelBakery/]: Exception loading blockstate definition: 'tinygates:blockstates/and_gate_block.json' missing model for variant: 'tinygates:and_gate_block#facing=north,gate_direction=north'
[28May2026 14:36:51.022] [Worker-ResourceReload-2/WARN] [net.minecraft.client.resources.model.ModelBakery/]: Exception loading blockstate definition: 'tinygates:blockstates/and_gate_block.json' missing model for variant: 'tinygates:and_gate_block#facing=up,gate_direction=up'
[28May2026 14:36:51.022] [Worker-ResourceReload-2/WARN] [net.minecraft.client.resources.model.ModelBakery/]: Exception loading blockstate definition: 'tinygates:blockstates/and_gate_block.json' missing model for variant: 'tinygates:and_gate_block#facing=east,gate_direction=south'
[28May2026 14:36:51.022] [Worker-ResourceReload-2/WARN] [net.minecraft.client.resources.model.ModelBakery/]: Exception loading blockstate definition: 'tinygates:blockstates/and_gate_block.json' missing model for variant: 'tinygates:and_gate_block#facing=south,gate_direction=south'
[28May2026 14:36:51.022] [Worker-ResourceReload-2/WARN] [net.minecraft.client.resources.model.ModelBakery/]: Exception loading blockstate definition: 'tinygates:blockstates/and_gate_block.json' missing model for variant: 'tinygates:and_gate_block#facing=down,gate_direction=east'
[28May2026 14:36:51.022] [Worker-ResourceReload-2/WARN] [net.minecraft.client.resources.model.ModelBakery/]: Exception loading blockstate definition: 'tinygates:blockstates/and_gate_block.json' missing model for variant: 'tinygates:and_gate_block#facing=west,gate_direction=east'
[28May2026 14:36:51.022] [Worker-ResourceReload-2/WARN] [net.minecraft.client.resources.model.ModelBakery/]: Exception loading blockstate definition: 'tinygates:blockstates/and_gate_block.json' missing model for variant: 'tinygates:and_gate_block#facing=north,gate_direction=south'
[28May2026 14:36:51.022] [Worker-ResourceReload-2/WARN] [net.minecraft.client.resources.model.ModelBakery/]: Exception loading blockstate definition: 'tinygates:blockstates/and_gate_block.json' missing model for variant: 'tinygates:and_gate_block#facing=down,gate_direction=west'
[28May2026 14:36:51.022] [Worker-ResourceReload-2/WARN] [net.minecraft.client.resources.model.ModelBakery/]: Exception loading blockstate definition: 'tinygates:blockstates/and_gate_block.json' missing model for variant: 'tinygates:and_gate_block#facing=up,gate_direction=down'
[28May2026 14:36:51.022] [Worker-ResourceReload-2/WARN] [net.minecraft.client.resources.model.ModelBakery/]: Exception loading blockstate definition: 'tinygates:blockstates/and_gate_block.json' missing model for variant: 'tinygates:and_gate_block#facing=down,gate_direction=down'
[28May2026 14:36:51.022] [Worker-ResourceReload-2/WARN] [net.minecraft.client.resources.model.ModelBakery/]: Exception loading blockstate definition: 'tinygates:blockstates/and_gate_block.json' missing model for variant: 'tinygates:and_gate_block#facing=east,gate_direction=down'
[28May2026 14:36:51.022] [Worker-ResourceReload-2/WARN] [net.minecraft.client.resources.model.ModelBakery/]: Exception loading blockstate definition: 'tinygates:blockstates/and_gate_block.json' missing model for variant: 'tinygates:and_gate_block#facing=south,gate_direction=east'
[28May2026 14:36:51.022] [Worker-ResourceReload-2/WARN] [net.minecraft.client.resources.model.ModelBakery/]: Exception loading blockstate definition: 'tinygates:blockstates/and_gate_block.json' missing model for variant: 'tinygates:and_gate_block#facing=up,gate_direction=north'
[28May2026 14:36:51.022] [Worker-ResourceReload-2/WARN] [net.minecraft.client.resources.model.ModelBakery/]: Exception loading blockstate definition: 'tinygates:blockstates/and_gate_block.json' missing model for variant: 'tinygates:and_gate_block#facing=south,gate_direction=north'
[28May2026 14:36:51.022] [Worker-ResourceReload-2/WARN] [net.minecraft.client.resources.model.ModelBakery/]: Exception loading blockstate definition: 'tinygates:blockstates/and_gate_block.json' missing model for variant: 'tinygates:and_gate_block#facing=west,gate_direction=north'
[28May2026 14:36:51.022] [Worker-ResourceReload-2/WARN] [net.minecraft.client.resources.model.ModelBakery/]: Exception loading blockstate definition: 'tinygates:blockstates/and_gate_block.json' missing model for variant: 'tinygates:and_gate_block#facing=east,gate_direction=up'
[28May2026 14:36:51.022] [Worker-ResourceReload-2/WARN] [net.minecraft.client.resources.model.ModelBakery/]: Exception loading blockstate definition: 'tinygates:blockstates/and_gate_block.json' missing model for variant: 'tinygates:and_gate_block#facing=up,gate_direction=west'
[28May2026 14:36:51.022] [Worker-ResourceReload-2/WARN] [net.minecraft.client.resources.model.ModelBakery/]: Exception loading blockstate definition: 'tinygates:blockstates/and_gate_block.json' missing model for variant: 'tinygates:and_gate_block#facing=east,gate_direction=west'
[28May2026 14:36:51.022] [Worker-ResourceReload-2/WARN] [net.minecraft.client.resources.model.ModelBakery/]: Exception loading blockstate definition: 'tinygates:blockstates/and_gate_block.json' missing model for variant: 'tinygates:and_gate_block#facing=west,gate_direction=south'
[28May2026 14:36:51.022] [Worker-ResourceReload-2/WARN] [net.minecraft.client.resources.model.ModelBakery/]: Exception loading blockstate definition: 'tinygates:blockstates/and_gate_block.json' missing model for variant: 'tinygates:and_gate_block#facing=down,gate_direction=up'
[28May2026 14:36:51.022] [Worker-ResourceReload-2/WARN] [net.minecraft.client.resources.model.ModelBakery/]: Exception loading blockstate definition: 'tinygates:blockstates/and_gate_block.json' missing model for variant: 'tinygates:and_gate_block#facing=north,gate_direction=east'
[28May2026 14:36:51.022] [Worker-ResourceReload-2/WARN] [net.minecraft.client.resources.model.ModelBakery/]: Exception loading blockstate definition: 'tinygates:blockstates/and_gate_block.json' missing model for variant: 'tinygates:and_gate_block#facing=up,gate_direction=south'
[28May2026 14:36:51.022] [Worker-ResourceReload-2/WARN] [net.minecraft.client.resources.model.ModelBakery/]: Exception loading blockstate definition: 'tinygates:blockstates/and_gate_block.json' missing model for variant: 'tinygates:and_gate_block#facing=east,gate_direction=north'
[28May2026 14:36:51.022] [Worker-ResourceReload-2/WARN] [net.minecraft.client.resources.model.ModelBakery/]: Exception loading blockstate definition: 'tinygates:blockstates/and_gate_block.json' missing model for variant: 'tinygates:and_gate_block#facing=west,gate_direction=up'
[28May2026 14:36:51.022] [Worker-ResourceReload-2/WARN] [net.minecraft.client.resources.model.ModelBakery/]: Exception loading blockstate definition: 'tinygates:blockstates/clock_block.json' missing model for variant: 'tinygates:clock_block#facing=south,gate_direction=east'
[28May2026 14:36:51.022] [Worker-ResourceReload-2/WARN] [net.minecraft.client.resources.model.ModelBakery/]: Exception loading blockstate definition: 'tinygates:blockstates/clock_block.json' missing model for variant: 'tinygates:clock_block#facing=down,gate_direction=down'
[28May2026 14:36:51.022] [Worker-ResourceReload-2/WARN] [net.minecraft.client.resources.model.ModelBakery/]: Exception loading blockstate definition: 'tinygates:blockstates/clock_block.json' missing model for variant: 'tinygates:clock_block#facing=north,gate_direction=east'
[28May2026 14:36:51.022] [Worker-ResourceReload-2/WARN] [net.minecraft.client.resources.model.ModelBakery/]: Exception loading blockstate definition: 'tinygates:blockstates/clock_block.json' missing model for variant: 'tinygates:clock_block#facing=west,gate_direction=east'
[28May2026 14:36:51.022] [Worker-ResourceReload-2/WARN] [net.minecraft.client.resources.model.ModelBakery/]: Exception loading blockstate definition: 'tinygates:blockstates/clock_block.json' missing model for variant: 'tinygates:clock_block#facing=down,gate_direction=west'
[28May2026 14:36:51.022] [Worker-ResourceReload-2/WARN] [net.minecraft.client.resources.model.ModelBakery/]: Exception loading blockstate definition: 'tinygates:blockstates/clock_block.json' missing model for variant: 'tinygates:clock_block#facing=down,gate_direction=up'
[28May2026 14:36:51.022] [Worker-ResourceReload-2/WARN] [net.minecraft.client.resources.model.ModelBakery/]: Exception loading blockstate definition: 'tinygates:blockstates/clock_block.json' missing model for variant: 'tinygates:clock_block#facing=up,gate_direction=north'
[28May2026 14:36:51.022] [Worker-ResourceReload-2/WARN] [net.minecraft.client.resources.model.ModelBakery/]: Exception loading blockstate definition: 'tinygates:blockstates/clock_block.json' missing model for variant: 'tinygates:clock_block#facing=east,gate_direction=south'
[28May2026 14:36:51.022] [Worker-ResourceReload-2/WARN] [net.minecraft.client.resources.model.ModelBakery/]: Exception loading blockstate definition: 'tinygates:blockstates/clock_block.json' missing model for variant: 'tinygates:clock_block#facing=up,gate_direction=down'
[28May2026 14:36:51.022] [Worker-ResourceReload-2/WARN] [net.minecraft.client.resources.model.ModelBakery/]: Exception loading blockstate definition: 'tinygates:blockstates/clock_block.json' missing model for variant: 'tinygates:clock_block#facing=east,gate_direction=north'
[28May2026 14:36:51.022] [Worker-ResourceReload-2/WARN] [net.minecraft.client.resources.model.ModelBakery/]: Exception loading blockstate definition: 'tinygates:blockstates/clock_block.json' missing model for variant: 'tinygates:clock_block#facing=up,gate_direction=west'
[28May2026 14:36:51.022] [Worker-ResourceReload-2/WARN] [net.minecraft.client.resources.model.ModelBakery/]: Exception loading blockstate definition: 'tinygates:blockstates/clock_block.json' missing model for variant: 'tinygates:clock_block#facing=east,gate_direction=up'
[28May2026 14:36:51.022] [Worker-ResourceReload-2/WARN] [net.minecraft.client.resources.model.ModelBakery/]: Exception loading blockstate definition: 'tinygates:blockstates/clock_block.json' missing model for variant: 'tinygates:clock_block#facing=east,gate_direction=down'
[28May2026 14:36:51.022] [Worker-ResourceReload-2/WARN] [net.minecraft.client.resources.model.ModelBakery/]: Exception loading blockstate definition: 'tinygates:blockstates/clock_block.json' missing model for variant: 'tinygates:clock_block#facing=up,gate_direction=south'
[28May2026 14:36:51.022] [Worker-ResourceReload-2/WARN] [net.minecraft.client.resources.model.ModelBakery/]: Exception loading blockstate definition: 'tinygates:blockstates/clock_block.json' missing model for variant: 'tinygates:clock_block#facing=north,gate_direction=west'
[28May2026 14:36:51.022] [Worker-ResourceReload-2/WARN] [net.minecraft.client.resources.model.ModelBakery/]: Exception loading blockstate definition: 'tinygates:blockstates/clock_block.json' missing model for variant: 'tinygates:clock_block#facing=west,gate_direction=up'
[28May2026 14:36:51.022] [Worker-ResourceReload-2/WARN] [net.minecraft.client.resources.model.ModelBakery/]: Exception loading blockstate definition: 'tinygates:blockstates/clock_block.json' missing model for variant: 'tinygates:clock_block#facing=west,gate_direction=north'
[28May2026 14:36:51.022] [Worker-ResourceReload-2/WARN] [net.minecraft.client.resources.model.ModelBakery/]: Exception loading blockstate definition: 'tinygates:blockstates/clock_block.json' missing model for variant: 'tinygates:clock_block#facing=north,gate_direction=up'
[28May2026 14:36:51.022] [Worker-ResourceReload-2/WARN] [net.minecraft.client.resources.model.ModelBakery/]: Exception loading blockstate definition: 'tinygates:blockstates/clock_block.json' missing model for variant: 'tinygates:clock_block#facing=north,gate_direction=north'
[28May2026 14:36:51.022] [Worker-ResourceReload-2/WARN] [net.minecraft.client.resources.model.ModelBakery/]: Exception loading blockstate definition: 'tinygates:blockstates/clock_block.json' missing model for variant: 'tinygates:clock_block#facing=up,gate_direction=up'
[28May2026 14:36:51.022] [Worker-ResourceReload-2/WARN] [net.minecraft.client.resources.model.ModelBakery/]: Exception loading blockstate definition: 'tinygates:blockstates/clock_block.json' missing model for variant: 'tinygates:clock_block#facing=west,gate_direction=down'
[28May2026 14:36:51.022] [Worker-ResourceReload-2/WARN] [net.minecraft.client.resources.model.ModelBakery/]: Exception loading blockstate definition: 'tinygates:blockstates/clock_block.json' missing model for variant: 'tinygates:clock_block#facing=north,gate_direction=down'
[28May2026 14:36:51.022] [Worker-ResourceReload-2/WARN] [net.minecraft.client.resources.model.ModelBakery/]: Exception loading blockstate definition: 'tinygates:blockstates/clock_block.json' missing model for variant: 'tinygates:clock_block#facing=down,gate_direction=north'
[28May2026 14:36:51.022] [Worker-ResourceReload-2/WARN] [net.minecraft.client.resources.model.ModelBakery/]: Exception loading blockstate definition: 'tinygates:blockstates/clock_block.json' missing model for variant: 'tinygates:clock_block#facing=south,gate_direction=up'
[28May2026 14:36:51.022] [Worker-ResourceReload-2/WARN] [net.minecraft.client.resources.model.ModelBakery/]: Exception loading blockstate definition: 'tinygates:blockstates/clock_block.json' missing model for variant: 'tinygates:clock_block#facing=south,gate_direction=down'
[28May2026 14:36:51.023] [Worker-ResourceReload-2/WARN] [net.minecraft.client.resources.model.ModelBakery/]: Exception loading blockstate definition: 'tinygates:blockstates/clock_block.json' missing model for variant: 'tinygates:clock_block#facing=down,gate_direction=south'
[28May2026 14:36:51.023] [Worker-ResourceReload-2/WARN] [net.minecraft.client.resources.model.ModelBakery/]: Exception loading blockstate definition: 'tinygates:blockstates/clock_block.json' missing model for variant: 'tinygates:clock_block#facing=west,gate_direction=south'
[28May2026 14:36:51.023] [Worker-ResourceReload-2/WARN] [net.minecraft.client.resources.model.ModelBakery/]: Exception loading blockstate definition: 'tinygates:blockstates/clock_block.json' missing model for variant: 'tinygates:clock_block#facing=east,gate_direction=west'
[28May2026 14:36:51.023] [Worker-ResourceReload-2/WARN] [net.minecraft.client.resources.model.ModelBakery/]: Exception loading blockstate definition: 'tinygates:blockstates/clock_block.json' missing model for variant: 'tinygates:clock_block#facing=south,gate_direction=west'
[28May2026 14:36:51.023] [Worker-ResourceReload-2/WARN] [net.minecraft.client.resources.model.ModelBakery/]: Exception loading blockstate definition: 'tinygates:blockstates/clock_block.json' missing model for variant: 'tinygates:clock_block#facing=down,gate_direction=east'
[28May2026 14:36:51.023] [Worker-ResourceReload-2/WARN] [net.minecraft.client.resources.model.ModelBakery/]: Exception loading blockstate definition: 'tinygates:blockstates/clock_block.json' missing model for variant: 'tinygates:clock_block#facing=east,gate_direction=east'
[28May2026 14:36:51.023] [Worker-ResourceReload-2/WARN] [net.minecraft.client.resources.model.ModelBakery/]: Exception loading blockstate definition: 'tinygates:blockstates/clock_block.json' missing model for variant: 'tinygates:clock_block#facing=south,gate_direction=north'
[28May2026 14:36:51.023] [Worker-ResourceReload-2/WARN] [net.minecraft.client.resources.model.ModelBakery/]: Exception loading blockstate definition: 'tinygates:blockstates/clock_block.json' missing model for variant: 'tinygates:clock_block#facing=up,gate_direction=east'
[28May2026 14:36:51.023] [Worker-ResourceReload-2/WARN] [net.minecraft.client.resources.model.ModelBakery/]: Exception loading blockstate definition: 'tinygates:blockstates/clock_block.json' missing model for variant: 'tinygates:clock_block#facing=south,gate_direction=south'
[28May2026 14:36:51.023] [Worker-ResourceReload-2/WARN] [net.minecraft.client.resources.model.ModelBakery/]: Exception loading blockstate definition: 'tinygates:blockstates/clock_block.json' missing model for variant: 'tinygates:clock_block#facing=north,gate_direction=south'
[28May2026 14:36:51.023] [Worker-ResourceReload-2/WARN] [net.minecraft.client.resources.model.ModelBakery/]: Exception loading blockstate definition: 'tinygates:blockstates/clock_block.json' missing model for variant: 'tinygates:clock_block#facing=west,gate_direction=west'
[28May2026 14:36:51.023] [Worker-ResourceReload-2/WARN] [net.minecraft.client.resources.model.ModelBakery/]: Exception loading blockstate definition: 'tinygates:blockstates/counter_block.json' missing model for variant: 'tinygates:counter_block#facing=up,gate_direction=east'
[28May2026 14:36:51.023] [Worker-ResourceReload-2/WARN] [net.minecraft.client.resources.model.ModelBakery/]: Exception loading blockstate definition: 'tinygates:blockstates/counter_block.json' missing model for variant: 'tinygates:counter_block#facing=south,gate_direction=west'
[28May2026 14:36:51.023] [Worker-ResourceReload-2/WARN] [net.minecraft.client.resources.model.ModelBakery/]: Exception loading blockstate definition: 'tinygates:blockstates/counter_block.json' missing model for variant: 'tinygates:counter_block#facing=north,gate_direction=west'
[28May2026 14:36:51.023] [Worker-ResourceReload-2/WARN] [net.minecraft.client.resources.model.ModelBakery/]: Exception loading blockstate definition: 'tinygates:blockstates/counter_block.json' missing model for variant: 'tinygates:counter_block#facing=south,gate_direction=down'
[28May2026 14:36:51.023] [Worker-ResourceReload-2/WARN] [net.minecraft.client.resources.model.ModelBakery/]: Exception loading blockstate definition: 'tinygates:blockstates/counter_block.json' missing model for variant: 'tinygates:counter_block#facing=down,gate_direction=south'
[28May2026 14:36:51.023] [Worker-ResourceReload-2/WARN] [net.minecraft.client.resources.model.ModelBakery/]: Exception loading blockstate definition: 'tinygates:blockstates/counter_block.json' missing model for variant: 'tinygates:counter_block#facing=north,gate_direction=down'
[28May2026 14:36:51.023] [Worker-ResourceReload-2/WARN] [net.minecraft.client.resources.model.ModelBakery/]: Exception loading blockstate definition: 'tinygates:blockstates/counter_block.json' missing model for variant: 'tinygates:counter_block#facing=south,gate_direction=up'
[28May2026 14:36:51.023] [Worker-ResourceReload-2/WARN] [net.minecraft.client.resources.model.ModelBakery/]: Exception loading blockstate definition: 'tinygates:blockstates/counter_block.json' missing model for variant: 'tinygates:counter_block#facing=down,gate_direction=north'
[28May2026 14:36:51.023] [Worker-ResourceReload-2/WARN] [net.minecraft.client.resources.model.ModelBakery/]: Exception loading blockstate definition: 'tinygates:blockstates/counter_block.json' missing model for variant: 'tinygates:counter_block#facing=north,gate_direction=south'
[28May2026 14:36:51.023] [Worker-ResourceReload-2/WARN] [net.minecraft.client.resources.model.ModelBakery/]: Exception loading blockstate definition: 'tinygates:blockstates/counter_block.json' missing model for variant: 'tinygates:counter_block#facing=east,gate_direction=north'
[28May2026 14:36:51.023] [Worker-ResourceReload-2/WARN] [net.minecraft.client.resources.model.ModelBakery/]: Exception loading blockstate definition: 'tinygates:blockstates/counter_block.json' missing model for variant: 'tinygates:counter_block#facing=north,gate_direction=up'
[28May2026 14:36:51.023] [Worker-ResourceReload-2/WARN] [net.minecraft.client.resources.model.ModelBakery/]: Exception loading blockstate definition: 'tinygates:blockstates/counter_block.json' missing model for variant: 'tinygates:counter_block#facing=east,gate_direction=up'
[28May2026 14:36:51.023] [Worker-ResourceReload-2/WARN] [net.minecraft.client.resources.model.ModelBakery/]: Exception loading blockstate definition: 'tinygates:blockstates/counter_block.json' missing model for variant: 'tinygates:counter_block#facing=west,gate_direction=west'
[28May2026 14:36:51.023] [Worker-ResourceReload-2/WARN] [net.minecraft.client.resources.model.ModelBakery/]: Exception loading blockstate definition: 'tinygates:blockstates/counter_block.json' missing model for variant: 'tinygates:counter_block#facing=down,gate_direction=east'
[28May2026 14:36:51.023] [Worker-ResourceReload-2/WARN] [net.minecraft.client.resources.model.ModelBakery/]: Exception loading blockstate definition: 'tinygates:blockstates/counter_block.json' missing model for variant: 'tinygates:counter_block#facing=west,gate_direction=east'
[28May2026 14:36:51.023] [Worker-ResourceReload-2/WARN] [net.minecraft.client.resources.model.ModelBakery/]: Exception loading blockstate definition: 'tinygates:blockstates/counter_block.json' missing model for variant: 'tinygates:counter_block#facing=east,gate_direction=down'
[28May2026 14:36:51.023] [Worker-ResourceReload-2/WARN] [net.minecraft.client.resources.model.ModelBakery/]: Exception loading blockstate definition: 'tinygates:blockstates/counter_block.json' missing model for variant: 'tinygates:counter_block#facing=up,gate_direction=down'
[28May2026 14:36:51.023] [Worker-ResourceReload-2/WARN] [net.minecraft.client.resources.model.ModelBakery/]: Exception loading blockstate definition: 'tinygates:blockstates/counter_block.json' missing model for variant: 'tinygates:counter_block#facing=up,gate_direction=north'
[28May2026 14:36:51.023] [Worker-ResourceReload-2/WARN] [net.minecraft.client.resources.model.ModelBakery/]: Exception loading blockstate definition: 'tinygates:blockstates/counter_block.json' missing model for variant: 'tinygates:counter_block#facing=down,gate_direction=west'
[28May2026 14:36:51.023] [Worker-ResourceReload-2/WARN] [net.minecraft.client.resources.model.ModelBakery/]: Exception loading blockstate definition: 'tinygates:blockstates/counter_block.json' missing model for variant: 'tinygates:counter_block#facing=west,gate_direction=north'
[28May2026 14:36:51.023] [Worker-ResourceReload-2/WARN] [net.minecraft.client.resources.model.ModelBakery/]: Exception loading blockstate definition: 'tinygates:blockstates/counter_block.json' missing model for variant: 'tinygates:counter_block#facing=north,gate_direction=east'
[28May2026 14:36:51.023] [Worker-ResourceReload-2/WARN] [net.minecraft.client.resources.model.ModelBakery/]: Exception loading blockstate definition: 'tinygates:blockstates/counter_block.json' missing model for variant: 'tinygates:counter_block#facing=up,gate_direction=south'
[28May2026 14:36:51.023] [Worker-ResourceReload-2/WARN] [net.minecraft.client.resources.model.ModelBakery/]: Exception loading blockstate definition: 'tinygates:blockstates/counter_block.json' missing model for variant: 'tinygates:counter_block#facing=west,gate_direction=up'
[28May2026 14:36:51.023] [Worker-ResourceReload-2/WARN] [net.minecraft.client.resources.model.ModelBakery/]: Exception loading blockstate definition: 'tinygates:blockstates/counter_block.json' missing model for variant: 'tinygates:counter_block#facing=down,gate_direction=up'
[28May2026 14:36:51.023] [Worker-ResourceReload-2/WARN] [net.minecraft.client.resources.model.ModelBakery/]: Exception loading blockstate definition: 'tinygates:blockstates/counter_block.json' missing model for variant: 'tinygates:counter_block#facing=south,gate_direction=south'
[28May2026 14:36:51.023] [Worker-ResourceReload-2/WARN] [net.minecraft.client.resources.model.ModelBakery/]: Exception loading blockstate definition: 'tinygates:blockstates/counter_block.json' missing model for variant: 'tinygates:counter_block#facing=west,gate_direction=south'
[28May2026 14:36:51.023] [Worker-ResourceReload-2/WARN] [net.minecraft.client.resources.model.ModelBakery/]: Exception loading blockstate definition: 'tinygates:blockstates/counter_block.json' missing model for variant: 'tinygates:counter_block#facing=east,gate_direction=west'
[28May2026 14:36:51.023] [Worker-ResourceReload-2/WARN] [net.minecraft.client.resources.model.ModelBakery/]: Exception loading blockstate definition: 'tinygates:blockstates/counter_block.json' missing model for variant: 'tinygates:counter_block#facing=west,gate_direction=down'
[28May2026 14:36:51.023] [Worker-ResourceReload-2/WARN] [net.minecraft.client.resources.model.ModelBakery/]: Exception loading blockstate definition: 'tinygates:blockstates/counter_block.json' missing model for variant: 'tinygates:counter_block#facing=up,gate_direction=west'
[28May2026 14:36:51.023] [Worker-ResourceReload-2/WARN] [net.minecraft.client.resources.model.ModelBakery/]: Exception loading blockstate definition: 'tinygates:blockstates/counter_block.json' missing model for variant: 'tinygates:counter_block#facing=south,gate_direction=north'
[28May2026 14:36:51.023] [Worker-ResourceReload-2/WARN] [net.minecraft.client.resources.model.ModelBakery/]: Exception loading blockstate definition: 'tinygates:blockstates/counter_block.json' missing model for variant: 'tinygates:counter_block#facing=up,gate_direction=up'
[28May2026 14:36:51.023] [Worker-ResourceReload-2/WARN] [net.minecraft.client.resources.model.ModelBakery/]: Exception loading blockstate definition: 'tinygates:blockstates/counter_block.json' missing model for variant: 'tinygates:counter_block#facing=north,gate_direction=north'
[28May2026 14:36:51.023] [Worker-ResourceReload-2/WARN] [net.minecraft.client.resources.model.ModelBakery/]: Exception loading blockstate definition: 'tinygates:blockstates/counter_block.json' missing model for variant: 'tinygates:counter_block#facing=east,gate_direction=south'
[28May2026 14:36:51.023] [Worker-ResourceReload-2/WARN] [net.minecraft.client.resources.model.ModelBakery/]: Exception loading blockstate definition: 'tinygates:blockstates/counter_block.json' missing model for variant: 'tinygates:counter_block#facing=east,gate_direction=east'
[28May2026 14:36:51.023] [Worker-ResourceReload-2/WARN] [net.minecraft.client.resources.model.ModelBakery/]: Exception loading blockstate definition: 'tinygates:blockstates/counter_block.json' missing model for variant: 'tinygates:counter_block#facing=south,gate_direction=east'
[28May2026 14:36:51.023] [Worker-ResourceReload-2/WARN] [net.minecraft.client.resources.model.ModelBakery/]: Exception loading blockstate definition: 'tinygates:blockstates/counter_block.json' missing model for variant: 'tinygates:counter_block#facing=down,gate_direction=down'
[28May2026 14:36:51.023] [Worker-ResourceReload-2/WARN] [net.minecraft.client.resources.model.ModelBakery/]: Exception loading blockstate definition: 'tinygates:blockstates/edge_detector_block.json' missing model for variant: 'tinygates:edge_detector_block#facing=east,gate_direction=north'
[28May2026 14:36:51.023] [Worker-ResourceReload-2/WARN] [net.minecraft.client.resources.model.ModelBakery/]: Exception loading blockstate definition: 'tinygates:blockstates/edge_detector_block.json' missing model for variant: 'tinygates:edge_detector_block#facing=east,gate_direction=south'
[28May2026 14:36:51.023] [Worker-ResourceReload-2/WARN] [net.minecraft.client.resources.model.ModelBakery/]: Exception loading blockstate definition: 'tinygates:blockstates/edge_detector_block.json' missing model for variant: 'tinygates:edge_detector_block#facing=east,gate_direction=up'
[28May2026 14:36:51.023] [Worker-ResourceReload-2/WARN] [net.minecraft.client.resources.model.ModelBakery/]: Exception loading blockstate definition: 'tinygates:blockstates/edge_detector_block.json' missing model for variant: 'tinygates:edge_detector_block#facing=east,gate_direction=east'
[28May2026 14:36:51.023] [Worker-ResourceReload-2/WARN] [net.minecraft.client.resources.model.ModelBakery/]: Exception loading blockstate definition: 'tinygates:blockstates/edge_detector_block.json' missing model for variant: 'tinygates:edge_detector_block#facing=south,gate_direction=west'
[28May2026 14:36:51.023] [Worker-ResourceReload-2/WARN] [net.minecraft.client.resources.model.ModelBakery/]: Exception loading blockstate definition: 'tinygates:blockstates/edge_detector_block.json' missing model for variant: 'tinygates:edge_detector_block#facing=down,gate_direction=up'
[28May2026 14:36:51.023] [Worker-ResourceReload-2/WARN] [net.minecraft.client.resources.model.ModelBakery/]: Exception loading blockstate definition: 'tinygates:blockstates/edge_detector_block.json' missing model for variant: 'tinygates:edge_detector_block#facing=south,gate_direction=east'
[28May2026 14:36:51.023] [Worker-ResourceReload-2/WARN] [net.minecraft.client.resources.model.ModelBakery/]: Exception loading blockstate definition: 'tinygates:blockstates/edge_detector_block.json' missing model for variant: 'tinygates:edge_detector_block#facing=up,gate_direction=east'
[28May2026 14:36:51.023] [Worker-ResourceReload-2/WARN] [net.minecraft.client.resources.model.ModelBakery/]: Exception loading blockstate definition: 'tinygates:blockstates/edge_detector_block.json' missing model for variant: 'tinygates:edge_detector_block#facing=down,gate_direction=down'
[28May2026 14:36:51.023] [Worker-ResourceReload-2/WARN] [net.minecraft.client.resources.model.ModelBakery/]: Exception loading blockstate definition: 'tinygates:blockstates/edge_detector_block.json' missing model for variant: 'tinygates:edge_detector_block#facing=down,gate_direction=north'
[28May2026 14:36:51.023] [Worker-ResourceReload-2/WARN] [net.minecraft.client.resources.model.ModelBakery/]: Exception loading blockstate definition: 'tinygates:blockstates/edge_detector_block.json' missing model for variant: 'tinygates:edge_detector_block#facing=west,gate_direction=down'
[28May2026 14:36:51.023] [Worker-ResourceReload-2/WARN] [net.minecraft.client.resources.model.ModelBakery/]: Exception loading blockstate definition: 'tinygates:blockstates/edge_detector_block.json' missing model for variant: 'tinygates:edge_detector_block#facing=up,gate_direction=north'
[28May2026 14:36:51.023] [Worker-ResourceReload-2/WARN] [net.minecraft.client.resources.model.ModelBakery/]: Exception loading blockstate definition: 'tinygates:blockstates/edge_detector_block.json' missing model for variant: 'tinygates:edge_detector_block#facing=up,gate_direction=south'
[28May2026 14:36:51.023] [Worker-ResourceReload-2/WARN] [net.minecraft.client.resources.model.ModelBakery/]: Exception loading blockstate definition: 'tinygates:blockstates/edge_detector_block.json' missing model for variant: 'tinygates:edge_detector_block#facing=south,gate_direction=down'
[28May2026 14:36:51.023] [Worker-ResourceReload-2/WARN] [net.minecraft.client.resources.model.ModelBakery/]: Exception loading blockstate definition: 'tinygates:blockstates/edge_detector_block.json' missing model for variant: 'tinygates:edge_detector_block#facing=west,gate_direction=up'
[28May2026 14:36:51.023] [Worker-ResourceReload-2/WARN] [net.minecraft.client.resources.model.ModelBakery/]: Exception loading blockstate definition: 'tinygates:blockstates/edge_detector_block.json' missing model for variant: 'tinygates:edge_detector_block#facing=north,gate_direction=east'
[28May2026 14:36:51.023] [Worker-ResourceReload-2/WARN] [net.minecraft.client.resources.model.ModelBakery/]: Exception loading blockstate definition: 'tinygates:blockstates/edge_detector_block.json' missing model for variant: 'tinygates:edge_detector_block#facing=north,gate_direction=west'
[28May2026 14:36:51.023] [Worker-ResourceReload-2/WARN] [net.minecraft.client.resources.model.ModelBakery/]: Exception loading blockstate definition: 'tinygates:blockstates/edge_detector_block.json' missing model for variant: 'tinygates:edge_detector_block#facing=west,gate_direction=north'
[28May2026 14:36:51.023] [Worker-ResourceReload-2/WARN] [net.minecraft.client.resources.model.ModelBakery/]: Exception loading blockstate definition: 'tinygates:blockstates/edge_detector_block.json' missing model for variant: 'tinygates:edge_detector_block#facing=south,gate_direction=north'
[28May2026 14:36:51.023] [Worker-ResourceReload-2/WARN] [net.minecraft.client.resources.model.ModelBakery/]: Exception loading blockstate definition: 'tinygates:blockstates/edge_detector_block.json' missing model for variant: 'tinygates:edge_detector_block#facing=south,gate_direction=south'
[28May2026 14:36:51.023] [Worker-ResourceReload-2/WARN] [net.minecraft.client.resources.model.ModelBakery/]: Exception loading blockstate definition: 'tinygates:blockstates/edge_detector_block.json' missing model for variant: 'tinygates:edge_detector_block#facing=west,gate_direction=south'
[28May2026 14:36:51.023] [Worker-ResourceReload-2/WARN] [net.minecraft.client.resources.model.ModelBakery/]: Exception loading blockstate definition: 'tinygates:blockstates/edge_detector_block.json' missing model for variant: 'tinygates:edge_detector_block#facing=east,gate_direction=west'
[28May2026 14:36:51.023] [Worker-ResourceReload-2/WARN] [net.minecraft.client.resources.model.ModelBakery/]: Exception loading blockstate definition: 'tinygates:blockstates/edge_detector_block.json' missing model for variant: 'tinygates:edge_detector_block#facing=up,gate_direction=west'
[28May2026 14:36:51.023] [Worker-ResourceReload-2/WARN] [net.minecraft.client.resources.model.ModelBakery/]: Exception loading blockstate definition: 'tinygates:blockstates/edge_detector_block.json' missing model for variant: 'tinygates:edge_detector_block#facing=up,gate_direction=down'
[28May2026 14:36:51.023] [Worker-ResourceReload-2/WARN] [net.minecraft.client.resources.model.ModelBakery/]: Exception loading blockstate definition: 'tinygates:blockstates/edge_detector_block.json' missing model for variant: 'tinygates:edge_detector_block#facing=east,gate_direction=down'
[28May2026 14:36:51.023] [Worker-ResourceReload-2/WARN] [net.minecraft.client.resources.model.ModelBakery/]: Exception loading blockstate definition: 'tinygates:blockstates/edge_detector_block.json' missing model for variant: 'tinygates:edge_detector_block#facing=down,gate_direction=east'
[28May2026 14:36:51.023] [Worker-ResourceReload-2/WARN] [net.minecraft.client.resources.model.ModelBakery/]: Exception loading blockstate definition: 'tinygates:blockstates/edge_detector_block.json' missing model for variant: 'tinygates:edge_detector_block#facing=north,gate_direction=north'
[28May2026 14:36:51.023] [Worker-ResourceReload-2/WARN] [net.minecraft.client.resources.model.ModelBakery/]: Exception loading blockstate definition: 'tinygates:blockstates/edge_detector_block.json' missing model for variant: 'tinygates:edge_detector_block#facing=north,gate_direction=down'
[28May2026 14:36:51.023] [Worker-ResourceReload-2/WARN] [net.minecraft.client.resources.model.ModelBakery/]: Exception loading blockstate definition: 'tinygates:blockstates/edge_detector_block.json' missing model for variant: 'tinygates:edge_detector_block#facing=south,gate_direction=up'
[28May2026 14:36:51.023] [Worker-ResourceReload-2/WARN] [net.minecraft.client.resources.model.ModelBakery/]: Exception loading blockstate definition: 'tinygates:blockstates/edge_detector_block.json' missing model for variant: 'tinygates:edge_detector_block#facing=up,gate_direction=up'
[28May2026 14:36:51.023] [Worker-ResourceReload-2/WARN] [net.minecraft.client.resources.model.ModelBakery/]: Exception loading blockstate definition: 'tinygates:blockstates/edge_detector_block.json' missing model for variant: 'tinygates:edge_detector_block#facing=down,gate_direction=west'
[28May2026 14:36:51.023] [Worker-ResourceReload-2/WARN] [net.minecraft.client.resources.model.ModelBakery/]: Exception loading blockstate definition: 'tinygates:blockstates/edge_detector_block.json' missing model for variant: 'tinygates:edge_detector_block#facing=down,gate_direction=south'
[28May2026 14:36:51.023] [Worker-ResourceReload-2/WARN] [net.minecraft.client.resources.model.ModelBakery/]: Exception loading blockstate definition: 'tinygates:blockstates/edge_detector_block.json' missing model for variant: 'tinygates:edge_detector_block#facing=west,gate_direction=east'
[28May2026 14:36:51.023] [Worker-ResourceReload-2/WARN] [net.minecraft.client.resources.model.ModelBakery/]: Exception loading blockstate definition: 'tinygates:blockstates/edge_detector_block.json' missing model for variant: 'tinygates:edge_detector_block#facing=north,gate_direction=up'
[28May2026 14:36:51.023] [Worker-ResourceReload-2/WARN] [net.minecraft.client.resources.model.ModelBakery/]: Exception loading blockstate definition: 'tinygates:blockstates/edge_detector_block.json' missing model for variant: 'tinygates:edge_detector_block#facing=north,gate_direction=south'
[28May2026 14:36:51.023] [Worker-ResourceReload-2/WARN] [net.minecraft.client.resources.model.ModelBakery/]: Exception loading blockstate definition: 'tinygates:blockstates/edge_detector_block.json' missing model for variant: 'tinygates:edge_detector_block#facing=west,gate_direction=west'
[28May2026 14:36:51.023] [Worker-ResourceReload-2/WARN] [net.minecraft.client.resources.model.ModelBakery/]: Exception loading blockstate definition: 'tinygates:blockstates/not_gate_block.json' missing model for variant: 'tinygates:not_gate_block#facing=down,gate_direction=east'
[28May2026 14:36:51.023] [Worker-ResourceReload-2/WARN] [net.minecraft.client.resources.model.ModelBakery/]: Exception loading blockstate definition: 'tinygates:blockstates/not_gate_block.json' missing model for variant: 'tinygates:not_gate_block#facing=west,gate_direction=up'
[28May2026 14:36:51.023] [Worker-ResourceReload-2/WARN] [net.minecraft.client.resources.model.ModelBakery/]: Exception loading blockstate definition: 'tinygates:blockstates/not_gate_block.json' missing model for variant: 'tinygates:not_gate_block#facing=north,gate_direction=up'
[28May2026 14:36:51.023] [Worker-ResourceReload-2/WARN] [net.minecraft.client.resources.model.ModelBakery/]: Exception loading blockstate definition: 'tinygates:blockstates/not_gate_block.json' missing model for variant: 'tinygates:not_gate_block#facing=east,gate_direction=west'
[28May2026 14:36:51.023] [Worker-ResourceReload-2/WARN] [net.minecraft.client.resources.model.ModelBakery/]: Exception loading blockstate definition: 'tinygates:blockstates/not_gate_block.json' missing model for variant: 'tinygates:not_gate_block#facing=south,gate_direction=south'
[28May2026 14:36:51.023] [Worker-ResourceReload-2/WARN] [net.minecraft.client.resources.model.ModelBakery/]: Exception loading blockstate definition: 'tinygates:blockstates/not_gate_block.json' missing model for variant: 'tinygates:not_gate_block#facing=west,gate_direction=south'
[28May2026 14:36:51.023] [Worker-ResourceReload-2/WARN] [net.minecraft.client.resources.model.ModelBakery/]: Exception loading blockstate definition: 'tinygates:blockstates/not_gate_block.json' missing model for variant: 'tinygates:not_gate_block#facing=south,gate_direction=north'
[28May2026 14:36:51.024] [Worker-ResourceReload-2/WARN] [net.minecraft.client.resources.model.ModelBakery/]: Exception loading blockstate definition: 'tinygates:blockstates/not_gate_block.json' missing model for variant: 'tinygates:not_gate_block#facing=north,gate_direction=down'
[28May2026 14:36:51.024] [Worker-ResourceReload-2/WARN] [net.minecraft.client.resources.model.ModelBakery/]: Exception loading blockstate definition: 'tinygates:blockstates/not_gate_block.json' missing model for variant: 'tinygates:not_gate_block#facing=west,gate_direction=north'
[28May2026 14:36:51.024] [Worker-ResourceReload-2/WARN] [net.minecraft.client.resources.model.ModelBakery/]: Exception loading blockstate definition: 'tinygates:blockstates/not_gate_block.json' missing model for variant: 'tinygates:not_gate_block#facing=down,gate_direction=north'
[28May2026 14:36:51.024] [Worker-ResourceReload-2/WARN] [net.minecraft.client.resources.model.ModelBakery/]: Exception loading blockstate definition: 'tinygates:blockstates/not_gate_block.json' missing model for variant: 'tinygates:not_gate_block#facing=up,gate_direction=west'
[28May2026 14:36:51.024] [Worker-ResourceReload-2/WARN] [net.minecraft.client.resources.model.ModelBakery/]: Exception loading blockstate definition: 'tinygates:blockstates/not_gate_block.json' missing model for variant: 'tinygates:not_gate_block#facing=north,gate_direction=south'
[28May2026 14:36:51.024] [Worker-ResourceReload-2/WARN] [net.minecraft.client.resources.model.ModelBakery/]: Exception loading blockstate definition: 'tinygates:blockstates/not_gate_block.json' missing model for variant: 'tinygates:not_gate_block#facing=west,gate_direction=down'
[28May2026 14:36:51.024] [Worker-ResourceReload-2/WARN] [net.minecraft.client.resources.model.ModelBakery/]: Exception loading blockstate definition: 'tinygates:blockstates/not_gate_block.json' missing model for variant: 'tinygates:not_gate_block#facing=west,gate_direction=west'
[28May2026 14:36:51.024] [Worker-ResourceReload-2/WARN] [net.minecraft.client.resources.model.ModelBakery/]: Exception loading blockstate definition: 'tinygates:blockstates/not_gate_block.json' missing model for variant: 'tinygates:not_gate_block#facing=south,gate_direction=up'
[28May2026 14:36:51.024] [Worker-ResourceReload-2/WARN] [net.minecraft.client.resources.model.ModelBakery/]: Exception loading blockstate definition: 'tinygates:blockstates/not_gate_block.json' missing model for variant: 'tinygates:not_gate_block#facing=north,gate_direction=west'
[28May2026 14:36:51.024] [Worker-ResourceReload-2/WARN] [net.minecraft.client.resources.model.ModelBakery/]: Exception loading blockstate definition: 'tinygates:blockstates/not_gate_block.json' missing model for variant: 'tinygates:not_gate_block#facing=east,gate_direction=down'
[28May2026 14:36:51.024] [Worker-ResourceReload-2/WARN] [net.minecraft.client.resources.model.ModelBakery/]: Exception loading blockstate definition: 'tinygates:blockstates/not_gate_block.json' missing model for variant: 'tinygates:not_gate_block#facing=south,gate_direction=down'
[28May2026 14:36:51.024] [Worker-ResourceReload-2/WARN] [net.minecraft.client.resources.model.ModelBakery/]: Exception loading blockstate definition: 'tinygates:blockstates/not_gate_block.json' missing model for variant: 'tinygates:not_gate_block#facing=up,gate_direction=north'
[28May2026 14:36:51.024] [Worker-ResourceReload-2/WARN] [net.minecraft.client.resources.model.ModelBakery/]: Exception loading blockstate definition: 'tinygates:blockstates/not_gate_block.json' missing model for variant: 'tinygates:not_gate_block#facing=up,gate_direction=down'
[28May2026 14:36:51.024] [Worker-ResourceReload-2/WARN] [net.minecraft.client.resources.model.ModelBakery/]: Exception loading blockstate definition: 'tinygates:blockstates/not_gate_block.json' missing model for variant: 'tinygates:not_gate_block#facing=down,gate_direction=up'
[28May2026 14:36:51.024] [Worker-ResourceReload-2/WARN] [net.minecraft.client.resources.model.ModelBakery/]: Exception loading blockstate definition: 'tinygates:blockstates/not_gate_block.json' missing model for variant: 'tinygates:not_gate_block#facing=east,gate_direction=up'
[28May2026 14:36:51.024] [Worker-ResourceReload-2/WARN] [net.minecraft.client.resources.model.ModelBakery/]: Exception loading blockstate definition: 'tinygates:blockstates/not_gate_block.json' missing model for variant: 'tinygates:not_gate_block#facing=up,gate_direction=south'
[28May2026 14:36:51.024] [Worker-ResourceReload-2/WARN] [net.minecraft.client.resources.model.ModelBakery/]: Exception loading blockstate definition: 'tinygates:blockstates/not_gate_block.json' missing model for variant: 'tinygates:not_gate_block#facing=north,gate_direction=east'
[28May2026 14:36:51.024] [Worker-ResourceReload-2/WARN] [net.minecraft.client.resources.model.ModelBakery/]: Exception loading blockstate definition: 'tinygates:blockstates/not_gate_block.json' missing model for variant: 'tinygates:not_gate_block#facing=east,gate_direction=north'
[28May2026 14:36:51.024] [Worker-ResourceReload-2/WARN] [net.minecraft.client.resources.model.ModelBakery/]: Exception loading blockstate definition: 'tinygates:blockstates/not_gate_block.json' missing model for variant: 'tinygates:not_gate_block#facing=down,gate_direction=west'
[28May2026 14:36:51.024] [Worker-ResourceReload-2/WARN] [net.minecraft.client.resources.model.ModelBakery/]: Exception loading blockstate definition: 'tinygates:blockstates/not_gate_block.json' missing model for variant: 'tinygates:not_gate_block#facing=west,gate_direction=east'
[28May2026 14:36:51.024] [Worker-ResourceReload-2/WARN] [net.minecraft.client.resources.model.ModelBakery/]: Exception loading blockstate definition: 'tinygates:blockstates/not_gate_block.json' missing model for variant: 'tinygates:not_gate_block#facing=south,gate_direction=west'
[28May2026 14:36:51.024] [Worker-ResourceReload-2/WARN] [net.minecraft.client.resources.model.ModelBakery/]: Exception loading blockstate definition: 'tinygates:blockstates/not_gate_block.json' missing model for variant: 'tinygates:not_gate_block#facing=up,gate_direction=east'
[28May2026 14:36:51.024] [Worker-ResourceReload-2/WARN] [net.minecraft.client.resources.model.ModelBakery/]: Exception loading blockstate definition: 'tinygates:blockstates/not_gate_block.json' missing model for variant: 'tinygates:not_gate_block#facing=east,gate_direction=east'
[28May2026 14:36:51.024] [Worker-ResourceReload-2/WARN] [net.minecraft.client.resources.model.ModelBakery/]: Exception loading blockstate definition: 'tinygates:blockstates/not_gate_block.json' missing model for variant: 'tinygates:not_gate_block#facing=east,gate_direction=south'
[28May2026 14:36:51.024] [Worker-ResourceReload-2/WARN] [net.minecraft.client.resources.model.ModelBakery/]: Exception loading blockstate definition: 'tinygates:blockstates/not_gate_block.json' missing model for variant: 'tinygates:not_gate_block#facing=down,gate_direction=south'
[28May2026 14:36:51.024] [Worker-ResourceReload-2/WARN] [net.minecraft.client.resources.model.ModelBakery/]: Exception loading blockstate definition: 'tinygates:blockstates/not_gate_block.json' missing model for variant: 'tinygates:not_gate_block#facing=south,gate_direction=east'
[28May2026 14:36:51.024] [Worker-ResourceReload-2/WARN] [net.minecraft.client.resources.model.ModelBakery/]: Exception loading blockstate definition: 'tinygates:blockstates/not_gate_block.json' missing model for variant: 'tinygates:not_gate_block#facing=down,gate_direction=down'
[28May2026 14:36:51.024] [Worker-ResourceReload-2/WARN] [net.minecraft.client.resources.model.ModelBakery/]: Exception loading blockstate definition: 'tinygates:blockstates/not_gate_block.json' missing model for variant: 'tinygates:not_gate_block#facing=north,gate_direction=north'
[28May2026 14:36:51.024] [Worker-ResourceReload-2/WARN] [net.minecraft.client.resources.model.ModelBakery/]: Exception loading blockstate definition: 'tinygates:blockstates/not_gate_block.json' missing model for variant: 'tinygates:not_gate_block#facing=up,gate_direction=up'
[28May2026 14:36:51.024] [Worker-ResourceReload-2/WARN] [net.minecraft.client.resources.model.ModelBakery/]: Exception loading blockstate definition: 'tinygates:blockstates/or_gate_block.json' missing model for variant: 'tinygates:or_gate_block#facing=west,gate_direction=east'
[28May2026 14:36:51.024] [Worker-ResourceReload-2/WARN] [net.minecraft.client.resources.model.ModelBakery/]: Exception loading blockstate definition: 'tinygates:blockstates/or_gate_block.json' missing model for variant: 'tinygates:or_gate_block#facing=down,gate_direction=up'
[28May2026 14:36:51.024] [Worker-ResourceReload-2/WARN] [net.minecraft.client.resources.model.ModelBakery/]: Exception loading blockstate definition: 'tinygates:blockstates/or_gate_block.json' missing model for variant: 'tinygates:or_gate_block#facing=down,gate_direction=west'
[28May2026 14:36:51.024] [Worker-ResourceReload-2/WARN] [net.minecraft.client.resources.model.ModelBakery/]: Exception loading blockstate definition: 'tinygates:blockstates/or_gate_block.json' missing model for variant: 'tinygates:or_gate_block#facing=east,gate_direction=up'
[28May2026 14:36:51.024] [Worker-ResourceReload-2/WARN] [net.minecraft.client.resources.model.ModelBakery/]: Exception loading blockstate definition: 'tinygates:blockstates/or_gate_block.json' missing model for variant: 'tinygates:or_gate_block#facing=east,gate_direction=north'
[28May2026 14:36:51.024] [Worker-ResourceReload-2/WARN] [net.minecraft.client.resources.model.ModelBakery/]: Exception loading blockstate definition: 'tinygates:blockstates/or_gate_block.json' missing model for variant: 'tinygates:or_gate_block#facing=north,gate_direction=east'
[28May2026 14:36:51.024] [Worker-ResourceReload-2/WARN] [net.minecraft.client.resources.model.ModelBakery/]: Exception loading blockstate definition: 'tinygates:blockstates/or_gate_block.json' missing model for variant: 'tinygates:or_gate_block#facing=up,gate_direction=south'
[28May2026 14:36:51.024] [Worker-ResourceReload-2/WARN] [net.minecraft.client.resources.model.ModelBakery/]: Exception loading blockstate definition: 'tinygates:blockstates/or_gate_block.json' missing model for variant: 'tinygates:or_gate_block#facing=up,gate_direction=down'
[28May2026 14:36:51.024] [Worker-ResourceReload-2/WARN] [net.minecraft.client.resources.model.ModelBakery/]: Exception loading blockstate definition: 'tinygates:blockstates/or_gate_block.json' missing model for variant: 'tinygates:or_gate_block#facing=north,gate_direction=west'
[28May2026 14:36:51.024] [Worker-ResourceReload-2/WARN] [net.minecraft.client.resources.model.ModelBakery/]: Exception loading blockstate definition: 'tinygates:blockstates/or_gate_block.json' missing model for variant: 'tinygates:or_gate_block#facing=south,gate_direction=down'
[28May2026 14:36:51.024] [Worker-ResourceReload-2/WARN] [net.minecraft.client.resources.model.ModelBakery/]: Exception loading blockstate definition: 'tinygates:blockstates/or_gate_block.json' missing model for variant: 'tinygates:or_gate_block#facing=up,gate_direction=north'
[28May2026 14:36:51.024] [Worker-ResourceReload-2/WARN] [net.minecraft.client.resources.model.ModelBakery/]: Exception loading blockstate definition: 'tinygates:blockstates/or_gate_block.json' missing model for variant: 'tinygates:or_gate_block#facing=east,gate_direction=down'
[28May2026 14:36:51.024] [Worker-ResourceReload-2/WARN] [net.minecraft.client.resources.model.ModelBakery/]: Exception loading blockstate definition: 'tinygates:blockstates/or_gate_block.json' missing model for variant: 'tinygates:or_gate_block#facing=north,gate_direction=up'
[28May2026 14:36:51.024] [Worker-ResourceReload-2/WARN] [net.minecraft.client.resources.model.ModelBakery/]: Exception loading blockstate definition: 'tinygates:blockstates/or_gate_block.json' missing model for variant: 'tinygates:or_gate_block#facing=up,gate_direction=up'
[28May2026 14:36:51.024] [Worker-ResourceReload-2/WARN] [net.minecraft.client.resources.model.ModelBakery/]: Exception loading blockstate definition: 'tinygates:blockstates/or_gate_block.json' missing model for variant: 'tinygates:or_gate_block#facing=west,gate_direction=down'
[28May2026 14:36:51.024] [Worker-ResourceReload-2/WARN] [net.minecraft.client.resources.model.ModelBakery/]: Exception loading blockstate definition: 'tinygates:blockstates/or_gate_block.json' missing model for variant: 'tinygates:or_gate_block#facing=down,gate_direction=north'
[28May2026 14:36:51.024] [Worker-ResourceReload-2/WARN] [net.minecraft.client.resources.model.ModelBakery/]: Exception loading blockstate definition: 'tinygates:blockstates/or_gate_block.json' missing model for variant: 'tinygates:or_gate_block#facing=down,gate_direction=east'
[28May2026 14:36:51.024] [Worker-ResourceReload-2/WARN] [net.minecraft.client.resources.model.ModelBakery/]: Exception loading blockstate definition: 'tinygates:blockstates/or_gate_block.json' missing model for variant: 'tinygates:or_gate_block#facing=east,gate_direction=west'
[28May2026 14:36:51.024] [Worker-ResourceReload-2/WARN] [net.minecraft.client.resources.model.ModelBakery/]: Exception loading blockstate definition: 'tinygates:blockstates/or_gate_block.json' missing model for variant: 'tinygates:or_gate_block#facing=south,gate_direction=south'
[28May2026 14:36:51.024] [Worker-ResourceReload-2/WARN] [net.minecraft.client.resources.model.ModelBakery/]: Exception loading blockstate definition: 'tinygates:blockstates/or_gate_block.json' missing model for variant: 'tinygates:or_gate_block#facing=west,gate_direction=west'
[28May2026 14:36:51.024] [Worker-ResourceReload-2/WARN] [net.minecraft.client.resources.model.ModelBakery/]: Exception loading blockstate definition: 'tinygates:blockstates/or_gate_block.json' missing model for variant: 'tinygates:or_gate_block#facing=south,gate_direction=up'
[28May2026 14:36:51.024] [Worker-ResourceReload-2/WARN] [net.minecraft.client.resources.model.ModelBakery/]: Exception loading blockstate definition: 'tinygates:blockstates/or_gate_block.json' missing model for variant: 'tinygates:or_gate_block#facing=north,gate_direction=down'
[28May2026 14:36:51.024] [Worker-ResourceReload-2/WARN] [net.minecraft.client.resources.model.ModelBakery/]: Exception loading blockstate definition: 'tinygates:blockstates/or_gate_block.json' missing model for variant: 'tinygates:or_gate_block#facing=west,gate_direction=north'
[28May2026 14:36:51.024] [Worker-ResourceReload-2/WARN] [net.minecraft.client.resources.model.ModelBakery/]: Exception loading blockstate definition: 'tinygates:blockstates/or_gate_block.json' missing model for variant: 'tinygates:or_gate_block#facing=west,gate_direction=up'
[28May2026 14:36:51.024] [Worker-ResourceReload-2/WARN] [net.minecraft.client.resources.model.ModelBakery/]: Exception loading blockstate definition: 'tinygates:blockstates/or_gate_block.json' missing model for variant: 'tinygates:or_gate_block#facing=north,gate_direction=south'
[28May2026 14:36:51.024] [Worker-ResourceReload-2/WARN] [net.minecraft.client.resources.model.ModelBakery/]: Exception loading blockstate definition: 'tinygates:blockstates/or_gate_block.json' missing model for variant: 'tinygates:or_gate_block#facing=east,gate_direction=east'
[28May2026 14:36:51.024] [Worker-ResourceReload-2/WARN] [net.minecraft.client.resources.model.ModelBakery/]: Exception loading blockstate definition: 'tinygates:blockstates/or_gate_block.json' missing model for variant: 'tinygates:or_gate_block#facing=south,gate_direction=west'
[28May2026 14:36:51.024] [Worker-ResourceReload-2/WARN] [net.minecraft.client.resources.model.ModelBakery/]: Exception loading blockstate definition: 'tinygates:blockstates/or_gate_block.json' missing model for variant: 'tinygates:or_gate_block#facing=up,gate_direction=west'
[28May2026 14:36:51.024] [Worker-ResourceReload-2/WARN] [net.minecraft.client.resources.model.ModelBakery/]: Exception loading blockstate definition: 'tinygates:blockstates/or_gate_block.json' missing model for variant: 'tinygates:or_gate_block#facing=west,gate_direction=south'
[28May2026 14:36:51.024] [Worker-ResourceReload-2/WARN] [net.minecraft.client.resources.model.ModelBakery/]: Exception loading blockstate definition: 'tinygates:blockstates/or_gate_block.json' missing model for variant: 'tinygates:or_gate_block#facing=south,gate_direction=north'
[28May2026 14:36:51.024] [Worker-ResourceReload-2/WARN] [net.minecraft.client.resources.model.ModelBakery/]: Exception loading blockstate definition: 'tinygates:blockstates/or_gate_block.json' missing model for variant: 'tinygates:or_gate_block#facing=down,gate_direction=south'
[28May2026 14:36:51.024] [Worker-ResourceReload-2/WARN] [net.minecraft.client.resources.model.ModelBakery/]: Exception loading blockstate definition: 'tinygates:blockstates/or_gate_block.json' missing model for variant: 'tinygates:or_gate_block#facing=south,gate_direction=east'
[28May2026 14:36:51.024] [Worker-ResourceReload-2/WARN] [net.minecraft.client.resources.model.ModelBakery/]: Exception loading blockstate definition: 'tinygates:blockstates/or_gate_block.json' missing model for variant: 'tinygates:or_gate_block#facing=up,gate_direction=east'
[28May2026 14:36:51.024] [Worker-ResourceReload-2/WARN] [net.minecraft.client.resources.model.ModelBakery/]: Exception loading blockstate definition: 'tinygates:blockstates/or_gate_block.json' missing model for variant: 'tinygates:or_gate_block#facing=down,gate_direction=down'
[28May2026 14:36:51.024] [Worker-ResourceReload-2/WARN] [net.minecraft.client.resources.model.ModelBakery/]: Exception loading blockstate definition: 'tinygates:blockstates/or_gate_block.json' missing model for variant: 'tinygates:or_gate_block#facing=north,gate_direction=north'
[28May2026 14:36:51.024] [Worker-ResourceReload-2/WARN] [net.minecraft.client.resources.model.ModelBakery/]: Exception loading blockstate definition: 'tinygates:blockstates/or_gate_block.json' missing model for variant: 'tinygates:or_gate_block#facing=east,gate_direction=south'
[28May2026 14:36:51.024] [Worker-ResourceReload-2/WARN] [net.minecraft.client.resources.model.ModelBakery/]: Exception loading blockstate definition: 'tinygates:blockstates/rs_latch_block.json' missing model for variant: 'tinygates:rs_latch_block#facing=south,gate_direction=up'
[28May2026 14:36:51.024] [Worker-ResourceReload-2/WARN] [net.minecraft.client.resources.model.ModelBakery/]: Exception loading blockstate definition: 'tinygates:blockstates/rs_latch_block.json' missing model for variant: 'tinygates:rs_latch_block#facing=down,gate_direction=south'
[28May2026 14:36:51.024] [Worker-ResourceReload-2/WARN] [net.minecraft.client.resources.model.ModelBakery/]: Exception loading blockstate definition: 'tinygates:blockstates/rs_latch_block.json' missing model for variant: 'tinygates:rs_latch_block#facing=north,gate_direction=down'
[28May2026 14:36:51.024] [Worker-ResourceReload-2/WARN] [net.minecraft.client.resources.model.ModelBakery/]: Exception loading blockstate definition: 'tinygates:blockstates/rs_latch_block.json' missing model for variant: 'tinygates:rs_latch_block#facing=west,gate_direction=west'
[28May2026 14:36:51.024] [Worker-ResourceReload-2/WARN] [net.minecraft.client.resources.model.ModelBakery/]: Exception loading blockstate definition: 'tinygates:blockstates/rs_latch_block.json' missing model for variant: 'tinygates:rs_latch_block#facing=south,gate_direction=down'
[28May2026 14:36:51.024] [Worker-ResourceReload-2/WARN] [net.minecraft.client.resources.model.ModelBakery/]: Exception loading blockstate definition: 'tinygates:blockstates/rs_latch_block.json' missing model for variant: 'tinygates:rs_latch_block#facing=up,gate_direction=up'
[28May2026 14:36:51.024] [Worker-ResourceReload-2/WARN] [net.minecraft.client.resources.model.ModelBakery/]: Exception loading blockstate definition: 'tinygates:blockstates/rs_latch_block.json' missing model for variant: 'tinygates:rs_latch_block#facing=north,gate_direction=south'
[28May2026 14:36:51.024] [Worker-ResourceReload-2/WARN] [net.minecraft.client.resources.model.ModelBakery/]: Exception loading blockstate definition: 'tinygates:blockstates/rs_latch_block.json' missing model for variant: 'tinygates:rs_latch_block#facing=up,gate_direction=east'
[28May2026 14:36:51.024] [Worker-ResourceReload-2/WARN] [net.minecraft.client.resources.model.ModelBakery/]: Exception loading blockstate definition: 'tinygates:blockstates/rs_latch_block.json' missing model for variant: 'tinygates:rs_latch_block#facing=north,gate_direction=north'
[28May2026 14:36:51.024] [Worker-ResourceReload-2/WARN] [net.minecraft.client.resources.model.ModelBakery/]: Exception loading blockstate definition: 'tinygates:blockstates/rs_latch_block.json' missing model for variant: 'tinygates:rs_latch_block#facing=north,gate_direction=up'
[28May2026 14:36:51.024] [Worker-ResourceReload-2/WARN] [net.minecraft.client.resources.model.ModelBakery/]: Exception loading blockstate definition: 'tinygates:blockstates/rs_latch_block.json' missing model for variant: 'tinygates:rs_latch_block#facing=north,gate_direction=west'
[28May2026 14:36:51.024] [Worker-ResourceReload-2/WARN] [net.minecraft.client.resources.model.ModelBakery/]: Exception loading blockstate definition: 'tinygates:blockstates/rs_latch_block.json' missing model for variant: 'tinygates:rs_latch_block#facing=south,gate_direction=north'
[28May2026 14:36:51.024] [Worker-ResourceReload-2/WARN] [net.minecraft.client.resources.model.ModelBakery/]: Exception loading blockstate definition: 'tinygates:blockstates/rs_latch_block.json' missing model for variant: 'tinygates:rs_latch_block#facing=west,gate_direction=south'
[28May2026 14:36:51.024] [Worker-ResourceReload-2/WARN] [net.minecraft.client.resources.model.ModelBakery/]: Exception loading blockstate definition: 'tinygates:blockstates/rs_latch_block.json' missing model for variant: 'tinygates:rs_latch_block#facing=east,gate_direction=up'
[28May2026 14:36:51.024] [Worker-ResourceReload-2/WARN] [net.minecraft.client.resources.model.ModelBakery/]: Exception loading blockstate definition: 'tinygates:blockstates/rs_latch_block.json' missing model for variant: 'tinygates:rs_latch_block#facing=west,gate_direction=north'
[28May2026 14:36:51.024] [Worker-ResourceReload-2/WARN] [net.minecraft.client.resources.model.ModelBakery/]: Exception loading blockstate definition: 'tinygates:blockstates/rs_latch_block.json' missing model for variant: 'tinygates:rs_latch_block#facing=east,gate_direction=north'
[28May2026 14:36:51.024] [Worker-ResourceReload-2/WARN] [net.minecraft.client.resources.model.ModelBakery/]: Exception loading blockstate definition: 'tinygates:blockstates/rs_latch_block.json' missing model for variant: 'tinygates:rs_latch_block#facing=west,gate_direction=up'
[28May2026 14:36:51.024] [Worker-ResourceReload-2/WARN] [net.minecraft.client.resources.model.ModelBakery/]: Exception loading blockstate definition: 'tinygates:blockstates/rs_latch_block.json' missing model for variant: 'tinygates:rs_latch_block#facing=east,gate_direction=south'
[28May2026 14:36:51.024] [Worker-ResourceReload-2/WARN] [net.minecraft.client.resources.model.ModelBakery/]: Exception loading blockstate definition: 'tinygates:blockstates/rs_latch_block.json' missing model for variant: 'tinygates:rs_latch_block#facing=east,gate_direction=east'
[28May2026 14:36:51.024] [Worker-ResourceReload-2/WARN] [net.minecraft.client.resources.model.ModelBakery/]: Exception loading blockstate definition: 'tinygates:blockstates/rs_latch_block.json' missing model for variant: 'tinygates:rs_latch_block#facing=down,gate_direction=up'
[28May2026 14:36:51.024] [Worker-ResourceReload-2/WARN] [net.minecraft.client.resources.model.ModelBakery/]: Exception loading blockstate definition: 'tinygates:blockstates/rs_latch_block.json' missing model for variant: 'tinygates:rs_latch_block#facing=east,gate_direction=west'
[28May2026 14:36:51.024] [Worker-ResourceReload-2/WARN] [net.minecraft.client.resources.model.ModelBakery/]: Exception loading blockstate definition: 'tinygates:blockstates/rs_latch_block.json' missing model for variant: 'tinygates:rs_latch_block#facing=south,gate_direction=west'
[28May2026 14:36:51.024] [Worker-ResourceReload-2/WARN] [net.minecraft.client.resources.model.ModelBakery/]: Exception loading blockstate definition: 'tinygates:blockstates/rs_latch_block.json' missing model for variant: 'tinygates:rs_latch_block#facing=up,gate_direction=west'
[28May2026 14:36:51.024] [Worker-ResourceReload-2/WARN] [net.minecraft.client.resources.model.ModelBakery/]: Exception loading blockstate definition: 'tinygates:blockstates/rs_latch_block.json' missing model for variant: 'tinygates:rs_latch_block#facing=down,gate_direction=north'
[28May2026 14:36:51.024] [Worker-ResourceReload-2/WARN] [net.minecraft.client.resources.model.ModelBakery/]: Exception loading blockstate definition: 'tinygates:blockstates/rs_latch_block.json' missing model for variant: 'tinygates:rs_latch_block#facing=west,gate_direction=down'
[28May2026 14:36:51.024] [Worker-ResourceReload-2/WARN] [net.minecraft.client.resources.model.ModelBakery/]: Exception loading blockstate definition: 'tinygates:blockstates/rs_latch_block.json' missing model for variant: 'tinygates:rs_latch_block#facing=up,gate_direction=north'
[28May2026 14:36:51.025] [Worker-ResourceReload-2/WARN] [net.minecraft.client.resources.model.ModelBakery/]: Exception loading blockstate definition: 'tinygates:blockstates/rs_latch_block.json' missing model for variant: 'tinygates:rs_latch_block#facing=down,gate_direction=west'
[28May2026 14:36:51.025] [Worker-ResourceReload-2/WARN] [net.minecraft.client.resources.model.ModelBakery/]: Exception loading blockstate definition: 'tinygates:blockstates/rs_latch_block.json' missing model for variant: 'tinygates:rs_latch_block#facing=south,gate_direction=east'
[28May2026 14:36:51.025] [Worker-ResourceReload-2/WARN] [net.minecraft.client.resources.model.ModelBakery/]: Exception loading blockstate definition: 'tinygates:blockstates/rs_latch_block.json' missing model for variant: 'tinygates:rs_latch_block#facing=down,gate_direction=down'
[28May2026 14:36:51.025] [Worker-ResourceReload-2/WARN] [net.minecraft.client.resources.model.ModelBakery/]: Exception loading blockstate definition: 'tinygates:blockstates/rs_latch_block.json' missing model for variant: 'tinygates:rs_latch_block#facing=north,gate_direction=east'
[28May2026 14:36:51.025] [Worker-ResourceReload-2/WARN] [net.minecraft.client.resources.model.ModelBakery/]: Exception loading blockstate definition: 'tinygates:blockstates/rs_latch_block.json' missing model for variant: 'tinygates:rs_latch_block#facing=up,gate_direction=south'
[28May2026 14:36:51.025] [Worker-ResourceReload-2/WARN] [net.minecraft.client.resources.model.ModelBakery/]: Exception loading blockstate definition: 'tinygates:blockstates/rs_latch_block.json' missing model for variant: 'tinygates:rs_latch_block#facing=up,gate_direction=down'
[28May2026 14:36:51.025] [Worker-ResourceReload-2/WARN] [net.minecraft.client.resources.model.ModelBakery/]: Exception loading blockstate definition: 'tinygates:blockstates/rs_latch_block.json' missing model for variant: 'tinygates:rs_latch_block#facing=south,gate_direction=south'
[28May2026 14:36:51.025] [Worker-ResourceReload-2/WARN] [net.minecraft.client.resources.model.ModelBakery/]: Exception loading blockstate definition: 'tinygates:blockstates/rs_latch_block.json' missing model for variant: 'tinygates:rs_latch_block#facing=east,gate_direction=down'
[28May2026 14:36:51.025] [Worker-ResourceReload-2/WARN] [net.minecraft.client.resources.model.ModelBakery/]: Exception loading blockstate definition: 'tinygates:blockstates/rs_latch_block.json' missing model for variant: 'tinygates:rs_latch_block#facing=west,gate_direction=east'
[28May2026 14:36:51.025] [Worker-ResourceReload-2/WARN] [net.minecraft.client.resources.model.ModelBakery/]: Exception loading blockstate definition: 'tinygates:blockstates/rs_latch_block.json' missing model for variant: 'tinygates:rs_latch_block#facing=down,gate_direction=east'
[28May2026 14:36:51.025] [Worker-ResourceReload-2/WARN] [net.minecraft.client.resources.model.ModelBakery/]: Exception loading blockstate definition: 'tinygates:blockstates/t_flip_flop_block.json' missing model for variant: 'tinygates:t_flip_flop_block#facing=west,gate_direction=up'
[28May2026 14:36:51.025] [Worker-ResourceReload-2/WARN] [net.minecraft.client.resources.model.ModelBakery/]: Exception loading blockstate definition: 'tinygates:blockstates/t_flip_flop_block.json' missing model for variant: 'tinygates:t_flip_flop_block#facing=west,gate_direction=south'
[28May2026 14:36:51.025] [Worker-ResourceReload-2/WARN] [net.minecraft.client.resources.model.ModelBakery/]: Exception loading blockstate definition: 'tinygates:blockstates/t_flip_flop_block.json' missing model for variant: 'tinygates:t_flip_flop_block#facing=east,gate_direction=west'
[28May2026 14:36:51.025] [Worker-ResourceReload-2/WARN] [net.minecraft.client.resources.model.ModelBakery/]: Exception loading blockstate definition: 'tinygates:blockstates/t_flip_flop_block.json' missing model for variant: 'tinygates:t_flip_flop_block#facing=south,gate_direction=south'
[28May2026 14:36:51.025] [Worker-ResourceReload-2/WARN] [net.minecraft.client.resources.model.ModelBakery/]: Exception loading blockstate definition: 'tinygates:blockstates/t_flip_flop_block.json' missing model for variant: 'tinygates:t_flip_flop_block#facing=down,gate_direction=east'
[28May2026 14:36:51.025] [Worker-ResourceReload-2/WARN] [net.minecraft.client.resources.model.ModelBakery/]: Exception loading blockstate definition: 'tinygates:blockstates/t_flip_flop_block.json' missing model for variant: 'tinygates:t_flip_flop_block#facing=north,gate_direction=up'
[28May2026 14:36:51.025] [Worker-ResourceReload-2/WARN] [net.minecraft.client.resources.model.ModelBakery/]: Exception loading blockstate definition: 'tinygates:blockstates/t_flip_flop_block.json' missing model for variant: 'tinygates:t_flip_flop_block#facing=south,gate_direction=north'
[28May2026 14:36:51.025] [Worker-ResourceReload-2/WARN] [net.minecraft.client.resources.model.ModelBakery/]: Exception loading blockstate definition: 'tinygates:blockstates/t_flip_flop_block.json' missing model for variant: 'tinygates:t_flip_flop_block#facing=west,gate_direction=north'
[28May2026 14:36:51.025] [Worker-ResourceReload-2/WARN] [net.minecraft.client.resources.model.ModelBakery/]: Exception loading blockstate definition: 'tinygates:blockstates/t_flip_flop_block.json' missing model for variant: 'tinygates:t_flip_flop_block#facing=north,gate_direction=north'
[28May2026 14:36:51.025] [Worker-ResourceReload-2/WARN] [net.minecraft.client.resources.model.ModelBakery/]: Exception loading blockstate definition: 'tinygates:blockstates/t_flip_flop_block.json' missing model for variant: 'tinygates:t_flip_flop_block#facing=down,gate_direction=south'
[28May2026 14:36:51.025] [Worker-ResourceReload-2/WARN] [net.minecraft.client.resources.model.ModelBakery/]: Exception loading blockstate definition: 'tinygates:blockstates/t_flip_flop_block.json' missing model for variant: 'tinygates:t_flip_flop_block#facing=east,gate_direction=down'
[28May2026 14:36:51.025] [Worker-ResourceReload-2/WARN] [net.minecraft.client.resources.model.ModelBakery/]: Exception loading blockstate definition: 'tinygates:blockstates/t_flip_flop_block.json' missing model for variant: 'tinygates:t_flip_flop_block#facing=south,gate_direction=down'
[28May2026 14:36:51.025] [Worker-ResourceReload-2/WARN] [net.minecraft.client.resources.model.ModelBakery/]: Exception loading blockstate definition: 'tinygates:blockstates/t_flip_flop_block.json' missing model for variant: 'tinygates:t_flip_flop_block#facing=up,gate_direction=down'
[28May2026 14:36:51.025] [Worker-ResourceReload-2/WARN] [net.minecraft.client.resources.model.ModelBakery/]: Exception loading blockstate definition: 'tinygates:blockstates/t_flip_flop_block.json' missing model for variant: 'tinygates:t_flip_flop_block#facing=up,gate_direction=up'
[28May2026 14:36:51.025] [Worker-ResourceReload-2/WARN] [net.minecraft.client.resources.model.ModelBakery/]: Exception loading blockstate definition: 'tinygates:blockstates/t_flip_flop_block.json' missing model for variant: 'tinygates:t_flip_flop_block#facing=west,gate_direction=west'
[28May2026 14:36:51.025] [Worker-ResourceReload-2/WARN] [net.minecraft.client.resources.model.ModelBakery/]: Exception loading blockstate definition: 'tinygates:blockstates/t_flip_flop_block.json' missing model for variant: 'tinygates:t_flip_flop_block#facing=north,gate_direction=south'
[28May2026 14:36:51.025] [Worker-ResourceReload-2/WARN] [net.minecraft.client.resources.model.ModelBakery/]: Exception loading blockstate definition: 'tinygates:blockstates/t_flip_flop_block.json' missing model for variant: 'tinygates:t_flip_flop_block#facing=south,gate_direction=up'
[28May2026 14:36:51.025] [Worker-ResourceReload-2/WARN] [net.minecraft.client.resources.model.ModelBakery/]: Exception loading blockstate definition: 'tinygates:blockstates/t_flip_flop_block.json' missing model for variant: 'tinygates:t_flip_flop_block#facing=down,gate_direction=west'
[28May2026 14:36:51.025] [Worker-ResourceReload-2/WARN] [net.minecraft.client.resources.model.ModelBakery/]: Exception loading blockstate definition: 'tinygates:blockstates/t_flip_flop_block.json' missing model for variant: 'tinygates:t_flip_flop_block#facing=north,gate_direction=down'
[28May2026 14:36:51.025] [Worker-ResourceReload-2/WARN] [net.minecraft.client.resources.model.ModelBakery/]: Exception loading blockstate definition: 'tinygates:blockstates/t_flip_flop_block.json' missing model for variant: 'tinygates:t_flip_flop_block#facing=west,gate_direction=east'
[28May2026 14:36:51.025] [Worker-ResourceReload-2/WARN] [net.minecraft.client.resources.model.ModelBakery/]: Exception loading blockstate definition: 'tinygates:blockstates/t_flip_flop_block.json' missing model for variant: 'tinygates:t_flip_flop_block#facing=down,gate_direction=up'
[28May2026 14:36:51.025] [Worker-ResourceReload-2/WARN] [net.minecraft.client.resources.model.ModelBakery/]: Exception loading blockstate definition: 'tinygates:blockstates/t_flip_flop_block.json' missing model for variant: 'tinygates:t_flip_flop_block#facing=down,gate_direction=down'
[28May2026 14:36:51.025] [Worker-ResourceReload-2/WARN] [net.minecraft.client.resources.model.ModelBakery/]: Exception loading blockstate definition: 'tinygates:blockstates/t_flip_flop_block.json' missing model for variant: 'tinygates:t_flip_flop_block#facing=east,gate_direction=south'
[28May2026 14:36:51.025] [Worker-ResourceReload-2/WARN] [net.minecraft.client.resources.model.ModelBakery/]: Exception loading blockstate definition: 'tinygates:blockstates/t_flip_flop_block.json' missing model for variant: 'tinygates:t_flip_flop_block#facing=south,gate_direction=east'
[28May2026 14:36:51.025] [Worker-ResourceReload-2/WARN] [net.minecraft.client.resources.model.ModelBakery/]: Exception loading blockstate definition: 'tinygates:blockstates/t_flip_flop_block.json' missing model for variant: 'tinygates:t_flip_flop_block#facing=up,gate_direction=north'
[28May2026 14:36:51.025] [Worker-ResourceReload-2/WARN] [net.minecraft.client.resources.model.ModelBakery/]: Exception loading blockstate definition: 'tinygates:blockstates/t_flip_flop_block.json' missing model for variant: 'tinygates:t_flip_flop_block#facing=up,gate_direction=east'
[28May2026 14:36:51.025] [Worker-ResourceReload-2/WARN] [net.minecraft.client.resources.model.ModelBakery/]: Exception loading blockstate definition: 'tinygates:blockstates/t_flip_flop_block.json' missing model for variant: 'tinygates:t_flip_flop_block#facing=south,gate_direction=west'
[28May2026 14:36:51.025] [Worker-ResourceReload-2/WARN] [net.minecraft.client.resources.model.ModelBakery/]: Exception loading blockstate definition: 'tinygates:blockstates/t_flip_flop_block.json' missing model for variant: 'tinygates:t_flip_flop_block#facing=up,gate_direction=south'
[28May2026 14:36:51.025] [Worker-ResourceReload-2/WARN] [net.minecraft.client.resources.model.ModelBakery/]: Exception loading blockstate definition: 'tinygates:blockstates/t_flip_flop_block.json' missing model for variant: 'tinygates:t_flip_flop_block#facing=east,gate_direction=east'
[28May2026 14:36:51.025] [Worker-ResourceReload-2/WARN] [net.minecraft.client.resources.model.ModelBakery/]: Exception loading blockstate definition: 'tinygates:blockstates/t_flip_flop_block.json' missing model for variant: 'tinygates:t_flip_flop_block#facing=north,gate_direction=west'
[28May2026 14:36:51.025] [Worker-ResourceReload-2/WARN] [net.minecraft.client.resources.model.ModelBakery/]: Exception loading blockstate definition: 'tinygates:blockstates/t_flip_flop_block.json' missing model for variant: 'tinygates:t_flip_flop_block#facing=west,gate_direction=down'
[28May2026 14:36:51.025] [Worker-ResourceReload-2/WARN] [net.minecraft.client.resources.model.ModelBakery/]: Exception loading blockstate definition: 'tinygates:blockstates/t_flip_flop_block.json' missing model for variant: 'tinygates:t_flip_flop_block#facing=east,gate_direction=north'
[28May2026 14:36:51.025] [Worker-ResourceReload-2/WARN] [net.minecraft.client.resources.model.ModelBakery/]: Exception loading blockstate definition: 'tinygates:blockstates/t_flip_flop_block.json' missing model for variant: 'tinygates:t_flip_flop_block#facing=north,gate_direction=east'
[28May2026 14:36:51.025] [Worker-ResourceReload-2/WARN] [net.minecraft.client.resources.model.ModelBakery/]: Exception loading blockstate definition: 'tinygates:blockstates/t_flip_flop_block.json' missing model for variant: 'tinygates:t_flip_flop_block#facing=up,gate_direction=west'
[28May2026 14:36:51.025] [Worker-ResourceReload-2/WARN] [net.minecraft.client.resources.model.ModelBakery/]: Exception loading blockstate definition: 'tinygates:blockstates/t_flip_flop_block.json' missing model for variant: 'tinygates:t_flip_flop_block#facing=down,gate_direction=north'
[28May2026 14:36:51.025] [Worker-ResourceReload-2/WARN] [net.minecraft.client.resources.model.ModelBakery/]: Exception loading blockstate definition: 'tinygates:blockstates/t_flip_flop_block.json' missing model for variant: 'tinygates:t_flip_flop_block#facing=east,gate_direction=up'
[28May2026 14:36:51.025] [Worker-ResourceReload-2/WARN] [net.minecraft.client.resources.model.ModelBakery/]: Exception loading blockstate definition: 'tinygates:blockstates/xor_gate_block.json' missing model for variant: 'tinygates:xor_gate_block#facing=north,gate_direction=up'
[28May2026 14:36:51.025] [Worker-ResourceReload-2/WARN] [net.minecraft.client.resources.model.ModelBakery/]: Exception loading blockstate definition: 'tinygates:blockstates/xor_gate_block.json' missing model for variant: 'tinygates:xor_gate_block#facing=north,gate_direction=north'
[28May2026 14:36:51.025] [Worker-ResourceReload-2/WARN] [net.minecraft.client.resources.model.ModelBakery/]: Exception loading blockstate definition: 'tinygates:blockstates/xor_gate_block.json' missing model for variant: 'tinygates:xor_gate_block#facing=up,gate_direction=up'
[28May2026 14:36:51.025] [Worker-ResourceReload-2/WARN] [net.minecraft.client.resources.model.ModelBakery/]: Exception loading blockstate definition: 'tinygates:blockstates/xor_gate_block.json' missing model for variant: 'tinygates:xor_gate_block#facing=north,gate_direction=down'
[28May2026 14:36:51.025] [Worker-ResourceReload-2/WARN] [net.minecraft.client.resources.model.ModelBakery/]: Exception loading blockstate definition: 'tinygates:blockstates/xor_gate_block.json' missing model for variant: 'tinygates:xor_gate_block#facing=down,gate_direction=east'
[28May2026 14:36:51.025] [Worker-ResourceReload-2/WARN] [net.minecraft.client.resources.model.ModelBakery/]: Exception loading blockstate definition: 'tinygates:blockstates/xor_gate_block.json' missing model for variant: 'tinygates:xor_gate_block#facing=down,gate_direction=south'
[28May2026 14:36:51.025] [Worker-ResourceReload-2/WARN] [net.minecraft.client.resources.model.ModelBakery/]: Exception loading blockstate definition: 'tinygates:blockstates/xor_gate_block.json' missing model for variant: 'tinygates:xor_gate_block#facing=west,gate_direction=down'
[28May2026 14:36:51.025] [Worker-ResourceReload-2/WARN] [net.minecraft.client.resources.model.ModelBakery/]: Exception loading blockstate definition: 'tinygates:blockstates/xor_gate_block.json' missing model for variant: 'tinygates:xor_gate_block#facing=south,gate_direction=up'
[28May2026 14:36:51.025] [Worker-ResourceReload-2/WARN] [net.minecraft.client.resources.model.ModelBakery/]: Exception loading blockstate definition: 'tinygates:blockstates/xor_gate_block.json' missing model for variant: 'tinygates:xor_gate_block#facing=down,gate_direction=north'
[28May2026 14:36:51.025] [Worker-ResourceReload-2/WARN] [net.minecraft.client.resources.model.ModelBakery/]: Exception loading blockstate definition: 'tinygates:blockstates/xor_gate_block.json' missing model for variant: 'tinygates:xor_gate_block#facing=east,gate_direction=west'
[28May2026 14:36:51.025] [Worker-ResourceReload-2/WARN] [net.minecraft.client.resources.model.ModelBakery/]: Exception loading blockstate definition: 'tinygates:blockstates/xor_gate_block.json' missing model for variant: 'tinygates:xor_gate_block#facing=south,gate_direction=down'
[28May2026 14:36:51.025] [Worker-ResourceReload-2/WARN] [net.minecraft.client.resources.model.ModelBakery/]: Exception loading blockstate definition: 'tinygates:blockstates/xor_gate_block.json' missing model for variant: 'tinygates:xor_gate_block#facing=south,gate_direction=west'
[28May2026 14:36:51.025] [Worker-ResourceReload-2/WARN] [net.minecraft.client.resources.model.ModelBakery/]: Exception loading blockstate definition: 'tinygates:blockstates/xor_gate_block.json' missing model for variant: 'tinygates:xor_gate_block#facing=west,gate_direction=south'
[28May2026 14:36:51.025] [Worker-ResourceReload-2/WARN] [net.minecraft.client.resources.model.ModelBakery/]: Exception loading blockstate definition: 'tinygates:blockstates/xor_gate_block.json' missing model for variant: 'tinygates:xor_gate_block#facing=south,gate_direction=north'
[28May2026 14:36:51.025] [Worker-ResourceReload-2/WARN] [net.minecraft.client.resources.model.ModelBakery/]: Exception loading blockstate definition: 'tinygates:blockstates/xor_gate_block.json' missing model for variant: 'tinygates:xor_gate_block#facing=up,gate_direction=east'
[28May2026 14:36:51.025] [Worker-ResourceReload-2/WARN] [net.minecraft.client.resources.model.ModelBakery/]: Exception loading blockstate definition: 'tinygates:blockstates/xor_gate_block.json' missing model for variant: 'tinygates:xor_gate_block#facing=east,gate_direction=east'
[28May2026 14:36:51.025] [Worker-ResourceReload-2/WARN] [net.minecraft.client.resources.model.ModelBakery/]: Exception loading blockstate definition: 'tinygates:blockstates/xor_gate_block.json' missing model for variant: 'tinygates:xor_gate_block#facing=south,gate_direction=south'
[28May2026 14:36:51.025] [Worker-ResourceReload-2/WARN] [net.minecraft.client.resources.model.ModelBakery/]: Exception loading blockstate definition: 'tinygates:blockstates/xor_gate_block.json' missing model for variant: 'tinygates:xor_gate_block#facing=down,gate_direction=west'
[28May2026 14:36:51.025] [Worker-ResourceReload-2/WARN] [net.minecraft.client.resources.model.ModelBakery/]: Exception loading blockstate definition: 'tinygates:blockstates/xor_gate_block.json' missing model for variant: 'tinygates:xor_gate_block#facing=west,gate_direction=west'
[28May2026 14:36:51.025] [Worker-ResourceReload-2/WARN] [net.minecraft.client.resources.model.ModelBakery/]: Exception loading blockstate definition: 'tinygates:blockstates/xor_gate_block.json' missing model for variant: 'tinygates:xor_gate_block#facing=north,gate_direction=south'
[28May2026 14:36:51.025] [Worker-ResourceReload-2/WARN] [net.minecraft.client.resources.model.ModelBakery/]: Exception loading blockstate definition: 'tinygates:blockstates/xor_gate_block.json' missing model for variant: 'tinygates:xor_gate_block#facing=north,gate_direction=east'
[28May2026 14:36:51.025] [Worker-ResourceReload-2/WARN] [net.minecraft.client.resources.model.ModelBakery/]: Exception loading blockstate definition: 'tinygates:blockstates/xor_gate_block.json' missing model for variant: 'tinygates:xor_gate_block#facing=west,gate_direction=east'
[28May2026 14:36:51.025] [Worker-ResourceReload-2/WARN] [net.minecraft.client.resources.model.ModelBakery/]: Exception loading blockstate definition: 'tinygates:blockstates/xor_gate_block.json' missing model for variant: 'tinygates:xor_gate_block#facing=down,gate_direction=up'
[28May2026 14:36:51.025] [Worker-ResourceReload-2/WARN] [net.minecraft.client.resources.model.ModelBakery/]: Exception loading blockstate definition: 'tinygates:blockstates/xor_gate_block.json' missing model for variant: 'tinygates:xor_gate_block#facing=up,gate_direction=north'
[28May2026 14:36:51.025] [Worker-ResourceReload-2/WARN] [net.minecraft.client.resources.model.ModelBakery/]: Exception loading blockstate definition: 'tinygates:blockstates/xor_gate_block.json' missing model for variant: 'tinygates:xor_gate_block#facing=east,gate_direction=south'
[28May2026 14:36:51.025] [Worker-ResourceReload-2/WARN] [net.minecraft.client.resources.model.ModelBakery/]: Exception loading blockstate definition: 'tinygates:blockstates/xor_gate_block.json' missing model for variant: 'tinygates:xor_gate_block#facing=south,gate_direction=east'
[28May2026 14:36:51.025] [Worker-ResourceReload-2/WARN] [net.minecraft.client.resources.model.ModelBakery/]: Exception loading blockstate definition: 'tinygates:blockstates/xor_gate_block.json' missing model for variant: 'tinygates:xor_gate_block#facing=down,gate_direction=down'
[28May2026 14:36:51.025] [Worker-ResourceReload-2/WARN] [net.minecraft.client.resources.model.ModelBakery/]: Exception loading blockstate definition: 'tinygates:blockstates/xor_gate_block.json' missing model for variant: 'tinygates:xor_gate_block#facing=east,gate_direction=down'
[28May2026 14:36:51.025] [Worker-ResourceReload-2/WARN] [net.minecraft.client.resources.model.ModelBakery/]: Exception loading blockstate definition: 'tinygates:blockstates/xor_gate_block.json' missing model for variant: 'tinygates:xor_gate_block#facing=east,gate_direction=north'
[28May2026 14:36:51.025] [Worker-ResourceReload-2/WARN] [net.minecraft.client.resources.model.ModelBakery/]: Exception loading blockstate definition: 'tinygates:blockstates/xor_gate_block.json' missing model for variant: 'tinygates:xor_gate_block#facing=up,gate_direction=down'
[28May2026 14:36:51.025] [Worker-ResourceReload-2/WARN] [net.minecraft.client.resources.model.ModelBakery/]: Exception loading blockstate definition: 'tinygates:blockstates/xor_gate_block.json' missing model for variant: 'tinygates:xor_gate_block#facing=east,gate_direction=up'
[28May2026 14:36:51.025] [Worker-ResourceReload-2/WARN] [net.minecraft.client.resources.model.ModelBakery/]: Exception loading blockstate definition: 'tinygates:blockstates/xor_gate_block.json' missing model for variant: 'tinygates:xor_gate_block#facing=up,gate_direction=west'
[28May2026 14:36:51.025] [Worker-ResourceReload-2/WARN] [net.minecraft.client.resources.model.ModelBakery/]: Exception loading blockstate definition: 'tinygates:blockstates/xor_gate_block.json' missing model for variant: 'tinygates:xor_gate_block#facing=up,gate_direction=south'
[28May2026 14:36:51.025] [Worker-ResourceReload-2/WARN] [net.minecraft.client.resources.model.ModelBakery/]: Exception loading blockstate definition: 'tinygates:blockstates/xor_gate_block.json' missing model for variant: 'tinygates:xor_gate_block#facing=north,gate_direction=west'
[28May2026 14:36:51.025] [Worker-ResourceReload-2/WARN] [net.minecraft.client.resources.model.ModelBakery/]: Exception loading blockstate definition: 'tinygates:blockstates/xor_gate_block.json' missing model for variant: 'tinygates:xor_gate_block#facing=west,gate_direction=north'
[28May2026 14:36:51.025] [Worker-ResourceReload-2/WARN] [net.minecraft.client.resources.model.ModelBakery/]: Exception loading blockstate definition: 'tinygates:blockstates/xor_gate_block.json' missing model for variant: 'tinygates:xor_gate_block#facing=west,gate_direction=up'
[28May2026 14:36:51.511] [Worker-ResourceReload-2/WARN] [net.minecraft.client.resources.model.ModelBakery/]: Exception loading blockstate definition: 'nuclearcraft:blockstates/black_hole.json' missing model for variant: 'nuclearcraft:black_hole#powered=false'
[28May2026 14:36:51.511] [Worker-ResourceReload-2/WARN] [net.minecraft.client.resources.model.ModelBakery/]: Exception loading blockstate definition: 'nuclearcraft:blockstates/black_hole.json' missing model for variant: 'nuclearcraft:black_hole#powered=true'
[28May2026 14:36:51.514] [Worker-ResourceReload-2/WARN] [net.minecraft.client.resources.model.ModelBakery/]: Exception loading blockstate definition: 'tinypipes:blockstates/pipe_block.json' missing model for variant: 'tinypipes:pipe_block#'
[28May2026 14:36:51.923] [Worker-ResourceReload-2/WARN] [net.minecraft.client.resources.model.ModelBakery/]: Exception loading blockstate definition: 'gcyr:blockstates/luna_marker.json' missing model for variant: 'gcyr:luna_marker#'
[28May2026 14:36:51.923] [Worker-ResourceReload-2/WARN] [net.minecraft.client.resources.model.ModelBakery/]: Exception loading blockstate definition: 'gcyr:blockstates/mars_marker.json' missing model for variant: 'gcyr:mars_marker#'
[28May2026 14:36:51.923] [Worker-ResourceReload-2/WARN] [net.minecraft.client.resources.model.ModelBakery/]: Exception loading blockstate definition: 'gcyr:blockstates/mercury_marker.json' missing model for variant: 'gcyr:mercury_marker#'
[28May2026 14:36:51.923] [Worker-ResourceReload-2/WARN] [net.minecraft.client.resources.model.ModelBakery/]: Exception loading blockstate definition: 'gcyr:blockstates/venus_marker.json' missing model for variant: 'gcyr:venus_marker#'
[28May2026 14:36:53.140] [Worker-ResourceReload-2/WARN] [net.minecraft.client.resources.model.ModelBakery/]: industrialforegoing:transporter#inventory
java.io.FileNotFoundException: industrialforegoing:models/item/transporter.json
	at net.minecraft.client.resources.model.ModelBakery.m_119364_(ModelBakery.java:417) ~[client-1.20.1-20230612.114412-srg.jar%23475!/:?]
	at net.minecraft.client.resources.model.ModelBakery.m_119362_(ModelBakery.java:266) ~[client-1.20.1-20230612.114412-srg.jar%23475!/:?]
	at net.minecraft.client.resources.model.ModelBakery.m_119341_(ModelBakery.java:243) ~[client-1.20.1-20230612.114412-srg.jar%23475!/:?]
	at net.minecraft.client.resources.model.ModelBakery.m_119306_(ModelBakery.java:384) ~[client-1.20.1-20230612.114412-srg.jar%23475!/:?]
	at net.minecraft.client.resources.model.ModelBakery.<init>(ModelBakery.java:150) ~[client-1.20.1-20230612.114412-srg.jar%23475!/:?]
	at net.minecraft.client.resources.model.ModelManager.m_246505_(ModelManager.java:83) ~[client-1.20.1-20230612.114412-srg.jar%23475!/:?]
	at java.util.concurrent.CompletableFuture.biApply(CompletableFuture.java:1311) ~[?:?]
	at java.util.concurrent.CompletableFuture$BiApply.tryFire(CompletableFuture.java:1280) ~[?:?]
	at java.util.concurrent.CompletableFuture$Completion.exec(CompletableFuture.java:483) ~[?:?]
	at java.util.concurrent.ForkJoinTask.doExec(ForkJoinTask.java:373) ~[?:?]
	at java.util.concurrent.ForkJoinPool$WorkQueue.topLevelExec(ForkJoinPool.java:1182) ~[?:?]
	at java.util.concurrent.ForkJoinPool.scan(ForkJoinPool.java:1655) ~[?:?]
	at java.util.concurrent.ForkJoinPool.runWorker(ForkJoinPool.java:1622) ~[?:?]
	at java.util.concurrent.ForkJoinWorkerThread.run(ForkJoinWorkerThread.java:165) ~[?:?]
[28May2026 14:36:53.176] [Worker-ResourceReload-2/WARN] [net.minecraft.client.resources.model.ModelBakery/]: nuclearcraft:dummy_turbine_blade#inventory
java.io.FileNotFoundException: nuclearcraft:models/item/dummy_turbine_blade.json
	at net.minecraft.client.resources.model.ModelBakery.m_119364_(ModelBakery.java:417) ~[client-1.20.1-20230612.114412-srg.jar%23475!/:?]
	at net.minecraft.client.resources.model.ModelBakery.m_119362_(ModelBakery.java:266) ~[client-1.20.1-20230612.114412-srg.jar%23475!/:?]
	at net.minecraft.client.resources.model.ModelBakery.m_119341_(ModelBakery.java:243) ~[client-1.20.1-20230612.114412-srg.jar%23475!/:?]
	at net.minecraft.client.resources.model.ModelBakery.m_119306_(ModelBakery.java:384) ~[client-1.20.1-20230612.114412-srg.jar%23475!/:?]
	at net.minecraft.client.resources.model.ModelBakery.<init>(ModelBakery.java:150) ~[client-1.20.1-20230612.114412-srg.jar%23475!/:?]
	at net.minecraft.client.resources.model.ModelManager.m_246505_(ModelManager.java:83) ~[client-1.20.1-20230612.114412-srg.jar%23475!/:?]
	at java.util.concurrent.CompletableFuture.biApply(CompletableFuture.java:1311) ~[?:?]
	at java.util.concurrent.CompletableFuture$BiApply.tryFire(CompletableFuture.java:1280) ~[?:?]
	at java.util.concurrent.CompletableFuture$Completion.exec(CompletableFuture.java:483) ~[?:?]
	at java.util.concurrent.ForkJoinTask.doExec(ForkJoinTask.java:373) ~[?:?]
	at java.util.concurrent.ForkJoinPool$WorkQueue.topLevelExec(ForkJoinPool.java:1182) ~[?:?]
	at java.util.concurrent.ForkJoinPool.scan(ForkJoinPool.java:1655) ~[?:?]
	at java.util.concurrent.ForkJoinPool.runWorker(ForkJoinPool.java:1622) ~[?:?]
	at java.util.concurrent.ForkJoinWorkerThread.run(ForkJoinWorkerThread.java:165) ~[?:?]
[28May2026 14:36:53.260] [Worker-ResourceReload-2/WARN] [net.minecraft.client.resources.model.ModelBakery/]: gcyr:aerospace_aluminium_casing#inventory
java.io.FileNotFoundException: gcyr:models/item/aerospace_aluminium_casing.json
	at net.minecraft.client.resources.model.ModelBakery.m_119364_(ModelBakery.java:417) ~[client-1.20.1-20230612.114412-srg.jar%23475!/:?]
	at net.minecraft.client.resources.model.ModelBakery.m_119362_(ModelBakery.java:266) ~[client-1.20.1-20230612.114412-srg.jar%23475!/:?]
	at net.minecraft.client.resources.model.ModelBakery.m_119341_(ModelBakery.java:243) ~[client-1.20.1-20230612.114412-srg.jar%23475!/:?]
	at net.minecraft.client.resources.model.ModelBakery.m_119306_(ModelBakery.java:384) ~[client-1.20.1-20230612.114412-srg.jar%23475!/:?]
	at net.minecraft.client.resources.model.ModelBakery.<init>(ModelBakery.java:150) ~[client-1.20.1-20230612.114412-srg.jar%23475!/:?]
	at net.minecraft.client.resources.model.ModelManager.m_246505_(ModelManager.java:83) ~[client-1.20.1-20230612.114412-srg.jar%23475!/:?]
	at java.util.concurrent.CompletableFuture.biApply(CompletableFuture.java:1311) ~[?:?]
	at java.util.concurrent.CompletableFuture$BiApply.tryFire(CompletableFuture.java:1280) ~[?:?]
	at java.util.concurrent.CompletableFuture$Completion.exec(CompletableFuture.java:483) ~[?:?]
	at java.util.concurrent.ForkJoinTask.doExec(ForkJoinTask.java:373) ~[?:?]
	at java.util.concurrent.ForkJoinPool$WorkQueue.topLevelExec(ForkJoinPool.java:1182) ~[?:?]
	at java.util.concurrent.ForkJoinPool.scan(ForkJoinPool.java:1655) ~[?:?]
	at java.util.concurrent.ForkJoinPool.runWorker(ForkJoinPool.java:1622) ~[?:?]
	at java.util.concurrent.ForkJoinWorkerThread.run(ForkJoinWorkerThread.java:165) ~[?:?]
[28May2026 14:36:53.261] [Worker-ResourceReload-2/WARN] [net.minecraft.client.resources.model.ModelBakery/]: gcyr:beam_receiver#inventory
java.io.FileNotFoundException: gcyr:models/item/beam_receiver.json
	at net.minecraft.client.resources.model.ModelBakery.m_119364_(ModelBakery.java:417) ~[client-1.20.1-20230612.114412-srg.jar%23475!/:?]
	at net.minecraft.client.resources.model.ModelBakery.m_119362_(ModelBakery.java:266) ~[client-1.20.1-20230612.114412-srg.jar%23475!/:?]
	at net.minecraft.client.resources.model.ModelBakery.m_119341_(ModelBakery.java:243) ~[client-1.20.1-20230612.114412-srg.jar%23475!/:?]
	at net.minecraft.client.resources.model.ModelBakery.m_119306_(ModelBakery.java:384) ~[client-1.20.1-20230612.114412-srg.jar%23475!/:?]
	at net.minecraft.client.resources.model.ModelBakery.<init>(ModelBakery.java:150) ~[client-1.20.1-20230612.114412-srg.jar%23475!/:?]
	at net.minecraft.client.resources.model.ModelManager.m_246505_(ModelManager.java:83) ~[client-1.20.1-20230612.114412-srg.jar%23475!/:?]
	at java.util.concurrent.CompletableFuture.biApply(CompletableFuture.java:1311) ~[?:?]
	at java.util.concurrent.CompletableFuture$BiApply.tryFire(CompletableFuture.java:1280) ~[?:?]
	at java.util.concurrent.CompletableFuture$Completion.exec(CompletableFuture.java:483) ~[?:?]
	at java.util.concurrent.ForkJoinTask.doExec(ForkJoinTask.java:373) ~[?:?]
	at java.util.concurrent.ForkJoinPool$WorkQueue.topLevelExec(ForkJoinPool.java:1182) ~[?:?]
	at java.util.concurrent.ForkJoinPool.scan(ForkJoinPool.java:1655) ~[?:?]
	at java.util.concurrent.ForkJoinPool.runWorker(ForkJoinPool.java:1622) ~[?:?]
	at java.util.concurrent.ForkJoinWorkerThread.run(ForkJoinWorkerThread.java:165) ~[?:?]
[28May2026 14:36:53.261] [Worker-ResourceReload-2/WARN] [net.minecraft.client.resources.model.ModelBakery/]: gcyr:space_elevator_support#inventory
java.io.FileNotFoundException: gcyr:models/item/space_elevator_support.json
	at net.minecraft.client.resources.model.ModelBakery.m_119364_(ModelBakery.java:417) ~[client-1.20.1-20230612.114412-srg.jar%23475!/:?]
	at net.minecraft.client.resources.model.ModelBakery.m_119362_(ModelBakery.java:266) ~[client-1.20.1-20230612.114412-srg.jar%23475!/:?]
	at net.minecraft.client.resources.model.ModelBakery.m_119341_(ModelBakery.java:243) ~[client-1.20.1-20230612.114412-srg.jar%23475!/:?]
	at net.minecraft.client.resources.model.ModelBakery.m_119306_(ModelBakery.java:384) ~[client-1.20.1-20230612.114412-srg.jar%23475!/:?]
	at net.minecraft.client.resources.model.ModelBakery.<init>(ModelBakery.java:150) ~[client-1.20.1-20230612.114412-srg.jar%23475!/:?]
	at net.minecraft.client.resources.model.ModelManager.m_246505_(ModelManager.java:83) ~[client-1.20.1-20230612.114412-srg.jar%23475!/:?]
	at java.util.concurrent.CompletableFuture.biApply(CompletableFuture.java:1311) ~[?:?]
	at java.util.concurrent.CompletableFuture$BiApply.tryFire(CompletableFuture.java:1280) ~[?:?]
	at java.util.concurrent.CompletableFuture$Completion.exec(CompletableFuture.java:483) ~[?:?]
	at java.util.concurrent.ForkJoinTask.doExec(ForkJoinTask.java:373) ~[?:?]
	at java.util.concurrent.ForkJoinPool$WorkQueue.topLevelExec(ForkJoinPool.java:1182) ~[?:?]
	at java.util.concurrent.ForkJoinPool.scan(ForkJoinPool.java:1655) ~[?:?]
	at java.util.concurrent.ForkJoinPool.runWorker(ForkJoinPool.java:1622) ~[?:?]
	at java.util.concurrent.ForkJoinWorkerThread.run(ForkJoinWorkerThread.java:165) ~[?:?]
[28May2026 14:36:53.261] [Worker-ResourceReload-2/WARN] [net.minecraft.client.resources.model.ModelBakery/]: gcyr:dyson_sphere_casing#inventory
java.io.FileNotFoundException: gcyr:models/item/dyson_sphere_casing.json
	at net.minecraft.client.resources.model.ModelBakery.m_119364_(ModelBakery.java:417) ~[client-1.20.1-20230612.114412-srg.jar%23475!/:?]
	at net.minecraft.client.resources.model.ModelBakery.m_119362_(ModelBakery.java:266) ~[client-1.20.1-20230612.114412-srg.jar%23475!/:?]
	at net.minecraft.client.resources.model.ModelBakery.m_119341_(ModelBakery.java:243) ~[client-1.20.1-20230612.114412-srg.jar%23475!/:?]
	at net.minecraft.client.resources.model.ModelBakery.m_119306_(ModelBakery.java:384) ~[client-1.20.1-20230612.114412-srg.jar%23475!/:?]
	at net.minecraft.client.resources.model.ModelBakery.<init>(ModelBakery.java:150) ~[client-1.20.1-20230612.114412-srg.jar%23475!/:?]
	at net.minecraft.client.resources.model.ModelManager.m_246505_(ModelManager.java:83) ~[client-1.20.1-20230612.114412-srg.jar%23475!/:?]
	at java.util.concurrent.CompletableFuture.biApply(CompletableFuture.java:1311) ~[?:?]
	at java.util.concurrent.CompletableFuture$BiApply.tryFire(CompletableFuture.java:1280) ~[?:?]
	at java.util.concurrent.CompletableFuture$Completion.exec(CompletableFuture.java:483) ~[?:?]
	at java.util.concurrent.ForkJoinTask.doExec(ForkJoinTask.java:373) ~[?:?]
	at java.util.concurrent.ForkJoinPool$WorkQueue.topLevelExec(ForkJoinPool.java:1182) ~[?:?]
	at java.util.concurrent.ForkJoinPool.scan(ForkJoinPool.java:1655) ~[?:?]
	at java.util.concurrent.ForkJoinPool.runWorker(ForkJoinPool.java:1622) ~[?:?]
	at java.util.concurrent.ForkJoinWorkerThread.run(ForkJoinWorkerThread.java:165) ~[?:?]
[28May2026 14:36:53.261] [Worker-ResourceReload-2/WARN] [net.minecraft.client.resources.model.ModelBakery/]: gcyr:dyson_solar_cell#inventory
java.io.FileNotFoundException: gcyr:models/item/dyson_solar_cell.json
	at net.minecraft.client.resources.model.ModelBakery.m_119364_(ModelBakery.java:417) ~[client-1.20.1-20230612.114412-srg.jar%23475!/:?]
	at net.minecraft.client.resources.model.ModelBakery.m_119362_(ModelBakery.java:266) ~[client-1.20.1-20230612.114412-srg.jar%23475!/:?]
	at net.minecraft.client.resources.model.ModelBakery.m_119341_(ModelBakery.java:243) ~[client-1.20.1-20230612.114412-srg.jar%23475!/:?]
	at net.minecraft.client.resources.model.ModelBakery.m_119306_(ModelBakery.java:384) ~[client-1.20.1-20230612.114412-srg.jar%23475!/:?]
	at net.minecraft.client.resources.model.ModelBakery.<init>(ModelBakery.java:150) ~[client-1.20.1-20230612.114412-srg.jar%23475!/:?]
	at net.minecraft.client.resources.model.ModelManager.m_246505_(ModelManager.java:83) ~[client-1.20.1-20230612.114412-srg.jar%23475!/:?]
	at java.util.concurrent.CompletableFuture.biApply(CompletableFuture.java:1311) ~[?:?]
	at java.util.concurrent.CompletableFuture$BiApply.tryFire(CompletableFuture.java:1280) ~[?:?]
	at java.util.concurrent.CompletableFuture$Completion.exec(CompletableFuture.java:483) ~[?:?]
	at java.util.concurrent.ForkJoinTask.doExec(ForkJoinTask.java:373) ~[?:?]
	at java.util.concurrent.ForkJoinPool$WorkQueue.topLevelExec(ForkJoinPool.java:1182) ~[?:?]
	at java.util.concurrent.ForkJoinPool.scan(ForkJoinPool.java:1655) ~[?:?]
	at java.util.concurrent.ForkJoinPool.runWorker(ForkJoinPool.java:1622) ~[?:?]
	at java.util.concurrent.ForkJoinWorkerThread.run(ForkJoinWorkerThread.java:165) ~[?:?]
[28May2026 14:36:53.261] [Worker-ResourceReload-2/WARN] [net.minecraft.client.resources.model.ModelBakery/]: gcyr:dyson_sphere_maintenance_port#inventory
java.io.FileNotFoundException: gcyr:models/item/dyson_sphere_maintenance_port.json
	at net.minecraft.client.resources.model.ModelBakery.m_119364_(ModelBakery.java:417) ~[client-1.20.1-20230612.114412-srg.jar%23475!/:?]
	at net.minecraft.client.resources.model.ModelBakery.m_119362_(ModelBakery.java:266) ~[client-1.20.1-20230612.114412-srg.jar%23475!/:?]
	at net.minecraft.client.resources.model.ModelBakery.m_119341_(ModelBakery.java:243) ~[client-1.20.1-20230612.114412-srg.jar%23475!/:?]
	at net.minecraft.client.resources.model.ModelBakery.m_119306_(ModelBakery.java:384) ~[client-1.20.1-20230612.114412-srg.jar%23475!/:?]
	at net.minecraft.client.resources.model.ModelBakery.<init>(ModelBakery.java:150) ~[client-1.20.1-20230612.114412-srg.jar%23475!/:?]
	at net.minecraft.client.resources.model.ModelManager.m_246505_(ModelManager.java:83) ~[client-1.20.1-20230612.114412-srg.jar%23475!/:?]
	at java.util.concurrent.CompletableFuture.biApply(CompletableFuture.java:1311) ~[?:?]
	at java.util.concurrent.CompletableFuture$BiApply.tryFire(CompletableFuture.java:1280) ~[?:?]
	at java.util.concurrent.CompletableFuture$Completion.exec(CompletableFuture.java:483) ~[?:?]
	at java.util.concurrent.ForkJoinTask.doExec(ForkJoinTask.java:373) ~[?:?]
	at java.util.concurrent.ForkJoinPool$WorkQueue.topLevelExec(ForkJoinPool.java:1182) ~[?:?]
	at java.util.concurrent.ForkJoinPool.scan(ForkJoinPool.java:1655) ~[?:?]
	at java.util.concurrent.ForkJoinPool.runWorker(ForkJoinPool.java:1622) ~[?:?]
	at java.util.concurrent.ForkJoinWorkerThread.run(ForkJoinWorkerThread.java:165) ~[?:?]
[28May2026 14:36:53.261] [Worker-ResourceReload-2/WARN] [net.minecraft.client.resources.model.ModelBakery/]: gcyr:stainless_evaporation_casing#inventory
java.io.FileNotFoundException: gcyr:models/item/stainless_evaporation_casing.json
	at net.minecraft.client.resources.model.ModelBakery.m_119364_(ModelBakery.java:417) ~[client-1.20.1-20230612.114412-srg.jar%23475!/:?]
	at net.minecraft.client.resources.model.ModelBakery.m_119362_(ModelBakery.java:266) ~[client-1.20.1-20230612.114412-srg.jar%23475!/:?]
	at net.minecraft.client.resources.model.ModelBakery.m_119341_(ModelBakery.java:243) ~[client-1.20.1-20230612.114412-srg.jar%23475!/:?]
	at net.minecraft.client.resources.model.ModelBakery.m_119306_(ModelBakery.java:384) ~[client-1.20.1-20230612.114412-srg.jar%23475!/:?]
	at net.minecraft.client.resources.model.ModelBakery.<init>(ModelBakery.java:150) ~[client-1.20.1-20230612.114412-srg.jar%23475!/:?]
	at net.minecraft.client.resources.model.ModelManager.m_246505_(ModelManager.java:83) ~[client-1.20.1-20230612.114412-srg.jar%23475!/:?]
	at java.util.concurrent.CompletableFuture.biApply(CompletableFuture.java:1311) ~[?:?]
	at java.util.concurrent.CompletableFuture$BiApply.tryFire(CompletableFuture.java:1280) ~[?:?]
	at java.util.concurrent.CompletableFuture$Completion.exec(CompletableFuture.java:483) ~[?:?]
	at java.util.concurrent.ForkJoinTask.doExec(ForkJoinTask.java:373) ~[?:?]
	at java.util.concurrent.ForkJoinPool$WorkQueue.topLevelExec(ForkJoinPool.java:1182) ~[?:?]
	at java.util.concurrent.ForkJoinPool.scan(ForkJoinPool.java:1655) ~[?:?]
	at java.util.concurrent.ForkJoinPool.runWorker(ForkJoinPool.java:1622) ~[?:?]
	at java.util.concurrent.ForkJoinWorkerThread.run(ForkJoinWorkerThread.java:165) ~[?:?]
[28May2026 14:36:53.262] [Worker-ResourceReload-2/WARN] [net.minecraft.client.resources.model.ModelBakery/]: gcyr:moon_sand#inventory
java.io.FileNotFoundException: gcyr:models/item/moon_sand.json
	at net.minecraft.client.resources.model.ModelBakery.m_119364_(ModelBakery.java:417) ~[client-1.20.1-20230612.114412-srg.jar%23475!/:?]
	at net.minecraft.client.resources.model.ModelBakery.m_119362_(ModelBakery.java:266) ~[client-1.20.1-20230612.114412-srg.jar%23475!/:?]
	at net.minecraft.client.resources.model.ModelBakery.m_119341_(ModelBakery.java:243) ~[client-1.20.1-20230612.114412-srg.jar%23475!/:?]
	at net.minecraft.client.resources.model.ModelBakery.m_119306_(ModelBakery.java:384) ~[client-1.20.1-20230612.114412-srg.jar%23475!/:?]
	at net.minecraft.client.resources.model.ModelBakery.<init>(ModelBakery.java:150) ~[client-1.20.1-20230612.114412-srg.jar%23475!/:?]
	at net.minecraft.client.resources.model.ModelManager.m_246505_(ModelManager.java:83) ~[client-1.20.1-20230612.114412-srg.jar%23475!/:?]
	at java.util.concurrent.CompletableFuture.biApply(CompletableFuture.java:1311) ~[?:?]
	at java.util.concurrent.CompletableFuture$BiApply.tryFire(CompletableFuture.java:1280) ~[?:?]
	at java.util.concurrent.CompletableFuture$Completion.exec(CompletableFuture.java:483) ~[?:?]
	at java.util.concurrent.ForkJoinTask.doExec(ForkJoinTask.java:373) ~[?:?]
	at java.util.concurrent.ForkJoinPool$WorkQueue.topLevelExec(ForkJoinPool.java:1182) ~[?:?]
	at java.util.concurrent.ForkJoinPool.scan(ForkJoinPool.java:1655) ~[?:?]
	at java.util.concurrent.ForkJoinPool.runWorker(ForkJoinPool.java:1622) ~[?:?]
	at java.util.concurrent.ForkJoinWorkerThread.run(ForkJoinWorkerThread.java:165) ~[?:?]
[28May2026 14:36:53.263] [Worker-ResourceReload-2/WARN] [net.minecraft.client.resources.model.ModelBakery/]: gcyr:luna_marker#inventory
java.io.FileNotFoundException: gcyr:models/item/luna_marker.json
	at net.minecraft.client.resources.model.ModelBakery.m_119364_(ModelBakery.java:417) ~[client-1.20.1-20230612.114412-srg.jar%23475!/:?]
	at net.minecraft.client.resources.model.ModelBakery.m_119362_(ModelBakery.java:266) ~[client-1.20.1-20230612.114412-srg.jar%23475!/:?]
	at net.minecraft.client.resources.model.ModelBakery.m_119341_(ModelBakery.java:243) ~[client-1.20.1-20230612.114412-srg.jar%23475!/:?]
	at net.minecraft.client.resources.model.ModelBakery.m_119306_(ModelBakery.java:384) ~[client-1.20.1-20230612.114412-srg.jar%23475!/:?]
	at net.minecraft.client.resources.model.ModelBakery.<init>(ModelBakery.java:150) ~[client-1.20.1-20230612.114412-srg.jar%23475!/:?]
	at net.minecraft.client.resources.model.ModelManager.m_246505_(ModelManager.java:83) ~[client-1.20.1-20230612.114412-srg.jar%23475!/:?]
	at java.util.concurrent.CompletableFuture.biApply(CompletableFuture.java:1311) ~[?:?]
	at java.util.concurrent.CompletableFuture$BiApply.tryFire(CompletableFuture.java:1280) ~[?:?]
	at java.util.concurrent.CompletableFuture$Completion.exec(CompletableFuture.java:483) ~[?:?]
	at java.util.concurrent.ForkJoinTask.doExec(ForkJoinTask.java:373) ~[?:?]
	at java.util.concurrent.ForkJoinPool$WorkQueue.topLevelExec(ForkJoinPool.java:1182) ~[?:?]
	at java.util.concurrent.ForkJoinPool.scan(ForkJoinPool.java:1655) ~[?:?]
	at java.util.concurrent.ForkJoinPool.runWorker(ForkJoinPool.java:1622) ~[?:?]
	at java.util.concurrent.ForkJoinWorkerThread.run(ForkJoinWorkerThread.java:165) ~[?:?]
[28May2026 14:36:53.263] [Worker-ResourceReload-2/WARN] [net.minecraft.client.resources.model.ModelBakery/]: gcyr:mars_marker#inventory
java.io.FileNotFoundException: gcyr:models/item/mars_marker.json
	at net.minecraft.client.resources.model.ModelBakery.m_119364_(ModelBakery.java:417) ~[client-1.20.1-20230612.114412-srg.jar%23475!/:?]
	at net.minecraft.client.resources.model.ModelBakery.m_119362_(ModelBakery.java:266) ~[client-1.20.1-20230612.114412-srg.jar%23475!/:?]
	at net.minecraft.client.resources.model.ModelBakery.m_119341_(ModelBakery.java:243) ~[client-1.20.1-20230612.114412-srg.jar%23475!/:?]
	at net.minecraft.client.resources.model.ModelBakery.m_119306_(ModelBakery.java:384) ~[client-1.20.1-20230612.114412-srg.jar%23475!/:?]
	at net.minecraft.client.resources.model.ModelBakery.<init>(ModelBakery.java:150) ~[client-1.20.1-20230612.114412-srg.jar%23475!/:?]
	at net.minecraft.client.resources.model.ModelManager.m_246505_(ModelManager.java:83) ~[client-1.20.1-20230612.114412-srg.jar%23475!/:?]
	at java.util.concurrent.CompletableFuture.biApply(CompletableFuture.java:1311) ~[?:?]
	at java.util.concurrent.CompletableFuture$BiApply.tryFire(CompletableFuture.java:1280) ~[?:?]
	at java.util.concurrent.CompletableFuture$Completion.exec(CompletableFuture.java:483) ~[?:?]
	at java.util.concurrent.ForkJoinTask.doExec(ForkJoinTask.java:373) ~[?:?]
	at java.util.concurrent.ForkJoinPool$WorkQueue.topLevelExec(ForkJoinPool.java:1182) ~[?:?]
	at java.util.concurrent.ForkJoinPool.scan(ForkJoinPool.java:1655) ~[?:?]
	at java.util.concurrent.ForkJoinPool.runWorker(ForkJoinPool.java:1622) ~[?:?]
	at java.util.concurrent.ForkJoinWorkerThread.run(ForkJoinWorkerThread.java:165) ~[?:?]
[28May2026 14:36:53.264] [Worker-ResourceReload-2/WARN] [net.minecraft.client.resources.model.ModelBakery/]: gcyr:mercury_marker#inventory
java.io.FileNotFoundException: gcyr:models/item/mercury_marker.json
	at net.minecraft.client.resources.model.ModelBakery.m_119364_(ModelBakery.java:417) ~[client-1.20.1-20230612.114412-srg.jar%23475!/:?]
	at net.minecraft.client.resources.model.ModelBakery.m_119362_(ModelBakery.java:266) ~[client-1.20.1-20230612.114412-srg.jar%23475!/:?]
	at net.minecraft.client.resources.model.ModelBakery.m_119341_(ModelBakery.java:243) ~[client-1.20.1-20230612.114412-srg.jar%23475!/:?]
	at net.minecraft.client.resources.model.ModelBakery.m_119306_(ModelBakery.java:384) ~[client-1.20.1-20230612.114412-srg.jar%23475!/:?]
	at net.minecraft.client.resources.model.ModelBakery.<init>(ModelBakery.java:150) ~[client-1.20.1-20230612.114412-srg.jar%23475!/:?]
	at net.minecraft.client.resources.model.ModelManager.m_246505_(ModelManager.java:83) ~[client-1.20.1-20230612.114412-srg.jar%23475!/:?]
	at java.util.concurrent.CompletableFuture.biApply(CompletableFuture.java:1311) ~[?:?]
	at java.util.concurrent.CompletableFuture$BiApply.tryFire(CompletableFuture.java:1280) ~[?:?]
	at java.util.concurrent.CompletableFuture$Completion.exec(CompletableFuture.java:483) ~[?:?]
	at java.util.concurrent.ForkJoinTask.doExec(ForkJoinTask.java:373) ~[?:?]
	at java.util.concurrent.ForkJoinPool$WorkQueue.topLevelExec(ForkJoinPool.java:1182) ~[?:?]
	at java.util.concurrent.ForkJoinPool.scan(ForkJoinPool.java:1655) ~[?:?]
	at java.util.concurrent.ForkJoinPool.runWorker(ForkJoinPool.java:1622) ~[?:?]
	at java.util.concurrent.ForkJoinWorkerThread.run(ForkJoinWorkerThread.java:165) ~[?:?]
[28May2026 14:36:53.264] [Worker-ResourceReload-2/WARN] [net.minecraft.client.resources.model.ModelBakery/]: gcyr:venus_marker#inventory
java.io.FileNotFoundException: gcyr:models/item/venus_marker.json
	at net.minecraft.client.resources.model.ModelBakery.m_119364_(ModelBakery.java:417) ~[client-1.20.1-20230612.114412-srg.jar%23475!/:?]
	at net.minecraft.client.resources.model.ModelBakery.m_119362_(ModelBakery.java:266) ~[client-1.20.1-20230612.114412-srg.jar%23475!/:?]
	at net.minecraft.client.resources.model.ModelBakery.m_119341_(ModelBakery.java:243) ~[client-1.20.1-20230612.114412-srg.jar%23475!/:?]
	at net.minecraft.client.resources.model.ModelBakery.m_119306_(ModelBakery.java:384) ~[client-1.20.1-20230612.114412-srg.jar%23475!/:?]
	at net.minecraft.client.resources.model.ModelBakery.<init>(ModelBakery.java:150) ~[client-1.20.1-20230612.114412-srg.jar%23475!/:?]
	at net.minecraft.client.resources.model.ModelManager.m_246505_(ModelManager.java:83) ~[client-1.20.1-20230612.114412-srg.jar%23475!/:?]
	at java.util.concurrent.CompletableFuture.biApply(CompletableFuture.java:1311) ~[?:?]
	at java.util.concurrent.CompletableFuture$BiApply.tryFire(CompletableFuture.java:1280) ~[?:?]
	at java.util.concurrent.CompletableFuture$Completion.exec(CompletableFuture.java:483) ~[?:?]
	at java.util.concurrent.ForkJoinTask.doExec(ForkJoinTask.java:373) ~[?:?]
	at java.util.concurrent.ForkJoinPool$WorkQueue.topLevelExec(ForkJoinPool.java:1182) ~[?:?]
	at java.util.concurrent.ForkJoinPool.scan(ForkJoinPool.java:1655) ~[?:?]
	at java.util.concurrent.ForkJoinPool.runWorker(ForkJoinPool.java:1622) ~[?:?]
	at java.util.concurrent.ForkJoinWorkerThread.run(ForkJoinWorkerThread.java:165) ~[?:?]
[28May2026 14:36:53.359] [Worker-ResourceReload-2/INFO] [slimeknights.tconstruct.library.client.materials.MaterialRenderInfoLoader/]: 134 material render infos loaded
[28May2026 14:36:53.376] [Worker-ResourceReload-2/WARN] [net.minecraft.client.resources.model.ModelBakery/]: supplementaries:block/hanging_flower_pot_rope
java.io.FileNotFoundException: supplementaries:models/block/hanging_flower_pot_rope.json
	at net.minecraft.client.resources.model.ModelBakery.m_119364_(ModelBakery.java:417) ~[client-1.20.1-20230612.114412-srg.jar%23475!/:?]
	at net.minecraft.client.resources.model.ModelBakery.m_119362_(ModelBakery.java:262) ~[client-1.20.1-20230612.114412-srg.jar%23475!/:?]
	at net.minecraft.client.resources.model.ModelBakery.m_119341_(ModelBakery.java:243) ~[client-1.20.1-20230612.114412-srg.jar%23475!/:?]
	at net.minecraft.client.resources.model.ModelBakery.<init>(ModelBakery.java:159) ~[client-1.20.1-20230612.114412-srg.jar%23475!/:?]
	at net.minecraft.client.resources.model.ModelManager.m_246505_(ModelManager.java:83) ~[client-1.20.1-20230612.114412-srg.jar%23475!/:?]
	at java.util.concurrent.CompletableFuture.biApply(CompletableFuture.java:1311) ~[?:?]
	at java.util.concurrent.CompletableFuture$BiApply.tryFire(CompletableFuture.java:1280) ~[?:?]
	at java.util.concurrent.CompletableFuture$Completion.exec(CompletableFuture.java:483) ~[?:?]
	at java.util.concurrent.ForkJoinTask.doExec(ForkJoinTask.java:373) ~[?:?]
	at java.util.concurrent.ForkJoinPool$WorkQueue.topLevelExec(ForkJoinPool.java:1182) ~[?:?]
	at java.util.concurrent.ForkJoinPool.scan(ForkJoinPool.java:1655) ~[?:?]
	at java.util.concurrent.ForkJoinPool.runWorker(ForkJoinPool.java:1622) ~[?:?]
	at java.util.concurrent.ForkJoinWorkerThread.run(ForkJoinWorkerThread.java:165) ~[?:?]
[28May2026 14:37:00.887] [Worker-ResourceReload-2/WARN] [Mantle/]: Using deprecated 'luminosity' field on ColoredBlockModel color data for tconstruct:queens_slime_block#inventory, this will be removed in 1.20 in favor of Forge's 'emissivity'.
[28May2026 14:37:00.978] [Worker-ResourceReload-2/WARN] [Mantle/]: Using deprecated 'luminosity' field on ColoredBlockModel color data for tconstruct:block/storage/queens_slime, this will be removed in 1.20 in favor of Forge's 'emissivity'.
[28May2026 14:37:01.015] [Worker-ResourceReload-2/WARN] [net.minecraft.client.resources.model.ModelManager/]: Missing textures in model supplementaries:rope_tomatoes#age=2,east=false,knot=true,north=false,ropelogged=false,south=true,west=false:
    minecraft:textures/atlas/blocks.png:farmersdelight:block/tomatoes_vine_stage0
    minecraft:textures/atlas/blocks.png:farmersdelight:block/tomatoes_vine_stage1
    minecraft:textures/atlas/blocks.png:farmersdelight:block/tomatoes_vine_stage2
    minecraft:textures/atlas/blocks.png:farmersdelight:block/tomatoes_vine_stage3
[28May2026 14:37:01.015] [Worker-ResourceReload-2/WARN] [net.minecraft.client.resources.model.ModelManager/]: Missing textures in model supplementaries:confetti_popper#inventory:
    minecraft:textures/atlas/blocks.png:supplementaries:party_hat/party_hat
[28May2026 14:37:01.015] [Worker-ResourceReload-2/WARN] [net.minecraft.client.resources.model.ModelManager/]: Missing textures in model enderio:dense_me_conduit#inventory:
    minecraft:textures/atlas/blocks.png:enderio:block/conduit/power1
[28May2026 14:37:01.015] [Worker-ResourceReload-2/WARN] [net.minecraft.client.resources.model.ModelManager/]: Missing textures in model enderio:ender_fluid_conduit#inventory:
    minecraft:textures/atlas/blocks.png:enderio:block/conduit/power1
[28May2026 14:37:01.015] [Worker-ResourceReload-2/WARN] [net.minecraft.client.resources.model.ModelManager/]: Missing textures in model enderio:pressurized_fluid_conduit#inventory:
    minecraft:textures/atlas/blocks.png:enderio:block/conduit/power1
[28May2026 14:37:01.015] [Worker-ResourceReload-2/WARN] [net.minecraft.client.resources.model.ModelManager/]: Missing textures in model supplementaries:stick_tomatoes#age=2,axis_x=false,axis_z=true,ropelogged=true:
    minecraft:textures/atlas/blocks.png:farmersdelight:block/tomatoes_vine_stage0
    minecraft:textures/atlas/blocks.png:farmersdelight:block/tomatoes_vine_stage1
    minecraft:textures/atlas/blocks.png:farmersdelight:block/tomatoes_vine_stage2
    minecraft:textures/atlas/blocks.png:farmersdelight:block/tomatoes_vine_stage3
[28May2026 14:37:01.015] [Worker-ResourceReload-2/WARN] [net.minecraft.client.resources.model.ModelManager/]: Missing textures in model enderio:redstone_conduit#inventory:
    minecraft:textures/atlas/blocks.png:enderio:block/conduit/power1
[28May2026 14:37:01.015] [Worker-ResourceReload-2/WARN] [net.minecraft.client.resources.model.ModelManager/]: Missing textures in model enderio:item_conduit#inventory:
    minecraft:textures/atlas/blocks.png:enderio:block/conduit/power1
[28May2026 14:37:01.015] [Worker-ResourceReload-2/WARN] [net.minecraft.client.resources.model.ModelManager/]: Missing textures in model supplementaries:tater_in_a_jar#inventory:
    minecraft:textures/atlas/blocks.png:quark:model/tiny_potato/default
[28May2026 14:37:01.015] [Worker-ResourceReload-2/WARN] [net.minecraft.client.resources.model.ModelManager/]: Missing textures in model createaddition:small_light_connector#facing=west,mode=push,powered=true,rotation=x_clockwise_180,variant=default:
    minecraft:textures/atlas/blocks.png:create:block/chute_block
[28May2026 14:37:01.015] [Worker-ResourceReload-2/WARN] [net.minecraft.client.resources.model.ModelManager/]: Missing textures in model enderio:energy_conduit#inventory:
    minecraft:textures/atlas/blocks.png:enderio:block/conduit/power1
[28May2026 14:37:01.015] [Worker-ResourceReload-2/WARN] [net.minecraft.client.resources.model.ModelManager/]: Missing textures in model enderio:me_conduit#inventory:
    minecraft:textures/atlas/blocks.png:enderio:block/conduit/power1
[28May2026 14:37:01.015] [Worker-ResourceReload-2/WARN] [net.minecraft.client.resources.model.ModelManager/]: Missing textures in model enderio:fluid_conduit#inventory:
    minecraft:textures/atlas/blocks.png:enderio:block/conduit/power1
[28May2026 14:37:05.798] [Render thread/ERROR] [Gregicality Rocketry/]: No key sky_objects in MapLike[{"world":"gcyr:venus","stars":{"fancy_count":0,"fast_count":0,"colored_stars":false,"daylight_visible":true},"sunset_color":"none","dimension_effects":{"type":"none"},"cloud_effects":"none","weather_effects":"none","horizon_angle":0}]
[28May2026 14:37:05.798] [Render thread/ERROR] [Gregicality Rocketry/]: Failed to load Gregicality Rocketry sky rendering assets from: "gcyr:gcyr/planet_assets/sky_renderers/venus.json"
java.lang.RuntimeException: No key sky_objects in MapLike[{"world":"gcyr:venus","stars":{"fancy_count":0,"fast_count":0,"colored_stars":false,"daylight_visible":true},"sunset_color":"none","dimension_effects":{"type":"none"},"cloud_effects":"none","weather_effects":"none","horizon_angle":0}]
	at com.mojang.serialization.DataResult.lambda$getOrThrow$5(DataResult.java:101) ~[datafixerupper-6.0.8.jar%2395!/:?]
	at com.mojang.datafixers.util.Either$Right.map(Either.java:99) ~[datafixerupper-6.0.8.jar%2395!/:?]
	at com.mojang.serialization.DataResult.getOrThrow(DataResult.java:93) ~[datafixerupper-6.0.8.jar%2395!/:?]
	at argent_matter.gcyr.data.loader.PlanetResources.m_6213_(PlanetResources.java:52) ~[gcyr-1.20.1-0.2.8.jar%23379!/:?]
	at net.minecraft.server.packs.resources.ResourceManagerReloadListener.m_10759_(ResourceManagerReloadListener.java:15) ~[client-1.20.1-20230612.114412-srg.jar%23475!/:?]
	at java.util.concurrent.CompletableFuture$UniRun.tryFire(CompletableFuture.java:787) ~[?:?]
	at java.util.concurrent.CompletableFuture$Completion.run(CompletableFuture.java:482) ~[?:?]
	at net.minecraft.server.packs.resources.SimpleReloadInstance.m_143940_(SimpleReloadInstance.java:69) ~[client-1.20.1-20230612.114412-srg.jar%23475!/:?]
	at net.minecraft.util.thread.BlockableEventLoop.m_6367_(BlockableEventLoop.java:156) ~[client-1.20.1-20230612.114412-srg.jar%23475!/:?]
	at net.minecraft.util.thread.ReentrantBlockableEventLoop.m_6367_(ReentrantBlockableEventLoop.java:23) ~[client-1.20.1-20230612.114412-srg.jar%23475!/:?]
	at net.minecraft.util.thread.BlockableEventLoop.m_7245_(BlockableEventLoop.java:130) ~[client-1.20.1-20230612.114412-srg.jar%23475!/:?]
	at net.minecraft.util.thread.BlockableEventLoop.m_18699_(BlockableEventLoop.java:115) ~[client-1.20.1-20230612.114412-srg.jar%23475!/:?]
	at net.minecraft.client.Minecraft.m_91383_(Minecraft.java:1106) ~[client-1.20.1-20230612.114412-srg.jar%23475!/:?]
	at net.minecraft.client.Minecraft.m_91374_(Minecraft.java:718) ~[client-1.20.1-20230612.114412-srg.jar%23475!/:?]
	at net.minecraft.client.main.Main.main(Main.java:218) ~[minecraft-1.20.1-client.jar:?]
	at jdk.internal.reflect.NativeMethodAccessorImpl.invoke0(Native Method) ~[?:?]
	at jdk.internal.reflect.NativeMethodAccessorImpl.invoke(NativeMethodAccessorImpl.java:77) ~[?:?]
	at jdk.internal.reflect.DelegatingMethodAccessorImpl.invoke(DelegatingMethodAccessorImpl.java:43) ~[?:?]
	at java.lang.reflect.Method.invoke(Method.java:569) ~[?:?]
	at net.minecraftforge.fml.loading.targets.CommonLaunchHandler.runTarget(CommonLaunchHandler.java:111) ~[fmlloader-1.20.1-47.4.10.jar:?]
	at net.minecraftforge.fml.loading.targets.CommonLaunchHandler.clientService(CommonLaunchHandler.java:99) ~[fmlloader-1.20.1-47.4.10.jar:?]
	at net.minecraftforge.fml.loading.targets.CommonClientLaunchHandler.lambda$makeService$0(CommonClientLaunchHandler.java:25) ~[fmlloader-1.20.1-47.4.10.jar:?]
	at cpw.mods.modlauncher.LaunchServiceHandlerDecorator.launch(LaunchServiceHandlerDecorator.java:30) ~[modlauncher-10.0.9.jar:?]
	at cpw.mods.modlauncher.LaunchServiceHandler.launch(LaunchServiceHandler.java:53) ~[modlauncher-10.0.9.jar:?]
	at cpw.mods.modlauncher.LaunchServiceHandler.launch(LaunchServiceHandler.java:71) ~[modlauncher-10.0.9.jar:?]
	at cpw.mods.modlauncher.Launcher.run(Launcher.java:108) ~[modlauncher-10.0.9.jar:?]
	at cpw.mods.modlauncher.Launcher.main(Launcher.java:78) ~[modlauncher-10.0.9.jar:?]
	at cpw.mods.modlauncher.BootstrapLaunchConsumer.accept(BootstrapLaunchConsumer.java:26) ~[modlauncher-10.0.9.jar:?]
	at cpw.mods.modlauncher.BootstrapLaunchConsumer.accept(BootstrapLaunchConsumer.java:23) ~[modlauncher-10.0.9.jar:?]
	at cpw.mods.bootstraplauncher.BootstrapLauncher.main(BootstrapLauncher.java:141) ~[bootstraplauncher-1.1.2.jar:?]
	at jdk.internal.reflect.NativeMethodAccessorImpl.invoke0(Native Method) ~[?:?]
	at jdk.internal.reflect.NativeMethodAccessorImpl.invoke(NativeMethodAccessorImpl.java:77) ~[?:?]
	at jdk.internal.reflect.DelegatingMethodAccessorImpl.invoke(DelegatingMethodAccessorImpl.java:43) ~[?:?]
	at java.lang.reflect.Method.invoke(Method.java:569) ~[?:?]
	at io.github.zekerzhayard.forgewrapper.installer.Main.main(Main.java:67) ~[?:?]
	at org.prismlauncher.launcher.impl.StandardLauncher.launch(StandardLauncher.java:115) ~[?:?]
	at org.prismlauncher.EntryPoint.listen(EntryPoint.java:129) ~[?:?]
	at org.prismlauncher.EntryPoint.main(EntryPoint.java:70) ~[?:?]
[28May2026 14:37:05.888] [Render thread/INFO] [Obscure Tooltips/]: Loaded 4 resources from tooltips/element/panel
[28May2026 14:37:05.891] [Render thread/INFO] [Obscure Tooltips/]: Loaded 3 resources from tooltips/element/frame
[28May2026 14:37:05.894] [Render thread/INFO] [Obscure Tooltips/]: Loaded 1 resources from tooltips/element/slot
[28May2026 14:37:05.898] [Render thread/INFO] [Obscure Tooltips/]: Loaded 4 resources from tooltips/element/icon
[28May2026 14:37:05.904] [Render thread/INFO] [Obscure Tooltips/]: Loaded 7 resources from tooltips/element/effect
[28May2026 14:37:05.907] [Render thread/INFO] [Obscure Tooltips/]: Loaded 6 resources from tooltips/style
[28May2026 14:37:05.911] [Render thread/INFO] [Obscure Tooltips/]: Loaded 6 resources from tooltips/definition
[28May2026 14:37:05.913] [Render thread/INFO] [Obscure Tooltips/]: Loaded 1 resources from tooltips/label
[28May2026 14:37:05.953] [Worker-ResourceReload-4/INFO] [net.blay09.mods.craftingtweaks.IMCHandler/]: craftingstation has registered tfar.craftingstation.CraftingStationMenu for CraftingTweaks via IMC
[28May2026 14:37:05.986] [Worker-ResourceReload-5/INFO] [AttributeFix/]: Loaded values for 32 compatible attributes.
[28May2026 14:37:05.988] [Worker-ResourceReload-8/INFO] [net.xalcon.torchmaster.Torchmaster/]: Applying mega torch entity block list overrides...
[28May2026 14:37:05.988] [Worker-ResourceReload-8/INFO] [net.xalcon.torchmaster.Torchmaster/]: Applying dread lamp entity block list overrides...
[28May2026 14:37:05.990] [Worker-ResourceReload-0/INFO] [STDOUT/]: [com.mrh0.createaddition.CreateAddition:postInit:136]: Create Crafts & Additions Initialized!
[28May2026 14:37:05.990] [Worker-ResourceReload-5/INFO] [AttributeFix/]: Loaded 32 values from config.
[28May2026 14:37:05.991] [Worker-ResourceReload-5/INFO] [AttributeFix/]: Saving config file. 32 entries.
[28May2026 14:37:05.991] [Worker-ResourceReload-5/INFO] [AttributeFix/]: Applying changes for 32 attributes.
[28May2026 14:37:06.006] [Worker-ResourceReload-2/INFO] [Jade/]: Start loading plugin at net.blay09.mods.balm.forge.compat.hudinfo.ForgeJadeModCompat
[28May2026 14:37:06.021] [Worker-ResourceReload-2/INFO] [Jade/]: Start loading plugin at com.blakebr0.extendedcrafting.compat.JadeCompat
[28May2026 14:37:06.025] [Worker-ResourceReload-2/INFO] [Jade/]: Start loading plugin at net.blay09.mods.cookingforblockheads.compat.ForgeJadeCookingForBlockheadsPlugin
[28May2026 14:37:06.027] [Worker-ResourceReload-2/INFO] [Jade/]: Start loading plugin at net.p3pp3rf1y.sophisticatedstorage.compat.jade.StorageJadePlugin
[28May2026 14:37:06.027] [Worker-ResourceReload-2/INFO] [Jade/]: Start loading plugin at xfacthd.framedblocks.common.compat.jade.FramedJadePlugin
[28May2026 14:37:06.028] [Worker-ResourceReload-2/INFO] [Jade/]: Start loading plugin at dev.quarris.enigmaticgraves.compat.WailaCompat
[28May2026 14:37:06.029] [Worker-ResourceReload-2/INFO] [Jade/]: Start loading plugin at snownee.jade.addon.vanilla.VanillaPlugin
[28May2026 14:37:06.046] [Worker-ResourceReload-2/INFO] [Jade/]: Start loading plugin at snownee.jade.addon.universal.UniversalPlugin
[28May2026 14:37:06.049] [Worker-ResourceReload-2/INFO] [Jade/]: Start loading plugin at snownee.jade.addon.core.CorePlugin
[28May2026 14:37:06.053] [Worker-ResourceReload-2/INFO] [Jade/]: Start loading plugin at appeng.integration.modules.jade.JadeModule
[28May2026 14:37:06.067] [Worker-ResourceReload-2/INFO] [Jade/]: Start loading plugin at com.glodblock.github.extendedae.xmod.jade.JadePlugin
[28May2026 14:37:06.069] [Worker-ResourceReload-2/INFO] [Jade/]: Start loading plugin at com.gregtechceu.gtceu.integration.jade.GTJadePlugin
[28May2026 14:37:06.086] [Worker-ResourceReload-2/INFO] [Jade/]: Start loading plugin at net.neganote.gtutilities.integration.jade.UtilJadePlugin
[28May2026 14:37:06.087] [Worker-ResourceReload-2/INFO] [Jade/]: Start loading plugin at net.mehvahdjukaar.supplementaries.integration.JadeCompat
[28May2026 14:37:06.099] [Worker-ResourceReload-4/INFO] [PonderIndex/]: Registering Ponder Scenes took 116.1 ms
[28May2026 14:37:06.104] [Worker-ResourceReload-4/INFO] [PonderIndex/]: Registering Ponder Tags took 5.289 ms
[28May2026 14:37:07.171] [Render thread/WARN] [net.minecraftforge.fml.DeferredWorkQueue/LOADING]: Mod 'create' took 1.056 s to run a deferred task.
[28May2026 14:37:07.410] [Render thread/INFO] [defaultoptions/]: Loaded 166 default key bindings.
[28May2026 14:37:07.411] [Render thread/INFO] [defaultoptions/]: Applied 111 defaults to key mappings (0 keys were reconfigured).
[28May2026 14:37:07.411] [Render thread/INFO] [defaultoptions/]: Loaded default options for keymappings
[28May2026 14:37:07.563] [Render thread/WARN] [net.minecraft.client.sounds.SoundEngine/]: Missing sound for event: minecraft:item.goat_horn.play
[28May2026 14:37:07.563] [Render thread/WARN] [net.minecraft.client.sounds.SoundEngine/]: Missing sound for event: minecraft:entity.goat.screaming.horn_break
[28May2026 14:37:07.590] [Render thread/INFO] [com.mojang.blaze3d.audio.Library/]: OpenAL initialized on device Rubix22 Digital Stereo (IEC958)
[28May2026 14:37:07.591] [Render thread/INFO] [net.minecraft.client.sounds.SoundEngine/SOUNDS]: Sound engine started
[28May2026 14:37:07.714] [Render thread/INFO] [net.minecraft.client.renderer.texture.TextureAtlas/]: Created: 8192x4096x0 minecraft:textures/atlas/blocks.png-atlas
[28May2026 14:37:07.792] [Render thread/INFO] [net.minecraft.client.renderer.texture.TextureAtlas/]: Created: 512x512x0 minecraft:textures/atlas/signs.png-atlas
[28May2026 14:37:07.792] [Render thread/INFO] [net.minecraft.client.renderer.texture.TextureAtlas/]: Created: 512x512x0 minecraft:textures/atlas/shield_patterns.png-atlas
[28May2026 14:37:07.793] [Render thread/INFO] [net.minecraft.client.renderer.texture.TextureAtlas/]: Created: 512x512x0 minecraft:textures/atlas/banner_patterns.png-atlas
[28May2026 14:37:07.794] [Render thread/INFO] [net.minecraft.client.renderer.texture.TextureAtlas/]: Created: 2048x2048x0 minecraft:textures/atlas/armor_trims.png-atlas
[28May2026 14:37:07.799] [Render thread/INFO] [net.minecraft.client.renderer.texture.TextureAtlas/]: Created: 1024x1024x0 minecraft:textures/atlas/chest.png-atlas
[28May2026 14:37:07.801] [Render thread/INFO] [net.minecraft.client.renderer.texture.TextureAtlas/]: Created: 128x64x0 minecraft:textures/atlas/decorated_pot.png-atlas
[28May2026 14:37:07.801] [Render thread/INFO] [net.minecraft.client.renderer.texture.TextureAtlas/]: Created: 1024x512x0 minecraft:textures/atlas/shulker_boxes.png-atlas
[28May2026 14:37:07.802] [Render thread/INFO] [net.minecraft.client.renderer.texture.TextureAtlas/]: Created: 512x256x0 minecraft:textures/atlas/beds.png-atlas
[28May2026 14:37:07.924] [Render thread/WARN] [net.minecraft.client.renderer.ShaderInstance/]: Shader rendertype_entity_translucent_emissive could not find sampler named Sampler2 in the specified shader program.
[28May2026 14:37:07.978] [Render thread/WARN] [net.minecraft.client.renderer.ShaderInstance/]: Shader moonlight:text_alpha_color could not find sampler named Sampler2 in the specified shader program.
[28May2026 14:37:07.978] [Render thread/WARN] [net.minecraft.client.renderer.ShaderInstance/]: Shader moonlight:text_alpha_color could not find uniform named IViewRotMat in the specified shader program.
[28May2026 14:37:07.979] [Render thread/WARN] [net.minecraft.client.renderer.ShaderInstance/]: Shader gcyr:black_hole could not find uniform named GameTime in the specified shader program.
[28May2026 14:37:07.979] [Render thread/WARN] [net.minecraft.client.renderer.ShaderInstance/]: Shader gcyr:black_hole could not find uniform named ScreenSize in the specified shader program.
[28May2026 14:37:07.979] [Render thread/WARN] [net.minecraft.client.renderer.ShaderInstance/]: Shader gtmutils:rendertype_wormhole could not find uniform named GameTime in the specified shader program.
[28May2026 14:37:07.979] [Render thread/WARN] [net.minecraft.client.renderer.ShaderInstance/]: Shader gtmutils:rendertype_wormhole could not find uniform named ScrollSpeed in the specified shader program.
[28May2026 14:37:07.981] [Render thread/WARN] [net.minecraft.client.renderer.ShaderInstance/]: Shader supplementaries:static_noise could not find sampler named Sampler1 in the specified shader program.
[28May2026 14:37:07.982] [Render thread/WARN] [net.minecraft.client.renderer.ShaderInstance/]: Shader supplementaries:spherify could not find sampler named Sampler1 in the specified shader program.
[28May2026 14:37:07.982] [Render thread/WARN] [net.minecraft.client.renderer.ShaderInstance/]: Shader supplementaries:spherify could not find uniform named NoiseSpeed in the specified shader program.
[28May2026 14:37:07.982] [Render thread/WARN] [net.minecraft.client.renderer.ShaderInstance/]: Shader supplementaries:spherify could not find uniform named NoiseScale in the specified shader program.
[28May2026 14:37:07.982] [Render thread/WARN] [net.minecraft.client.renderer.ShaderInstance/]: Shader supplementaries:spherify could not find uniform named Intensity in the specified shader program.
[28May2026 14:37:07.982] [Render thread/WARN] [net.minecraft.client.renderer.ShaderInstance/]: Shader supplementaries:spherify could not find uniform named CameraPos in the specified shader program.
[28May2026 14:37:07.991] [Render thread/INFO] [net.minecraft.client.renderer.texture.TextureAtlas/]: Created: 2048x2048x0 minecraft:textures/atlas/particles.png-atlas
[28May2026 14:37:07.996] [Render thread/INFO] [net.minecraft.client.renderer.texture.TextureAtlas/]: Created: 512x512x0 minecraft:textures/atlas/paintings.png-atlas
[28May2026 14:37:07.996] [Render thread/INFO] [net.minecraft.client.renderer.texture.TextureAtlas/]: Created: 256x128x0 minecraft:textures/atlas/mob_effects.png-atlas
[28May2026 14:37:07.997] [Render thread/INFO] [net.minecraft.client.renderer.texture.TextureAtlas/]: Created: 512x256x0 codechickenlib:textures/atlas/gui.png-atlas
[28May2026 14:37:07.999] [Render thread/INFO] [Tooltip Overhaul/]: Found 6 frame configs in TooltipOverhaul config
[28May2026 14:37:08.001] [Render thread/INFO] [Tooltip Overhaul/]: Found 1 custom frame config files from resource packs
[28May2026 14:37:08.001] [Render thread/INFO] [Tooltip Overhaul/]: Loaded 81 custom frame entries total
[28May2026 14:37:08.001] [Render thread/INFO] [Tooltip Overhaul/]: 81 frames have been loaded!
[28May2026 14:37:08.026] [Render thread/INFO] [flywheel/backend/shaders/]: Loaded 77 shader sources in 20.434 ms
[28May2026 14:37:08.055] [Render thread/INFO] [slimeknights.mantle.fluid.tooltip.FluidTooltipHandler/]: Loaded 18 fluid unit lists in 0.454928 ms
[28May2026 14:37:08.059] [Render thread/INFO] [Mantle/]: Finished loading 1204 Block entity fluids in 3.643579 ms
[28May2026 14:37:08.061] [Render thread/INFO] [Mantle/]: Finished loading 0 Block entity items in 1.995547 ms
[28May2026 14:37:08.063] [Render thread/INFO] [Mantle/]: Finished loading 964 Block entity items in 2.53491 ms
[28May2026 14:37:08.603] [Render thread/WARN] [Embeddium-MixinTaintDetector/]: Mod(s) [oculus] are modifying Embeddium class me.jellysquid.mods.sodium.client.gl.device.GLRenderDevice$ImmediateDrawCommandList, which may cause instability.
[28May2026 14:37:08.606] [Render thread/INFO] [patchouli/]: BookContentResourceListenerLoader preloaded 360 jsons
[28May2026 14:37:09.312] [Render thread/INFO] [ModernFix/]: Deduplicated ResourcefulLib highlights (10826 points, 19113 lines)
[28May2026 14:37:09.312] [Render thread/INFO] [net.minecraft.client.renderer.texture.TextureAtlas/]: Created: 128x128x0 computercraft:textures/atlas/gui.png-atlas
[28May2026 14:37:09.312] [Render thread/INFO] [net.minecraft.client.renderer.texture.TextureAtlas/]: Created: 512x256x0 polylib:textures/atlas/gui.png-atlas
[28May2026 14:37:09.317] [Render thread/INFO] [xaero.lib.XaeroLib/]: Successfully reloaded the XaeroLib shaders!
[28May2026 14:37:09.325] [Render thread/INFO] [com.simibubi.create.Create/]: Loaded 57 train hat configurations.
[28May2026 14:37:09.328] [Render thread/INFO] [guideme.internal.GuideReloadListener/]: Data driven guides: []
[28May2026 14:37:09.332] [Render thread/INFO] [net.minecraft.client.renderer.texture.TextureAtlas/]: Created: 128x64x0 guideme:textures/atlas/gui.png-atlas
[28May2026 14:37:09.343] [Render thread/INFO] [tconstruct/]: Loaded 3 armor models in 2.954564 ms
[28May2026 14:37:09.347] [Render thread/INFO] [Mantle/]: Finished loading 712 Faucet Fluids in 2.866546 ms
[28May2026 14:37:09.349] [Render thread/INFO] [Mantle/]: Finished loading 2 Channel fluids in 2.51998 ms
[28May2026 14:37:09.349] [Render thread/INFO] [net.minecraft.client.renderer.texture.TextureAtlas/]: Created: 256x256x0 moonlight:textures/atlas/map_markers.png-atlas
[28May2026 14:37:09.356] [Render thread/INFO] [net.minecraft.client.renderer.texture.TextureAtlas/]: Created: 128x128x0 enderio:textures/atlas/conduit_icons.png-atlas
[28May2026 14:37:09.360] [Render thread/INFO] [YetAnotherConfigLib/]: Successfully loaded image 'supplementaries:textures/block/gottem.gif'
[28May2026 14:37:09.361] [Render thread/INFO] [YetAnotherConfigLib/]: Successfully loaded image 'vista:textures/cassette_tape/axolotl.gif'
[28May2026 14:37:09.361] [Render thread/INFO] [YetAnotherConfigLib/]: Successfully loaded image 'vista:textures/cassette_tape/block_wave.gif'
[28May2026 14:37:09.362] [Render thread/INFO] [YetAnotherConfigLib/]: Successfully loaded image 'vista:textures/cassette_tape/channel_2.gif'
[28May2026 14:37:09.362] [Render thread/INFO] [YetAnotherConfigLib/]: Successfully loaded image 'vista:textures/cassette_tape/chicken_jokey.gif'
[28May2026 14:37:09.363] [Render thread/INFO] [YetAnotherConfigLib/]: Successfully loaded image 'vista:textures/cassette_tape/frogs.gif'
[28May2026 14:37:09.364] [Render thread/INFO] [YetAnotherConfigLib/]: Successfully loaded image 'vista:textures/cassette_tape/mc_98.gif'
[28May2026 14:37:09.364] [Render thread/INFO] [YetAnotherConfigLib/]: Successfully loaded image 'vista:textures/cassette_tape/space_sniffer.gif'
[28May2026 14:37:09.364] [Render thread/INFO] [YetAnotherConfigLib/]: Successfully loaded image 'vista:textures/cassette_tape/steve_headspin.gif'
[28May2026 14:37:09.364] [Render thread/INFO] [YetAnotherConfigLib/]: Successfully loaded image 'vista:textures/cassette_tape/tenna.gif'
[28May2026 14:37:09.482] [Render thread/INFO] [Oculus/]: Creating pipeline for dimension NamespacedId{namespace='minecraft', name='overworld'}
[28May2026 14:37:09.544] [Render thread/INFO] [Embeddium/]: Block minecraft:large_fern had its color provider replaced and will not use per-vertex coloring
[28May2026 14:37:09.544] [Render thread/INFO] [Embeddium/]: Block minecraft:tall_grass had its color provider replaced and will not use per-vertex coloring
[28May2026 14:37:09.544] [Render thread/INFO] [Embeddium/]: Block minecraft:grass_block had its color provider replaced and will not use per-vertex coloring
[28May2026 14:37:09.544] [Render thread/INFO] [Embeddium/]: Block minecraft:fern had its color provider replaced and will not use per-vertex coloring
[28May2026 14:37:09.544] [Render thread/INFO] [Embeddium/]: Block minecraft:grass had its color provider replaced and will not use per-vertex coloring
[28May2026 14:37:09.544] [Render thread/INFO] [Embeddium/]: Block minecraft:potted_fern had its color provider replaced and will not use per-vertex coloring
[28May2026 14:37:09.544] [Render thread/INFO] [Embeddium/]: Block minecraft:sugar_cane had its color provider replaced and will not use per-vertex coloring
[28May2026 14:37:09.544] [Render thread/INFO] [Embeddium/]: Block minecraft:spruce_leaves had its color provider replaced and will not use per-vertex coloring
[28May2026 14:37:09.544] [Render thread/INFO] [Embeddium/]: Block minecraft:birch_leaves had its color provider replaced and will not use per-vertex coloring
[28May2026 14:37:09.544] [Render thread/INFO] [Embeddium/]: Block minecraft:oak_leaves had its color provider replaced and will not use per-vertex coloring
[28May2026 14:37:09.544] [Render thread/INFO] [Embeddium/]: Block minecraft:jungle_leaves had its color provider replaced and will not use per-vertex coloring
[28May2026 14:37:09.544] [Render thread/INFO] [Embeddium/]: Block minecraft:acacia_leaves had its color provider replaced and will not use per-vertex coloring
[28May2026 14:37:09.544] [Render thread/INFO] [Embeddium/]: Block minecraft:dark_oak_leaves had its color provider replaced and will not use per-vertex coloring
[28May2026 14:37:09.544] [Render thread/INFO] [Embeddium/]: Block minecraft:vine had its color provider replaced and will not use per-vertex coloring
[28May2026 14:37:09.553] [Render thread/INFO] [dev.kostromdan.mods.crash_assistant.common_config.mod_list.ModListUtils/]: Parsed 165 mod(s) metadata in 4 ms
[28May2026 14:37:09.554] [Render thread/INFO] [dev.kostromdan.mods.crash_assistant.common_config.mod_list.ModListUtils/]: Modlist saved to config/crash_assistant/modlist.json
[28May2026 14:37:11.420] [Render thread/WARN] [ModernFix/]: Game took 50.845 seconds to start
[28May2026 14:37:11.497] [Render thread/INFO] [STDOUT/]: [earth.terrarium.botarium.common.energy.EnergyApi:finalizeItemRegistration:54]: Finalizing energy item registration
[28May2026 14:37:11.498] [Render thread/INFO] [STDOUT/]: [earth.terrarium.botarium.common.fluid.FluidApi:finalizeItemRegistration:55]: Finalizing fluid item registration
[28May2026 14:37:11.503] [Render thread/WARN] [Embeddium-MixinTaintDetector/]: Mod(s) [oculus] are modifying Embeddium class me.jellysquid.mods.sodium.client.render.immediate.model.BakedModelEncoder, which may cause instability.
