[20:23:35] [modloading-worker-0/INFO] ========================================
[20:23:35] [modloading-worker-0/INFO] Minecraft: 1.20.1
[20:23:35] [modloading-worker-0/INFO] Side: client
[20:23:35] [modloading-worker-0/INFO] Development: false
[20:23:35] [modloading-worker-0/INFO] Version: 12.1.785
[20:23:35] [modloading-worker-0/INFO] Loader:
[20:23:35] [modloading-worker-0/INFO] - Forge: 47.4.10
[20:23:35] [modloading-worker-0/INFO] Dependencies:
[20:23:35] [modloading-worker-0/INFO] - Cloth Config: 11.1.136
[20:23:35] [modloading-worker-0/INFO] - Architectury: 9.2.14
[20:23:35] [modloading-worker-0/INFO] Mixin: 0.8.5
[20:23:35] [modloading-worker-0/INFO] OS: Linux 6.17.0-29-generic (amd64)
[20:23:35] [modloading-worker-0/INFO] Java: 17.0.15 (Microsoft)
[20:23:35] [modloading-worker-0/INFO] ========================================
[20:23:35] [modloading-worker-0/INFO] Mods:
[20:23:35] [modloading-worker-0/INFO] - ad_astra: 1.15.20
[20:23:35] [modloading-worker-0/INFO] - ad_astra_giselle_addon: 6.20
[20:23:35] [modloading-worker-0/INFO] - adorn: 5.0.1+1.20.1
[20:23:35] [modloading-worker-0/INFO] - advancedperipherals: 0.7.46r
[20:23:35] [modloading-worker-0/INFO] - ae2: 15.4.10
[20:23:35] [modloading-worker-0/INFO] - ae2ct: 1.20.1-1.1.1
[20:23:35] [modloading-worker-0/INFO] - ae2wtlib: 15.3.3-forge
[20:23:35] [modloading-worker-0/INFO] - almostunified: 1.20.1-0.11.0
[20:23:35] [modloading-worker-0/INFO] - alternate_current: 1.7.0
[20:23:35] [modloading-worker-0/INFO] - appleskin: 2.5.1+mc1.20.1
[20:23:35] [modloading-worker-0/INFO] - architects_palette: 1.3.6.1
[20:23:35] [modloading-worker-0/INFO] - architectury: 9.2.14
[20:23:35] [modloading-worker-0/INFO] - attributefix: 21.0.5
[20:23:35] [modloading-worker-0/INFO] - badpackets: 0.4.3
[20:23:35] [modloading-worker-0/INFO] - balm: 7.3.38
[20:23:35] [modloading-worker-0/INFO] - betterendcities: 1.0.0-1.20.1
[20:23:35] [modloading-worker-0/INFO] - betterfortresses: 1.20-Forge-2.0.6
[20:23:35] [modloading-worker-0/INFO] - biomesoplenty: 19.0.0.96
[20:23:35] [modloading-worker-0/INFO] - bookshelf: 20.2.15
[20:23:35] [modloading-worker-0/INFO] - botarium: 2.3.4
[20:23:35] [modloading-worker-0/INFO] - buildinggadgets2: 1.0.8
[20:23:35] [modloading-worker-0/INFO] - c2me: 0.2.0+alpha.12
[20:23:35] [modloading-worker-0/INFO] - c2me_base: 0.2.0+alpha.12
[20:23:35] [modloading-worker-0/INFO] - c2me_client_uncapvd: 0.2.0+alpha.12
[20:23:35] [modloading-worker-0/INFO] - c2me_fixes_chunkio_threading_issues: 0.2.0+alpha.12
[20:23:35] [modloading-worker-0/INFO] - c2me_fixes_general_threading_issues: 0.2.0+alpha.12
[20:23:35] [modloading-worker-0/INFO] - c2me_fixes_worldgen_threading_issues: 0.2.0+alpha.12
[20:23:35] [modloading-worker-0/INFO] - c2me_fixes_worldgen_vanilla_bugs: 0.2.0+alpha.12
[20:23:35] [modloading-worker-0/INFO] - c2me_notickvd: 0.2.0+alpha.12
[20:23:35] [modloading-worker-0/INFO] - c2me_opts_allocs: 0.2.0+alpha.12
[20:23:35] [modloading-worker-0/INFO] - c2me_opts_chunk_access: 0.2.0+alpha.12
[20:23:35] [modloading-worker-0/INFO] - c2me_opts_chunkio: 0.2.0+alpha.12
[20:23:35] [modloading-worker-0/INFO] - c2me_opts_math: 0.2.0+alpha.12
[20:23:35] [modloading-worker-0/INFO] - c2me_opts_scheduling: 0.2.0+alpha.12
[20:23:35] [modloading-worker-0/INFO] - c2me_opts_worldgen_general: 0.2.0+alpha.12
[20:23:35] [modloading-worker-0/INFO] - c2me_opts_worldgen_vanilla: 0.2.0+alpha.12
[20:23:35] [modloading-worker-0/INFO] - c2me_rewrites_chunk_serializer: 0.2.0+alpha.12
[20:23:35] [modloading-worker-0/INFO] - c2me_rewrites_chunkio: 0.2.0+alpha.12
[20:23:35] [modloading-worker-0/INFO] - c2me_server_utils: 0.2.0+alpha.12
[20:23:35] [modloading-worker-0/INFO] - c2me_threading_chunkio: 0.2.0+alpha.12
[20:23:35] [modloading-worker-0/INFO] - c2me_threading_lighting: 0.2.0+alpha.12
[20:23:35] [modloading-worker-0/INFO] - c2me_threading_worldgen: 0.2.0+alpha.12
[20:23:35] [modloading-worker-0/INFO] - carryon: 2.1.2.7
[20:23:35] [modloading-worker-0/INFO] - chat_heads: 0.15.1
[20:23:35] [modloading-worker-0/INFO] - chatplus: 2.8.1
[20:23:35] [modloading-worker-0/INFO] - chunky: 1.3.146
[20:23:35] [modloading-worker-0/INFO] - clienttweaks: 11.1.6
[20:23:35] [modloading-worker-0/INFO] - cloth_config: 11.1.136
[20:23:35] [modloading-worker-0/INFO] - clumps: 12.0.0.4
[20:23:35] [modloading-worker-0/INFO] - codechickenlib: 4.4.0.516
[20:23:35] [modloading-worker-0/INFO] - computercraft: 1.119.0
[20:23:35] [modloading-worker-0/INFO] - conditional_mixin: 0.6.4
[20:23:35] [modloading-worker-0/INFO] - configuration: 3.1.0
[20:23:35] [modloading-worker-0/INFO] - controlling: 12.0.2
[20:23:35] [modloading-worker-0/INFO] - cookingforblockheads: 16.0.15
[20:23:35] [modloading-worker-0/INFO] - craftingstation: 1.20.1-1.4.0
[20:23:35] [modloading-worker-0/INFO] - craftingtweaks: 18.2.9
[20:23:35] [modloading-worker-0/INFO] - crash_assistant: 1.11.9
[20:23:35] [modloading-worker-0/INFO] - create: 6.0.8
[20:23:35] [modloading-worker-0/INFO] - create_enchantment_industry: 1.3.3-for-create-6.0.6
[20:23:35] [modloading-worker-0/INFO] - createaddition: 1.20.1-1.3.3
[20:23:35] [modloading-worker-0/INFO] - createbigcannons: 5.11.3
[20:23:35] [modloading-worker-0/INFO] - cucumber: 7.0.16
[20:23:35] [modloading-worker-0/INFO] - curios: 5.14.1+1.20.1
[20:23:35] [modloading-worker-0/INFO] - defaultoptions: 18.0.4
[20:23:35] [modloading-worker-0/INFO] - delightlib: 26.05.18-1.20-forge
[20:23:35] [modloading-worker-0/INFO] - embeddium: 0.3.31+mc1.20.1
[20:23:35] [modloading-worker-0/INFO] - emojiful: 4.2.0
[20:23:35] [modloading-worker-0/INFO] - enderstorage: 2.11.0.188
[20:23:35] [modloading-worker-0/INFO] - enigmaticgraves: 1.8.0
[20:23:35] [modloading-worker-0/INFO] - expatternprovider: 1.20-1.4.15-forge
[20:23:35] [modloading-worker-0/INFO] - extendedcrafting: 6.0.10
[20:23:35] [modloading-worker-0/INFO] - extremesoundmuffler: 3.51
[20:23:35] [modloading-worker-0/INFO] - farmers_structures: 1.0.4
[20:23:35] [modloading-worker-0/INFO] - farmersdelight: 1.20.1-1.3.2
[20:23:35] [modloading-worker-0/INFO] - fastleafdecay: 32
[20:23:35] [modloading-worker-0/INFO] - fastload: 3.4.0
[20:23:35] [modloading-worker-0/INFO] - fastsuite: 5.1.2
[20:23:35] [modloading-worker-0/INFO] - ferritecore: 6.0.1
[20:23:35] [modloading-worker-0/INFO] - findme: 3.2.3
[20:23:35] [modloading-worker-0/INFO] - flywheel: 1.0.5
[20:23:35] [modloading-worker-0/INFO] - forge: 47.4.10
[20:23:35] [modloading-worker-0/INFO] - fpsreducer: 1.20.1-2.5.1
[20:23:35] [modloading-worker-0/INFO] - fragmentum: 1.3.0
[20:23:35] [modloading-worker-0/INFO] - framedblocks: 9.4.3
[20:23:35] [modloading-worker-0/INFO] - ftbbackups2: 1.0.23
[20:23:35] [modloading-worker-0/INFO] - ftbchunks: 2001.3.7
[20:23:35] [modloading-worker-0/INFO] - ftbessentials: 2001.2.4
[20:23:35] [modloading-worker-0/INFO] - ftblibrary: 2001.2.12
[20:23:35] [modloading-worker-0/INFO] - ftbquests: 2001.4.22
[20:23:35] [modloading-worker-0/INFO] - ftbteams: 2001.3.2
[20:23:35] [modloading-worker-0/INFO] - ftbxmodcompat: 2.1.3
[20:23:35] [modloading-worker-0/INFO] - geophilic: 3.5
[20:23:35] [modloading-worker-0/INFO] - glitchcore: 0.0.1.1
[20:23:35] [modloading-worker-0/INFO] - glodium: 1.20-1.5-forge
[20:23:35] [modloading-worker-0/INFO] - greate: 0.0.77
[20:23:35] [modloading-worker-0/INFO] - gt_solar: 0.2.1
[20:23:35] [modloading-worker-0/INFO] - gtceu: 7.5.3
[20:23:35] [modloading-worker-0/INFO] - gtec: 0.2.1
[20:23:35] [modloading-worker-0/INFO] - gtmqol: 0.0.7.1-st
[20:23:35] [modloading-worker-0/INFO] - gtmutils: 2.9.1
[20:23:35] [modloading-worker-0/INFO] - gtstoragedrawers: 1.0.2
[20:23:35] [modloading-worker-0/INFO] - guideme: 20.1.14
[20:23:35] [modloading-worker-0/INFO] - handcrafted: 3.0.6
[20:23:35] [modloading-worker-0/INFO] - hangglider: 8.0.1
[20:23:35] [modloading-worker-0/INFO] - iceberg: 1.1.25
[20:23:35] [modloading-worker-0/INFO] - incendium: 5.3.5
[20:23:35] [modloading-worker-0/INFO] - industrialforegoing: 3.5.22
[20:23:35] [modloading-worker-0/INFO] - inventoryessentials: 8.2.16
[20:23:35] [modloading-worker-0/INFO] - inventoryprofilesnext: 1.10.20
[20:23:35] [modloading-worker-0/INFO] - itemfilters: 2001.1.0-build.59
[20:23:35] [modloading-worker-0/INFO] - jade: 11.13.2+forge
[20:23:35] [modloading-worker-0/INFO] - javd: 5.0.1+mc1.20.1
[20:23:35] [modloading-worker-0/INFO] - kotlinforforge: 4.12.0
[20:23:35] [modloading-worker-0/INFO] - kubejs: 2001.6.5-build.26
[20:23:35] [modloading-worker-0/INFO] - kuma_api: 20.1.12
[20:23:35] [modloading-worker-0/INFO] - ldlib: 1.0.40.b
[20:23:35] [modloading-worker-0/INFO] - libipn: 4.0.2
[20:23:35] [modloading-worker-0/INFO] - libx: 1.20.1-5.0.14
[20:23:35] [modloading-worker-0/INFO] - lithostitched: 1.4.11
[20:23:35] [modloading-worker-0/INFO] - longerchathistory: 1.3
[20:23:35] [modloading-worker-0/INFO] - lootjs: 1.20.1-2.13.1
[20:23:35] [modloading-worker-0/INFO] - lootr: 0.7.35.94
[20:23:35] [modloading-worker-0/INFO] - mae2: 2.0.0
[20:23:35] [modloading-worker-0/INFO] - mantle: 1.11.104
[20:23:35] [modloading-worker-0/INFO] - mbs: 1.0.3
[20:23:35] [modloading-worker-0/INFO] - mes: 2.0.3
[20:23:35] [modloading-worker-0/INFO] - minecraft: 1.20.1
[20:23:35] [modloading-worker-0/INFO] - mixinsquared: 0.1.1
[20:23:35] [modloading-worker-0/INFO] - mns: 2.0.4
[20:23:35] [modloading-worker-0/INFO] - modelfix: 1.15
[20:23:35] [modloading-worker-0/INFO] - modernfix: 5.27.40+mc1.20.1
[20:23:35] [modloading-worker-0/INFO] - moldraw: 3.3.0
[20:23:35] [modloading-worker-0/INFO] - moogs_structures: 1.1.0-1.20-1.20.4
[20:23:35] [modloading-worker-0/INFO] - moonlight: 1.20-2.16.32
[20:23:35] [modloading-worker-0/INFO] - moredelight: 26.05.20-1.20-forge
[20:23:35] [modloading-worker-0/INFO] - mousetweaks: 2.25.1
[20:23:35] [modloading-worker-0/INFO] - mss: 2.1.0
[20:23:35] [modloading-worker-0/INFO] - mvs: 5.0.6
[20:23:35] [modloading-worker-0/INFO] - nochatreports: 1.20.1-v2.2.2
[20:23:35] [modloading-worker-0/INFO] - nochatrestrictions: 1.20.1-v1.0.0
[20:23:35] [modloading-worker-0/INFO] - notenoughcrashes: 4.4.9+1.20.1
[20:23:35] [modloading-worker-0/INFO] - nullscape: 1.2.8
[20:23:35] [modloading-worker-0/INFO] - obscure_tooltips: 3.10.0
[20:23:35] [modloading-worker-0/INFO] - oculus: 1.8.0
[20:23:35] [modloading-worker-0/INFO] - packagedauto: 3.4.15.46
[20:23:35] [modloading-worker-0/INFO] - packagedexcrafting: 3.4.0.20
[20:23:35] [modloading-worker-0/INFO] - packagedexexcrafting: 1.0.0.6
[20:23:35] [modloading-worker-0/INFO] - patchouli: 1.20.1-85-FORGE
[20:23:35] [modloading-worker-0/INFO] - placebo: 8.6.3
[20:23:35] [modloading-worker-0/INFO] - polyeng: 0.1.1-1.20.1
[20:23:35] [modloading-worker-0/INFO] - polylib: 2000.0.3-build.143
[20:23:35] [modloading-worker-0/INFO] - polymorph: 0.49.10+1.20.1
[20:23:35] [modloading-worker-0/INFO] - ponder: 1.0.91
[20:23:35] [modloading-worker-0/INFO] - puzzlesaccessapi: 20.1.1
[20:23:35] [modloading-worker-0/INFO] - puzzleslib: 8.1.33
[20:23:35] [modloading-worker-0/INFO] - quark: 4.0-462
[20:23:35] [modloading-worker-0/INFO] - radium: 0.12.4+git.26c9d8e
[20:23:35] [modloading-worker-0/INFO] - railways: 1.7.2+forge-mc1.20.1
[20:23:35] [modloading-worker-0/INFO] - resourcefulconfig: 2.1.3
[20:23:35] [modloading-worker-0/INFO] - resourcefullib: 2.1.29
[20:23:35] [modloading-worker-0/INFO] - rhino: 2001.2.3-build.10
[20:23:35] [modloading-worker-0/INFO] - ritchiesprojectilelib: 2.1.1
[20:23:35] [modloading-worker-0/INFO] - roughlyenoughitems: 12.1.785
[20:23:35] [modloading-worker-0/INFO] - rubidium: 0.7.1
[20:23:35] [modloading-worker-0/INFO] - searchables: 1.0.3
[20:23:35] [modloading-worker-0/INFO] - smoothboot: 0.0.4
[20:23:35] [modloading-worker-0/INFO] - solcarrot: 1.15.1
[20:23:35] [modloading-worker-0/INFO] - sophisticatedbackpacks: 3.24.43.1789
[20:23:35] [modloading-worker-0/INFO] - sophisticatedcore: 1.3.38.1893
[20:23:35] [modloading-worker-0/INFO] - sophisticatedstorage: 1.4.48.1754
[20:23:35] [modloading-worker-0/INFO] - spark: 1.10.53
[20:23:35] [modloading-worker-0/INFO] - spectrelib: 0.13.17+1.20.1
[20:23:35] [modloading-worker-0/INFO] - steamadditions: 1.5.1
[20:23:35] [modloading-worker-0/INFO] - storagedrawers: 12.14.3
[20:23:35] [modloading-worker-0/INFO] - supplementaries: 1.20-3.1.43
[20:23:35] [modloading-worker-0/INFO] - tconstruct: 3.11.2.172
[20:23:35] [modloading-worker-0/INFO] - tectonic: 3.0.17
[20:23:35] [modloading-worker-0/INFO] - terrablender: 3.0.1.10
[20:23:35] [modloading-worker-0/INFO] - tinygates: 1.20-4.0.0
[20:23:35] [modloading-worker-0/INFO] - tinypipes: 1.20-4.0.1
[20:23:35] [modloading-worker-0/INFO] - tinyredstone: 1.20-5.0.3
[20:23:35] [modloading-worker-0/INFO] - titanium: 3.8.34
[20:23:35] [modloading-worker-0/INFO] - toastcontrol: 8.0.3
[20:23:35] [modloading-worker-0/INFO] - toolbelt: 1.20.03
[20:23:35] [modloading-worker-0/INFO] - tooltipoverhaul: 1.4.3
[20:23:35] [modloading-worker-0/INFO] - torchmaster: 20.1.9
[20:23:35] [modloading-worker-0/INFO] - travelanchors: 1.20.1-5.0.1
[20:23:35] [modloading-worker-0/INFO] - trenzalore: 3.3.10
[20:23:35] [modloading-worker-0/INFO] - vista: 1.20-3.1.3
[20:23:35] [modloading-worker-0/INFO] - xaerolib: 1.1.15
[20:23:35] [modloading-worker-0/INFO] - xaerominimap: 25.3.13
[20:23:35] [modloading-worker-0/INFO] - xaeroworldmap: 1.40.16
[20:23:35] [modloading-worker-0/INFO] - xtonesreworked: 1.0.4
[20:23:35] [modloading-worker-0/INFO] - yeetusexperimentus: 2.3.1-build.6+mc1.20.1
[20:23:35] [modloading-worker-0/INFO] - yet_another_config_lib_v3: 3.6.6+1.20.1-forge
[20:23:35] [modloading-worker-0/INFO] - yungsapi: 1.20-Forge-4.0.6
[20:23:35] [modloading-worker-0/INFO] - zeta: 1.0-31
[20:23:35] [modloading-worker-0/INFO] ========================================
[20:23:35] [modloading-worker-0/DEBUG] [REI] Added filtering rule [roughlyenoughitems:search]: INSTANCE
[20:23:35] [modloading-worker-0/DEBUG] [REI] Added filtering rule [roughlyenoughitems:manual]: INSTANCE
[20:23:35] [modloading-worker-0/DEBUG] [REI] Added filtering rule [roughlyenoughitems:basic]: INSTANCE
[20:23:35] [modloading-worker-0/INFO] [REI] Config loaded
[20:23:35] [modloading-worker-0/DEBUG] [REI] Config saved
[20:23:35] [modloading-worker-0/DEBUG] [REI] Config saved
[20:23:35] [modloading-worker-0/DEBUG] [REI] Config saved
[20:23:35] [modloading-worker-0/INFO] [REI] Registered plugin provider AE2 [ae2] for REIPlugin
[20:23:35] [modloading-worker-0/INFO] [REI] Registered plugin provider AdornReiServerForge [adorn] for REIPlugin
[20:23:35] [modloading-worker-0/INFO] [REI] Registered plugin provider CoreReiCommonPlugin [sophisticatedcore] for REIPlugin
[20:23:35] [modloading-worker-0/INFO] [REI] Registered plugin provider BackpackReiCommonPlugin [sophisticatedbackpacks] for REIPlugin
[20:23:35] [modloading-worker-0/INFO] [REI] Registered plugin provider REIForgePluginStub [ftblibrary] for REIPlugin
[20:23:35] [modloading-worker-0/INFO] [REI] Registered plugin provider ReiPlugin [craftingstation] for REIPlugin
[20:23:35] [modloading-worker-0/INFO] [REI] Registered plugin provider ReiClientPlugin [craftingstation] for REIPlugin
[20:23:35] [modloading-worker-0/INFO] [REI] Registered plugin provider StorageReiCommonPlugin [sophisticatedstorage] for REIPlugin
[20:23:35] [modloading-worker-0/INFO] [REI] Registered plugin provider REIPluginImpl [ldlib] for REIPlugin
[20:23:35] [modloading-worker-0/INFO] [REI] Registered plugin provider AdornReiClientForge [adorn] for REIPlugin
[20:23:35] [modloading-worker-0/INFO] [REI] Registered plugin provider almostunified.roughlyenoughitems [almostunified] for REIPlugin
[20:23:35] [modloading-worker-0/INFO] [REI] Registered plugin provider ReiIsDumbClientPlugin [ad_astra] for REIPlugin
[20:23:35] [modloading-worker-0/INFO] [REI] Registered plugin provider BackpackReiClientPlugin [sophisticatedbackpacks] for REIPlugin
[20:23:35] [modloading-worker-0/INFO] [REI] Registered plugin provider StorageReiClientPlugin [sophisticatedstorage] for REIPlugin
[20:23:35] [modloading-worker-0/INFO] [REI] Registered plugin provider FramedReiPlugin [framedblocks] for REIPlugin
[20:23:35] [modloading-worker-0/INFO] [REI] Registered plugin provider ExtendedAE [expatternprovider] for REIPlugin
[20:23:35] [modloading-worker-0/INFO] [REI] Registered plugin provider REIForgePluginStub [kubejs] for REIPlugin
[20:23:35] [modloading-worker-0/INFO] [REI] Registered plugin provider FTBQuestsREIIntegrationForge [ftbxmodcompat] for REIPlugin
[20:23:35] [modloading-worker-0/INFO] [REI] Registered plugin provider GTREIPlugin [gtceu] for REIPlugin
[20:23:35] [modloading-worker-0/INFO] [REI] Registered plugin provider REICompat [supplementaries] for REIPlugin
[20:23:36] [modloading-worker-0/INFO] [REI] Registered plugin provider DefaultPluginImpl [roughlyenoughitems] for REIServerPlugin
[20:23:36] [modloading-worker-0/INFO] [REI] Registered plugin provider DefaultPluginImpl [roughlyenoughitems] for REIPlugin
[20:23:36] [modloading-worker-0/INFO] [REI] Registered plugin provider DefaultRuntimePlugin [roughlyenoughitems] for REIServerPlugin
[20:23:36] [modloading-worker-0/INFO] [REI] Registered plugin provider DefaultRuntimePlugin [roughlyenoughitems] for REIPlugin
[20:23:36] [modloading-worker-0/INFO] [REI] Registered plugin provider AdornReiServerForge [adorn] for REIServerPlugin
[20:23:36] [modloading-worker-0/INFO] [REI] Registered plugin provider CoreReiCommonPlugin [sophisticatedcore] for REIServerPlugin
[20:23:36] [modloading-worker-0/INFO] [REI] Registered plugin provider BackpackReiCommonPlugin [sophisticatedbackpacks] for REIServerPlugin
[20:23:36] [modloading-worker-0/INFO] [REI] Registered plugin provider ReiPlugin [craftingstation] for REIServerPlugin
[20:23:36] [modloading-worker-0/INFO] [REI] Registered plugin provider StorageReiCommonPlugin [sophisticatedstorage] for REIServerPlugin
[20:23:36] [modloading-worker-0/INFO] [REI] Registered plugin provider DefaultClientPluginImpl [roughlyenoughitems] for REIClientPlugin
[20:23:36] [modloading-worker-0/INFO] [REI] Registered plugin provider DefaultClientPluginImpl [roughlyenoughitems] for REIPlugin
[20:23:36] [modloading-worker-0/INFO] [REI] Registered plugin provider DefaultClientRuntimePlugin [roughlyenoughitems] for REIClientPlugin
[20:23:36] [modloading-worker-0/INFO] [REI] Registered plugin provider DefaultClientRuntimePlugin [roughlyenoughitems] for REIPlugin
[20:23:36] [modloading-worker-0/DEBUG] [REI] Added filtering rule [roughlyenoughitems:hidden_from_recipe_viewers]: INSTANCE
[20:23:36] [modloading-worker-0/INFO] [REI] Registered plugin provider HideIngredientsFromTagsPlugin [roughlyenoughitems] for REIClientPlugin
[20:23:36] [modloading-worker-0/INFO] [REI] Registered plugin provider HideIngredientsFromTagsPlugin [roughlyenoughitems] for REIPlugin
[20:23:36] [modloading-worker-0/INFO] [REI] Registered plugin provider AE2 [ae2] for REIClientPlugin
[20:23:36] [modloading-worker-0/INFO] [REI] Registered plugin provider REIForgePluginStub [ftblibrary] for REIClientPlugin
[20:23:36] [modloading-worker-0/INFO] [REI] Registered plugin provider ReiClientPlugin [craftingstation] for REIClientPlugin
[20:23:36] [modloading-worker-0/INFO] [REI] Registered plugin provider REIPluginImpl [ldlib] for REIClientPlugin
[20:23:36] [modloading-worker-0/INFO] [REI] Registered plugin provider AdornReiClientForge [adorn] for REIClientPlugin
[20:23:36] [modloading-worker-0/INFO] [REI] Registered plugin provider almostunified.roughlyenoughitems [almostunified] for REIClientPlugin
[20:23:36] [modloading-worker-0/INFO] [REI] Registered plugin provider ReiIsDumbClientPlugin [ad_astra] for REIClientPlugin
[20:23:36] [modloading-worker-0/INFO] [REI] Registered plugin provider BackpackReiClientPlugin [sophisticatedbackpacks] for REIClientPlugin
[20:23:36] [modloading-worker-0/INFO] [REI] Registered plugin provider StorageReiClientPlugin [sophisticatedstorage] for REIClientPlugin
[20:23:36] [modloading-worker-0/INFO] [REI] Registered plugin provider FramedReiPlugin [framedblocks] for REIClientPlugin
[20:23:36] [modloading-worker-0/INFO] [REI] Registered plugin provider ExtendedAE [expatternprovider] for REIClientPlugin
[20:23:36] [modloading-worker-0/INFO] [REI] Registered plugin provider REIForgePluginStub [kubejs] for REIClientPlugin
[20:23:36] [modloading-worker-0/INFO] [REI] Registered plugin provider FTBQuestsREIIntegrationForge [ftbxmodcompat] for REIClientPlugin
[20:23:36] [modloading-worker-0/INFO] [REI] Registered plugin provider GTREIPlugin [gtceu] for REIClientPlugin
[20:23:36] [modloading-worker-0/INFO] [REI] Registered plugin provider REICompat [supplementaries] for REIClientPlugin
[20:32:01] [Worker-ResourceReload-11/DEBUG] [REI] Processed 0 tags in 31.48 μs for minecraft:dimension_type
[20:32:01] [Worker-ResourceReload-0/DEBUG] [REI] Processed 0 tags in 33.53 μs for minecraft:worldgen/flat_level_generator_preset
[20:32:01] [Worker-ResourceReload-16/DEBUG] [REI] Processed 0 tags in 2.683 μs for minecraft:worldgen/world_preset
[20:32:01] [Worker-ResourceReload-12/DEBUG] [REI] Processed 2 tags in 473.6 μs for minecraft:block_entity_type
[20:32:01] [Worker-ResourceReload-15/DEBUG] [REI] Processed 5 tags in 440.6 μs for minecraft:game_event
[20:32:01] [Worker-ResourceReload-16/DEBUG] [REI] Processed 2 tags in 16.48 μs for minecraft:menu
[20:32:01] [Worker-ResourceReload-1/DEBUG] [REI] Processed 8 tags in 8.697 ms for minecraft:banner_pattern[20:32:01] [Worker-ResourceReload-13/DEBUG] [REI] Processed 3 tags in 22.07 μs for minecraft:instrument

[20:32:01] [Worker-ResourceReload-11/DEBUG] [REI] Processed 0 tags in 3.256 μs for vista:cassette_tape
[20:32:01] [Worker-ResourceReload-15/DEBUG] [REI] Processed 3 tags in 24.99 μs for minecraft:painting_variant
[20:32:01] [Worker-ResourceReload-13/DEBUG] [REI] Processed 1 tags in 6.007 μs for minecraft:recipe_serializer
[20:32:01] [Worker-ResourceReload-17/DEBUG] [REI] Processed 2 tags in 12.98 μs for minecraft:cat_variant
[20:32:01] [Worker-ResourceReload-15/DEBUG] [REI] Processed 1 tags in 7.632 μs for minecraft:mob_effect
[20:32:01] [Worker-ResourceReload-17/DEBUG] [REI] Processed 2 tags in 7.094 μs for create:mounted_item_storage_type
[20:32:01] [Worker-ResourceReload-2/DEBUG] [REI] Processed 1 tags in 4.654 μs for minecraft:enchantment
[20:32:01] [Worker-ResourceReload-17/DEBUG] [REI] Processed 0 tags in 3.762 μs for minecraft:worldgen/processor_list
[20:32:01] [Worker-ResourceReload-2/DEBUG] [REI] Processed 0 tags in 3.208 μs for minecraft:worldgen/structure_set
[20:32:01] [Worker-ResourceReload-13/DEBUG] [REI] Processed 3 tags in 97.55 μs for minecraft:point_of_interest_type
[20:32:01] [Worker-ResourceReload-2/DEBUG] [REI] Processed 1 tags in 4.775 μs for minecraft:potion
[20:32:01] [Worker-ResourceReload-12/DEBUG] [REI] Processed 2 tags in 12.25 μs for create:contraption_type
[20:32:01] [Worker-ResourceReload-1/DEBUG] [REI] Processed 0 tags in 31.53 μs for minecraft:worldgen/structure
[20:32:01] [Worker-ResourceReload-10/DEBUG] [REI] Processed 0 tags in 14.77 μs for minecraft:damage_type
[20:32:01] [Worker-ResourceReload-14/DEBUG] [REI] Processed 68 tags in 410.9 μs for minecraft:entity_type
[20:32:01] [Worker-ResourceReload-16/DEBUG] [REI] Processed 645 tags in 3.409 ms for minecraft:fluid
[20:32:01] [Worker-ResourceReload-13/DEBUG] [REI] Processed 0 tags in 102.8 μs for minecraft:worldgen/biome
[20:32:01] [Worker-ResourceReload-17/DEBUG] [REI] Processed 5729 tags in 22.90 ms for minecraft:item
[20:32:01] [Worker-ResourceReload-0/DEBUG] [REI] Processed 1418 tags in 10.16 ms for minecraft:block
[20:32:17] [Render thread/DEBUG] [REI] Player quit, clearing reload tasks!
[20:32:17] [Render thread/DEBUG] [REI] Did not fulfill the request of termination of REI reload tasks because there are no uninterrupted running tasks. This is not an error.
[20:34:53] [Netty Local Client IO #0/DEBUG] [REI] Marking hidden ingredients from tag cache as dirty.
[20:34:54] [Render thread/DEBUG] [REI] Marking hidden ingredients from tag cache as dirty.
[20:34:54] [Render thread/DEBUG] [REI] Starting Reload Plugins of stage START
java.lang.Throwable
	at TRANSFORMER/roughlyenoughitems@12.1.785/me.shedaniel.rei.impl.common.plugins.ReloadManagerImpl.reloadPlugins(ReloadManagerImpl.java:110)
	at TRANSFORMER/roughlyenoughitems@12.1.785/me.shedaniel.rei.RoughlyEnoughItemsCoreClient.reloadPlugins(RoughlyEnoughItemsCoreClient.java:473)
	at TRANSFORMER/roughlyenoughitems@12.1.785/me.shedaniel.rei.RoughlyEnoughItemsCoreClient.lambda$registerEvents$9(RoughlyEnoughItemsCoreClient.java:312)
	at TRANSFORMER/minecraft@1.20.1/net.minecraft.client.multiplayer.ClientPacketListener.handler$efg000$handleUpdateRecipes(ClientPacketListener.java:11571)
	at TRANSFORMER/minecraft@1.20.1/net.minecraft.client.multiplayer.ClientPacketListener.m_6327_(ClientPacketListener.java)
	at TRANSFORMER/minecraft@1.20.1/net.minecraft.network.protocol.game.ClientboundUpdateRecipesPacket.m_5797_(ClientboundUpdateRecipesPacket.java:32)
	at TRANSFORMER/minecraft@1.20.1/net.minecraft.network.protocol.game.ClientboundUpdateRecipesPacket.m_5797_(ClientboundUpdateRecipesPacket.java:14)
	at TRANSFORMER/minecraft@1.20.1/net.minecraft.network.protocol.PacketUtils.m_263899_(PacketUtils.java:22)
	at TRANSFORMER/minecraft@1.20.1/net.minecraft.util.thread.BlockableEventLoop.m_6367_(BlockableEventLoop.java:156)
	at TRANSFORMER/minecraft@1.20.1/net.minecraft.util.thread.ReentrantBlockableEventLoop.m_6367_(ReentrantBlockableEventLoop.java:23)
	at TRANSFORMER/minecraft@1.20.1/net.minecraft.util.thread.BlockableEventLoop.m_7245_(BlockableEventLoop.java:130)
	at TRANSFORMER/minecraft@1.20.1/net.minecraft.util.thread.BlockableEventLoop.m_18699_(BlockableEventLoop.java:115)
	at TRANSFORMER/minecraft@1.20.1/net.minecraft.client.Minecraft.m_91383_(Minecraft.java:1106)
	at TRANSFORMER/minecraft@1.20.1/net.minecraft.client.Minecraft.m_91374_(Minecraft.java:718)
	at TRANSFORMER/minecraft@1.20.1/net.minecraft.client.main.Main.main(Main.java:218)
	at java.base/jdk.internal.reflect.NativeMethodAccessorImpl.invoke0(Native Method)
	at java.base/jdk.internal.reflect.NativeMethodAccessorImpl.invoke(NativeMethodAccessorImpl.java:77)
	at java.base/jdk.internal.reflect.DelegatingMethodAccessorImpl.invoke(DelegatingMethodAccessorImpl.java:43)
	at java.base/java.lang.reflect.Method.invoke(Method.java:569)
	at MC-BOOTSTRAP/fmlloader@1.20.1-47.4.10/net.minecraftforge.fml.loading.targets.CommonLaunchHandler.runTarget(CommonLaunchHandler.java:111)
	at MC-BOOTSTRAP/fmlloader@1.20.1-47.4.10/net.minecraftforge.fml.loading.targets.CommonLaunchHandler.clientService(CommonLaunchHandler.java:99)
	at MC-BOOTSTRAP/fmlloader@1.20.1-47.4.10/net.minecraftforge.fml.loading.targets.CommonClientLaunchHandler.lambda$makeService$0(CommonClientLaunchHandler.java:25)
	at MC-BOOTSTRAP/cpw.mods.modlauncher@10.0.9/cpw.mods.modlauncher.LaunchServiceHandlerDecorator.launch(LaunchServiceHandlerDecorator.java:30)
	at MC-BOOTSTRAP/cpw.mods.modlauncher@10.0.9/cpw.mods.modlauncher.LaunchServiceHandler.launch(LaunchServiceHandler.java:53)
	at MC-BOOTSTRAP/cpw.mods.modlauncher@10.0.9/cpw.mods.modlauncher.LaunchServiceHandler.launch(LaunchServiceHandler.java:71)
	at MC-BOOTSTRAP/cpw.mods.modlauncher@10.0.9/cpw.mods.modlauncher.Launcher.run(Launcher.java:108)
	at MC-BOOTSTRAP/cpw.mods.modlauncher@10.0.9/cpw.mods.modlauncher.Launcher.main(Launcher.java:78)
	at MC-BOOTSTRAP/cpw.mods.modlauncher@10.0.9/cpw.mods.modlauncher.BootstrapLaunchConsumer.accept(BootstrapLaunchConsumer.java:26)
	at MC-BOOTSTRAP/cpw.mods.modlauncher@10.0.9/cpw.mods.modlauncher.BootstrapLaunchConsumer.accept(BootstrapLaunchConsumer.java:23)
	at cpw.mods.bootstraplauncher@1.1.2/cpw.mods.bootstraplauncher.BootstrapLauncher.main(BootstrapLauncher.java:141)
	at java.base/jdk.internal.reflect.NativeMethodAccessorImpl.invoke0(Native Method)
	at java.base/jdk.internal.reflect.NativeMethodAccessorImpl.invoke(NativeMethodAccessorImpl.java:77)
	at java.base/jdk.internal.reflect.DelegatingMethodAccessorImpl.invoke(DelegatingMethodAccessorImpl.java:43)
	at java.base/java.lang.reflect.Method.invoke(Method.java:569)
	at io.github.zekerzhayard.forgewrapper.installer.Main.main(Main.java:67)
	at org.prismlauncher.launcher.impl.StandardLauncher.launch(StandardLauncher.java:115)
	at org.prismlauncher.EntryPoint.listen(EntryPoint.java:129)
	at org.prismlauncher.EntryPoint.main(EntryPoint.java:70)
[20:34:54] [REI-ReloadPlugins/DEBUG] [REI] ========================================
[20:34:54] [REI-ReloadPlugins/DEBUG] [REI] REIPlugin starting pre-reload for START.
[20:34:54] [REI-ReloadPlugins/DEBUG] [REI] Reloadables (8):
[20:34:54] [REI-ReloadPlugins/DEBUG] [REI]  - EntryTypeRegistryImpl
[20:34:54] [REI-ReloadPlugins/DEBUG] [REI]  - EntrySettingsAdapterRegistryImpl
[20:34:54] [REI-ReloadPlugins/DEBUG] [REI]  - RecipeManagerContextImpl
[20:34:54] [REI-ReloadPlugins/DEBUG] [REI]  - ItemComparatorRegistryImpl
[20:34:54] [REI-ReloadPlugins/DEBUG] [REI]  - FluidComparatorRegistryImpl
[20:34:54] [REI-ReloadPlugins/DEBUG] [REI]  - DisplaySerializerRegistryImpl
[20:34:54] [REI-ReloadPlugins/DEBUG] [REI]  - FluidSupportProviderImpl
[20:34:54] [REI-ReloadPlugins/DEBUG] [REI]  - me.shedaniel.rei.plugin.client.runtime.PluginStageExecutionWatcher$1
[20:34:54] [REI-ReloadPlugins/DEBUG] [REI] Plugins (25):
[20:34:54] [REI-ReloadPlugins/DEBUG] [REI]  - (-100.00) DefaultClientPluginImpl of DefaultClientPluginImpl [roughlyenoughitems]
[20:34:54] [REI-ReloadPlugins/DEBUG] [REI]  - (-100.00) DefaultPluginImpl of DefaultPluginImpl [roughlyenoughitems]
[20:34:54] [REI-ReloadPlugins/DEBUG] [REI]  - (0.00) HideIngredientsFromTagsPlugin of HideIngredientsFromTagsPlugin [roughlyenoughitems]
[20:34:54] [REI-ReloadPlugins/DEBUG] [REI]  - (0.00) DefaultClientRuntimePlugin of DefaultClientRuntimePlugin [roughlyenoughitems]
[20:34:54] [REI-ReloadPlugins/DEBUG] [REI]  - (0.00) DefaultRuntimePlugin of DefaultRuntimePlugin [roughlyenoughitems]
[20:34:54] [REI-ReloadPlugins/DEBUG] [REI]  - (0.00) REICompat of REICompat [supplementaries]
[20:34:54] [REI-ReloadPlugins/DEBUG] [REI]  - (0.00) GTREIPlugin of GTREIPlugin [gtceu]
[20:34:54] [REI-ReloadPlugins/DEBUG] [REI]  - (0.00) FTBQuestsREIIntegrationForge of FTBQuestsREIIntegrationForge [ftbxmodcompat]
[20:34:54] [REI-ReloadPlugins/DEBUG] [REI]  - (0.00) ExtendedAE of ExtendedAE [expatternprovider]
[20:34:54] [REI-ReloadPlugins/DEBUG] [REI]  - (0.00) FramedReiPlugin of FramedReiPlugin [framedblocks]
[20:34:54] [REI-ReloadPlugins/DEBUG] [REI]  - (0.00) StorageReiClientPlugin of StorageReiClientPlugin [sophisticatedstorage]
[20:34:54] [REI-ReloadPlugins/DEBUG] [REI]  - (0.00) BackpackReiClientPlugin of BackpackReiClientPlugin [sophisticatedbackpacks]
[20:34:54] [REI-ReloadPlugins/DEBUG] [REI]  - (0.00) ReiIsDumbClientPlugin of ReiIsDumbClientPlugin [ad_astra]
[20:34:54] [REI-ReloadPlugins/DEBUG] [REI]  - (0.00) almostunified.roughlyenoughitems of almostunified.roughlyenoughitems [almostunified]
[20:34:54] [REI-ReloadPlugins/DEBUG] [REI]  - (0.00) AdornReiClientForge of AdornReiClientForge [adorn]
[20:34:54] [REI-ReloadPlugins/DEBUG] [REI]  - (0.00) REIPluginImpl of REIPluginImpl [ldlib]
[20:34:54] [REI-ReloadPlugins/DEBUG] [REI]  - (0.00) StorageReiCommonPlugin of StorageReiCommonPlugin [sophisticatedstorage]
[20:34:54] [REI-ReloadPlugins/DEBUG] [REI]  - (0.00) ReiClientPlugin of ReiClientPlugin [craftingstation]
[20:34:54] [REI-ReloadPlugins/DEBUG] [REI]  - (0.00) ReiPlugin of ReiPlugin [craftingstation]
[20:34:54] [REI-ReloadPlugins/DEBUG] [REI]  - (0.00) REIForgePluginStub of REIForgePluginStub [ftblibrary]
[20:34:54] [REI-ReloadPlugins/DEBUG] [REI]  - (0.00) BackpackReiCommonPlugin of BackpackReiCommonPlugin [sophisticatedbackpacks]
[20:34:54] [REI-ReloadPlugins/DEBUG] [REI]  - (0.00) CoreReiCommonPlugin of CoreReiCommonPlugin [sophisticatedcore]
[20:34:54] [REI-ReloadPlugins/DEBUG] [REI]  - (0.00) AdornReiServerForge of AdornReiServerForge [adorn]
[20:34:54] [REI-ReloadPlugins/DEBUG] [REI]  - (0.00) AE2 of AE2 [ae2]
[20:34:54] [REI-ReloadPlugins/DEBUG] [REI]  - (10000000.00) REIForgePluginStub of REIForgePluginStub [kubejs]
[20:34:54] [REI-ReloadPlugins/DEBUG] [REI] ========================================
[20:34:54] [REI-ReloadPlugins/TRACE] [REI] [REIPlugin START] Reloading Section: "pre-register/"
[20:34:54] [REI-ReloadPlugins/TRACE] [REI] [REIPlugin START] Reloading Section: "pre-register/DefaultClientPluginImpl of DefaultClientPluginImpl [roughlyenoughitems]/"
[20:34:54] [REI-ReloadPlugins/TRACE] [REI] [REIPlugin START] Reloading Section: "pre-register/DefaultClientPluginImpl of DefaultClientPluginImpl [roughlyenoughitems]/" done in 614.6 μs
[20:34:54] [REI-ReloadPlugins/TRACE] [REI] [REIPlugin START] Reloading Section: "pre-register/DefaultPluginImpl of DefaultPluginImpl [roughlyenoughitems]/"
[20:34:54] [REI-ReloadPlugins/TRACE] [REI] [REIPlugin START] Reloading Section: "pre-register/DefaultPluginImpl of DefaultPluginImpl [roughlyenoughitems]/" done in 43.08 μs
[20:34:54] [REI-ReloadPlugins/TRACE] [REI] [REIPlugin START] Reloading Section: "pre-register/HideIngredientsFromTagsPlugin of HideIngredientsFromTagsPlugin [roughlyenoughitems]/"
[20:34:54] [REI-ReloadPlugins/TRACE] [REI] [REIPlugin START] Reloading Section: "pre-register/HideIngredientsFromTagsPlugin of HideIngredientsFromTagsPlugin [roughlyenoughitems]/" done in 14.37 μs
[20:34:54] [REI-ReloadPlugins/TRACE] [REI] [REIPlugin START] Reloading Section: "pre-register/DefaultClientRuntimePlugin of DefaultClientRuntimePlugin [roughlyenoughitems]/"
[20:34:54] [REI-ReloadPlugins/TRACE] [REI] [REIPlugin START] Reloading Section: "pre-register/DefaultClientRuntimePlugin of DefaultClientRuntimePlugin [roughlyenoughitems]/" done in 11.26 μs
[20:34:54] [REI-ReloadPlugins/TRACE] [REI] [REIPlugin START] Reloading Section: "pre-register/DefaultRuntimePlugin of DefaultRuntimePlugin [roughlyenoughitems]/"
[20:34:54] [REI-ReloadPlugins/TRACE] [REI] [REIPlugin START] Reloading Section: "pre-register/DefaultRuntimePlugin of DefaultRuntimePlugin [roughlyenoughitems]/" done in 10.44 μs
[20:34:54] [REI-ReloadPlugins/TRACE] [REI] [REIPlugin START] Reloading Section: "pre-register/REICompat of REICompat [supplementaries]/"
[20:34:54] [REI-ReloadPlugins/TRACE] [REI] [REIPlugin START] Reloading Section: "pre-register/REICompat of REICompat [supplementaries]/" done in 9.858 μs
[20:34:54] [REI-ReloadPlugins/TRACE] [REI] [REIPlugin START] Reloading Section: "pre-register/GTREIPlugin of GTREIPlugin [gtceu]/"
[20:34:54] [REI-ReloadPlugins/TRACE] [REI] [REIPlugin START] Reloading Section: "pre-register/GTREIPlugin of GTREIPlugin [gtceu]/" done in 9.524 μs
[20:34:54] [REI-ReloadPlugins/TRACE] [REI] [REIPlugin START] Reloading Section: "pre-register/FTBQuestsREIIntegrationForge of FTBQuestsREIIntegrationForge [ftbxmodcompat]/"
[20:34:54] [REI-ReloadPlugins/TRACE] [REI] [REIPlugin START] Reloading Section: "pre-register/FTBQuestsREIIntegrationForge of FTBQuestsREIIntegrationForge [ftbxmodcompat]/" done in 15.89 μs
[20:34:54] [REI-ReloadPlugins/TRACE] [REI] [REIPlugin START] Reloading Section: "pre-register/ExtendedAE of ExtendedAE [expatternprovider]/"
[20:34:54] [REI-ReloadPlugins/TRACE] [REI] [REIPlugin START] Reloading Section: "pre-register/ExtendedAE of ExtendedAE [expatternprovider]/" done in 9.039 μs
[20:34:54] [REI-ReloadPlugins/TRACE] [REI] [REIPlugin START] Reloading Section: "pre-register/FramedReiPlugin of FramedReiPlugin [framedblocks]/"
[20:34:54] [REI-ReloadPlugins/TRACE] [REI] [REIPlugin START] Reloading Section: "pre-register/FramedReiPlugin of FramedReiPlugin [framedblocks]/" done in 9.054 μs
[20:34:54] [REI-ReloadPlugins/TRACE] [REI] [REIPlugin START] Reloading Section: "pre-register/StorageReiClientPlugin of StorageReiClientPlugin [sophisticatedstorage]/"
[20:34:54] [REI-ReloadPlugins/TRACE] [REI] [REIPlugin START] Reloading Section: "pre-register/StorageReiClientPlugin of StorageReiClientPlugin [sophisticatedstorage]/" done in 16.07 μs
[20:34:54] [REI-ReloadPlugins/TRACE] [REI] [REIPlugin START] Reloading Section: "pre-register/BackpackReiClientPlugin of BackpackReiClientPlugin [sophisticatedbackpacks]/"
[20:34:54] [REI-ReloadPlugins/TRACE] [REI] [REIPlugin START] Reloading Section: "pre-register/BackpackReiClientPlugin of BackpackReiClientPlugin [sophisticatedbackpacks]/" done in 11.65 μs
[20:34:54] [REI-ReloadPlugins/TRACE] [REI] [REIPlugin START] Reloading Section: "pre-register/ReiIsDumbClientPlugin of ReiIsDumbClientPlugin [ad_astra]/"
[20:34:54] [REI-ReloadPlugins/TRACE] [REI] [REIPlugin START] Reloading Section: "pre-register/ReiIsDumbClientPlugin of ReiIsDumbClientPlugin [ad_astra]/" done in 10.44 μs
[20:34:54] [REI-ReloadPlugins/TRACE] [REI] [REIPlugin START] Reloading Section: "pre-register/almostunified.roughlyenoughitems of almostunified.roughlyenoughitems [almostunified]/"
[20:34:54] [REI-ReloadPlugins/TRACE] [REI] [REIPlugin START] Reloading Section: "pre-register/almostunified.roughlyenoughitems of almostunified.roughlyenoughitems [almostunified]/" done in 10.37 μs
[20:34:54] [REI-ReloadPlugins/TRACE] [REI] [REIPlugin START] Reloading Section: "pre-register/AdornReiClientForge of AdornReiClientForge [adorn]/"
[20:34:54] [REI-ReloadPlugins/TRACE] [REI] [REIPlugin START] Reloading Section: "pre-register/AdornReiClientForge of AdornReiClientForge [adorn]/" done in 10.30 μs
[20:34:54] [REI-ReloadPlugins/TRACE] [REI] [REIPlugin START] Reloading Section: "pre-register/REIPluginImpl of REIPluginImpl [ldlib]/"
[20:34:54] [REI-ReloadPlugins/TRACE] [REI] [REIPlugin START] Reloading Section: "pre-register/REIPluginImpl of REIPluginImpl [ldlib]/" done in 10.31 μs
[20:34:54] [REI-ReloadPlugins/TRACE] [REI] [REIPlugin START] Reloading Section: "pre-register/StorageReiCommonPlugin of StorageReiCommonPlugin [sophisticatedstorage]/"
[20:34:54] [REI-ReloadPlugins/TRACE] [REI] [REIPlugin START] Reloading Section: "pre-register/StorageReiCommonPlugin of StorageReiCommonPlugin [sophisticatedstorage]/" done in 13.17 μs
[20:34:54] [REI-ReloadPlugins/TRACE] [REI] [REIPlugin START] Reloading Section: "pre-register/ReiClientPlugin of ReiClientPlugin [craftingstation]/"
[20:34:54] [REI-ReloadPlugins/TRACE] [REI] [REIPlugin START] Reloading Section: "pre-register/ReiClientPlugin of ReiClientPlugin [craftingstation]/" done in 9.450 μs
[20:34:54] [REI-ReloadPlugins/TRACE] [REI] [REIPlugin START] Reloading Section: "pre-register/ReiPlugin of ReiPlugin [craftingstation]/"
[20:34:54] [REI-ReloadPlugins/TRACE] [REI] [REIPlugin START] Reloading Section: "pre-register/ReiPlugin of ReiPlugin [craftingstation]/" done in 9.378 μs
[20:34:54] [REI-ReloadPlugins/TRACE] [REI] [REIPlugin START] Reloading Section: "pre-register/REIForgePluginStub of REIForgePluginStub [ftblibrary]/"
[20:34:54] [REI-ReloadPlugins/TRACE] [REI] [REIPlugin START] Reloading Section: "pre-register/REIForgePluginStub of REIForgePluginStub [ftblibrary]/" done in 9.714 μs
[20:34:54] [REI-ReloadPlugins/TRACE] [REI] [REIPlugin START] Reloading Section: "pre-register/BackpackReiCommonPlugin of BackpackReiCommonPlugin [sophisticatedbackpacks]/"
[20:34:54] [REI-ReloadPlugins/TRACE] [REI] [REIPlugin START] Reloading Section: "pre-register/BackpackReiCommonPlugin of BackpackReiCommonPlugin [sophisticatedbackpacks]/" done in 10.63 μs
[20:34:54] [REI-ReloadPlugins/TRACE] [REI] [REIPlugin START] Reloading Section: "pre-register/CoreReiCommonPlugin of CoreReiCommonPlugin [sophisticatedcore]/"
[20:34:54] [REI-ReloadPlugins/TRACE] [REI] [REIPlugin START] Reloading Section: "pre-register/CoreReiCommonPlugin of CoreReiCommonPlugin [sophisticatedcore]/" done in 10.46 μs
[20:34:54] [REI-ReloadPlugins/TRACE] [REI] [REIPlugin START] Reloading Section: "pre-register/AdornReiServerForge of AdornReiServerForge [adorn]/"
[20:34:54] [REI-ReloadPlugins/TRACE] [REI] [REIPlugin START] Reloading Section: "pre-register/AdornReiServerForge of AdornReiServerForge [adorn]/" done in 8.815 μs
[20:34:54] [REI-ReloadPlugins/TRACE] [REI] [REIPlugin START] Reloading Section: "pre-register/AE2 of AE2 [ae2]/"
[20:34:54] [REI-ReloadPlugins/TRACE] [REI] [REIPlugin START] Reloading Section: "pre-register/AE2 of AE2 [ae2]/" done in 8.956 μs
[20:34:54] [REI-ReloadPlugins/TRACE] [REI] [REIPlugin START] Reloading Section: "pre-register/REIForgePluginStub of REIForgePluginStub [kubejs]/"
[20:34:54] [REI-ReloadPlugins/TRACE] [REI] [REIPlugin START] Reloading Section: "pre-register/REIForgePluginStub of REIForgePluginStub [kubejs]/" done in 40.95 μs
[20:34:54] [REI-ReloadPlugins/TRACE] [REI] [REIPlugin START] Reloading Section: "pre-register/" done in 5.036 ms
[20:34:54] [REI-ReloadPlugins/TRACE] [REI] [REIPlugin START] Reloading Section: "pre-stage/"
[20:34:54] [REI-ReloadPlugins/TRACE] [REI] [REIPlugin START] Reloading Section: "pre-stage/EntryTypeRegistryImpl/"
[20:34:54] [REI-ReloadPlugins/TRACE] [REI] [REIPlugin START] Reloading Section: "pre-stage/EntryTypeRegistryImpl/" done in 238.1 μs
[20:34:54] [REI-ReloadPlugins/TRACE] [REI] [REIPlugin START] Reloading Section: "pre-stage/EntrySettingsAdapterRegistryImpl/"
[20:34:54] [REI-ReloadPlugins/TRACE] [REI] [REIPlugin START] Reloading Section: "pre-stage/EntrySettingsAdapterRegistryImpl/" done in 12.82 μs
[20:34:54] [REI-ReloadPlugins/TRACE] [REI] [REIPlugin START] Reloading Section: "pre-stage/RecipeManagerContextImpl/"
[20:34:54] [REI-ReloadPlugins/TRACE] [REI] [REIPlugin START] Reloading Section: "pre-stage/RecipeManagerContextImpl/" done in 12.64 μs
[20:34:54] [REI-ReloadPlugins/TRACE] [REI] [REIPlugin START] Reloading Section: "pre-stage/ItemComparatorRegistryImpl/"
[20:34:54] [REI-ReloadPlugins/TRACE] [REI] [REIPlugin START] Reloading Section: "pre-stage/ItemComparatorRegistryImpl/" done in 7.780 μs
[20:34:54] [REI-ReloadPlugins/TRACE] [REI] [REIPlugin START] Reloading Section: "pre-stage/FluidComparatorRegistryImpl/"
[20:34:54] [REI-ReloadPlugins/TRACE] [REI] [REIPlugin START] Reloading Section: "pre-stage/FluidComparatorRegistryImpl/" done in 7.768 μs
[20:34:54] [REI-ReloadPlugins/TRACE] [REI] [REIPlugin START] Reloading Section: "pre-stage/DisplaySerializerRegistryImpl/"
[20:34:54] [REI-ReloadPlugins/TRACE] [REI] [REIPlugin START] Reloading Section: "pre-stage/DisplaySerializerRegistryImpl/" done in 7.657 μs
[20:34:54] [REI-ReloadPlugins/TRACE] [REI] [REIPlugin START] Reloading Section: "pre-stage/FluidSupportProviderImpl/"
[20:34:54] [REI-ReloadPlugins/TRACE] [REI] [REIPlugin START] Reloading Section: "pre-stage/FluidSupportProviderImpl/" done in 7.626 μs
[20:34:54] [REI-ReloadPlugins/TRACE] [REI] [REIPlugin START] Reloading Section: "pre-stage/me.shedaniel.rei.plugin.client.runtime.PluginStageExecutionWatcher$1/"
[20:34:54] [REI-ReloadPlugins/TRACE] [REI] [REIPlugin START] Reloading Section: "pre-stage/me.shedaniel.rei.plugin.client.runtime.PluginStageExecutionWatcher$1/" done in 501.8 μs
[20:34:54] [REI-ReloadPlugins/TRACE] [REI] [REIPlugin START] Reloading Section: "pre-stage/" done in 1.063 ms
[20:34:54] [REI-ReloadPlugins/DEBUG] [REI] ========================================
[20:34:54] [REI-ReloadPlugins/DEBUG] [REI] REIPlugin finished pre-reload for START in 6.437 ms.
[20:34:54] [REI-ReloadPlugins/DEBUG] [REI] ========================================
[20:34:54] [REI-ReloadPlugins/DEBUG] [REI] ========================================
[20:34:54] [REI-ReloadPlugins/DEBUG] [REI] REIClientPlugin starting pre-reload for START.
[20:34:54] [REI-ReloadPlugins/DEBUG] [REI] Reloadables (18):
[20:34:54] [REI-ReloadPlugins/DEBUG] [REI]  - EntryRendererRegistryImpl
[20:34:54] [REI-ReloadPlugins/DEBUG] [REI]  - ViewsImpl
[20:34:54] [REI-ReloadPlugins/DEBUG] [REI]  - InputMethodRegistryImpl
[20:34:54] [REI-ReloadPlugins/DEBUG] [REI]  - SearchProviderImpl
[20:34:54] [REI-ReloadPlugins/DEBUG] [REI]  - ConfigManagerImpl
[20:34:54] [REI-ReloadPlugins/DEBUG] [REI]  - EntryRegistryImpl
[20:34:54] [REI-ReloadPlugins/DEBUG] [REI]  - CollapsibleEntryRegistryImpl
[20:34:54] [REI-ReloadPlugins/DEBUG] [REI]  - BasicFilteringRuleImpl
[20:34:54] [REI-ReloadPlugins/DEBUG] [REI]  - CategoryRegistryImpl
[20:34:54] [REI-ReloadPlugins/DEBUG] [REI]  - DisplayRegistryImpl
[20:34:54] [REI-ReloadPlugins/DEBUG] [REI]  - ScreenRegistryImpl
[20:34:54] [REI-ReloadPlugins/DEBUG] [REI]  - FavoriteEntryTypeRegistryImpl
[20:34:54] [REI-ReloadPlugins/DEBUG] [REI]  - SubsetsRegistryImpl
[20:34:54] [REI-ReloadPlugins/DEBUG] [REI]  - TransferHandlerRegistryImpl
[20:34:54] [REI-ReloadPlugins/DEBUG] [REI]  - SearchRuntime
[20:34:54] [REI-ReloadPlugins/DEBUG] [REI]  - REIRuntimeImpl
[20:34:54] [REI-ReloadPlugins/DEBUG] [REI]  - ConfigAddonRegistryImpl
[20:34:54] [REI-ReloadPlugins/DEBUG] [REI]  - me.shedaniel.rei.plugin.client.runtime.PluginStageExecutionWatcher$1
[20:34:54] [REI-ReloadPlugins/DEBUG] [REI] Plugins (18):
[20:34:54] [REI-ReloadPlugins/DEBUG] [REI]  - (-100.00) DefaultClientPluginImpl of DefaultClientPluginImpl [roughlyenoughitems]
[20:34:54] [REI-ReloadPlugins/DEBUG] [REI]  - (0.00) REICompat of REICompat [supplementaries]
[20:34:54] [REI-ReloadPlugins/DEBUG] [REI]  - (0.00) GTREIPlugin of GTREIPlugin [gtceu]
[20:34:54] [REI-ReloadPlugins/DEBUG] [REI]  - (0.00) FTBQuestsREIIntegrationForge of FTBQuestsREIIntegrationForge [ftbxmodcompat]
[20:34:54] [REI-ReloadPlugins/DEBUG] [REI]  - (0.00) ExtendedAE of ExtendedAE [expatternprovider]
[20:34:54] [REI-ReloadPlugins/DEBUG] [REI]  - (0.00) FramedReiPlugin of FramedReiPlugin [framedblocks]
[20:34:54] [REI-ReloadPlugins/DEBUG] [REI]  - (0.00) StorageReiClientPlugin of StorageReiClientPlugin [sophisticatedstorage]
[20:34:54] [REI-ReloadPlugins/DEBUG] [REI]  - (0.00) BackpackReiClientPlugin of BackpackReiClientPlugin [sophisticatedbackpacks]
[20:34:54] [REI-ReloadPlugins/DEBUG] [REI]  - (0.00) ReiIsDumbClientPlugin of ReiIsDumbClientPlugin [ad_astra]
[20:34:54] [REI-ReloadPlugins/DEBUG] [REI]  - (0.00) almostunified.roughlyenoughitems of almostunified.roughlyenoughitems [almostunified]
[20:34:54] [REI-ReloadPlugins/DEBUG] [REI]  - (0.00) AdornReiClientForge of AdornReiClientForge [adorn]
[20:34:54] [REI-ReloadPlugins/DEBUG] [REI]  - (0.00) REIPluginImpl of REIPluginImpl [ldlib]
[20:34:54] [REI-ReloadPlugins/DEBUG] [REI]  - (0.00) ReiClientPlugin of ReiClientPlugin [craftingstation]
[20:34:54] [REI-ReloadPlugins/DEBUG] [REI]  - (0.00) REIForgePluginStub of REIForgePluginStub [ftblibrary]
[20:34:54] [REI-ReloadPlugins/DEBUG] [REI]  - (0.00) AE2 of AE2 [ae2]
[20:34:54] [REI-ReloadPlugins/DEBUG] [REI]  - (0.00) HideIngredientsFromTagsPlugin of HideIngredientsFromTagsPlugin [roughlyenoughitems]
[20:34:54] [REI-ReloadPlugins/DEBUG] [REI]  - (0.00) DefaultClientRuntimePlugin of DefaultClientRuntimePlugin [roughlyenoughitems]
[20:34:54] [REI-ReloadPlugins/DEBUG] [REI]  - (10000000.00) REIForgePluginStub of REIForgePluginStub [kubejs]
[20:34:54] [REI-ReloadPlugins/DEBUG] [REI] ========================================
[20:34:54] [REI-ReloadPlugins/TRACE] [REI] [REIClientPlugin START] Reloading Section: "pre-register/"
[20:34:54] [REI-ReloadPlugins/TRACE] [REI] [REIClientPlugin START] Reloading Section: "pre-register/DefaultClientPluginImpl of DefaultClientPluginImpl [roughlyenoughitems]/"
[20:34:54] [REI-ReloadPlugins/TRACE] [REI] [REIClientPlugin START] Reloading Section: "pre-register/DefaultClientPluginImpl of DefaultClientPluginImpl [roughlyenoughitems]/" done in 15.42 μs
[20:34:54] [REI-ReloadPlugins/TRACE] [REI] [REIClientPlugin START] Reloading Section: "pre-register/REICompat of REICompat [supplementaries]/"
[20:34:54] [REI-ReloadPlugins/TRACE] [REI] [REIClientPlugin START] Reloading Section: "pre-register/REICompat of REICompat [supplementaries]/" done in 11.45 μs
[20:34:54] [REI-ReloadPlugins/TRACE] [REI] [REIClientPlugin START] Reloading Section: "pre-register/GTREIPlugin of GTREIPlugin [gtceu]/"
[20:34:54] [REI-ReloadPlugins/TRACE] [REI] [REIClientPlugin START] Reloading Section: "pre-register/GTREIPlugin of GTREIPlugin [gtceu]/" done in 9.296 μs
[20:34:54] [REI-ReloadPlugins/TRACE] [REI] [REIClientPlugin START] Reloading Section: "pre-register/FTBQuestsREIIntegrationForge of FTBQuestsREIIntegrationForge [ftbxmodcompat]/"
[20:34:54] [REI-ReloadPlugins/TRACE] [REI] [REIClientPlugin START] Reloading Section: "pre-register/FTBQuestsREIIntegrationForge of FTBQuestsREIIntegrationForge [ftbxmodcompat]/" done in 10.49 μs
[20:34:54] [REI-ReloadPlugins/TRACE] [REI] [REIClientPlugin START] Reloading Section: "pre-register/ExtendedAE of ExtendedAE [expatternprovider]/"
[20:34:54] [REI-ReloadPlugins/TRACE] [REI] [REIClientPlugin START] Reloading Section: "pre-register/ExtendedAE of ExtendedAE [expatternprovider]/" done in 9.939 μs
[20:34:54] [REI-ReloadPlugins/TRACE] [REI] [REIClientPlugin START] Reloading Section: "pre-register/FramedReiPlugin of FramedReiPlugin [framedblocks]/"
[20:34:54] [REI-ReloadPlugins/TRACE] [REI] [REIClientPlugin START] Reloading Section: "pre-register/FramedReiPlugin of FramedReiPlugin [framedblocks]/" done in 8.165 μs
[20:34:54] [REI-ReloadPlugins/TRACE] [REI] [REIClientPlugin START] Reloading Section: "pre-register/StorageReiClientPlugin of StorageReiClientPlugin [sophisticatedstorage]/"
[20:34:54] [REI-ReloadPlugins/TRACE] [REI] [REIClientPlugin START] Reloading Section: "pre-register/StorageReiClientPlugin of StorageReiClientPlugin [sophisticatedstorage]/" done in 11.59 μs
[20:34:54] [REI-ReloadPlugins/TRACE] [REI] [REIClientPlugin START] Reloading Section: "pre-register/BackpackReiClientPlugin of BackpackReiClientPlugin [sophisticatedbackpacks]/"
[20:34:54] [REI-ReloadPlugins/TRACE] [REI] [REIClientPlugin START] Reloading Section: "pre-register/BackpackReiClientPlugin of BackpackReiClientPlugin [sophisticatedbackpacks]/" done in 11.80 μs
[20:34:54] [REI-ReloadPlugins/TRACE] [REI] [REIClientPlugin START] Reloading Section: "pre-register/ReiIsDumbClientPlugin of ReiIsDumbClientPlugin [ad_astra]/"
[20:34:54] [REI-ReloadPlugins/TRACE] [REI] [REIClientPlugin START] Reloading Section: "pre-register/ReiIsDumbClientPlugin of ReiIsDumbClientPlugin [ad_astra]/" done in 9.021 μs
[20:34:54] [REI-ReloadPlugins/TRACE] [REI] [REIClientPlugin START] Reloading Section: "pre-register/almostunified.roughlyenoughitems of almostunified.roughlyenoughitems [almostunified]/"
[20:34:54] [REI-ReloadPlugins/TRACE] [REI] [REIClientPlugin START] Reloading Section: "pre-register/almostunified.roughlyenoughitems of almostunified.roughlyenoughitems [almostunified]/" done in 9.075 μs
[20:34:54] [REI-ReloadPlugins/TRACE] [REI] [REIClientPlugin START] Reloading Section: "pre-register/AdornReiClientForge of AdornReiClientForge [adorn]/"
[20:34:54] [REI-ReloadPlugins/TRACE] [REI] [REIClientPlugin START] Reloading Section: "pre-register/AdornReiClientForge of AdornReiClientForge [adorn]/" done in 8.278 μs
[20:34:54] [REI-ReloadPlugins/TRACE] [REI] [REIClientPlugin START] Reloading Section: "pre-register/REIPluginImpl of REIPluginImpl [ldlib]/"
[20:34:54] [REI-ReloadPlugins/TRACE] [REI] [REIClientPlugin START] Reloading Section: "pre-register/REIPluginImpl of REIPluginImpl [ldlib]/" done in 8.292 μs
[20:34:54] [REI-ReloadPlugins/TRACE] [REI] [REIClientPlugin START] Reloading Section: "pre-register/ReiClientPlugin of ReiClientPlugin [craftingstation]/"
[20:34:54] [REI-ReloadPlugins/TRACE] [REI] [REIClientPlugin START] Reloading Section: "pre-register/ReiClientPlugin of ReiClientPlugin [craftingstation]/" done in 8.157 μs
[20:34:54] [REI-ReloadPlugins/TRACE] [REI] [REIClientPlugin START] Reloading Section: "pre-register/REIForgePluginStub of REIForgePluginStub [ftblibrary]/"
[20:34:54] [REI-ReloadPlugins/TRACE] [REI] [REIClientPlugin START] Reloading Section: "pre-register/REIForgePluginStub of REIForgePluginStub [ftblibrary]/" done in 8.404 μs
[20:34:54] [REI-ReloadPlugins/TRACE] [REI] [REIClientPlugin START] Reloading Section: "pre-register/AE2 of AE2 [ae2]/"
[20:34:54] [REI-ReloadPlugins/TRACE] [REI] [REIClientPlugin START] Reloading Section: "pre-register/AE2 of AE2 [ae2]/" done in 8.444 μs
[20:34:54] [REI-ReloadPlugins/TRACE] [REI] [REIClientPlugin START] Reloading Section: "pre-register/HideIngredientsFromTagsPlugin of HideIngredientsFromTagsPlugin [roughlyenoughitems]/"
[20:34:54] [REI-ReloadPlugins/TRACE] [REI] [REIClientPlugin START] Reloading Section: "pre-register/HideIngredientsFromTagsPlugin of HideIngredientsFromTagsPlugin [roughlyenoughitems]/" done in 11.59 μs
[20:34:54] [REI-ReloadPlugins/TRACE] [REI] [REIClientPlugin START] Reloading Section: "pre-register/DefaultClientRuntimePlugin of DefaultClientRuntimePlugin [roughlyenoughitems]/"
[20:34:54] [REI-ReloadPlugins/TRACE] [REI] [REIClientPlugin START] Reloading Section: "pre-register/DefaultClientRuntimePlugin of DefaultClientRuntimePlugin [roughlyenoughitems]/" done in 8.253 μs
[20:34:54] [REI-ReloadPlugins/TRACE] [REI] [REIClientPlugin START] Reloading Section: "pre-register/REIForgePluginStub of REIForgePluginStub [kubejs]/"
[20:34:54] [REI-ReloadPlugins/TRACE] [REI] [REIClientPlugin START] Reloading Section: "pre-register/REIForgePluginStub of REIForgePluginStub [kubejs]/" done in 8.811 μs
[20:34:54] [REI-ReloadPlugins/TRACE] [REI] [REIClientPlugin START] Reloading Section: "pre-register/" done in 462.7 μs
[20:34:54] [REI-ReloadPlugins/TRACE] [REI] [REIClientPlugin START] Reloading Section: "pre-stage/"
[20:34:54] [REI-ReloadPlugins/TRACE] [REI] [REIClientPlugin START] Reloading Section: "pre-stage/EntryRendererRegistryImpl/"
[20:34:54] [REI-ReloadPlugins/TRACE] [REI] [REIClientPlugin START] Reloading Section: "pre-stage/EntryRendererRegistryImpl/" done in 9.833 μs
[20:34:54] [REI-ReloadPlugins/TRACE] [REI] [REIClientPlugin START] Reloading Section: "pre-stage/ViewsImpl/"
[20:34:54] [REI-ReloadPlugins/TRACE] [REI] [REIClientPlugin START] Reloading Section: "pre-stage/ViewsImpl/" done in 7.884 μs
[20:34:54] [REI-ReloadPlugins/TRACE] [REI] [REIClientPlugin START] Reloading Section: "pre-stage/InputMethodRegistryImpl/"
[20:34:54] [REI-ReloadPlugins/TRACE] [REI] [REIClientPlugin START] Reloading Section: "pre-stage/InputMethodRegistryImpl/" done in 8.095 μs
[20:34:54] [REI-ReloadPlugins/TRACE] [REI] [REIClientPlugin START] Reloading Section: "pre-stage/SearchProviderImpl/"
[20:34:54] [REI-ReloadPlugins/TRACE] [REI] [REIClientPlugin START] Reloading Section: "pre-stage/SearchProviderImpl/" done in 7.399 μs
[20:34:54] [REI-ReloadPlugins/TRACE] [REI] [REIClientPlugin START] Reloading Section: "pre-stage/ConfigManagerImpl/"
[20:34:54] [REI-ReloadPlugins/TRACE] [REI] [REIClientPlugin START] Reloading Section: "pre-stage/ConfigManagerImpl/" done in 7.580 μs
[20:34:54] [REI-ReloadPlugins/TRACE] [REI] [REIClientPlugin START] Reloading Section: "pre-stage/EntryRegistryImpl/"
[20:34:54] [REI-ReloadPlugins/TRACE] [REI] [REIClientPlugin START] Reloading Section: "pre-stage/EntryRegistryImpl/" done in 7.345 μs
[20:34:54] [REI-ReloadPlugins/TRACE] [REI] [REIClientPlugin START] Reloading Section: "pre-stage/CollapsibleEntryRegistryImpl/"
[20:34:54] [REI-ReloadPlugins/TRACE] [REI] [REIClientPlugin START] Reloading Section: "pre-stage/CollapsibleEntryRegistryImpl/" done in 11.24 μs
[20:34:54] [REI-ReloadPlugins/TRACE] [REI] [REIClientPlugin START] Reloading Section: "pre-stage/BasicFilteringRuleImpl/"
[20:34:54] [REI-ReloadPlugins/TRACE] [REI] [REIClientPlugin START] Reloading Section: "pre-stage/BasicFilteringRuleImpl/" done in 7.371 μs
[20:34:54] [REI-ReloadPlugins/TRACE] [REI] [REIClientPlugin START] Reloading Section: "pre-stage/CategoryRegistryImpl/"
[20:34:54] [REI-ReloadPlugins/TRACE] [REI] [REIClientPlugin START] Reloading Section: "pre-stage/CategoryRegistryImpl/" done in 13.28 μs
[20:34:54] [REI-ReloadPlugins/TRACE] [REI] [REIClientPlugin START] Reloading Section: "pre-stage/DisplayRegistryImpl/"
[20:34:54] [REI-ReloadPlugins/TRACE] [REI] [REIClientPlugin START] Reloading Section: "pre-stage/DisplayRegistryImpl/" done in 19.11 μs
[20:34:54] [REI-ReloadPlugins/TRACE] [REI] [REIClientPlugin START] Reloading Section: "pre-stage/ScreenRegistryImpl/"
[20:34:54] [REI-ReloadPlugins/TRACE] [REI] [REIClientPlugin START] Reloading Section: "pre-stage/ScreenRegistryImpl/" done in 7.723 μs
[20:34:54] [REI-ReloadPlugins/TRACE] [REI] [REIClientPlugin START] Reloading Section: "pre-stage/FavoriteEntryTypeRegistryImpl/"
[20:34:54] [REI-ReloadPlugins/TRACE] [REI] [REIClientPlugin START] Reloading Section: "pre-stage/FavoriteEntryTypeRegistryImpl/" done in 7.407 μs
[20:34:54] [REI-ReloadPlugins/TRACE] [REI] [REIClientPlugin START] Reloading Section: "pre-stage/SubsetsRegistryImpl/"
[20:34:54] [REI-ReloadPlugins/TRACE] [REI] [REIClientPlugin START] Reloading Section: "pre-stage/SubsetsRegistryImpl/" done in 7.841 μs
[20:34:54] [REI-ReloadPlugins/TRACE] [REI] [REIClientPlugin START] Reloading Section: "pre-stage/TransferHandlerRegistryImpl/"
[20:34:54] [REI-ReloadPlugins/TRACE] [REI] [REIClientPlugin START] Reloading Section: "pre-stage/TransferHandlerRegistryImpl/" done in 9.242 μs
[20:34:54] [REI-ReloadPlugins/TRACE] [REI] [REIClientPlugin START] Reloading Section: "pre-stage/SearchRuntime/"
[20:34:54] [REI-ReloadPlugins/TRACE] [REI] [REIClientPlugin START] Reloading Section: "pre-stage/SearchRuntime/" done in 7.642 μs
[20:34:54] [REI-ReloadPlugins/TRACE] [REI] [REIClientPlugin START] Reloading Section: "pre-stage/REIRuntimeImpl/"
[20:34:54] [REI-ReloadPlugins/TRACE] [REI] [REIClientPlugin START] Reloading Section: "pre-stage/REIRuntimeImpl/" done in 9.273 μs
[20:34:54] [REI-ReloadPlugins/TRACE] [REI] [REIClientPlugin START] Reloading Section: "pre-stage/ConfigAddonRegistryImpl/"
[20:34:54] [REI-ReloadPlugins/TRACE] [REI] [REIClientPlugin START] Reloading Section: "pre-stage/ConfigAddonRegistryImpl/" done in 15.33 μs
[20:34:54] [REI-ReloadPlugins/TRACE] [REI] [REIClientPlugin START] Reloading Section: "pre-stage/me.shedaniel.rei.plugin.client.runtime.PluginStageExecutionWatcher$1/"
[20:34:54] [REI-ReloadPlugins/TRACE] [REI] [REIClientPlugin START] Reloading Section: "pre-stage/me.shedaniel.rei.plugin.client.runtime.PluginStageExecutionWatcher$1/" done in 15.48 μs
[20:34:54] [REI-ReloadPlugins/TRACE] [REI] [REIClientPlugin START] Reloading Section: "pre-stage/" done in 477.5 μs
[20:34:54] [REI-ReloadPlugins/DEBUG] [REI] ========================================
[20:34:54] [REI-ReloadPlugins/DEBUG] [REI] REIClientPlugin finished pre-reload for START in 965.7 μs.
[20:34:54] [REI-ReloadPlugins/DEBUG] [REI] ========================================
[20:34:54] [REI-ReloadPlugins/DEBUG] [REI] ========================================
[20:34:54] [REI-ReloadPlugins/DEBUG] [REI] REIServerPlugin starting pre-reload for START.
[20:34:54] [REI-ReloadPlugins/DEBUG] [REI] Reloadables (3):
[20:34:54] [REI-ReloadPlugins/DEBUG] [REI]  - MenuInfoRegistryImpl
[20:34:54] [REI-ReloadPlugins/DEBUG] [REI]  - SlotAccessorRegistryImpl
[20:34:54] [REI-ReloadPlugins/DEBUG] [REI]  - me.shedaniel.rei.plugin.client.runtime.PluginStageExecutionWatcher$1
[20:34:54] [REI-ReloadPlugins/DEBUG] [REI] Plugins (7):
[20:34:54] [REI-ReloadPlugins/DEBUG] [REI]  - (-100.00) DefaultPluginImpl of DefaultPluginImpl [roughlyenoughitems]
[20:34:54] [REI-ReloadPlugins/DEBUG] [REI]  - (0.00) StorageReiCommonPlugin of StorageReiCommonPlugin [sophisticatedstorage]
[20:34:54] [REI-ReloadPlugins/DEBUG] [REI]  - (0.00) ReiPlugin of ReiPlugin [craftingstation]
[20:34:54] [REI-ReloadPlugins/DEBUG] [REI]  - (0.00) BackpackReiCommonPlugin of BackpackReiCommonPlugin [sophisticatedbackpacks]
[20:34:54] [REI-ReloadPlugins/DEBUG] [REI]  - (0.00) CoreReiCommonPlugin of CoreReiCommonPlugin [sophisticatedcore]
[20:34:54] [REI-ReloadPlugins/DEBUG] [REI]  - (0.00) AdornReiServerForge of AdornReiServerForge [adorn]
[20:34:54] [REI-ReloadPlugins/DEBUG] [REI]  - (0.00) DefaultRuntimePlugin of DefaultRuntimePlugin [roughlyenoughitems]
[20:34:54] [REI-ReloadPlugins/DEBUG] [REI] ========================================
[20:34:54] [REI-ReloadPlugins/TRACE] [REI] [REIServerPlugin START] Reloading Section: "pre-register/"
[20:34:54] [REI-ReloadPlugins/TRACE] [REI] [REIServerPlugin START] Reloading Section: "pre-register/DefaultPluginImpl of DefaultPluginImpl [roughlyenoughitems]/"
[20:34:54] [REI-ReloadPlugins/TRACE] [REI] [REIServerPlugin START] Reloading Section: "pre-register/DefaultPluginImpl of DefaultPluginImpl [roughlyenoughitems]/" done in 12.22 μs
[20:34:54] [REI-ReloadPlugins/TRACE] [REI] [REIServerPlugin START] Reloading Section: "pre-register/StorageReiCommonPlugin of StorageReiCommonPlugin [sophisticatedstorage]/"
[20:34:54] [REI-ReloadPlugins/TRACE] [REI] [REIServerPlugin START] Reloading Section: "pre-register/StorageReiCommonPlugin of StorageReiCommonPlugin [sophisticatedstorage]/" done in 79.39 μs
[20:34:54] [REI-ReloadPlugins/TRACE] [REI] [REIServerPlugin START] Reloading Section: "pre-register/ReiPlugin of ReiPlugin [craftingstation]/"
[20:34:54] [REI-ReloadPlugins/TRACE] [REI] [REIServerPlugin START] Reloading Section: "pre-register/ReiPlugin of ReiPlugin [craftingstation]/" done in 11.64 μs
[20:34:54] [REI-ReloadPlugins/TRACE] [REI] [REIServerPlugin START] Reloading Section: "pre-register/BackpackReiCommonPlugin of BackpackReiCommonPlugin [sophisticatedbackpacks]/"
[20:34:54] [REI-ReloadPlugins/TRACE] [REI] [REIServerPlugin START] Reloading Section: "pre-register/BackpackReiCommonPlugin of BackpackReiCommonPlugin [sophisticatedbackpacks]/" done in 17.87 μs
[20:34:54] [REI-ReloadPlugins/TRACE] [REI] [REIServerPlugin START] Reloading Section: "pre-register/CoreReiCommonPlugin of CoreReiCommonPlugin [sophisticatedcore]/"
[20:34:54] [REI-ReloadPlugins/TRACE] [REI] [REIServerPlugin START] Reloading Section: "pre-register/CoreReiCommonPlugin of CoreReiCommonPlugin [sophisticatedcore]/" done in 9.970 μs
[20:34:54] [REI-ReloadPlugins/TRACE] [REI] [REIServerPlugin START] Reloading Section: "pre-register/AdornReiServerForge of AdornReiServerForge [adorn]/"
[20:34:54] [REI-ReloadPlugins/TRACE] [REI] [REIServerPlugin START] Reloading Section: "pre-register/AdornReiServerForge of AdornReiServerForge [adorn]/" done in 8.742 μs
[20:34:54] [REI-ReloadPlugins/TRACE] [REI] [REIServerPlugin START] Reloading Section: "pre-register/DefaultRuntimePlugin of DefaultRuntimePlugin [roughlyenoughitems]/"
[20:34:54] [REI-ReloadPlugins/TRACE] [REI] [REIServerPlugin START] Reloading Section: "pre-register/DefaultRuntimePlugin of DefaultRuntimePlugin [roughlyenoughitems]/" done in 7.493 μs
[20:34:54] [REI-ReloadPlugins/TRACE] [REI] [REIServerPlugin START] Reloading Section: "pre-register/" done in 276.2 μs
[20:34:54] [REI-ReloadPlugins/TRACE] [REI] [REIServerPlugin START] Reloading Section: "pre-stage/"
[20:34:54] [REI-ReloadPlugins/TRACE] [REI] [REIServerPlugin START] Reloading Section: "pre-stage/MenuInfoRegistryImpl/"
[20:34:54] [REI-ReloadPlugins/TRACE] [REI] [REIServerPlugin START] Reloading Section: "pre-stage/MenuInfoRegistryImpl/" done in 8.426 μs
[20:34:54] [REI-ReloadPlugins/TRACE] [REI] [REIServerPlugin START] Reloading Section: "pre-stage/SlotAccessorRegistryImpl/"
[20:34:54] [REI-ReloadPlugins/TRACE] [REI] [REIServerPlugin START] Reloading Section: "pre-stage/SlotAccessorRegistryImpl/" done in 10.56 μs
[20:34:54] [REI-ReloadPlugins/TRACE] [REI] [REIServerPlugin START] Reloading Section: "pre-stage/me.shedaniel.rei.plugin.client.runtime.PluginStageExecutionWatcher$1/"
[20:34:54] [REI-ReloadPlugins/TRACE] [REI] [REIServerPlugin START] Reloading Section: "pre-stage/me.shedaniel.rei.plugin.client.runtime.PluginStageExecutionWatcher$1/" done in 11.33 μs
[20:34:54] [REI-ReloadPlugins/TRACE] [REI] [REIServerPlugin START] Reloading Section: "pre-stage/" done in 77.75 μs
[20:34:54] [REI-ReloadPlugins/DEBUG] [REI] ========================================
[20:34:54] [REI-ReloadPlugins/DEBUG] [REI] REIServerPlugin finished pre-reload for START in 376.3 μs.
[20:34:54] [REI-ReloadPlugins/DEBUG] [REI] ========================================
[20:34:54] [REI-ReloadPlugins/INFO] [REI] ########################################
[20:34:54] [REI-ReloadPlugins/INFO] [REI] REIPlugin starting main-reload for START.
[20:34:54] [REI-ReloadPlugins/DEBUG] [REI] Reloadables (8):
[20:34:54] [REI-ReloadPlugins/DEBUG] [REI]  - EntryTypeRegistryImpl
[20:34:54] [REI-ReloadPlugins/DEBUG] [REI]  - EntrySettingsAdapterRegistryImpl
[20:34:54] [REI-ReloadPlugins/DEBUG] [REI]  - RecipeManagerContextImpl
[20:34:54] [REI-ReloadPlugins/DEBUG] [REI]  - ItemComparatorRegistryImpl
[20:34:54] [REI-ReloadPlugins/DEBUG] [REI]  - FluidComparatorRegistryImpl
[20:34:54] [REI-ReloadPlugins/DEBUG] [REI]  - DisplaySerializerRegistryImpl
[20:34:54] [REI-ReloadPlugins/DEBUG] [REI]  - FluidSupportProviderImpl
[20:34:54] [REI-ReloadPlugins/DEBUG] [REI]  - me.shedaniel.rei.plugin.client.runtime.PluginStageExecutionWatcher$1
[20:34:54] [REI-ReloadPlugins/INFO] [REI] Plugins (25):
[20:34:54] [REI-ReloadPlugins/INFO] [REI]  - (-100.00) DefaultClientPluginImpl of DefaultClientPluginImpl [roughlyenoughitems]
[20:34:54] [REI-ReloadPlugins/INFO] [REI]  - (-100.00) DefaultPluginImpl of DefaultPluginImpl [roughlyenoughitems]
[20:34:54] [REI-ReloadPlugins/INFO] [REI]  - (0.00) HideIngredientsFromTagsPlugin of HideIngredientsFromTagsPlugin [roughlyenoughitems]
[20:34:54] [REI-ReloadPlugins/INFO] [REI]  - (0.00) DefaultClientRuntimePlugin of DefaultClientRuntimePlugin [roughlyenoughitems]
[20:34:54] [REI-ReloadPlugins/INFO] [REI]  - (0.00) DefaultRuntimePlugin of DefaultRuntimePlugin [roughlyenoughitems]
[20:34:54] [REI-ReloadPlugins/INFO] [REI]  - (0.00) REICompat of REICompat [supplementaries]
[20:34:54] [REI-ReloadPlugins/INFO] [REI]  - (0.00) GTREIPlugin of GTREIPlugin [gtceu]
[20:34:54] [REI-ReloadPlugins/INFO] [REI]  - (0.00) FTBQuestsREIIntegrationForge of FTBQuestsREIIntegrationForge [ftbxmodcompat]
[20:34:54] [REI-ReloadPlugins/INFO] [REI]  - (0.00) ExtendedAE of ExtendedAE [expatternprovider]
[20:34:54] [REI-ReloadPlugins/INFO] [REI]  - (0.00) FramedReiPlugin of FramedReiPlugin [framedblocks]
[20:34:54] [REI-ReloadPlugins/INFO] [REI]  - (0.00) StorageReiClientPlugin of StorageReiClientPlugin [sophisticatedstorage]
[20:34:54] [REI-ReloadPlugins/INFO] [REI]  - (0.00) BackpackReiClientPlugin of BackpackReiClientPlugin [sophisticatedbackpacks]
[20:34:54] [REI-ReloadPlugins/INFO] [REI]  - (0.00) ReiIsDumbClientPlugin of ReiIsDumbClientPlugin [ad_astra]
[20:34:54] [REI-ReloadPlugins/INFO] [REI]  - (0.00) almostunified.roughlyenoughitems of almostunified.roughlyenoughitems [almostunified]
[20:34:54] [REI-ReloadPlugins/INFO] [REI]  - (0.00) AdornReiClientForge of AdornReiClientForge [adorn]
[20:34:54] [REI-ReloadPlugins/INFO] [REI]  - (0.00) REIPluginImpl of REIPluginImpl [ldlib]
[20:34:54] [REI-ReloadPlugins/INFO] [REI]  - (0.00) StorageReiCommonPlugin of StorageReiCommonPlugin [sophisticatedstorage]
[20:34:54] [REI-ReloadPlugins/INFO] [REI]  - (0.00) ReiClientPlugin of ReiClientPlugin [craftingstation]
[20:34:54] [REI-ReloadPlugins/INFO] [REI]  - (0.00) ReiPlugin of ReiPlugin [craftingstation]
[20:34:54] [REI-ReloadPlugins/INFO] [REI]  - (0.00) REIForgePluginStub of REIForgePluginStub [ftblibrary]
[20:34:54] [REI-ReloadPlugins/INFO] [REI]  - (0.00) BackpackReiCommonPlugin of BackpackReiCommonPlugin [sophisticatedbackpacks]
[20:34:54] [REI-ReloadPlugins/INFO] [REI]  - (0.00) CoreReiCommonPlugin of CoreReiCommonPlugin [sophisticatedcore]
[20:34:54] [REI-ReloadPlugins/INFO] [REI]  - (0.00) AdornReiServerForge of AdornReiServerForge [adorn]
[20:34:54] [REI-ReloadPlugins/INFO] [REI]  - (0.00) AE2 of AE2 [ae2]
[20:34:54] [REI-ReloadPlugins/INFO] [REI]  - (10000000.00) REIForgePluginStub of REIForgePluginStub [kubejs]
[20:34:54] [REI-ReloadPlugins/INFO] [REI] ########################################
[20:34:54] [REI-ReloadPlugins/TRACE] [REI] [REIPlugin START] Reloading Section: "start-reload/"
[20:34:54] [REI-ReloadPlugins/TRACE] [REI] [REIPlugin START] Reloading Section: "start-reload/EntryTypeRegistryImpl/"
[20:34:54] [REI-ReloadPlugins/TRACE] [REI] [REIPlugin START] Reloading Section: "start-reload/EntryTypeRegistryImpl/" done in 32.08 μs
[20:34:54] [REI-ReloadPlugins/TRACE] [REI] [REIPlugin START] Reloading Section: "start-reload/EntrySettingsAdapterRegistryImpl/"
[20:34:54] [REI-ReloadPlugins/TRACE] [REI] [REIPlugin START] Reloading Section: "start-reload/EntrySettingsAdapterRegistryImpl/" done in 9.687 μs
[20:34:54] [REI-ReloadPlugins/TRACE] [REI] [REIPlugin START] Reloading Section: "start-reload/RecipeManagerContextImpl/"
[20:34:54] [REI-ReloadPlugins/TRACE] [REI] [REIPlugin START] Reloading Section: "start-reload/RecipeManagerContextImpl/" done in 7.211 μs
[20:34:54] [REI-ReloadPlugins/TRACE] [REI] [REIPlugin START] Reloading Section: "start-reload/ItemComparatorRegistryImpl/"
[20:34:54] [REI-ReloadPlugins/TRACE] [REI] [REIPlugin START] Reloading Section: "start-reload/ItemComparatorRegistryImpl/" done in 27.66 μs
[20:34:54] [REI-ReloadPlugins/TRACE] [REI] [REIPlugin START] Reloading Section: "start-reload/FluidComparatorRegistryImpl/"
[20:34:54] [REI-ReloadPlugins/TRACE] [REI] [REIPlugin START] Reloading Section: "start-reload/FluidComparatorRegistryImpl/" done in 7.642 μs
[20:34:54] [REI-ReloadPlugins/TRACE] [REI] [REIPlugin START] Reloading Section: "start-reload/DisplaySerializerRegistryImpl/"
[20:34:54] [REI-ReloadPlugins/TRACE] [REI] [REIPlugin START] Reloading Section: "start-reload/DisplaySerializerRegistryImpl/" done in 6.329 μs
[20:34:54] [REI-ReloadPlugins/TRACE] [REI] [REIPlugin START] Reloading Section: "start-reload/FluidSupportProviderImpl/"
[20:34:54] [REI-ReloadPlugins/TRACE] [REI] [REIPlugin START] Reloading Section: "start-reload/FluidSupportProviderImpl/" done in 13.10 μs
[20:34:54] [REI-ReloadPlugins/TRACE] [REI] [REIPlugin START] Reloading Section: "start-reload/me.shedaniel.rei.plugin.client.runtime.PluginStageExecutionWatcher$1/"
[20:34:54] [REI-ReloadPlugins/TRACE] [REI] [REIPlugin START] Reloading Section: "start-reload/me.shedaniel.rei.plugin.client.runtime.PluginStageExecutionWatcher$1/" done in 6.779 μs
[20:34:54] [REI-ReloadPlugins/TRACE] [REI] [REIPlugin START] Reloading Section: "start-reload/" done in 273.5 μs
[20:34:54] [REI-ReloadPlugins/DEBUG] [REI] ========================================
[20:34:54] [REI-ReloadPlugins/DEBUG] [REI] REIPlugin started main-reload for START.
[20:34:54] [REI-ReloadPlugins/DEBUG] [REI] ========================================
[20:34:54] [REI-ReloadPlugins/TRACE] [REI] [REIPlugin START] Reloading Section: "reloadable-plugin/EntryTypeRegistryImpl/"
[20:34:54] [REI-ReloadPlugins/TRACE] [REI] [REIPlugin START] Reloading Section: "reloadable-plugin/EntryTypeRegistryImpl/DefaultClientPluginImpl of DefaultClientPluginImpl [roughlyenoughitems]/"
[20:34:54] [REI-ReloadPlugins/TRACE] [REI] [REIPlugin START] Reloading Section: "reloadable-plugin/EntryTypeRegistryImpl/DefaultClientPluginImpl of DefaultClientPluginImpl [roughlyenoughitems]/" done in 198.8 μs
[20:34:54] [REI-ReloadPlugins/TRACE] [REI] [REIPlugin START] Reloading Section: "reloadable-plugin/EntryTypeRegistryImpl/DefaultPluginImpl of DefaultPluginImpl [roughlyenoughitems]/"
[20:34:54] [REI-ReloadPlugins/TRACE] [REI] [REIPlugin START] Reloading Section: "reloadable-plugin/EntryTypeRegistryImpl/DefaultPluginImpl of DefaultPluginImpl [roughlyenoughitems]/" done in 14.18 μs
[20:34:54] [REI-ReloadPlugins/TRACE] [REI] [REIPlugin START] Reloading Section: "reloadable-plugin/EntryTypeRegistryImpl/HideIngredientsFromTagsPlugin of HideIngredientsFromTagsPlugin [roughlyenoughitems]/"
[20:34:54] [REI-ReloadPlugins/TRACE] [REI] [REIPlugin START] Reloading Section: "reloadable-plugin/EntryTypeRegistryImpl/HideIngredientsFromTagsPlugin of HideIngredientsFromTagsPlugin [roughlyenoughitems]/" done in 11.09 μs
[20:34:54] [REI-ReloadPlugins/TRACE] [REI] [REIPlugin START] Reloading Section: "reloadable-plugin/EntryTypeRegistryImpl/DefaultClientRuntimePlugin of DefaultClientRuntimePlugin [roughlyenoughitems]/"
[20:34:54] [REI-ReloadPlugins/TRACE] [REI] [REIPlugin START] Reloading Section: "reloadable-plugin/EntryTypeRegistryImpl/DefaultClientRuntimePlugin of DefaultClientRuntimePlugin [roughlyenoughitems]/" done in 9.864 μs
[20:34:54] [REI-ReloadPlugins/TRACE] [REI] [REIPlugin START] Reloading Section: "reloadable-plugin/EntryTypeRegistryImpl/DefaultRuntimePlugin of DefaultRuntimePlugin [roughlyenoughitems]/"
[20:34:54] [REI-ReloadPlugins/TRACE] [REI] [REIPlugin START] Reloading Section: "reloadable-plugin/EntryTypeRegistryImpl/DefaultRuntimePlugin of DefaultRuntimePlugin [roughlyenoughitems]/" done in 9.451 ms
[20:34:54] [REI-ReloadPlugins/TRACE] [REI] [REIPlugin START] Reloading Section: "reloadable-plugin/EntryTypeRegistryImpl/REICompat of REICompat [supplementaries]/"
[20:34:54] [REI-ReloadPlugins/TRACE] [REI] [REIPlugin START] Reloading Section: "reloadable-plugin/EntryTypeRegistryImpl/REICompat of REICompat [supplementaries]/" done in 29.37 μs
[20:34:54] [REI-ReloadPlugins/TRACE] [REI] [REIPlugin START] Reloading Section: "reloadable-plugin/EntryTypeRegistryImpl/GTREIPlugin of GTREIPlugin [gtceu]/"
[20:34:54] [REI-ReloadPlugins/TRACE] [REI] [REIPlugin START] Reloading Section: "reloadable-plugin/EntryTypeRegistryImpl/GTREIPlugin of GTREIPlugin [gtceu]/" done in 12.28 μs
[20:34:54] [REI-ReloadPlugins/TRACE] [REI] [REIPlugin START] Reloading Section: "reloadable-plugin/EntryTypeRegistryImpl/FTBQuestsREIIntegrationForge of FTBQuestsREIIntegrationForge [ftbxmodcompat]/"
[20:34:54] [REI-ReloadPlugins/TRACE] [REI] [REIPlugin START] Reloading Section: "reloadable-plugin/EntryTypeRegistryImpl/FTBQuestsREIIntegrationForge of FTBQuestsREIIntegrationForge [ftbxmodcompat]/" done in 18.01 μs
[20:34:54] [REI-ReloadPlugins/TRACE] [REI] [REIPlugin START] Reloading Section: "reloadable-plugin/EntryTypeRegistryImpl/ExtendedAE of ExtendedAE [expatternprovider]/"
[20:34:54] [REI-ReloadPlugins/TRACE] [REI] [REIPlugin START] Reloading Section: "reloadable-plugin/EntryTypeRegistryImpl/ExtendedAE of ExtendedAE [expatternprovider]/" done in 10.66 μs
[20:34:54] [REI-ReloadPlugins/TRACE] [REI] [REIPlugin START] Reloading Section: "reloadable-plugin/EntryTypeRegistryImpl/FramedReiPlugin of FramedReiPlugin [framedblocks]/"
[20:34:54] [REI-ReloadPlugins/TRACE] [REI] [REIPlugin START] Reloading Section: "reloadable-plugin/EntryTypeRegistryImpl/FramedReiPlugin of FramedReiPlugin [framedblocks]/" done in 19.96 μs
[20:34:54] [REI-ReloadPlugins/TRACE] [REI] [REIPlugin START] Reloading Section: "reloadable-plugin/EntryTypeRegistryImpl/StorageReiClientPlugin of StorageReiClientPlugin [sophisticatedstorage]/"
[20:34:54] [REI-ReloadPlugins/TRACE] [REI] [REIPlugin START] Reloading Section: "reloadable-plugin/EntryTypeRegistryImpl/StorageReiClientPlugin of StorageReiClientPlugin [sophisticatedstorage]/" done in 11.70 μs
[20:34:54] [REI-ReloadPlugins/TRACE] [REI] [REIPlugin START] Reloading Section: "reloadable-plugin/EntryTypeRegistryImpl/BackpackReiClientPlugin of BackpackReiClientPlugin [sophisticatedbackpacks]/"
[20:34:54] [REI-ReloadPlugins/TRACE] [REI] [REIPlugin START] Reloading Section: "reloadable-plugin/EntryTypeRegistryImpl/BackpackReiClientPlugin of BackpackReiClientPlugin [sophisticatedbackpacks]/" done in 10.01 μs
[20:34:54] [REI-ReloadPlugins/TRACE] [REI] [REIPlugin START] Reloading Section: "reloadable-plugin/EntryTypeRegistryImpl/ReiIsDumbClientPlugin of ReiIsDumbClientPlugin [ad_astra]/"
[20:34:54] [REI-ReloadPlugins/TRACE] [REI] [REIPlugin START] Reloading Section: "reloadable-plugin/EntryTypeRegistryImpl/ReiIsDumbClientPlugin of ReiIsDumbClientPlugin [ad_astra]/" done in 10.54 μs
[20:34:54] [REI-ReloadPlugins/TRACE] [REI] [REIPlugin START] Reloading Section: "reloadable-plugin/EntryTypeRegistryImpl/almostunified.roughlyenoughitems of almostunified.roughlyenoughitems [almostunified]/"
[20:34:54] [REI-ReloadPlugins/TRACE] [REI] [REIPlugin START] Reloading Section: "reloadable-plugin/EntryTypeRegistryImpl/almostunified.roughlyenoughitems of almostunified.roughlyenoughitems [almostunified]/" done in 10.64 μs
[20:34:54] [REI-ReloadPlugins/TRACE] [REI] [REIPlugin START] Reloading Section: "reloadable-plugin/EntryTypeRegistryImpl/AdornReiClientForge of AdornReiClientForge [adorn]/"
[20:34:54] [REI-ReloadPlugins/TRACE] [REI] [REIPlugin START] Reloading Section: "reloadable-plugin/EntryTypeRegistryImpl/AdornReiClientForge of AdornReiClientForge [adorn]/" done in 15.36 μs
[20:34:54] [REI-ReloadPlugins/TRACE] [REI] [REIPlugin START] Reloading Section: "reloadable-plugin/EntryTypeRegistryImpl/REIPluginImpl of REIPluginImpl [ldlib]/"
[20:34:54] [REI-ReloadPlugins/TRACE] [REI] [REIPlugin START] Reloading Section: "reloadable-plugin/EntryTypeRegistryImpl/REIPluginImpl of REIPluginImpl [ldlib]/" done in 12.06 μs
[20:34:54] [REI-ReloadPlugins/TRACE] [REI] [REIPlugin START] Reloading Section: "reloadable-plugin/EntryTypeRegistryImpl/StorageReiCommonPlugin of StorageReiCommonPlugin [sophisticatedstorage]/"
[20:34:54] [REI-ReloadPlugins/TRACE] [REI] [REIPlugin START] Reloading Section: "reloadable-plugin/EntryTypeRegistryImpl/StorageReiCommonPlugin of StorageReiCommonPlugin [sophisticatedstorage]/" done in 9.455 μs
[20:34:54] [REI-ReloadPlugins/TRACE] [REI] [REIPlugin START] Reloading Section: "reloadable-plugin/EntryTypeRegistryImpl/ReiClientPlugin of ReiClientPlugin [craftingstation]/"
[20:34:54] [REI-ReloadPlugins/TRACE] [REI] [REIPlugin START] Reloading Section: "reloadable-plugin/EntryTypeRegistryImpl/ReiClientPlugin of ReiClientPlugin [craftingstation]/" done in 8.968 μs
[20:34:54] [REI-ReloadPlugins/TRACE] [REI] [REIPlugin START] Reloading Section: "reloadable-plugin/EntryTypeRegistryImpl/ReiPlugin of ReiPlugin [craftingstation]/"
[20:34:54] [REI-ReloadPlugins/TRACE] [REI] [REIPlugin START] Reloading Section: "reloadable-plugin/EntryTypeRegistryImpl/ReiPlugin of ReiPlugin [craftingstation]/" done in 8.967 μs
[20:34:54] [REI-ReloadPlugins/TRACE] [REI] [REIPlugin START] Reloading Section: "reloadable-plugin/EntryTypeRegistryImpl/REIForgePluginStub of REIForgePluginStub [ftblibrary]/"
[20:34:54] [REI-ReloadPlugins/TRACE] [REI] [REIPlugin START] Reloading Section: "reloadable-plugin/EntryTypeRegistryImpl/REIForgePluginStub of REIForgePluginStub [ftblibrary]/" done in 10.86 μs
[20:34:54] [REI-ReloadPlugins/TRACE] [REI] [REIPlugin START] Reloading Section: "reloadable-plugin/EntryTypeRegistryImpl/BackpackReiCommonPlugin of BackpackReiCommonPlugin [sophisticatedbackpacks]/"
[20:34:54] [REI-ReloadPlugins/TRACE] [REI] [REIPlugin START] Reloading Section: "reloadable-plugin/EntryTypeRegistryImpl/BackpackReiCommonPlugin of BackpackReiCommonPlugin [sophisticatedbackpacks]/" done in 10.92 μs
[20:34:54] [REI-ReloadPlugins/TRACE] [REI] [REIPlugin START] Reloading Section: "reloadable-plugin/EntryTypeRegistryImpl/CoreReiCommonPlugin of CoreReiCommonPlugin [sophisticatedcore]/"
[20:34:54] [REI-ReloadPlugins/TRACE] [REI] [REIPlugin START] Reloading Section: "reloadable-plugin/EntryTypeRegistryImpl/CoreReiCommonPlugin of CoreReiCommonPlugin [sophisticatedcore]/" done in 9.447 μs
[20:34:54] [REI-ReloadPlugins/TRACE] [REI] [REIPlugin START] Reloading Section: "reloadable-plugin/EntryTypeRegistryImpl/AdornReiServerForge of AdornReiServerForge [adorn]/"
[20:34:54] [REI-ReloadPlugins/TRACE] [REI] [REIPlugin START] Reloading Section: "reloadable-plugin/EntryTypeRegistryImpl/AdornReiServerForge of AdornReiServerForge [adorn]/" done in 12.25 μs
[20:34:54] [REI-ReloadPlugins/TRACE] [REI] [REIPlugin START] Reloading Section: "reloadable-plugin/EntryTypeRegistryImpl/AE2 of AE2 [ae2]/"
[20:34:54] [REI-ReloadPlugins/TRACE] [REI] [REIPlugin START] Reloading Section: "reloadable-plugin/EntryTypeRegistryImpl/AE2 of AE2 [ae2]/" done in 22.92 μs
[20:34:54] [REI-ReloadPlugins/TRACE] [REI] [REIPlugin START] Reloading Section: "reloadable-plugin/EntryTypeRegistryImpl/REIForgePluginStub of REIForgePluginStub [kubejs]/"
[20:34:54] [REI-ReloadPlugins/TRACE] [REI] [REIPlugin START] Reloading Section: "reloadable-plugin/EntryTypeRegistryImpl/REIForgePluginStub of REIForgePluginStub [kubejs]/" done in 16.45 μs
[20:34:54] [REI-ReloadPlugins/TRACE] [REI] [REIPlugin START] Reloading Section: "reloadable-plugin/EntryTypeRegistryImpl/" done in 10.87 ms
[20:34:54] [REI-ReloadPlugins/TRACE] [REI] [REIPlugin START] Reloading Section: "reloadable-plugin/EntrySettingsAdapterRegistryImpl/"
[20:34:54] [REI-ReloadPlugins/TRACE] [REI] [REIPlugin START] Reloading Section: "reloadable-plugin/EntrySettingsAdapterRegistryImpl/DefaultClientPluginImpl of DefaultClientPluginImpl [roughlyenoughitems]/"
[20:34:54] [REI-ReloadPlugins/TRACE] [REI] [REIPlugin START] Reloading Section: "reloadable-plugin/EntrySettingsAdapterRegistryImpl/DefaultClientPluginImpl of DefaultClientPluginImpl [roughlyenoughitems]/" done in 11.86 μs
[20:34:54] [REI-ReloadPlugins/TRACE] [REI] [REIPlugin START] Reloading Section: "reloadable-plugin/EntrySettingsAdapterRegistryImpl/DefaultPluginImpl of DefaultPluginImpl [roughlyenoughitems]/"
[20:34:54] [REI-ReloadPlugins/TRACE] [REI] [REIPlugin START] Reloading Section: "reloadable-plugin/EntrySettingsAdapterRegistryImpl/DefaultPluginImpl of DefaultPluginImpl [roughlyenoughitems]/" done in 9.413 μs
[20:34:54] [REI-ReloadPlugins/TRACE] [REI] [REIPlugin START] Reloading Section: "reloadable-plugin/EntrySettingsAdapterRegistryImpl/HideIngredientsFromTagsPlugin of HideIngredientsFromTagsPlugin [roughlyenoughitems]/"
[20:34:54] [REI-ReloadPlugins/TRACE] [REI] [REIPlugin START] Reloading Section: "reloadable-plugin/EntrySettingsAdapterRegistryImpl/HideIngredientsFromTagsPlugin of HideIngredientsFromTagsPlugin [roughlyenoughitems]/" done in 9.423 μs
[20:34:54] [REI-ReloadPlugins/TRACE] [REI] [REIPlugin START] Reloading Section: "reloadable-plugin/EntrySettingsAdapterRegistryImpl/DefaultClientRuntimePlugin of DefaultClientRuntimePlugin [roughlyenoughitems]/"
[20:34:54] [REI-ReloadPlugins/TRACE] [REI] [REIPlugin START] Reloading Section: "reloadable-plugin/EntrySettingsAdapterRegistryImpl/DefaultClientRuntimePlugin of DefaultClientRuntimePlugin [roughlyenoughitems]/" done in 9.677 μs
[20:34:54] [REI-ReloadPlugins/TRACE] [REI] [REIPlugin START] Reloading Section: "reloadable-plugin/EntrySettingsAdapterRegistryImpl/DefaultRuntimePlugin of DefaultRuntimePlugin [roughlyenoughitems]/"
[20:34:54] [REI-ReloadPlugins/TRACE] [REI] [REIPlugin START] Reloading Section: "reloadable-plugin/EntrySettingsAdapterRegistryImpl/DefaultRuntimePlugin of DefaultRuntimePlugin [roughlyenoughitems]/" done in 13.15 μs
[20:34:54] [REI-ReloadPlugins/TRACE] [REI] [REIPlugin START] Reloading Section: "reloadable-plugin/EntrySettingsAdapterRegistryImpl/REICompat of REICompat [supplementaries]/"
[20:34:54] [REI-ReloadPlugins/TRACE] [REI] [REIPlugin START] Reloading Section: "reloadable-plugin/EntrySettingsAdapterRegistryImpl/REICompat of REICompat [supplementaries]/" done in 9.619 μs
[20:34:54] [REI-ReloadPlugins/TRACE] [REI] [REIPlugin START] Reloading Section: "reloadable-plugin/EntrySettingsAdapterRegistryImpl/GTREIPlugin of GTREIPlugin [gtceu]/"
[20:34:54] [REI-ReloadPlugins/TRACE] [REI] [REIPlugin START] Reloading Section: "reloadable-plugin/EntrySettingsAdapterRegistryImpl/GTREIPlugin of GTREIPlugin [gtceu]/" done in 11.19 μs
[20:34:54] [REI-ReloadPlugins/TRACE] [REI] [REIPlugin START] Reloading Section: "reloadable-plugin/EntrySettingsAdapterRegistryImpl/FTBQuestsREIIntegrationForge of FTBQuestsREIIntegrationForge [ftbxmodcompat]/"
[20:34:54] [REI-ReloadPlugins/TRACE] [REI] [REIPlugin START] Reloading Section: "reloadable-plugin/EntrySettingsAdapterRegistryImpl/FTBQuestsREIIntegrationForge of FTBQuestsREIIntegrationForge [ftbxmodcompat]/" done in 11.63 μs
[20:34:54] [REI-ReloadPlugins/TRACE] [REI] [REIPlugin START] Reloading Section: "reloadable-plugin/EntrySettingsAdapterRegistryImpl/ExtendedAE of ExtendedAE [expatternprovider]/"
[20:34:54] [REI-ReloadPlugins/TRACE] [REI] [REIPlugin START] Reloading Section: "reloadable-plugin/EntrySettingsAdapterRegistryImpl/ExtendedAE of ExtendedAE [expatternprovider]/" done in 9.197 μs
[20:34:54] [REI-ReloadPlugins/TRACE] [REI] [REIPlugin START] Reloading Section: "reloadable-plugin/EntrySettingsAdapterRegistryImpl/FramedReiPlugin of FramedReiPlugin [framedblocks]/"
[20:34:54] [REI-ReloadPlugins/TRACE] [REI] [REIPlugin START] Reloading Section: "reloadable-plugin/EntrySettingsAdapterRegistryImpl/FramedReiPlugin of FramedReiPlugin [framedblocks]/" done in 9.386 μs
[20:34:54] [REI-ReloadPlugins/TRACE] [REI] [REIPlugin START] Reloading Section: "reloadable-plugin/EntrySettingsAdapterRegistryImpl/StorageReiClientPlugin of StorageReiClientPlugin [sophisticatedstorage]/"
[20:34:54] [REI-ReloadPlugins/TRACE] [REI] [REIPlugin START] Reloading Section: "reloadable-plugin/EntrySettingsAdapterRegistryImpl/StorageReiClientPlugin of StorageReiClientPlugin [sophisticatedstorage]/" done in 9.598 μs
[20:34:54] [REI-ReloadPlugins/TRACE] [REI] [REIPlugin START] Reloading Section: "reloadable-plugin/EntrySettingsAdapterRegistryImpl/BackpackReiClientPlugin of BackpackReiClientPlugin [sophisticatedbackpacks]/"
[20:34:54] [REI-ReloadPlugins/TRACE] [REI] [REIPlugin START] Reloading Section: "reloadable-plugin/EntrySettingsAdapterRegistryImpl/BackpackReiClientPlugin of BackpackReiClientPlugin [sophisticatedbackpacks]/" done in 8.776 μs
[20:34:54] [REI-ReloadPlugins/TRACE] [REI] [REIPlugin START] Reloading Section: "reloadable-plugin/EntrySettingsAdapterRegistryImpl/ReiIsDumbClientPlugin of ReiIsDumbClientPlugin [ad_astra]/"
[20:34:54] [REI-ReloadPlugins/TRACE] [REI] [REIPlugin START] Reloading Section: "reloadable-plugin/EntrySettingsAdapterRegistryImpl/ReiIsDumbClientPlugin of ReiIsDumbClientPlugin [ad_astra]/" done in 12.39 μs
[20:34:54] [REI-ReloadPlugins/TRACE] [REI] [REIPlugin START] Reloading Section: "reloadable-plugin/EntrySettingsAdapterRegistryImpl/almostunified.roughlyenoughitems of almostunified.roughlyenoughitems [almostunified]/"
[20:34:54] [REI-ReloadPlugins/TRACE] [REI] [REIPlugin START] Reloading Section: "reloadable-plugin/EntrySettingsAdapterRegistryImpl/almostunified.roughlyenoughitems of almostunified.roughlyenoughitems [almostunified]/" done in 13.26 μs
[20:34:54] [REI-ReloadPlugins/TRACE] [REI] [REIPlugin START] Reloading Section: "reloadable-plugin/EntrySettingsAdapterRegistryImpl/AdornReiClientForge of AdornReiClientForge [adorn]/"
[20:34:54] [REI-ReloadPlugins/TRACE] [REI] [REIPlugin START] Reloading Section: "reloadable-plugin/EntrySettingsAdapterRegistryImpl/AdornReiClientForge of AdornReiClientForge [adorn]/" done in 9.656 μs
[20:34:54] [REI-ReloadPlugins/TRACE] [REI] [REIPlugin START] Reloading Section: "reloadable-plugin/EntrySettingsAdapterRegistryImpl/REIPluginImpl of REIPluginImpl [ldlib]/"
[20:34:54] [REI-ReloadPlugins/TRACE] [REI] [REIPlugin START] Reloading Section: "reloadable-plugin/EntrySettingsAdapterRegistryImpl/REIPluginImpl of REIPluginImpl [ldlib]/" done in 9.425 μs
[20:34:54] [REI-ReloadPlugins/TRACE] [REI] [REIPlugin START] Reloading Section: "reloadable-plugin/EntrySettingsAdapterRegistryImpl/StorageReiCommonPlugin of StorageReiCommonPlugin [sophisticatedstorage]/"
[20:34:54] [REI-ReloadPlugins/TRACE] [REI] [REIPlugin START] Reloading Section: "reloadable-plugin/EntrySettingsAdapterRegistryImpl/StorageReiCommonPlugin of StorageReiCommonPlugin [sophisticatedstorage]/" done in 10.60 μs
[20:34:54] [REI-ReloadPlugins/TRACE] [REI] [REIPlugin START] Reloading Section: "reloadable-plugin/EntrySettingsAdapterRegistryImpl/ReiClientPlugin of ReiClientPlugin [craftingstation]/"
[20:34:54] [REI-ReloadPlugins/TRACE] [REI] [REIPlugin START] Reloading Section: "reloadable-plugin/EntrySettingsAdapterRegistryImpl/ReiClientPlugin of ReiClientPlugin [craftingstation]/" done in 8.972 μs
[20:34:54] [REI-ReloadPlugins/TRACE] [REI] [REIPlugin START] Reloading Section: "reloadable-plugin/EntrySettingsAdapterRegistryImpl/ReiPlugin of ReiPlugin [craftingstation]/"
[20:34:54] [REI-ReloadPlugins/TRACE] [REI] [REIPlugin START] Reloading Section: "reloadable-plugin/EntrySettingsAdapterRegistryImpl/ReiPlugin of ReiPlugin [craftingstation]/" done in 9.126 μs
[20:34:54] [REI-ReloadPlugins/TRACE] [REI] [REIPlugin START] Reloading Section: "reloadable-plugin/EntrySettingsAdapterRegistryImpl/REIForgePluginStub of REIForgePluginStub [ftblibrary]/"
[20:34:54] [REI-ReloadPlugins/TRACE] [REI] [REIPlugin START] Reloading Section: "reloadable-plugin/EntrySettingsAdapterRegistryImpl/REIForgePluginStub of REIForgePluginStub [ftblibrary]/" done in 12.36 μs
[20:34:54] [REI-ReloadPlugins/TRACE] [REI] [REIPlugin START] Reloading Section: "reloadable-plugin/EntrySettingsAdapterRegistryImpl/BackpackReiCommonPlugin of BackpackReiCommonPlugin [sophisticatedbackpacks]/"
[20:34:54] [REI-ReloadPlugins/TRACE] [REI] [REIPlugin START] Reloading Section: "reloadable-plugin/EntrySettingsAdapterRegistryImpl/BackpackReiCommonPlugin of BackpackReiCommonPlugin [sophisticatedbackpacks]/" done in 15.68 μs
[20:34:54] [REI-ReloadPlugins/TRACE] [REI] [REIPlugin START] Reloading Section: "reloadable-plugin/EntrySettingsAdapterRegistryImpl/CoreReiCommonPlugin of CoreReiCommonPlugin [sophisticatedcore]/"
[20:34:54] [REI-ReloadPlugins/TRACE] [REI] [REIPlugin START] Reloading Section: "reloadable-plugin/EntrySettingsAdapterRegistryImpl/CoreReiCommonPlugin of CoreReiCommonPlugin [sophisticatedcore]/" done in 9.897 μs
[20:34:54] [REI-ReloadPlugins/TRACE] [REI] [REIPlugin START] Reloading Section: "reloadable-plugin/EntrySettingsAdapterRegistryImpl/AdornReiServerForge of AdornReiServerForge [adorn]/"
[20:34:54] [REI-ReloadPlugins/TRACE] [REI] [REIPlugin START] Reloading Section: "reloadable-plugin/EntrySettingsAdapterRegistryImpl/AdornReiServerForge of AdornReiServerForge [adorn]/" done in 8.888 μs
[20:34:54] [REI-ReloadPlugins/TRACE] [REI] [REIPlugin START] Reloading Section: "reloadable-plugin/EntrySettingsAdapterRegistryImpl/AE2 of AE2 [ae2]/"
[20:34:54] [REI-ReloadPlugins/TRACE] [REI] [REIPlugin START] Reloading Section: "reloadable-plugin/EntrySettingsAdapterRegistryImpl/AE2 of AE2 [ae2]/" done in 18.92 μs
[20:34:54] [REI-ReloadPlugins/TRACE] [REI] [REIPlugin START] Reloading Section: "reloadable-plugin/EntrySettingsAdapterRegistryImpl/REIForgePluginStub of REIForgePluginStub [kubejs]/"
[20:34:54] [REI-ReloadPlugins/TRACE] [REI] [REIPlugin START] Reloading Section: "reloadable-plugin/EntrySettingsAdapterRegistryImpl/REIForgePluginStub of REIForgePluginStub [kubejs]/" done in 10.19 μs
[20:34:54] [REI-ReloadPlugins/TRACE] [REI] [REIPlugin START] Reloading Section: "reloadable-plugin/EntrySettingsAdapterRegistryImpl/" done in 704.3 μs
[20:34:54] [REI-ReloadPlugins/TRACE] [REI] [REIPlugin START] Reloading Section: "reloadable-plugin/RecipeManagerContextImpl/"
[20:34:54] [REI-ReloadPlugins/TRACE] [REI] [REIPlugin START] Reloading Section: "reloadable-plugin/RecipeManagerContextImpl/DefaultClientPluginImpl of DefaultClientPluginImpl [roughlyenoughitems]/"
[20:34:54] [REI-ReloadPlugins/TRACE] [REI] [REIPlugin START] Reloading Section: "reloadable-plugin/RecipeManagerContextImpl/DefaultClientPluginImpl of DefaultClientPluginImpl [roughlyenoughitems]/" done in 10.30 μs
[20:34:54] [REI-ReloadPlugins/TRACE] [REI] [REIPlugin START] Reloading Section: "reloadable-plugin/RecipeManagerContextImpl/DefaultPluginImpl of DefaultPluginImpl [roughlyenoughitems]/"
[20:34:54] [REI-ReloadPlugins/TRACE] [REI] [REIPlugin START] Reloading Section: "reloadable-plugin/RecipeManagerContextImpl/DefaultPluginImpl of DefaultPluginImpl [roughlyenoughitems]/" done in 9.408 μs
[20:34:54] [REI-ReloadPlugins/TRACE] [REI] [REIPlugin START] Reloading Section: "reloadable-plugin/RecipeManagerContextImpl/HideIngredientsFromTagsPlugin of HideIngredientsFromTagsPlugin [roughlyenoughitems]/"
[20:34:54] [REI-ReloadPlugins/TRACE] [REI] [REIPlugin START] Reloading Section: "reloadable-plugin/RecipeManagerContextImpl/HideIngredientsFromTagsPlugin of HideIngredientsFromTagsPlugin [roughlyenoughitems]/" done in 8.754 μs
[20:34:54] [REI-ReloadPlugins/TRACE] [REI] [REIPlugin START] Reloading Section: "reloadable-plugin/RecipeManagerContextImpl/DefaultClientRuntimePlugin of DefaultClientRuntimePlugin [roughlyenoughitems]/"
[20:34:54] [REI-ReloadPlugins/TRACE] [REI] [REIPlugin START] Reloading Section: "reloadable-plugin/RecipeManagerContextImpl/DefaultClientRuntimePlugin of DefaultClientRuntimePlugin [roughlyenoughitems]/" done in 12.76 μs
[20:34:54] [REI-ReloadPlugins/TRACE] [REI] [REIPlugin START] Reloading Section: "reloadable-plugin/RecipeManagerContextImpl/DefaultRuntimePlugin of DefaultRuntimePlugin [roughlyenoughitems]/"
[20:34:54] [REI-ReloadPlugins/TRACE] [REI] [REIPlugin START] Reloading Section: "reloadable-plugin/RecipeManagerContextImpl/DefaultRuntimePlugin of DefaultRuntimePlugin [roughlyenoughitems]/" done in 8.634 μs
[20:34:54] [REI-ReloadPlugins/TRACE] [REI] [REIPlugin START] Reloading Section: "reloadable-plugin/RecipeManagerContextImpl/REICompat of REICompat [supplementaries]/"
[20:34:54] [REI-ReloadPlugins/TRACE] [REI] [REIPlugin START] Reloading Section: "reloadable-plugin/RecipeManagerContextImpl/REICompat of REICompat [supplementaries]/" done in 8.999 μs
[20:34:54] [REI-ReloadPlugins/TRACE] [REI] [REIPlugin START] Reloading Section: "reloadable-plugin/RecipeManagerContextImpl/GTREIPlugin of GTREIPlugin [gtceu]/"
[20:34:54] [REI-ReloadPlugins/TRACE] [REI] [REIPlugin START] Reloading Section: "reloadable-plugin/RecipeManagerContextImpl/GTREIPlugin of GTREIPlugin [gtceu]/" done in 8.933 μs
[20:34:54] [REI-ReloadPlugins/TRACE] [REI] [REIPlugin START] Reloading Section: "reloadable-plugin/RecipeManagerContextImpl/FTBQuestsREIIntegrationForge of FTBQuestsREIIntegrationForge [ftbxmodcompat]/"
[20:34:54] [REI-ReloadPlugins/TRACE] [REI] [REIPlugin START] Reloading Section: "reloadable-plugin/RecipeManagerContextImpl/FTBQuestsREIIntegrationForge of FTBQuestsREIIntegrationForge [ftbxmodcompat]/" done in 8.894 μs
[20:34:54] [REI-ReloadPlugins/TRACE] [REI] [REIPlugin START] Reloading Section: "reloadable-plugin/RecipeManagerContextImpl/ExtendedAE of ExtendedAE [expatternprovider]/"
[20:34:54] [REI-ReloadPlugins/TRACE] [REI] [REIPlugin START] Reloading Section: "reloadable-plugin/RecipeManagerContextImpl/ExtendedAE of ExtendedAE [expatternprovider]/" done in 8.620 μs
[20:34:54] [REI-ReloadPlugins/TRACE] [REI] [REIPlugin START] Reloading Section: "reloadable-plugin/RecipeManagerContextImpl/FramedReiPlugin of FramedReiPlugin [framedblocks]/"
[20:34:54] [REI-ReloadPlugins/TRACE] [REI] [REIPlugin START] Reloading Section: "reloadable-plugin/RecipeManagerContextImpl/FramedReiPlugin of FramedReiPlugin [framedblocks]/" done in 8.620 μs
[20:34:54] [REI-ReloadPlugins/TRACE] [REI] [REIPlugin START] Reloading Section: "reloadable-plugin/RecipeManagerContextImpl/StorageReiClientPlugin of StorageReiClientPlugin [sophisticatedstorage]/"
[20:34:54] [REI-ReloadPlugins/TRACE] [REI] [REIPlugin START] Reloading Section: "reloadable-plugin/RecipeManagerContextImpl/StorageReiClientPlugin of StorageReiClientPlugin [sophisticatedstorage]/" done in 9.383 μs
[20:34:54] [REI-ReloadPlugins/TRACE] [REI] [REIPlugin START] Reloading Section: "reloadable-plugin/RecipeManagerContextImpl/BackpackReiClientPlugin of BackpackReiClientPlugin [sophisticatedbackpacks]/"
[20:34:54] [REI-ReloadPlugins/TRACE] [REI] [REIPlugin START] Reloading Section: "reloadable-plugin/RecipeManagerContextImpl/BackpackReiClientPlugin of BackpackReiClientPlugin [sophisticatedbackpacks]/" done in 8.542 μs
[20:34:54] [REI-ReloadPlugins/TRACE] [REI] [REIPlugin START] Reloading Section: "reloadable-plugin/RecipeManagerContextImpl/ReiIsDumbClientPlugin of ReiIsDumbClientPlugin [ad_astra]/"
[20:34:54] [REI-ReloadPlugins/TRACE] [REI] [REIPlugin START] Reloading Section: "reloadable-plugin/RecipeManagerContextImpl/ReiIsDumbClientPlugin of ReiIsDumbClientPlugin [ad_astra]/" done in 9.372 μs
[20:34:54] [REI-ReloadPlugins/TRACE] [REI] [REIPlugin START] Reloading Section: "reloadable-plugin/RecipeManagerContextImpl/almostunified.roughlyenoughitems of almostunified.roughlyenoughitems [almostunified]/"
[20:34:54] [REI-ReloadPlugins/TRACE] [REI] [REIPlugin START] Reloading Section: "reloadable-plugin/RecipeManagerContextImpl/almostunified.roughlyenoughitems of almostunified.roughlyenoughitems [almostunified]/" done in 10.67 μs
[20:34:54] [REI-ReloadPlugins/TRACE] [REI] [REIPlugin START] Reloading Section: "reloadable-plugin/RecipeManagerContextImpl/AdornReiClientForge of AdornReiClientForge [adorn]/"
[20:34:54] [REI-ReloadPlugins/TRACE] [REI] [REIPlugin START] Reloading Section: "reloadable-plugin/RecipeManagerContextImpl/AdornReiClientForge of AdornReiClientForge [adorn]/" done in 9.272 μs
[20:34:54] [REI-ReloadPlugins/TRACE] [REI] [REIPlugin START] Reloading Section: "reloadable-plugin/RecipeManagerContextImpl/REIPluginImpl of REIPluginImpl [ldlib]/"
[20:34:54] [REI-ReloadPlugins/TRACE] [REI] [REIPlugin START] Reloading Section: "reloadable-plugin/RecipeManagerContextImpl/REIPluginImpl of REIPluginImpl [ldlib]/" done in 9.595 μs
[20:34:54] [REI-ReloadPlugins/TRACE] [REI] [REIPlugin START] Reloading Section: "reloadable-plugin/RecipeManagerContextImpl/StorageReiCommonPlugin of StorageReiCommonPlugin [sophisticatedstorage]/"
[20:34:54] [REI-ReloadPlugins/TRACE] [REI] [REIPlugin START] Reloading Section: "reloadable-plugin/RecipeManagerContextImpl/StorageReiCommonPlugin of StorageReiCommonPlugin [sophisticatedstorage]/" done in 9.123 μs
[20:34:54] [REI-ReloadPlugins/TRACE] [REI] [REIPlugin START] Reloading Section: "reloadable-plugin/RecipeManagerContextImpl/ReiClientPlugin of ReiClientPlugin [craftingstation]/"
[20:34:54] [REI-ReloadPlugins/TRACE] [REI] [REIPlugin START] Reloading Section: "reloadable-plugin/RecipeManagerContextImpl/ReiClientPlugin of ReiClientPlugin [craftingstation]/" done in 8.843 μs
[20:34:54] [REI-ReloadPlugins/TRACE] [REI] [REIPlugin START] Reloading Section: "reloadable-plugin/RecipeManagerContextImpl/ReiPlugin of ReiPlugin [craftingstation]/"
[20:34:54] [REI-ReloadPlugins/TRACE] [REI] [REIPlugin START] Reloading Section: "reloadable-plugin/RecipeManagerContextImpl/ReiPlugin of ReiPlugin [craftingstation]/" done in 8.564 μs
[20:34:54] [REI-ReloadPlugins/TRACE] [REI] [REIPlugin START] Reloading Section: "reloadable-plugin/RecipeManagerContextImpl/REIForgePluginStub of REIForgePluginStub [ftblibrary]/"
[20:34:54] [REI-ReloadPlugins/TRACE] [REI] [REIPlugin START] Reloading Section: "reloadable-plugin/RecipeManagerContextImpl/REIForgePluginStub of REIForgePluginStub [ftblibrary]/" done in 9.605 μs
[20:34:54] [REI-ReloadPlugins/TRACE] [REI] [REIPlugin START] Reloading Section: "reloadable-plugin/RecipeManagerContextImpl/BackpackReiCommonPlugin of BackpackReiCommonPlugin [sophisticatedbackpacks]/"
[20:34:54] [REI-ReloadPlugins/TRACE] [REI] [REIPlugin START] Reloading Section: "reloadable-plugin/RecipeManagerContextImpl/BackpackReiCommonPlugin of BackpackReiCommonPlugin [sophisticatedbackpacks]/" done in 11.60 μs
[20:34:54] [REI-ReloadPlugins/TRACE] [REI] [REIPlugin START] Reloading Section: "reloadable-plugin/RecipeManagerContextImpl/CoreReiCommonPlugin of CoreReiCommonPlugin [sophisticatedcore]/"
[20:34:54] [REI-ReloadPlugins/TRACE] [REI] [REIPlugin START] Reloading Section: "reloadable-plugin/RecipeManagerContextImpl/CoreReiCommonPlugin of CoreReiCommonPlugin [sophisticatedcore]/" done in 8.829 μs
[20:34:54] [REI-ReloadPlugins/TRACE] [REI] [REIPlugin START] Reloading Section: "reloadable-plugin/RecipeManagerContextImpl/AdornReiServerForge of AdornReiServerForge [adorn]/"
[20:34:54] [REI-ReloadPlugins/TRACE] [REI] [REIPlugin START] Reloading Section: "reloadable-plugin/RecipeManagerContextImpl/AdornReiServerForge of AdornReiServerForge [adorn]/" done in 8.714 μs
[20:34:54] [REI-ReloadPlugins/TRACE] [REI] [REIPlugin START] Reloading Section: "reloadable-plugin/RecipeManagerContextImpl/AE2 of AE2 [ae2]/"
[20:34:54] [REI-ReloadPlugins/TRACE] [REI] [REIPlugin START] Reloading Section: "reloadable-plugin/RecipeManagerContextImpl/AE2 of AE2 [ae2]/" done in 16.46 μs
[20:34:54] [REI-ReloadPlugins/TRACE] [REI] [REIPlugin START] Reloading Section: "reloadable-plugin/RecipeManagerContextImpl/REIForgePluginStub of REIForgePluginStub [kubejs]/"
[20:34:54] [REI-ReloadPlugins/TRACE] [REI] [REIPlugin START] Reloading Section: "reloadable-plugin/RecipeManagerContextImpl/REIForgePluginStub of REIForgePluginStub [kubejs]/" done in 12.30 μs
[20:34:54] [REI-ReloadPlugins/TRACE] [REI] [REIPlugin START] Reloading Section: "reloadable-plugin/RecipeManagerContextImpl/" done in 585.2 μs
[20:34:54] [REI-ReloadPlugins/TRACE] [REI] [REIPlugin START] Reloading Section: "reloadable-plugin/ItemComparatorRegistryImpl/"
[20:34:54] [REI-ReloadPlugins/TRACE] [REI] [REIPlugin START] Reloading Section: "reloadable-plugin/ItemComparatorRegistryImpl/DefaultClientPluginImpl of DefaultClientPluginImpl [roughlyenoughitems]/"
[20:34:54] [REI-ReloadPlugins/TRACE] [REI] [REIPlugin START] Reloading Section: "reloadable-plugin/ItemComparatorRegistryImpl/DefaultClientPluginImpl of DefaultClientPluginImpl [roughlyenoughitems]/" done in 18.70 μs
[20:34:54] [REI-ReloadPlugins/TRACE] [REI] [REIPlugin START] Reloading Section: "reloadable-plugin/ItemComparatorRegistryImpl/DefaultPluginImpl of DefaultPluginImpl [roughlyenoughitems]/"
[20:34:54] [REI-ReloadPlugins/TRACE] [REI] [REIPlugin START] Reloading Section: "reloadable-plugin/ItemComparatorRegistryImpl/DefaultPluginImpl of DefaultPluginImpl [roughlyenoughitems]/" done in 998.6 μs
[20:34:54] [REI-ReloadPlugins/TRACE] [REI] [REIPlugin START] Reloading Section: "reloadable-plugin/ItemComparatorRegistryImpl/HideIngredientsFromTagsPlugin of HideIngredientsFromTagsPlugin [roughlyenoughitems]/"
[20:34:54] [REI-ReloadPlugins/TRACE] [REI] [REIPlugin START] Reloading Section: "reloadable-plugin/ItemComparatorRegistryImpl/HideIngredientsFromTagsPlugin of HideIngredientsFromTagsPlugin [roughlyenoughitems]/" done in 27.06 μs
[20:34:54] [REI-ReloadPlugins/TRACE] [REI] [REIPlugin START] Reloading Section: "reloadable-plugin/ItemComparatorRegistryImpl/DefaultClientRuntimePlugin of DefaultClientRuntimePlugin [roughlyenoughitems]/"
[20:34:54] [REI-ReloadPlugins/TRACE] [REI] [REIPlugin START] Reloading Section: "reloadable-plugin/ItemComparatorRegistryImpl/DefaultClientRuntimePlugin of DefaultClientRuntimePlugin [roughlyenoughitems]/" done in 12.67 μs
[20:34:54] [REI-ReloadPlugins/TRACE] [REI] [REIPlugin START] Reloading Section: "reloadable-plugin/ItemComparatorRegistryImpl/DefaultRuntimePlugin of DefaultRuntimePlugin [roughlyenoughitems]/"
[20:34:54] [REI-ReloadPlugins/TRACE] [REI] [REIPlugin START] Reloading Section: "reloadable-plugin/ItemComparatorRegistryImpl/DefaultRuntimePlugin of DefaultRuntimePlugin [roughlyenoughitems]/" done in 10.80 μs
[20:34:54] [REI-ReloadPlugins/TRACE] [REI] [REIPlugin START] Reloading Section: "reloadable-plugin/ItemComparatorRegistryImpl/REICompat of REICompat [supplementaries]/"
[20:34:54] [REI-ReloadPlugins/TRACE] [REI] [REIPlugin START] Reloading Section: "reloadable-plugin/ItemComparatorRegistryImpl/REICompat of REICompat [supplementaries]/" done in 10.15 μs
[20:34:54] [REI-ReloadPlugins/TRACE] [REI] [REIPlugin START] Reloading Section: "reloadable-plugin/ItemComparatorRegistryImpl/GTREIPlugin of GTREIPlugin [gtceu]/"
[20:34:54] [REI-ReloadPlugins/TRACE] [REI] [REIPlugin START] Reloading Section: "reloadable-plugin/ItemComparatorRegistryImpl/GTREIPlugin of GTREIPlugin [gtceu]/" done in 32.52 μs
[20:34:54] [REI-ReloadPlugins/TRACE] [REI] [REIPlugin START] Reloading Section: "reloadable-plugin/ItemComparatorRegistryImpl/FTBQuestsREIIntegrationForge of FTBQuestsREIIntegrationForge [ftbxmodcompat]/"
[20:34:54] [REI-ReloadPlugins/TRACE] [REI] [REIPlugin START] Reloading Section: "reloadable-plugin/ItemComparatorRegistryImpl/FTBQuestsREIIntegrationForge of FTBQuestsREIIntegrationForge [ftbxmodcompat]/" done in 10.43 μs
[20:34:54] [REI-ReloadPlugins/TRACE] [REI] [REIPlugin START] Reloading Section: "reloadable-plugin/ItemComparatorRegistryImpl/ExtendedAE of ExtendedAE [expatternprovider]/"
[20:34:54] [REI-ReloadPlugins/TRACE] [REI] [REIPlugin START] Reloading Section: "reloadable-plugin/ItemComparatorRegistryImpl/ExtendedAE of ExtendedAE [expatternprovider]/" done in 9.257 μs
[20:34:54] [REI-ReloadPlugins/TRACE] [REI] [REIPlugin START] Reloading Section: "reloadable-plugin/ItemComparatorRegistryImpl/FramedReiPlugin of FramedReiPlugin [framedblocks]/"
[20:34:54] [REI-ReloadPlugins/TRACE] [REI] [REIPlugin START] Reloading Section: "reloadable-plugin/ItemComparatorRegistryImpl/FramedReiPlugin of FramedReiPlugin [framedblocks]/" done in 9.011 μs
[20:34:54] [REI-ReloadPlugins/TRACE] [REI] [REIPlugin START] Reloading Section: "reloadable-plugin/ItemComparatorRegistryImpl/StorageReiClientPlugin of StorageReiClientPlugin [sophisticatedstorage]/"
[20:34:54] [REI-ReloadPlugins/TRACE] [REI] [REIPlugin START] Reloading Section: "reloadable-plugin/ItemComparatorRegistryImpl/StorageReiClientPlugin of StorageReiClientPlugin [sophisticatedstorage]/" done in 10.21 μs
[20:34:54] [REI-ReloadPlugins/TRACE] [REI] [REIPlugin START] Reloading Section: "reloadable-plugin/ItemComparatorRegistryImpl/BackpackReiClientPlugin of BackpackReiClientPlugin [sophisticatedbackpacks]/"
[20:34:54] [REI-ReloadPlugins/TRACE] [REI] [REIPlugin START] Reloading Section: "reloadable-plugin/ItemComparatorRegistryImpl/BackpackReiClientPlugin of BackpackReiClientPlugin [sophisticatedbackpacks]/" done in 8.822 μs
[20:34:54] [REI-ReloadPlugins/TRACE] [REI] [REIPlugin START] Reloading Section: "reloadable-plugin/ItemComparatorRegistryImpl/ReiIsDumbClientPlugin of ReiIsDumbClientPlugin [ad_astra]/"
[20:34:54] [REI-ReloadPlugins/TRACE] [REI] [REIPlugin START] Reloading Section: "reloadable-plugin/ItemComparatorRegistryImpl/ReiIsDumbClientPlugin of ReiIsDumbClientPlugin [ad_astra]/" done in 9.422 μs
[20:34:54] [REI-ReloadPlugins/TRACE] [REI] [REIPlugin START] Reloading Section: "reloadable-plugin/ItemComparatorRegistryImpl/almostunified.roughlyenoughitems of almostunified.roughlyenoughitems [almostunified]/"
[20:34:54] [REI-ReloadPlugins/TRACE] [REI] [REIPlugin START] Reloading Section: "reloadable-plugin/ItemComparatorRegistryImpl/almostunified.roughlyenoughitems of almostunified.roughlyenoughitems [almostunified]/" done in 9.562 μs
[20:34:54] [REI-ReloadPlugins/TRACE] [REI] [REIPlugin START] Reloading Section: "reloadable-plugin/ItemComparatorRegistryImpl/AdornReiClientForge of AdornReiClientForge [adorn]/"
[20:34:54] [REI-ReloadPlugins/TRACE] [REI] [REIPlugin START] Reloading Section: "reloadable-plugin/ItemComparatorRegistryImpl/AdornReiClientForge of AdornReiClientForge [adorn]/" done in 12.86 μs
[20:34:54] [REI-ReloadPlugins/TRACE] [REI] [REIPlugin START] Reloading Section: "reloadable-plugin/ItemComparatorRegistryImpl/REIPluginImpl of REIPluginImpl [ldlib]/"
[20:34:54] [REI-ReloadPlugins/TRACE] [REI] [REIPlugin START] Reloading Section: "reloadable-plugin/ItemComparatorRegistryImpl/REIPluginImpl of REIPluginImpl [ldlib]/" done in 9.330 μs
[20:34:54] [REI-ReloadPlugins/TRACE] [REI] [REIPlugin START] Reloading Section: "reloadable-plugin/ItemComparatorRegistryImpl/StorageReiCommonPlugin of StorageReiCommonPlugin [sophisticatedstorage]/"
[20:34:54] [REI-ReloadPlugins/TRACE] [REI] [REIPlugin START] Reloading Section: "reloadable-plugin/ItemComparatorRegistryImpl/StorageReiCommonPlugin of StorageReiCommonPlugin [sophisticatedstorage]/" done in 5.018 ms
[20:34:54] [REI-ReloadPlugins/TRACE] [REI] [REIPlugin START] Reloading Section: "reloadable-plugin/ItemComparatorRegistryImpl/ReiClientPlugin of ReiClientPlugin [craftingstation]/"
[20:34:54] [REI-ReloadPlugins/TRACE] [REI] [REIPlugin START] Reloading Section: "reloadable-plugin/ItemComparatorRegistryImpl/ReiClientPlugin of ReiClientPlugin [craftingstation]/" done in 35.63 μs
[20:34:54] [REI-ReloadPlugins/TRACE] [REI] [REIPlugin START] Reloading Section: "reloadable-plugin/ItemComparatorRegistryImpl/ReiPlugin of ReiPlugin [craftingstation]/"
[20:34:54] [REI-ReloadPlugins/TRACE] [REI] [REIPlugin START] Reloading Section: "reloadable-plugin/ItemComparatorRegistryImpl/ReiPlugin of ReiPlugin [craftingstation]/" done in 13.51 μs
[20:34:54] [REI-ReloadPlugins/TRACE] [REI] [REIPlugin START] Reloading Section: "reloadable-plugin/ItemComparatorRegistryImpl/REIForgePluginStub of REIForgePluginStub [ftblibrary]/"
[20:34:54] [REI-ReloadPlugins/TRACE] [REI] [REIPlugin START] Reloading Section: "reloadable-plugin/ItemComparatorRegistryImpl/REIForgePluginStub of REIForgePluginStub [ftblibrary]/" done in 21.09 μs
[20:34:54] [REI-ReloadPlugins/TRACE] [REI] [REIPlugin START] Reloading Section: "reloadable-plugin/ItemComparatorRegistryImpl/BackpackReiCommonPlugin of BackpackReiCommonPlugin [sophisticatedbackpacks]/"
[20:34:54] [REI-ReloadPlugins/TRACE] [REI] [REIPlugin START] Reloading Section: "reloadable-plugin/ItemComparatorRegistryImpl/BackpackReiCommonPlugin of BackpackReiCommonPlugin [sophisticatedbackpacks]/" done in 2.070 ms
[20:34:54] [REI-ReloadPlugins/TRACE] [REI] [REIPlugin START] Reloading Section: "reloadable-plugin/ItemComparatorRegistryImpl/CoreReiCommonPlugin of CoreReiCommonPlugin [sophisticatedcore]/"
[20:34:54] [REI-ReloadPlugins/TRACE] [REI] [REIPlugin START] Reloading Section: "reloadable-plugin/ItemComparatorRegistryImpl/CoreReiCommonPlugin of CoreReiCommonPlugin [sophisticatedcore]/" done in 27.01 μs
[20:34:54] [REI-ReloadPlugins/TRACE] [REI] [REIPlugin START] Reloading Section: "reloadable-plugin/ItemComparatorRegistryImpl/AdornReiServerForge of AdornReiServerForge [adorn]/"
[20:34:54] [REI-ReloadPlugins/TRACE] [REI] [REIPlugin START] Reloading Section: "reloadable-plugin/ItemComparatorRegistryImpl/AdornReiServerForge of AdornReiServerForge [adorn]/" done in 10.86 μs
[20:34:54] [REI-ReloadPlugins/TRACE] [REI] [REIPlugin START] Reloading Section: "reloadable-plugin/ItemComparatorRegistryImpl/AE2 of AE2 [ae2]/"
[20:34:54] [REI-ReloadPlugins/TRACE] [REI] [REIPlugin START] Reloading Section: "reloadable-plugin/ItemComparatorRegistryImpl/AE2 of AE2 [ae2]/" done in 22.41 μs
[20:34:54] [REI-ReloadPlugins/TRACE] [REI] [REIPlugin START] Reloading Section: "reloadable-plugin/ItemComparatorRegistryImpl/REIForgePluginStub of REIForgePluginStub [kubejs]/"
[20:34:54] [REI-ReloadPlugins/TRACE] [REI] [REIPlugin START] Reloading Section: "reloadable-plugin/ItemComparatorRegistryImpl/REIForgePluginStub of REIForgePluginStub [kubejs]/" done in 9.855 μs
[20:34:54] [REI-ReloadPlugins/TRACE] [REI] [REIPlugin START] Reloading Section: "reloadable-plugin/ItemComparatorRegistryImpl/" done in 9.238 ms
[20:34:54] [REI-ReloadPlugins/TRACE] [REI] [REIPlugin START] Reloading Section: "reloadable-plugin/FluidComparatorRegistryImpl/"
[20:34:54] [REI-ReloadPlugins/TRACE] [REI] [REIPlugin START] Reloading Section: "reloadable-plugin/FluidComparatorRegistryImpl/DefaultClientPluginImpl of DefaultClientPluginImpl [roughlyenoughitems]/"
[20:34:54] [REI-ReloadPlugins/TRACE] [REI] [REIPlugin START] Reloading Section: "reloadable-plugin/FluidComparatorRegistryImpl/DefaultClientPluginImpl of DefaultClientPluginImpl [roughlyenoughitems]/" done in 16.38 μs
[20:34:54] [REI-ReloadPlugins/TRACE] [REI] [REIPlugin START] Reloading Section: "reloadable-plugin/FluidComparatorRegistryImpl/DefaultPluginImpl of DefaultPluginImpl [roughlyenoughitems]/"
[20:34:54] [REI-ReloadPlugins/TRACE] [REI] [REIPlugin START] Reloading Section: "reloadable-plugin/FluidComparatorRegistryImpl/DefaultPluginImpl of DefaultPluginImpl [roughlyenoughitems]/" done in 9.282 μs
[20:34:54] [REI-ReloadPlugins/TRACE] [REI] [REIPlugin START] Reloading Section: "reloadable-plugin/FluidComparatorRegistryImpl/HideIngredientsFromTagsPlugin of HideIngredientsFromTagsPlugin [roughlyenoughitems]/"
[20:34:54] [REI-ReloadPlugins/TRACE] [REI] [REIPlugin START] Reloading Section: "reloadable-plugin/FluidComparatorRegistryImpl/HideIngredientsFromTagsPlugin of HideIngredientsFromTagsPlugin [roughlyenoughitems]/" done in 8.574 μs
[20:34:54] [REI-ReloadPlugins/TRACE] [REI] [REIPlugin START] Reloading Section: "reloadable-plugin/FluidComparatorRegistryImpl/DefaultClientRuntimePlugin of DefaultClientRuntimePlugin [roughlyenoughitems]/"
[20:34:54] [REI-ReloadPlugins/TRACE] [REI] [REIPlugin START] Reloading Section: "reloadable-plugin/FluidComparatorRegistryImpl/DefaultClientRuntimePlugin of DefaultClientRuntimePlugin [roughlyenoughitems]/" done in 8.428 μs
[20:34:54] [REI-ReloadPlugins/TRACE] [REI] [REIPlugin START] Reloading Section: "reloadable-plugin/FluidComparatorRegistryImpl/DefaultRuntimePlugin of DefaultRuntimePlugin [roughlyenoughitems]/"
[20:34:54] [REI-ReloadPlugins/TRACE] [REI] [REIPlugin START] Reloading Section: "reloadable-plugin/FluidComparatorRegistryImpl/DefaultRuntimePlugin of DefaultRuntimePlugin [roughlyenoughitems]/" done in 8.741 μs
[20:34:54] [REI-ReloadPlugins/TRACE] [REI] [REIPlugin START] Reloading Section: "reloadable-plugin/FluidComparatorRegistryImpl/REICompat of REICompat [supplementaries]/"
[20:34:54] [REI-ReloadPlugins/TRACE] [REI] [REIPlugin START] Reloading Section: "reloadable-plugin/FluidComparatorRegistryImpl/REICompat of REICompat [supplementaries]/" done in 8.462 μs
[20:34:54] [REI-ReloadPlugins/TRACE] [REI] [REIPlugin START] Reloading Section: "reloadable-plugin/FluidComparatorRegistryImpl/GTREIPlugin of GTREIPlugin [gtceu]/"
[20:34:54] [REI-ReloadPlugins/TRACE] [REI] [REIPlugin START] Reloading Section: "reloadable-plugin/FluidComparatorRegistryImpl/GTREIPlugin of GTREIPlugin [gtceu]/" done in 58.65 μs
[20:34:54] [REI-ReloadPlugins/TRACE] [REI] [REIPlugin START] Reloading Section: "reloadable-plugin/FluidComparatorRegistryImpl/FTBQuestsREIIntegrationForge of FTBQuestsREIIntegrationForge [ftbxmodcompat]/"
[20:34:54] [REI-ReloadPlugins/TRACE] [REI] [REIPlugin START] Reloading Section: "reloadable-plugin/FluidComparatorRegistryImpl/FTBQuestsREIIntegrationForge of FTBQuestsREIIntegrationForge [ftbxmodcompat]/" done in 9.641 μs
[20:34:54] [REI-ReloadPlugins/TRACE] [REI] [REIPlugin START] Reloading Section: "reloadable-plugin/FluidComparatorRegistryImpl/ExtendedAE of ExtendedAE [expatternprovider]/"
[20:34:54] [REI-ReloadPlugins/TRACE] [REI] [REIPlugin START] Reloading Section: "reloadable-plugin/FluidComparatorRegistryImpl/ExtendedAE of ExtendedAE [expatternprovider]/" done in 8.583 μs
[20:34:54] [REI-ReloadPlugins/TRACE] [REI] [REIPlugin START] Reloading Section: "reloadable-plugin/FluidComparatorRegistryImpl/FramedReiPlugin of FramedReiPlugin [framedblocks]/"
[20:34:54] [REI-ReloadPlugins/TRACE] [REI] [REIPlugin START] Reloading Section: "reloadable-plugin/FluidComparatorRegistryImpl/FramedReiPlugin of FramedReiPlugin [framedblocks]/" done in 8.282 μs
[20:34:54] [REI-ReloadPlugins/TRACE] [REI] [REIPlugin START] Reloading Section: "reloadable-plugin/FluidComparatorRegistryImpl/StorageReiClientPlugin of StorageReiClientPlugin [sophisticatedstorage]/"
[20:34:54] [REI-ReloadPlugins/TRACE] [REI] [REIPlugin START] Reloading Section: "reloadable-plugin/FluidComparatorRegistryImpl/StorageReiClientPlugin of StorageReiClientPlugin [sophisticatedstorage]/" done in 8.999 μs
[20:34:54] [REI-ReloadPlugins/TRACE] [REI] [REIPlugin START] Reloading Section: "reloadable-plugin/FluidComparatorRegistryImpl/BackpackReiClientPlugin of BackpackReiClientPlugin [sophisticatedbackpacks]/"
[20:34:54] [REI-ReloadPlugins/TRACE] [REI] [REIPlugin START] Reloading Section: "reloadable-plugin/FluidComparatorRegistryImpl/BackpackReiClientPlugin of BackpackReiClientPlugin [sophisticatedbackpacks]/" done in 8.295 μs
[20:34:54] [REI-ReloadPlugins/TRACE] [REI] [REIPlugin START] Reloading Section: "reloadable-plugin/FluidComparatorRegistryImpl/ReiIsDumbClientPlugin of ReiIsDumbClientPlugin [ad_astra]/"
[20:34:54] [REI-ReloadPlugins/TRACE] [REI] [REIPlugin START] Reloading Section: "reloadable-plugin/FluidComparatorRegistryImpl/ReiIsDumbClientPlugin of ReiIsDumbClientPlugin [ad_astra]/" done in 9.127 μs
[20:34:54] [REI-ReloadPlugins/TRACE] [REI] [REIPlugin START] Reloading Section: "reloadable-plugin/FluidComparatorRegistryImpl/almostunified.roughlyenoughitems of almostunified.roughlyenoughitems [almostunified]/"
[20:34:54] [REI-ReloadPlugins/TRACE] [REI] [REIPlugin START] Reloading Section: "reloadable-plugin/FluidComparatorRegistryImpl/almostunified.roughlyenoughitems of almostunified.roughlyenoughitems [almostunified]/" done in 8.911 μs
[20:34:54] [REI-ReloadPlugins/TRACE] [REI] [REIPlugin START] Reloading Section: "reloadable-plugin/FluidComparatorRegistryImpl/AdornReiClientForge of AdornReiClientForge [adorn]/"
[20:34:54] [REI-ReloadPlugins/TRACE] [REI] [REIPlugin START] Reloading Section: "reloadable-plugin/FluidComparatorRegistryImpl/AdornReiClientForge of AdornReiClientForge [adorn]/" done in 8.429 μs
[20:34:54] [REI-ReloadPlugins/TRACE] [REI] [REIPlugin START] Reloading Section: "reloadable-plugin/FluidComparatorRegistryImpl/REIPluginImpl of REIPluginImpl [ldlib]/"
[20:34:54] [REI-ReloadPlugins/TRACE] [REI] [REIPlugin START] Reloading Section: "reloadable-plugin/FluidComparatorRegistryImpl/REIPluginImpl of REIPluginImpl [ldlib]/" done in 12.20 μs
[20:34:54] [REI-ReloadPlugins/TRACE] [REI] [REIPlugin START] Reloading Section: "reloadable-plugin/FluidComparatorRegistryImpl/StorageReiCommonPlugin of StorageReiCommonPlugin [sophisticatedstorage]/"
[20:34:54] [REI-ReloadPlugins/TRACE] [REI] [REIPlugin START] Reloading Section: "reloadable-plugin/FluidComparatorRegistryImpl/StorageReiCommonPlugin of StorageReiCommonPlugin [sophisticatedstorage]/" done in 8.895 μs
[20:34:54] [REI-ReloadPlugins/TRACE] [REI] [REIPlugin START] Reloading Section: "reloadable-plugin/FluidComparatorRegistryImpl/ReiClientPlugin of ReiClientPlugin [craftingstation]/"
[20:34:54] [REI-ReloadPlugins/TRACE] [REI] [REIPlugin START] Reloading Section: "reloadable-plugin/FluidComparatorRegistryImpl/ReiClientPlugin of ReiClientPlugin [craftingstation]/" done in 8.221 μs
[20:34:54] [REI-ReloadPlugins/TRACE] [REI] [REIPlugin START] Reloading Section: "reloadable-plugin/FluidComparatorRegistryImpl/ReiPlugin of ReiPlugin [craftingstation]/"
[20:34:54] [REI-ReloadPlugins/TRACE] [REI] [REIPlugin START] Reloading Section: "reloadable-plugin/FluidComparatorRegistryImpl/ReiPlugin of ReiPlugin [craftingstation]/" done in 8.188 μs
[20:34:54] [REI-ReloadPlugins/TRACE] [REI] [REIPlugin START] Reloading Section: "reloadable-plugin/FluidComparatorRegistryImpl/REIForgePluginStub of REIForgePluginStub [ftblibrary]/"
[20:34:54] [REI-ReloadPlugins/TRACE] [REI] [REIPlugin START] Reloading Section: "reloadable-plugin/FluidComparatorRegistryImpl/REIForgePluginStub of REIForgePluginStub [ftblibrary]/" done in 9.240 μs
[20:34:54] [REI-ReloadPlugins/TRACE] [REI] [REIPlugin START] Reloading Section: "reloadable-plugin/FluidComparatorRegistryImpl/BackpackReiCommonPlugin of BackpackReiCommonPlugin [sophisticatedbackpacks]/"
[20:34:54] [REI-ReloadPlugins/TRACE] [REI] [REIPlugin START] Reloading Section: "reloadable-plugin/FluidComparatorRegistryImpl/BackpackReiCommonPlugin of BackpackReiCommonPlugin [sophisticatedbackpacks]/" done in 8.509 μs
[20:34:54] [REI-ReloadPlugins/TRACE] [REI] [REIPlugin START] Reloading Section: "reloadable-plugin/FluidComparatorRegistryImpl/CoreReiCommonPlugin of CoreReiCommonPlugin [sophisticatedcore]/"
[20:34:54] [REI-ReloadPlugins/TRACE] [REI] [REIPlugin START] Reloading Section: "reloadable-plugin/FluidComparatorRegistryImpl/CoreReiCommonPlugin of CoreReiCommonPlugin [sophisticatedcore]/" done in 11.98 μs
[20:34:54] [REI-ReloadPlugins/TRACE] [REI] [REIPlugin START] Reloading Section: "reloadable-plugin/FluidComparatorRegistryImpl/AdornReiServerForge of AdornReiServerForge [adorn]/"
[20:34:54] [REI-ReloadPlugins/TRACE] [REI] [REIPlugin START] Reloading Section: "reloadable-plugin/FluidComparatorRegistryImpl/AdornReiServerForge of AdornReiServerForge [adorn]/" done in 7.983 μs
[20:34:54] [REI-ReloadPlugins/TRACE] [REI] [REIPlugin START] Reloading Section: "reloadable-plugin/FluidComparatorRegistryImpl/AE2 of AE2 [ae2]/"
[20:34:54] [REI-ReloadPlugins/TRACE] [REI] [REIPlugin START] Reloading Section: "reloadable-plugin/FluidComparatorRegistryImpl/AE2 of AE2 [ae2]/" done in 16.49 μs
[20:34:54] [REI-ReloadPlugins/TRACE] [REI] [REIPlugin START] Reloading Section: "reloadable-plugin/FluidComparatorRegistryImpl/REIForgePluginStub of REIForgePluginStub [kubejs]/"
[20:34:54] [REI-ReloadPlugins/TRACE] [REI] [REIPlugin START] Reloading Section: "reloadable-plugin/FluidComparatorRegistryImpl/REIForgePluginStub of REIForgePluginStub [kubejs]/" done in 8.838 μs
[20:34:54] [REI-ReloadPlugins/TRACE] [REI] [REIPlugin START] Reloading Section: "reloadable-plugin/FluidComparatorRegistryImpl/" done in 641.8 μs
[20:34:54] [REI-ReloadPlugins/TRACE] [REI] [REIPlugin START] Reloading Section: "reloadable-plugin/DisplaySerializerRegistryImpl/"
[20:34:54] [REI-ReloadPlugins/TRACE] [REI] [REIPlugin START] Reloading Section: "reloadable-plugin/DisplaySerializerRegistryImpl/DefaultClientPluginImpl of DefaultClientPluginImpl [roughlyenoughitems]/"
[20:34:54] [REI-ReloadPlugins/TRACE] [REI] [REIPlugin START] Reloading Section: "reloadable-plugin/DisplaySerializerRegistryImpl/DefaultClientPluginImpl of DefaultClientPluginImpl [roughlyenoughitems]/" done in 9.839 μs
[20:34:54] [REI-ReloadPlugins/TRACE] [REI] [REIPlugin START] Reloading Section: "reloadable-plugin/DisplaySerializerRegistryImpl/DefaultPluginImpl of DefaultPluginImpl [roughlyenoughitems]/"
[20:34:54] [REI-ReloadPlugins/TRACE] [REI] [REIPlugin START] Reloading Section: "reloadable-plugin/DisplaySerializerRegistryImpl/DefaultPluginImpl of DefaultPluginImpl [roughlyenoughitems]/" done in 8.249 μs
[20:34:54] [REI-ReloadPlugins/TRACE] [REI] [REIPlugin START] Reloading Section: "reloadable-plugin/DisplaySerializerRegistryImpl/HideIngredientsFromTagsPlugin of HideIngredientsFromTagsPlugin [roughlyenoughitems]/"
[20:34:54] [REI-ReloadPlugins/TRACE] [REI] [REIPlugin START] Reloading Section: "reloadable-plugin/DisplaySerializerRegistryImpl/HideIngredientsFromTagsPlugin of HideIngredientsFromTagsPlugin [roughlyenoughitems]/" done in 99.88 μs
[20:34:54] [REI-ReloadPlugins/TRACE] [REI] [REIPlugin START] Reloading Section: "reloadable-plugin/DisplaySerializerRegistryImpl/DefaultClientRuntimePlugin of DefaultClientRuntimePlugin [roughlyenoughitems]/"
[20:34:54] [REI-ReloadPlugins/TRACE] [REI] [REIPlugin START] Reloading Section: "reloadable-plugin/DisplaySerializerRegistryImpl/DefaultClientRuntimePlugin of DefaultClientRuntimePlugin [roughlyenoughitems]/" done in 10.61 μs
[20:34:54] [REI-ReloadPlugins/TRACE] [REI] [REIPlugin START] Reloading Section: "reloadable-plugin/DisplaySerializerRegistryImpl/DefaultRuntimePlugin of DefaultRuntimePlugin [roughlyenoughitems]/"
[20:34:54] [REI-ReloadPlugins/TRACE] [REI] [REIPlugin START] Reloading Section: "reloadable-plugin/DisplaySerializerRegistryImpl/DefaultRuntimePlugin of DefaultRuntimePlugin [roughlyenoughitems]/" done in 8.076 μs
[20:34:54] [REI-ReloadPlugins/TRACE] [REI] [REIPlugin START] Reloading Section: "reloadable-plugin/DisplaySerializerRegistryImpl/REICompat of REICompat [supplementaries]/"
[20:34:54] [REI-ReloadPlugins/TRACE] [REI] [REIPlugin START] Reloading Section: "reloadable-plugin/DisplaySerializerRegistryImpl/REICompat of REICompat [supplementaries]/" done in 8.548 μs
[20:34:54] [REI-ReloadPlugins/TRACE] [REI] [REIPlugin START] Reloading Section: "reloadable-plugin/DisplaySerializerRegistryImpl/GTREIPlugin of GTREIPlugin [gtceu]/"
[20:34:54] [REI-ReloadPlugins/TRACE] [REI] [REIPlugin START] Reloading Section: "reloadable-plugin/DisplaySerializerRegistryImpl/GTREIPlugin of GTREIPlugin [gtceu]/" done in 8.322 μs
[20:34:54] [REI-ReloadPlugins/TRACE] [REI] [REIPlugin START] Reloading Section: "reloadable-plugin/DisplaySerializerRegistryImpl/FTBQuestsREIIntegrationForge of FTBQuestsREIIntegrationForge [ftbxmodcompat]/"
[20:34:54] [REI-ReloadPlugins/TRACE] [REI] [REIPlugin START] Reloading Section: "reloadable-plugin/DisplaySerializerRegistryImpl/FTBQuestsREIIntegrationForge of FTBQuestsREIIntegrationForge [ftbxmodcompat]/" done in 8.754 μs
[20:34:54] [REI-ReloadPlugins/TRACE] [REI] [REIPlugin START] Reloading Section: "reloadable-plugin/DisplaySerializerRegistryImpl/ExtendedAE of ExtendedAE [expatternprovider]/"
[20:34:54] [REI-ReloadPlugins/TRACE] [REI] [REIPlugin START] Reloading Section: "reloadable-plugin/DisplaySerializerRegistryImpl/ExtendedAE of ExtendedAE [expatternprovider]/" done in 8.299 μs
[20:34:54] [REI-ReloadPlugins/TRACE] [REI] [REIPlugin START] Reloading Section: "reloadable-plugin/DisplaySerializerRegistryImpl/FramedReiPlugin of FramedReiPlugin [framedblocks]/"
[20:34:54] [REI-ReloadPlugins/TRACE] [REI] [REIPlugin START] Reloading Section: "reloadable-plugin/DisplaySerializerRegistryImpl/FramedReiPlugin of FramedReiPlugin [framedblocks]/" done in 8.504 μs
[20:34:54] [REI-ReloadPlugins/TRACE] [REI] [REIPlugin START] Reloading Section: "reloadable-plugin/DisplaySerializerRegistryImpl/StorageReiClientPlugin of StorageReiClientPlugin [sophisticatedstorage]/"
[20:34:54] [REI-ReloadPlugins/TRACE] [REI] [REIPlugin START] Reloading Section: "reloadable-plugin/DisplaySerializerRegistryImpl/StorageReiClientPlugin of StorageReiClientPlugin [sophisticatedstorage]/" done in 12.78 μs
[20:34:54] [REI-ReloadPlugins/TRACE] [REI] [REIPlugin START] Reloading Section: "reloadable-plugin/DisplaySerializerRegistryImpl/BackpackReiClientPlugin of BackpackReiClientPlugin [sophisticatedbackpacks]/"
[20:34:54] [REI-ReloadPlugins/TRACE] [REI] [REIPlugin START] Reloading Section: "reloadable-plugin/DisplaySerializerRegistryImpl/BackpackReiClientPlugin of BackpackReiClientPlugin [sophisticatedbackpacks]/" done in 8.684 μs
[20:34:54] [REI-ReloadPlugins/TRACE] [REI] [REIPlugin START] Reloading Section: "reloadable-plugin/DisplaySerializerRegistryImpl/ReiIsDumbClientPlugin of ReiIsDumbClientPlugin [ad_astra]/"
[20:34:54] [REI-ReloadPlugins/TRACE] [REI] [REIPlugin START] Reloading Section: "reloadable-plugin/DisplaySerializerRegistryImpl/ReiIsDumbClientPlugin of ReiIsDumbClientPlugin [ad_astra]/" done in 9.070 μs
[20:34:54] [REI-ReloadPlugins/TRACE] [REI] [REIPlugin START] Reloading Section: "reloadable-plugin/DisplaySerializerRegistryImpl/almostunified.roughlyenoughitems of almostunified.roughlyenoughitems [almostunified]/"
[20:34:54] [REI-ReloadPlugins/TRACE] [REI] [REIPlugin START] Reloading Section: "reloadable-plugin/DisplaySerializerRegistryImpl/almostunified.roughlyenoughitems of almostunified.roughlyenoughitems [almostunified]/" done in 9.157 μs
[20:34:54] [REI-ReloadPlugins/TRACE] [REI] [REIPlugin START] Reloading Section: "reloadable-plugin/DisplaySerializerRegistryImpl/AdornReiClientForge of AdornReiClientForge [adorn]/"
[20:34:54] [REI-ReloadPlugins/TRACE] [REI] [REIPlugin START] Reloading Section: "reloadable-plugin/DisplaySerializerRegistryImpl/AdornReiClientForge of AdornReiClientForge [adorn]/" done in 8.520 μs
[20:34:54] [REI-ReloadPlugins/TRACE] [REI] [REIPlugin START] Reloading Section: "reloadable-plugin/DisplaySerializerRegistryImpl/REIPluginImpl of REIPluginImpl [ldlib]/"
[20:34:54] [REI-ReloadPlugins/TRACE] [REI] [REIPlugin START] Reloading Section: "reloadable-plugin/DisplaySerializerRegistryImpl/REIPluginImpl of REIPluginImpl [ldlib]/" done in 8.838 μs
[20:34:54] [REI-ReloadPlugins/TRACE] [REI] [REIPlugin START] Reloading Section: "reloadable-plugin/DisplaySerializerRegistryImpl/StorageReiCommonPlugin of StorageReiCommonPlugin [sophisticatedstorage]/"
[20:34:54] [REI-ReloadPlugins/TRACE] [REI] [REIPlugin START] Reloading Section: "reloadable-plugin/DisplaySerializerRegistryImpl/StorageReiCommonPlugin of StorageReiCommonPlugin [sophisticatedstorage]/" done in 11.80 μs
[20:34:54] [REI-ReloadPlugins/TRACE] [REI] [REIPlugin START] Reloading Section: "reloadable-plugin/DisplaySerializerRegistryImpl/ReiClientPlugin of ReiClientPlugin [craftingstation]/"
[20:34:54] [REI-ReloadPlugins/TRACE] [REI] [REIPlugin START] Reloading Section: "reloadable-plugin/DisplaySerializerRegistryImpl/ReiClientPlugin of ReiClientPlugin [craftingstation]/" done in 8.379 μs
[20:34:54] [REI-ReloadPlugins/TRACE] [REI] [REIPlugin START] Reloading Section: "reloadable-plugin/DisplaySerializerRegistryImpl/ReiPlugin of ReiPlugin [craftingstation]/"
[20:34:54] [REI-ReloadPlugins/TRACE] [REI] [REIPlugin START] Reloading Section: "reloadable-plugin/DisplaySerializerRegistryImpl/ReiPlugin of ReiPlugin [craftingstation]/" done in 8.293 μs
[20:34:54] [REI-ReloadPlugins/TRACE] [REI] [REIPlugin START] Reloading Section: "reloadable-plugin/DisplaySerializerRegistryImpl/REIForgePluginStub of REIForgePluginStub [ftblibrary]/"
[20:34:54] [REI-ReloadPlugins/TRACE] [REI] [REIPlugin START] Reloading Section: "reloadable-plugin/DisplaySerializerRegistryImpl/REIForgePluginStub of REIForgePluginStub [ftblibrary]/" done in 9.008 μs
[20:34:54] [REI-ReloadPlugins/TRACE] [REI] [REIPlugin START] Reloading Section: "reloadable-plugin/DisplaySerializerRegistryImpl/BackpackReiCommonPlugin of BackpackReiCommonPlugin [sophisticatedbackpacks]/"
[20:34:54] [REI-ReloadPlugins/TRACE] [REI] [REIPlugin START] Reloading Section: "reloadable-plugin/DisplaySerializerRegistryImpl/BackpackReiCommonPlugin of BackpackReiCommonPlugin [sophisticatedbackpacks]/" done in 8.355 μs
[20:34:54] [REI-ReloadPlugins/TRACE] [REI] [REIPlugin START] Reloading Section: "reloadable-plugin/DisplaySerializerRegistryImpl/CoreReiCommonPlugin of CoreReiCommonPlugin [sophisticatedcore]/"
[20:34:54] [REI-ReloadPlugins/TRACE] [REI] [REIPlugin START] Reloading Section: "reloadable-plugin/DisplaySerializerRegistryImpl/CoreReiCommonPlugin of CoreReiCommonPlugin [sophisticatedcore]/" done in 8.439 μs
[20:34:54] [REI-ReloadPlugins/TRACE] [REI] [REIPlugin START] Reloading Section: "reloadable-plugin/DisplaySerializerRegistryImpl/AdornReiServerForge of AdornReiServerForge [adorn]/"
[20:34:54] [REI-ReloadPlugins/TRACE] [REI] [REIPlugin START] Reloading Section: "reloadable-plugin/DisplaySerializerRegistryImpl/AdornReiServerForge of AdornReiServerForge [adorn]/" done in 8.172 μs
[20:34:54] [REI-ReloadPlugins/TRACE] [REI] [REIPlugin START] Reloading Section: "reloadable-plugin/DisplaySerializerRegistryImpl/AE2 of AE2 [ae2]/"
[20:34:54] [REI-ReloadPlugins/TRACE] [REI] [REIPlugin START] Reloading Section: "reloadable-plugin/DisplaySerializerRegistryImpl/AE2 of AE2 [ae2]/" done in 15.91 μs
[20:34:54] [REI-ReloadPlugins/TRACE] [REI] [REIPlugin START] Reloading Section: "reloadable-plugin/DisplaySerializerRegistryImpl/REIForgePluginStub of REIForgePluginStub [kubejs]/"
[20:34:54] [REI-ReloadPlugins/TRACE] [REI] [REIPlugin START] Reloading Section: "reloadable-plugin/DisplaySerializerRegistryImpl/REIForgePluginStub of REIForgePluginStub [kubejs]/" done in 8.746 μs
[20:34:54] [REI-ReloadPlugins/TRACE] [REI] [REIPlugin START] Reloading Section: "reloadable-plugin/DisplaySerializerRegistryImpl/" done in 685.6 μs
[20:34:54] [REI-ReloadPlugins/TRACE] [REI] [REIPlugin START] Reloading Section: "reloadable-plugin/FluidSupportProviderImpl/"
[20:34:54] [REI-ReloadPlugins/TRACE] [REI] [REIPlugin START] Reloading Section: "reloadable-plugin/FluidSupportProviderImpl/DefaultClientPluginImpl of DefaultClientPluginImpl [roughlyenoughitems]/"
[20:34:54] [REI-ReloadPlugins/TRACE] [REI] [REIPlugin START] Reloading Section: "reloadable-plugin/FluidSupportProviderImpl/DefaultClientPluginImpl of DefaultClientPluginImpl [roughlyenoughitems]/" done in 14.43 μs
[20:34:54] [REI-ReloadPlugins/TRACE] [REI] [REIPlugin START] Reloading Section: "reloadable-plugin/FluidSupportProviderImpl/DefaultPluginImpl of DefaultPluginImpl [roughlyenoughitems]/"
[20:34:54] [REI-ReloadPlugins/TRACE] [REI] [REIPlugin START] Reloading Section: "reloadable-plugin/FluidSupportProviderImpl/DefaultPluginImpl of DefaultPluginImpl [roughlyenoughitems]/" done in 624.4 μs
[20:34:54] [REI-ReloadPlugins/TRACE] [REI] [REIPlugin START] Reloading Section: "reloadable-plugin/FluidSupportProviderImpl/HideIngredientsFromTagsPlugin of HideIngredientsFromTagsPlugin [roughlyenoughitems]/"
[20:34:54] [REI-ReloadPlugins/TRACE] [REI] [REIPlugin START] Reloading Section: "reloadable-plugin/FluidSupportProviderImpl/HideIngredientsFromTagsPlugin of HideIngredientsFromTagsPlugin [roughlyenoughitems]/" done in 20.99 μs
[20:34:54] [REI-ReloadPlugins/TRACE] [REI] [REIPlugin START] Reloading Section: "reloadable-plugin/FluidSupportProviderImpl/DefaultClientRuntimePlugin of DefaultClientRuntimePlugin [roughlyenoughitems]/"
[20:34:54] [REI-ReloadPlugins/TRACE] [REI] [REIPlugin START] Reloading Section: "reloadable-plugin/FluidSupportProviderImpl/DefaultClientRuntimePlugin of DefaultClientRuntimePlugin [roughlyenoughitems]/" done in 11.12 μs
[20:34:54] [REI-ReloadPlugins/TRACE] [REI] [REIPlugin START] Reloading Section: "reloadable-plugin/FluidSupportProviderImpl/DefaultRuntimePlugin of DefaultRuntimePlugin [roughlyenoughitems]/"
[20:34:54] [REI-ReloadPlugins/TRACE] [REI] [REIPlugin START] Reloading Section: "reloadable-plugin/FluidSupportProviderImpl/DefaultRuntimePlugin of DefaultRuntimePlugin [roughlyenoughitems]/" done in 9.580 μs
[20:34:54] [REI-ReloadPlugins/TRACE] [REI] [REIPlugin START] Reloading Section: "reloadable-plugin/FluidSupportProviderImpl/REICompat of REICompat [supplementaries]/"
[20:34:54] [REI-ReloadPlugins/TRACE] [REI] [REIPlugin START] Reloading Section: "reloadable-plugin/FluidSupportProviderImpl/REICompat of REICompat [supplementaries]/" done in 11.36 μs
[20:34:54] [REI-ReloadPlugins/TRACE] [REI] [REIPlugin START] Reloading Section: "reloadable-plugin/FluidSupportProviderImpl/GTREIPlugin of GTREIPlugin [gtceu]/"
[20:34:54] [REI-ReloadPlugins/TRACE] [REI] [REIPlugin START] Reloading Section: "reloadable-plugin/FluidSupportProviderImpl/GTREIPlugin of GTREIPlugin [gtceu]/" done in 9.455 μs
[20:34:54] [REI-ReloadPlugins/TRACE] [REI] [REIPlugin START] Reloading Section: "reloadable-plugin/FluidSupportProviderImpl/FTBQuestsREIIntegrationForge of FTBQuestsREIIntegrationForge [ftbxmodcompat]/"
[20:34:54] [REI-ReloadPlugins/TRACE] [REI] [REIPlugin START] Reloading Section: "reloadable-plugin/FluidSupportProviderImpl/FTBQuestsREIIntegrationForge of FTBQuestsREIIntegrationForge [ftbxmodcompat]/" done in 10.02 μs
[20:34:54] [REI-ReloadPlugins/TRACE] [REI] [REIPlugin START] Reloading Section: "reloadable-plugin/FluidSupportProviderImpl/ExtendedAE of ExtendedAE [expatternprovider]/"
[20:34:54] [REI-ReloadPlugins/TRACE] [REI] [REIPlugin START] Reloading Section: "reloadable-plugin/FluidSupportProviderImpl/ExtendedAE of ExtendedAE [expatternprovider]/" done in 8.524 μs
[20:34:54] [REI-ReloadPlugins/TRACE] [REI] [REIPlugin START] Reloading Section: "reloadable-plugin/FluidSupportProviderImpl/FramedReiPlugin of FramedReiPlugin [framedblocks]/"
[20:34:54] [REI-ReloadPlugins/TRACE] [REI] [REIPlugin START] Reloading Section: "reloadable-plugin/FluidSupportProviderImpl/FramedReiPlugin of FramedReiPlugin [framedblocks]/" done in 9.940 μs
[20:34:54] [REI-ReloadPlugins/TRACE] [REI] [REIPlugin START] Reloading Section: "reloadable-plugin/FluidSupportProviderImpl/StorageReiClientPlugin of StorageReiClientPlugin [sophisticatedstorage]/"
[20:34:54] [REI-ReloadPlugins/TRACE] [REI] [REIPlugin START] Reloading Section: "reloadable-plugin/FluidSupportProviderImpl/StorageReiClientPlugin of StorageReiClientPlugin [sophisticatedstorage]/" done in 8.724 μs
[20:34:54] [REI-ReloadPlugins/TRACE] [REI] [REIPlugin START] Reloading Section: "reloadable-plugin/FluidSupportProviderImpl/BackpackReiClientPlugin of BackpackReiClientPlugin [sophisticatedbackpacks]/"
[20:34:54] [REI-ReloadPlugins/TRACE] [REI] [REIPlugin START] Reloading Section: "reloadable-plugin/FluidSupportProviderImpl/BackpackReiClientPlugin of BackpackReiClientPlugin [sophisticatedbackpacks]/" done in 14.18 μs
[20:34:54] [REI-ReloadPlugins/TRACE] [REI] [REIPlugin START] Reloading Section: "reloadable-plugin/FluidSupportProviderImpl/ReiIsDumbClientPlugin of ReiIsDumbClientPlugin [ad_astra]/"
[20:34:54] [REI-ReloadPlugins/TRACE] [REI] [REIPlugin START] Reloading Section: "reloadable-plugin/FluidSupportProviderImpl/ReiIsDumbClientPlugin of ReiIsDumbClientPlugin [ad_astra]/" done in 14.65 μs
[20:34:54] [REI-ReloadPlugins/TRACE] [REI] [REIPlugin START] Reloading Section: "reloadable-plugin/FluidSupportProviderImpl/almostunified.roughlyenoughitems of almostunified.roughlyenoughitems [almostunified]/"
[20:34:54] [REI-ReloadPlugins/TRACE] [REI] [REIPlugin START] Reloading Section: "reloadable-plugin/FluidSupportProviderImpl/almostunified.roughlyenoughitems of almostunified.roughlyenoughitems [almostunified]/" done in 8.806 μs
[20:34:54] [REI-ReloadPlugins/TRACE] [REI] [REIPlugin START] Reloading Section: "reloadable-plugin/FluidSupportProviderImpl/AdornReiClientForge of AdornReiClientForge [adorn]/"
[20:34:54] [REI-ReloadPlugins/TRACE] [REI] [REIPlugin START] Reloading Section: "reloadable-plugin/FluidSupportProviderImpl/AdornReiClientForge of AdornReiClientForge [adorn]/" done in 8.019 μs
[20:34:54] [REI-ReloadPlugins/TRACE] [REI] [REIPlugin START] Reloading Section: "reloadable-plugin/FluidSupportProviderImpl/REIPluginImpl of REIPluginImpl [ldlib]/"
[20:34:54] [REI-ReloadPlugins/TRACE] [REI] [REIPlugin START] Reloading Section: "reloadable-plugin/FluidSupportProviderImpl/REIPluginImpl of REIPluginImpl [ldlib]/" done in 8.501 μs
[20:34:54] [REI-ReloadPlugins/TRACE] [REI] [REIPlugin START] Reloading Section: "reloadable-plugin/FluidSupportProviderImpl/StorageReiCommonPlugin of StorageReiCommonPlugin [sophisticatedstorage]/"
[20:34:54] [REI-ReloadPlugins/TRACE] [REI] [REIPlugin START] Reloading Section: "reloadable-plugin/FluidSupportProviderImpl/StorageReiCommonPlugin of StorageReiCommonPlugin [sophisticatedstorage]/" done in 8.852 μs
[20:34:54] [REI-ReloadPlugins/TRACE] [REI] [REIPlugin START] Reloading Section: "reloadable-plugin/FluidSupportProviderImpl/ReiClientPlugin of ReiClientPlugin [craftingstation]/"
[20:34:54] [REI-ReloadPlugins/TRACE] [REI] [REIPlugin START] Reloading Section: "reloadable-plugin/FluidSupportProviderImpl/ReiClientPlugin of ReiClientPlugin [craftingstation]/" done in 15.31 μs
[20:34:54] [REI-ReloadPlugins/TRACE] [REI] [REIPlugin START] Reloading Section: "reloadable-plugin/FluidSupportProviderImpl/ReiPlugin of ReiPlugin [craftingstation]/"
[20:34:54] [REI-ReloadPlugins/TRACE] [REI] [REIPlugin START] Reloading Section: "reloadable-plugin/FluidSupportProviderImpl/ReiPlugin of ReiPlugin [craftingstation]/" done in 8.225 μs
[20:34:54] [REI-ReloadPlugins/TRACE] [REI] [REIPlugin START] Reloading Section: "reloadable-plugin/FluidSupportProviderImpl/REIForgePluginStub of REIForgePluginStub [ftblibrary]/"
[20:34:54] [REI-ReloadPlugins/TRACE] [REI] [REIPlugin START] Reloading Section: "reloadable-plugin/FluidSupportProviderImpl/REIForgePluginStub of REIForgePluginStub [ftblibrary]/" done in 8.976 μs
[20:34:54] [REI-ReloadPlugins/TRACE] [REI] [REIPlugin START] Reloading Section: "reloadable-plugin/FluidSupportProviderImpl/BackpackReiCommonPlugin of BackpackReiCommonPlugin [sophisticatedbackpacks]/"
[20:34:54] [REI-ReloadPlugins/TRACE] [REI] [REIPlugin START] Reloading Section: "reloadable-plugin/FluidSupportProviderImpl/BackpackReiCommonPlugin of BackpackReiCommonPlugin [sophisticatedbackpacks]/" done in 8.974 μs
[20:34:54] [REI-ReloadPlugins/TRACE] [REI] [REIPlugin START] Reloading Section: "reloadable-plugin/FluidSupportProviderImpl/CoreReiCommonPlugin of CoreReiCommonPlugin [sophisticatedcore]/"
[20:34:54] [REI-ReloadPlugins/TRACE] [REI] [REIPlugin START] Reloading Section: "reloadable-plugin/FluidSupportProviderImpl/CoreReiCommonPlugin of CoreReiCommonPlugin [sophisticatedcore]/" done in 8.374 μs
[20:34:54] [REI-ReloadPlugins/TRACE] [REI] [REIPlugin START] Reloading Section: "reloadable-plugin/FluidSupportProviderImpl/AdornReiServerForge of AdornReiServerForge [adorn]/"
[20:34:54] [REI-ReloadPlugins/TRACE] [REI] [REIPlugin START] Reloading Section: "reloadable-plugin/FluidSupportProviderImpl/AdornReiServerForge of AdornReiServerForge [adorn]/" done in 8.666 μs
[20:34:54] [REI-ReloadPlugins/TRACE] [REI] [REIPlugin START] Reloading Section: "reloadable-plugin/FluidSupportProviderImpl/AE2 of AE2 [ae2]/"
[20:34:54] [REI-ReloadPlugins/TRACE] [REI] [REIPlugin START] Reloading Section: "reloadable-plugin/FluidSupportProviderImpl/AE2 of AE2 [ae2]/" done in 16.59 μs
[20:34:54] [REI-ReloadPlugins/TRACE] [REI] [REIPlugin START] Reloading Section: "reloadable-plugin/FluidSupportProviderImpl/REIForgePluginStub of REIForgePluginStub [kubejs]/"
[20:34:54] [REI-ReloadPlugins/TRACE] [REI] [REIPlugin START] Reloading Section: "reloadable-plugin/FluidSupportProviderImpl/REIForgePluginStub of REIForgePluginStub [kubejs]/" done in 8.359 μs
[20:34:54] [REI-ReloadPlugins/TRACE] [REI] [REIPlugin START] Reloading Section: "reloadable-plugin/FluidSupportProviderImpl/" done in 1.337 ms
[20:34:54] [REI-ReloadPlugins/TRACE] [REI] [REIPlugin START] Reloading Section: "reloadable-plugin/me.shedaniel.rei.plugin.client.runtime.PluginStageExecutionWatcher$1/"
[20:34:54] [REI-ReloadPlugins/TRACE] [REI] [REIPlugin START] Reloading Section: "reloadable-plugin/me.shedaniel.rei.plugin.client.runtime.PluginStageExecutionWatcher$1/DefaultClientPluginImpl of DefaultClientPluginImpl [roughlyenoughitems]/"
[20:34:54] [REI-ReloadPlugins/TRACE] [REI] [REIPlugin START] Reloading Section: "reloadable-plugin/me.shedaniel.rei.plugin.client.runtime.PluginStageExecutionWatcher$1/DefaultClientPluginImpl of DefaultClientPluginImpl [roughlyenoughitems]/" done in 9.405 μs
[20:34:54] [REI-ReloadPlugins/TRACE] [REI] [REIPlugin START] Reloading Section: "reloadable-plugin/me.shedaniel.rei.plugin.client.runtime.PluginStageExecutionWatcher$1/DefaultPluginImpl of DefaultPluginImpl [roughlyenoughitems]/"
[20:34:54] [REI-ReloadPlugins/TRACE] [REI] [REIPlugin START] Reloading Section: "reloadable-plugin/me.shedaniel.rei.plugin.client.runtime.PluginStageExecutionWatcher$1/DefaultPluginImpl of DefaultPluginImpl [roughlyenoughitems]/" done in 8.515 μs
[20:34:54] [REI-ReloadPlugins/TRACE] [REI] [REIPlugin START] Reloading Section: "reloadable-plugin/me.shedaniel.rei.plugin.client.runtime.PluginStageExecutionWatcher$1/HideIngredientsFromTagsPlugin of HideIngredientsFromTagsPlugin [roughlyenoughitems]/"
[20:34:54] [REI-ReloadPlugins/TRACE] [REI] [REIPlugin START] Reloading Section: "reloadable-plugin/me.shedaniel.rei.plugin.client.runtime.PluginStageExecutionWatcher$1/HideIngredientsFromTagsPlugin of HideIngredientsFromTagsPlugin [roughlyenoughitems]/" done in 8.004 μs
[20:34:54] [REI-ReloadPlugins/TRACE] [REI] [REIPlugin START] Reloading Section: "reloadable-plugin/me.shedaniel.rei.plugin.client.runtime.PluginStageExecutionWatcher$1/DefaultClientRuntimePlugin of DefaultClientRuntimePlugin [roughlyenoughitems]/"
[20:34:54] [REI-ReloadPlugins/TRACE] [REI] [REIPlugin START] Reloading Section: "reloadable-plugin/me.shedaniel.rei.plugin.client.runtime.PluginStageExecutionWatcher$1/DefaultClientRuntimePlugin of DefaultClientRuntimePlugin [roughlyenoughitems]/" done in 8.181 μs
[20:34:54] [REI-ReloadPlugins/TRACE] [REI] [REIPlugin START] Reloading Section: "reloadable-plugin/me.shedaniel.rei.plugin.client.runtime.PluginStageExecutionWatcher$1/DefaultRuntimePlugin of DefaultRuntimePlugin [roughlyenoughitems]/"
[20:34:54] [REI-ReloadPlugins/TRACE] [REI] [REIPlugin START] Reloading Section: "reloadable-plugin/me.shedaniel.rei.plugin.client.runtime.PluginStageExecutionWatcher$1/DefaultRuntimePlugin of DefaultRuntimePlugin [roughlyenoughitems]/" done in 14.24 μs
[20:34:54] [REI-ReloadPlugins/TRACE] [REI] [REIPlugin START] Reloading Section: "reloadable-plugin/me.shedaniel.rei.plugin.client.runtime.PluginStageExecutionWatcher$1/REICompat of REICompat [supplementaries]/"
[20:34:54] [REI-ReloadPlugins/TRACE] [REI] [REIPlugin START] Reloading Section: "reloadable-plugin/me.shedaniel.rei.plugin.client.runtime.PluginStageExecutionWatcher$1/REICompat of REICompat [supplementaries]/" done in 11.17 μs
[20:34:54] [REI-ReloadPlugins/TRACE] [REI] [REIPlugin START] Reloading Section: "reloadable-plugin/me.shedaniel.rei.plugin.client.runtime.PluginStageExecutionWatcher$1/GTREIPlugin of GTREIPlugin [gtceu]/"
[20:34:54] [REI-ReloadPlugins/TRACE] [REI] [REIPlugin START] Reloading Section: "reloadable-plugin/me.shedaniel.rei.plugin.client.runtime.PluginStageExecutionWatcher$1/GTREIPlugin of GTREIPlugin [gtceu]/" done in 8.632 μs
[20:34:54] [REI-ReloadPlugins/TRACE] [REI] [REIPlugin START] Reloading Section: "reloadable-plugin/me.shedaniel.rei.plugin.client.runtime.PluginStageExecutionWatcher$1/FTBQuestsREIIntegrationForge of FTBQuestsREIIntegrationForge [ftbxmodcompat]/"
[20:34:54] [REI-ReloadPlugins/TRACE] [REI] [REIPlugin START] Reloading Section: "reloadable-plugin/me.shedaniel.rei.plugin.client.runtime.PluginStageExecutionWatcher$1/FTBQuestsREIIntegrationForge of FTBQuestsREIIntegrationForge [ftbxmodcompat]/" done in 11.95 μs
[20:34:54] [REI-ReloadPlugins/TRACE] [REI] [REIPlugin START] Reloading Section: "reloadable-plugin/me.shedaniel.rei.plugin.client.runtime.PluginStageExecutionWatcher$1/ExtendedAE of ExtendedAE [expatternprovider]/"
[20:34:54] [REI-ReloadPlugins/TRACE] [REI] [REIPlugin START] Reloading Section: "reloadable-plugin/me.shedaniel.rei.plugin.client.runtime.PluginStageExecutionWatcher$1/ExtendedAE of ExtendedAE [expatternprovider]/" done in 8.377 μs
[20:34:54] [REI-ReloadPlugins/TRACE] [REI] [REIPlugin START] Reloading Section: "reloadable-plugin/me.shedaniel.rei.plugin.client.runtime.PluginStageExecutionWatcher$1/FramedReiPlugin of FramedReiPlugin [framedblocks]/"
[20:34:54] [REI-ReloadPlugins/TRACE] [REI] [REIPlugin START] Reloading Section: "reloadable-plugin/me.shedaniel.rei.plugin.client.runtime.PluginStageExecutionWatcher$1/FramedReiPlugin of FramedReiPlugin [framedblocks]/" done in 8.003 μs
[20:34:54] [REI-ReloadPlugins/TRACE] [REI] [REIPlugin START] Reloading Section: "reloadable-plugin/me.shedaniel.rei.plugin.client.runtime.PluginStageExecutionWatcher$1/StorageReiClientPlugin of StorageReiClientPlugin [sophisticatedstorage]/"
[20:34:54] [REI-ReloadPlugins/TRACE] [REI] [REIPlugin START] Reloading Section: "reloadable-plugin/me.shedaniel.rei.plugin.client.runtime.PluginStageExecutionWatcher$1/StorageReiClientPlugin of StorageReiClientPlugin [sophisticatedstorage]/" done in 8.667 μs
[20:34:54] [REI-ReloadPlugins/TRACE] [REI] [REIPlugin START] Reloading Section: "reloadable-plugin/me.shedaniel.rei.plugin.client.runtime.PluginStageExecutionWatcher$1/BackpackReiClientPlugin of BackpackReiClientPlugin [sophisticatedbackpacks]/"
[20:34:54] [REI-ReloadPlugins/TRACE] [REI] [REIPlugin START] Reloading Section: "reloadable-plugin/me.shedaniel.rei.plugin.client.runtime.PluginStageExecutionWatcher$1/BackpackReiClientPlugin of BackpackReiClientPlugin [sophisticatedbackpacks]/" done in 11.06 μs
[20:34:54] [REI-ReloadPlugins/TRACE] [REI] [REIPlugin START] Reloading Section: "reloadable-plugin/me.shedaniel.rei.plugin.client.runtime.PluginStageExecutionWatcher$1/ReiIsDumbClientPlugin of ReiIsDumbClientPlugin [ad_astra]/"
[20:34:54] [REI-ReloadPlugins/TRACE] [REI] [REIPlugin START] Reloading Section: "reloadable-plugin/me.shedaniel.rei.plugin.client.runtime.PluginStageExecutionWatcher$1/ReiIsDumbClientPlugin of ReiIsDumbClientPlugin [ad_astra]/" done in 9.235 μs
[20:34:54] [REI-ReloadPlugins/TRACE] [REI] [REIPlugin START] Reloading Section: "reloadable-plugin/me.shedaniel.rei.plugin.client.runtime.PluginStageExecutionWatcher$1/almostunified.roughlyenoughitems of almostunified.roughlyenoughitems [almostunified]/"
[20:34:54] [REI-ReloadPlugins/TRACE] [REI] [REIPlugin START] Reloading Section: "reloadable-plugin/me.shedaniel.rei.plugin.client.runtime.PluginStageExecutionWatcher$1/almostunified.roughlyenoughitems of almostunified.roughlyenoughitems [almostunified]/" done in 8.777 μs
[20:34:54] [REI-ReloadPlugins/TRACE] [REI] [REIPlugin START] Reloading Section: "reloadable-plugin/me.shedaniel.rei.plugin.client.runtime.PluginStageExecutionWatcher$1/AdornReiClientForge of AdornReiClientForge [adorn]/"
[20:34:54] [REI-ReloadPlugins/TRACE] [REI] [REIPlugin START] Reloading Section: "reloadable-plugin/me.shedaniel.rei.plugin.client.runtime.PluginStageExecutionWatcher$1/AdornReiClientForge of AdornReiClientForge [adorn]/" done in 8.171 μs
[20:34:54] [REI-ReloadPlugins/TRACE] [REI] [REIPlugin START] Reloading Section: "reloadable-plugin/me.shedaniel.rei.plugin.client.runtime.PluginStageExecutionWatcher$1/REIPluginImpl of REIPluginImpl [ldlib]/"
[20:34:54] [REI-ReloadPlugins/TRACE] [REI] [REIPlugin START] Reloading Section: "reloadable-plugin/me.shedaniel.rei.plugin.client.runtime.PluginStageExecutionWatcher$1/REIPluginImpl of REIPluginImpl [ldlib]/" done in 8.415 μs
[20:34:54] [REI-ReloadPlugins/TRACE] [REI] [REIPlugin START] Reloading Section: "reloadable-plugin/me.shedaniel.rei.plugin.client.runtime.PluginStageExecutionWatcher$1/StorageReiCommonPlugin of StorageReiCommonPlugin [sophisticatedstorage]/"
[20:34:54] [REI-ReloadPlugins/TRACE] [REI] [REIPlugin START] Reloading Section: "reloadable-plugin/me.shedaniel.rei.plugin.client.runtime.PluginStageExecutionWatcher$1/StorageReiCommonPlugin of StorageReiCommonPlugin [sophisticatedstorage]/" done in 10.35 μs
[20:34:54] [REI-ReloadPlugins/TRACE] [REI] [REIPlugin START] Reloading Section: "reloadable-plugin/me.shedaniel.rei.plugin.client.runtime.PluginStageExecutionWatcher$1/ReiClientPlugin of ReiClientPlugin [craftingstation]/"
[20:34:54] [REI-ReloadPlugins/TRACE] [REI] [REIPlugin START] Reloading Section: "reloadable-plugin/me.shedaniel.rei.plugin.client.runtime.PluginStageExecutionWatcher$1/ReiClientPlugin of ReiClientPlugin [craftingstation]/" done in 8.256 μs
[20:34:54] [REI-ReloadPlugins/TRACE] [REI] [REIPlugin START] Reloading Section: "reloadable-plugin/me.shedaniel.rei.plugin.client.runtime.PluginStageExecutionWatcher$1/ReiPlugin of ReiPlugin [craftingstation]/"
[20:34:54] [REI-ReloadPlugins/TRACE] [REI] [REIPlugin START] Reloading Section: "reloadable-plugin/me.shedaniel.rei.plugin.client.runtime.PluginStageExecutionWatcher$1/ReiPlugin of ReiPlugin [craftingstation]/" done in 8.121 μs
[20:34:54] [REI-ReloadPlugins/TRACE] [REI] [REIPlugin START] Reloading Section: "reloadable-plugin/me.shedaniel.rei.plugin.client.runtime.PluginStageExecutionWatcher$1/REIForgePluginStub of REIForgePluginStub [ftblibrary]/"
[20:34:54] [REI-ReloadPlugins/TRACE] [REI] [REIPlugin START] Reloading Section: "reloadable-plugin/me.shedaniel.rei.plugin.client.runtime.PluginStageExecutionWatcher$1/REIForgePluginStub of REIForgePluginStub [ftblibrary]/" done in 9.908 μs
[20:34:54] [REI-ReloadPlugins/TRACE] [REI] [REIPlugin START] Reloading Section: "reloadable-plugin/me.shedaniel.rei.plugin.client.runtime.PluginStageExecutionWatcher$1/BackpackReiCommonPlugin of BackpackReiCommonPlugin [sophisticatedbackpacks]/"
[20:34:54] [REI-ReloadPlugins/TRACE] [REI] [REIPlugin START] Reloading Section: "reloadable-plugin/me.shedaniel.rei.plugin.client.runtime.PluginStageExecutionWatcher$1/BackpackReiCommonPlugin of BackpackReiCommonPlugin [sophisticatedbackpacks]/" done in 8.736 μs
[20:34:54] [REI-ReloadPlugins/TRACE] [REI] [REIPlugin START] Reloading Section: "reloadable-plugin/me.shedaniel.rei.plugin.client.runtime.PluginStageExecutionWatcher$1/CoreReiCommonPlugin of CoreReiCommonPlugin [sophisticatedcore]/"
[20:34:54] [REI-ReloadPlugins/TRACE] [REI] [REIPlugin START] Reloading Section: "reloadable-plugin/me.shedaniel.rei.plugin.client.runtime.PluginStageExecutionWatcher$1/CoreReiCommonPlugin of CoreReiCommonPlugin [sophisticatedcore]/" done in 8.563 μs
[20:34:54] [REI-ReloadPlugins/TRACE] [REI] [REIPlugin START] Reloading Section: "reloadable-plugin/me.shedaniel.rei.plugin.client.runtime.PluginStageExecutionWatcher$1/AdornReiServerForge of AdornReiServerForge [adorn]/"
[20:34:54] [REI-ReloadPlugins/TRACE] [REI] [REIPlugin START] Reloading Section: "reloadable-plugin/me.shedaniel.rei.plugin.client.runtime.PluginStageExecutionWatcher$1/AdornReiServerForge of AdornReiServerForge [adorn]/" done in 8.076 μs
[20:34:54] [REI-ReloadPlugins/TRACE] [REI] [REIPlugin START] Reloading Section: "reloadable-plugin/me.shedaniel.rei.plugin.client.runtime.PluginStageExecutionWatcher$1/AE2 of AE2 [ae2]/"
[20:34:54] [REI-ReloadPlugins/TRACE] [REI] [REIPlugin START] Reloading Section: "reloadable-plugin/me.shedaniel.rei.plugin.client.runtime.PluginStageExecutionWatcher$1/AE2 of AE2 [ae2]/" done in 15.57 μs
[20:34:54] [REI-ReloadPlugins/TRACE] [REI] [REIPlugin START] Reloading Section: "reloadable-plugin/me.shedaniel.rei.plugin.client.runtime.PluginStageExecutionWatcher$1/REIForgePluginStub of REIForgePluginStub [kubejs]/"
[20:34:54] [REI-ReloadPlugins/TRACE] [REI] [REIPlugin START] Reloading Section: "reloadable-plugin/me.shedaniel.rei.plugin.client.runtime.PluginStageExecutionWatcher$1/REIForgePluginStub of REIForgePluginStub [kubejs]/" done in 8.893 μs
[20:34:54] [REI-ReloadPlugins/TRACE] [REI] [REIPlugin START] Reloading Section: "reloadable-plugin/me.shedaniel.rei.plugin.client.runtime.PluginStageExecutionWatcher$1/" done in 538.8 μs
[20:34:54] [REI-ReloadPlugins/DEBUG] [REI] ========================================
[20:34:54] [REI-ReloadPlugins/DEBUG] [REI] REIPlugin ending main-reload for START.
[20:34:54] [REI-ReloadPlugins/DEBUG] [REI] ========================================
[20:34:54] [REI-ReloadPlugins/TRACE] [REI] [REIPlugin START] Reloading Section: "end-reload/"
[20:34:54] [REI-ReloadPlugins/TRACE] [REI] [REIPlugin START] Reloading Section: "end-reload/EntryTypeRegistryImpl/"
[20:34:54] [REI-ReloadPlugins/TRACE] [REI] [REIPlugin START] Reloading Section: "end-reload/EntryTypeRegistryImpl/" done in 50.55 μs
[20:34:54] [REI-ReloadPlugins/TRACE] [REI] [REIPlugin START] Reloading Section: "end-reload/EntrySettingsAdapterRegistryImpl/"
[20:34:54] [REI-ReloadPlugins/TRACE] [REI] [REIPlugin START] Reloading Section: "end-reload/EntrySettingsAdapterRegistryImpl/" done in 6.502 μs
[20:34:54] [REI-ReloadPlugins/TRACE] [REI] [REIPlugin START] Reloading Section: "end-reload/RecipeManagerContextImpl/"
[20:34:54] [REI-ReloadPlugins/TRACE] [REI] [REIPlugin START] Reloading Section: "end-reload/RecipeManagerContextImpl/" done in 5.307 μs
[20:34:54] [REI-ReloadPlugins/TRACE] [REI] [REIPlugin START] Reloading Section: "end-reload/ItemComparatorRegistryImpl/"
[20:34:54] [REI-ReloadPlugins/TRACE] [REI] [REIPlugin START] Reloading Section: "end-reload/ItemComparatorRegistryImpl/" done in 5.707 μs
[20:34:54] [REI-ReloadPlugins/TRACE] [REI] [REIPlugin START] Reloading Section: "end-reload/FluidComparatorRegistryImpl/"
[20:34:54] [REI-ReloadPlugins/TRACE] [REI] [REIPlugin START] Reloading Section: "end-reload/FluidComparatorRegistryImpl/" done in 4.997 μs
[20:34:54] [REI-ReloadPlugins/TRACE] [REI] [REIPlugin START] Reloading Section: "end-reload/DisplaySerializerRegistryImpl/"
[20:34:54] [REI-ReloadPlugins/TRACE] [REI] [REIPlugin START] Reloading Section: "end-reload/DisplaySerializerRegistryImpl/" done in 4.852 μs
[20:34:54] [REI-ReloadPlugins/TRACE] [REI] [REIPlugin START] Reloading Section: "end-reload/FluidSupportProviderImpl/"
[20:34:54] [REI-ReloadPlugins/TRACE] [REI] [REIPlugin START] Reloading Section: "end-reload/FluidSupportProviderImpl/" done in 5.295 μs
[20:34:54] [REI-ReloadPlugins/TRACE] [REI] [REIPlugin START] Reloading Section: "end-reload/me.shedaniel.rei.plugin.client.runtime.PluginStageExecutionWatcher$1/"
[20:34:54] [REI-ReloadPlugins/TRACE] [REI] [REIPlugin START] Reloading Section: "end-reload/me.shedaniel.rei.plugin.client.runtime.PluginStageExecutionWatcher$1/" done in 5.241 μs
[20:34:54] [REI-ReloadPlugins/TRACE] [REI] [REIPlugin START] Reloading Section: "end-reload/" done in 215.0 μs
[20:34:54] [REI-ReloadPlugins/DEBUG] [REI] ========================================
[20:34:54] [REI-ReloadPlugins/DEBUG] [REI] REIPlugin ended main-reload for START in 26.54 ms.
[20:34:54] [REI-ReloadPlugins/DEBUG] [REI] ========================================
[20:34:54] [REI-ReloadPlugins/INFO] [REI] %%%%%%%%%%%%%%%%%%%%%%%%%%%%%%%%%%%%%%%%
[20:34:54] [REI-ReloadPlugins/INFO] [REI] REIClientPlugin starting main-reload for START.
[20:34:54] [REI-ReloadPlugins/DEBUG] [REI] Reloadables (18):
[20:34:54] [REI-ReloadPlugins/DEBUG] [REI]  - EntryRendererRegistryImpl
[20:34:54] [REI-ReloadPlugins/DEBUG] [REI]  - ViewsImpl
[20:34:54] [REI-ReloadPlugins/DEBUG] [REI]  - InputMethodRegistryImpl
[20:34:54] [REI-ReloadPlugins/DEBUG] [REI]  - SearchProviderImpl
[20:34:54] [REI-ReloadPlugins/DEBUG] [REI]  - ConfigManagerImpl
[20:34:54] [REI-ReloadPlugins/DEBUG] [REI]  - EntryRegistryImpl
[20:34:54] [REI-ReloadPlugins/DEBUG] [REI]  - CollapsibleEntryRegistryImpl
[20:34:54] [REI-ReloadPlugins/DEBUG] [REI]  - BasicFilteringRuleImpl
[20:34:54] [REI-ReloadPlugins/DEBUG] [REI]  - CategoryRegistryImpl
[20:34:54] [REI-ReloadPlugins/DEBUG] [REI]  - DisplayRegistryImpl
[20:34:54] [REI-ReloadPlugins/DEBUG] [REI]  - ScreenRegistryImpl
[20:34:54] [REI-ReloadPlugins/DEBUG] [REI]  - FavoriteEntryTypeRegistryImpl
[20:34:54] [REI-ReloadPlugins/DEBUG] [REI]  - SubsetsRegistryImpl
[20:34:54] [REI-ReloadPlugins/DEBUG] [REI]  - TransferHandlerRegistryImpl
[20:34:54] [REI-ReloadPlugins/DEBUG] [REI]  - SearchRuntime
[20:34:54] [REI-ReloadPlugins/DEBUG] [REI]  - REIRuntimeImpl
[20:34:54] [REI-ReloadPlugins/DEBUG] [REI]  - ConfigAddonRegistryImpl
[20:34:54] [REI-ReloadPlugins/DEBUG] [REI]  - me.shedaniel.rei.plugin.client.runtime.PluginStageExecutionWatcher$1
[20:34:54] [REI-ReloadPlugins/INFO] [REI] Plugins (18):
[20:34:54] [REI-ReloadPlugins/INFO] [REI]  - (-100.00) DefaultClientPluginImpl of DefaultClientPluginImpl [roughlyenoughitems]
[20:34:54] [REI-ReloadPlugins/INFO] [REI]  - (0.00) REICompat of REICompat [supplementaries]
[20:34:54] [REI-ReloadPlugins/INFO] [REI]  - (0.00) GTREIPlugin of GTREIPlugin [gtceu]
[20:34:54] [REI-ReloadPlugins/INFO] [REI]  - (0.00) FTBQuestsREIIntegrationForge of FTBQuestsREIIntegrationForge [ftbxmodcompat]
[20:34:54] [REI-ReloadPlugins/INFO] [REI]  - (0.00) ExtendedAE of ExtendedAE [expatternprovider]
[20:34:54] [REI-ReloadPlugins/INFO] [REI]  - (0.00) FramedReiPlugin of FramedReiPlugin [framedblocks]
[20:34:54] [REI-ReloadPlugins/INFO] [REI]  - (0.00) StorageReiClientPlugin of StorageReiClientPlugin [sophisticatedstorage]
[20:34:54] [REI-ReloadPlugins/INFO] [REI]  - (0.00) BackpackReiClientPlugin of BackpackReiClientPlugin [sophisticatedbackpacks]
[20:34:54] [REI-ReloadPlugins/INFO] [REI]  - (0.00) ReiIsDumbClientPlugin of ReiIsDumbClientPlugin [ad_astra]
[20:34:54] [REI-ReloadPlugins/INFO] [REI]  - (0.00) almostunified.roughlyenoughitems of almostunified.roughlyenoughitems [almostunified]
[20:34:54] [REI-ReloadPlugins/INFO] [REI]  - (0.00) AdornReiClientForge of AdornReiClientForge [adorn]
[20:34:54] [REI-ReloadPlugins/INFO] [REI]  - (0.00) REIPluginImpl of REIPluginImpl [ldlib]
[20:34:54] [REI-ReloadPlugins/INFO] [REI]  - (0.00) ReiClientPlugin of ReiClientPlugin [craftingstation]
[20:34:54] [REI-ReloadPlugins/INFO] [REI]  - (0.00) REIForgePluginStub of REIForgePluginStub [ftblibrary]
[20:34:54] [REI-ReloadPlugins/INFO] [REI]  - (0.00) AE2 of AE2 [ae2]
[20:34:54] [REI-ReloadPlugins/INFO] [REI]  - (0.00) HideIngredientsFromTagsPlugin of HideIngredientsFromTagsPlugin [roughlyenoughitems]
[20:34:54] [REI-ReloadPlugins/INFO] [REI]  - (0.00) DefaultClientRuntimePlugin of DefaultClientRuntimePlugin [roughlyenoughitems]
[20:34:54] [REI-ReloadPlugins/INFO] [REI]  - (10000000.00) REIForgePluginStub of REIForgePluginStub [kubejs]
[20:34:54] [REI-ReloadPlugins/INFO] [REI] %%%%%%%%%%%%%%%%%%%%%%%%%%%%%%%%%%%%%%%%
[20:34:54] [REI-ReloadPlugins/TRACE] [REI] [REIClientPlugin START] Reloading Section: "start-reload/"
[20:34:54] [REI-ReloadPlugins/TRACE] [REI] [REIClientPlugin START] Reloading Section: "start-reload/EntryRendererRegistryImpl/"
[20:34:54] [REI-ReloadPlugins/TRACE] [REI] [REIClientPlugin START] Reloading Section: "start-reload/EntryRendererRegistryImpl/" done in 16.21 μs
[20:34:54] [REI-ReloadPlugins/TRACE] [REI] [REIClientPlugin START] Reloading Section: "start-reload/ViewsImpl/"
[20:34:54] [REI-ReloadPlugins/TRACE] [REI] [REIClientPlugin START] Reloading Section: "start-reload/ViewsImpl/" done in 5.663 μs
[20:34:54] [REI-ReloadPlugins/TRACE] [REI] [REIClientPlugin START] Reloading Section: "start-reload/InputMethodRegistryImpl/"
[20:34:54] [REI-ReloadPlugins/TRACE] [REI] [REIClientPlugin START] Reloading Section: "start-reload/InputMethodRegistryImpl/" done in 7.404 μs
[20:34:54] [REI-ReloadPlugins/TRACE] [REI] [REIClientPlugin START] Reloading Section: "start-reload/SearchProviderImpl/"
[20:34:54] [REI-ReloadPlugins/TRACE] [REI] [REIClientPlugin START] Reloading Section: "start-reload/SearchProviderImpl/" done in 4.944 μs
[20:34:54] [REI-ReloadPlugins/TRACE] [REI] [REIClientPlugin START] Reloading Section: "start-reload/ConfigManagerImpl/"
[20:34:54] [REI-ReloadPlugins/TRACE] [REI] [REIClientPlugin START] Reloading Section: "start-reload/ConfigManagerImpl/" done in 4.710 μs
[20:34:54] [REI-ReloadPlugins/TRACE] [REI] [REIClientPlugin START] Reloading Section: "start-reload/EntryRegistryImpl/"
[20:34:54] [REI-ReloadPlugins/TRACE] [REI] [REIClientPlugin START] Reloading Section: "start-reload/EntryRegistryImpl/" done in 30.68 μs
[20:34:54] [REI-ReloadPlugins/TRACE] [REI] [REIClientPlugin START] Reloading Section: "start-reload/CollapsibleEntryRegistryImpl/"
[20:34:54] [REI-ReloadPlugins/TRACE] [REI] [REIClientPlugin START] Reloading Section: "start-reload/CollapsibleEntryRegistryImpl/" done in 5.284 μs
[20:34:54] [REI-ReloadPlugins/TRACE] [REI] [REIClientPlugin START] Reloading Section: "start-reload/BasicFilteringRuleImpl/"
[20:34:54] [REI-ReloadPlugins/TRACE] [REI] [REIClientPlugin START] Reloading Section: "start-reload/BasicFilteringRuleImpl/" done in 23.89 μs
[20:34:54] [REI-ReloadPlugins/TRACE] [REI] [REIClientPlugin START] Reloading Section: "start-reload/CategoryRegistryImpl/"
[20:34:54] [REI-ReloadPlugins/TRACE] [REI] [REIClientPlugin START] Reloading Section: "start-reload/CategoryRegistryImpl/" done in 4.869 μs
[20:34:54] [REI-ReloadPlugins/TRACE] [REI] [REIClientPlugin START] Reloading Section: "start-reload/DisplayRegistryImpl/"
[20:34:54] [REI-ReloadPlugins/TRACE] [REI] [REIClientPlugin START] Reloading Section: "start-reload/DisplayRegistryImpl/" done in 4.926 μs
[20:34:54] [REI-ReloadPlugins/TRACE] [REI] [REIClientPlugin START] Reloading Section: "start-reload/ScreenRegistryImpl/"
[20:34:54] [REI-ReloadPlugins/DEBUG] [REI] Added overlay decider: me.shedaniel.rei.impl.client.registry.screen.ExclusionZonesImpl@4f8c4da1 [-5.00 priority]
[20:34:54] [REI-ReloadPlugins/DEBUG] [REI] Added overlay decider: me.shedaniel.rei.impl.client.registry.screen.ScreenRegistryImpl$1@11a02ae5 [-10.00 priority]
[20:34:54] [REI-ReloadPlugins/DEBUG] [REI] Added overlay decider: me.shedaniel.rei.impl.client.registry.screen.ScreenRegistryImpl$2@4907a08f [-10.00 priority]
[20:34:54] [REI-ReloadPlugins/DEBUG] [REI] Added overlay decider: me.shedaniel.rei.impl.client.registry.screen.ScreenRegistryImpl$3@75c15588 [-20.00 priority]
[20:34:54] [REI-ReloadPlugins/DEBUG] [REI] Added focused stack provider: me.shedaniel.rei.impl.client.registry.screen.ScreenRegistryImpl$4@58a3f4c2 [-10.00 priority]
[20:34:54] [REI-ReloadPlugins/DEBUG] [REI] Added draggable component provider: me.shedaniel.rei.api.client.gui.drag.component.DraggableComponentProviderWidget$1@336c570c [0.00 priority]
[20:34:54] [REI-ReloadPlugins/DEBUG] [REI] Added draggable component visitor: me.shedaniel.rei.api.client.gui.drag.component.DraggableComponentVisitorWidget$2@21e3a2c3 [0.00 priority]
[20:34:54] [REI-ReloadPlugins/TRACE] [REI] [REIClientPlugin START] Reloading Section: "start-reload/ScreenRegistryImpl/" done in 3.033 ms
[20:34:54] [REI-ReloadPlugins/TRACE] [REI] [REIClientPlugin START] Reloading Section: "start-reload/FavoriteEntryTypeRegistryImpl/"
[20:34:54] [REI-ReloadPlugins/TRACE] [REI] [REIClientPlugin START] Reloading Section: "start-reload/FavoriteEntryTypeRegistryImpl/" done in 38.57 μs
[20:34:54] [REI-ReloadPlugins/TRACE] [REI] [REIClientPlugin START] Reloading Section: "start-reload/SubsetsRegistryImpl/"
[20:34:54] [REI-ReloadPlugins/TRACE] [REI] [REIClientPlugin START] Reloading Section: "start-reload/SubsetsRegistryImpl/" done in 13.09 μs
[20:34:54] [REI-ReloadPlugins/TRACE] [REI] [REIClientPlugin START] Reloading Section: "start-reload/TransferHandlerRegistryImpl/"
[20:34:54] [REI-ReloadPlugins/TRACE] [REI] [REIClientPlugin START] Reloading Section: "start-reload/TransferHandlerRegistryImpl/" done in 6.442 μs
[20:34:54] [REI-ReloadPlugins/TRACE] [REI] [REIClientPlugin START] Reloading Section: "start-reload/SearchRuntime/"
[20:34:54] [REI-ReloadPlugins/DEBUG] [REI] Preparing collapsed entry groups cache with 0 entries and 0 stacks
[20:34:54] [REI-ReloadPlugins/DEBUG] [REI] Prepared collapsed entry groups cache with 0 entries and 0 stacks
[20:34:54] [REI-ReloadPlugins/TRACE] [REI] [REIClientPlugin START] Reloading Section: "start-reload/SearchRuntime/" done in 1.220 ms
[20:34:54] [REI-ReloadPlugins/TRACE] [REI] [REIClientPlugin START] Reloading Section: "start-reload/REIRuntimeImpl/"
[20:34:54] [REI-ReloadPlugins/TRACE] [REI] [REIClientPlugin START] Reloading Section: "start-reload/REIRuntimeImpl/" done in 1.119 ms
[20:34:54] [REI-ReloadPlugins/TRACE] [REI] [REIClientPlugin START] Reloading Section: "start-reload/ConfigAddonRegistryImpl/"
[20:34:54] [REI-ReloadPlugins/TRACE] [REI] [REIClientPlugin START] Reloading Section: "start-reload/ConfigAddonRegistryImpl/" done in 31.93 μs
[20:34:54] [REI-ReloadPlugins/TRACE] [REI] [REIClientPlugin START] Reloading Section: "start-reload/me.shedaniel.rei.plugin.client.runtime.PluginStageExecutionWatcher$1/"
[20:34:54] [REI-ReloadPlugins/TRACE] [REI] [REIClientPlugin START] Reloading Section: "start-reload/me.shedaniel.rei.plugin.client.runtime.PluginStageExecutionWatcher$1/" done in 6.870 μs
[20:34:54] [REI-ReloadPlugins/TRACE] [REI] [REIClientPlugin START] Reloading Section: "start-reload/" done in 5.916 ms
[20:34:54] [REI-ReloadPlugins/DEBUG] [REI] ========================================
[20:34:54] [REI-ReloadPlugins/DEBUG] [REI] REIClientPlugin started main-reload for START.
[20:34:54] [REI-ReloadPlugins/DEBUG] [REI] ========================================
[20:34:54] [REI-ReloadPlugins/TRACE] [REI] [REIClientPlugin START] Reloading Section: "reloadable-plugin/EntryRendererRegistryImpl/"
[20:34:54] [REI-ReloadPlugins/TRACE] [REI] [REIClientPlugin START] Reloading Section: "reloadable-plugin/EntryRendererRegistryImpl/DefaultClientPluginImpl of DefaultClientPluginImpl [roughlyenoughitems]/"
[20:34:54] [REI-ReloadPlugins/TRACE] [REI] [REIClientPlugin START] Reloading Section: "reloadable-plugin/EntryRendererRegistryImpl/DefaultClientPluginImpl of DefaultClientPluginImpl [roughlyenoughitems]/" done in 18.98 μs
[20:34:54] [REI-ReloadPlugins/TRACE] [REI] [REIClientPlugin START] Reloading Section: "reloadable-plugin/EntryRendererRegistryImpl/REICompat of REICompat [supplementaries]/"
[20:34:54] [REI-ReloadPlugins/TRACE] [REI] [REIClientPlugin START] Reloading Section: "reloadable-plugin/EntryRendererRegistryImpl/REICompat of REICompat [supplementaries]/" done in 10.81 μs
[20:34:54] [REI-ReloadPlugins/TRACE] [REI] [REIClientPlugin START] Reloading Section: "reloadable-plugin/EntryRendererRegistryImpl/GTREIPlugin of GTREIPlugin [gtceu]/"
[20:34:54] [REI-ReloadPlugins/TRACE] [REI] [REIClientPlugin START] Reloading Section: "reloadable-plugin/EntryRendererRegistryImpl/GTREIPlugin of GTREIPlugin [gtceu]/" done in 10.14 μs
[20:34:54] [REI-ReloadPlugins/TRACE] [REI] [REIClientPlugin START] Reloading Section: "reloadable-plugin/EntryRendererRegistryImpl/FTBQuestsREIIntegrationForge of FTBQuestsREIIntegrationForge [ftbxmodcompat]/"
[20:34:54] [REI-ReloadPlugins/TRACE] [REI] [REIClientPlugin START] Reloading Section: "reloadable-plugin/EntryRendererRegistryImpl/FTBQuestsREIIntegrationForge of FTBQuestsREIIntegrationForge [ftbxmodcompat]/" done in 9.769 μs
[20:34:54] [REI-ReloadPlugins/TRACE] [REI] [REIClientPlugin START] Reloading Section: "reloadable-plugin/EntryRendererRegistryImpl/ExtendedAE of ExtendedAE [expatternprovider]/"
[20:34:54] [REI-ReloadPlugins/TRACE] [REI] [REIClientPlugin START] Reloading Section: "reloadable-plugin/EntryRendererRegistryImpl/ExtendedAE of ExtendedAE [expatternprovider]/" done in 9.648 μs
[20:34:54] [REI-ReloadPlugins/TRACE] [REI] [REIClientPlugin START] Reloading Section: "reloadable-plugin/EntryRendererRegistryImpl/FramedReiPlugin of FramedReiPlugin [framedblocks]/"
[20:34:54] [REI-ReloadPlugins/TRACE] [REI] [REIClientPlugin START] Reloading Section: "reloadable-plugin/EntryRendererRegistryImpl/FramedReiPlugin of FramedReiPlugin [framedblocks]/" done in 21.95 μs
[20:34:54] [REI-ReloadPlugins/TRACE] [REI] [REIClientPlugin START] Reloading Section: "reloadable-plugin/EntryRendererRegistryImpl/StorageReiClientPlugin of StorageReiClientPlugin [sophisticatedstorage]/"
[20:34:54] [REI-ReloadPlugins/TRACE] [REI] [REIClientPlugin START] Reloading Section: "reloadable-plugin/EntryRendererRegistryImpl/StorageReiClientPlugin of StorageReiClientPlugin [sophisticatedstorage]/" done in 9.621 μs
[20:34:54] [REI-ReloadPlugins/TRACE] [REI] [REIClientPlugin START] Reloading Section: "reloadable-plugin/EntryRendererRegistryImpl/BackpackReiClientPlugin of BackpackReiClientPlugin [sophisticatedbackpacks]/"
[20:34:54] [REI-ReloadPlugins/TRACE] [REI] [REIClientPlugin START] Reloading Section: "reloadable-plugin/EntryRendererRegistryImpl/BackpackReiClientPlugin of BackpackReiClientPlugin [sophisticatedbackpacks]/" done in 9.694 μs
[20:34:54] [REI-ReloadPlugins/TRACE] [REI] [REIClientPlugin START] Reloading Section: "reloadable-plugin/EntryRendererRegistryImpl/ReiIsDumbClientPlugin of ReiIsDumbClientPlugin [ad_astra]/"
[20:34:54] [REI-ReloadPlugins/TRACE] [REI] [REIClientPlugin START] Reloading Section: "reloadable-plugin/EntryRendererRegistryImpl/ReiIsDumbClientPlugin of ReiIsDumbClientPlugin [ad_astra]/" done in 10.74 μs
[20:34:54] [REI-ReloadPlugins/TRACE] [REI] [REIClientPlugin START] Reloading Section: "reloadable-plugin/EntryRendererRegistryImpl/almostunified.roughlyenoughitems of almostunified.roughlyenoughitems [almostunified]/"
[20:34:54] [REI-ReloadPlugins/TRACE] [REI] [REIClientPlugin START] Reloading Section: "reloadable-plugin/EntryRendererRegistryImpl/almostunified.roughlyenoughitems of almostunified.roughlyenoughitems [almostunified]/" done in 10.94 μs
[20:34:54] [REI-ReloadPlugins/TRACE] [REI] [REIClientPlugin START] Reloading Section: "reloadable-plugin/EntryRendererRegistryImpl/AdornReiClientForge of AdornReiClientForge [adorn]/"
[20:34:54] [REI-ReloadPlugins/TRACE] [REI] [REIClientPlugin START] Reloading Section: "reloadable-plugin/EntryRendererRegistryImpl/AdornReiClientForge of AdornReiClientForge [adorn]/" done in 12.02 μs
[20:34:54] [REI-ReloadPlugins/TRACE] [REI] [REIClientPlugin START] Reloading Section: "reloadable-plugin/EntryRendererRegistryImpl/REIPluginImpl of REIPluginImpl [ldlib]/"
[20:34:54] [REI-ReloadPlugins/TRACE] [REI] [REIClientPlugin START] Reloading Section: "reloadable-plugin/EntryRendererRegistryImpl/REIPluginImpl of REIPluginImpl [ldlib]/" done in 9.059 μs
[20:34:54] [REI-ReloadPlugins/TRACE] [REI] [REIClientPlugin START] Reloading Section: "reloadable-plugin/EntryRendererRegistryImpl/ReiClientPlugin of ReiClientPlugin [craftingstation]/"
[20:34:54] [REI-ReloadPlugins/TRACE] [REI] [REIClientPlugin START] Reloading Section: "reloadable-plugin/EntryRendererRegistryImpl/ReiClientPlugin of ReiClientPlugin [craftingstation]/" done in 9.189 μs
[20:34:54] [REI-ReloadPlugins/TRACE] [REI] [REIClientPlugin START] Reloading Section: "reloadable-plugin/EntryRendererRegistryImpl/REIForgePluginStub of REIForgePluginStub [ftblibrary]/"
[20:34:54] [REI-ReloadPlugins/TRACE] [REI] [REIClientPlugin START] Reloading Section: "reloadable-plugin/EntryRendererRegistryImpl/REIForgePluginStub of REIForgePluginStub [ftblibrary]/" done in 9.312 μs
[20:34:54] [REI-ReloadPlugins/TRACE] [REI] [REIClientPlugin START] Reloading Section: "reloadable-plugin/EntryRendererRegistryImpl/AE2 of AE2 [ae2]/"
[20:34:54] [REI-ReloadPlugins/TRACE] [REI] [REIClientPlugin START] Reloading Section: "reloadable-plugin/EntryRendererRegistryImpl/AE2 of AE2 [ae2]/" done in 9.141 μs
[20:34:54] [REI-ReloadPlugins/TRACE] [REI] [REIClientPlugin START] Reloading Section: "reloadable-plugin/EntryRendererRegistryImpl/HideIngredientsFromTagsPlugin of HideIngredientsFromTagsPlugin [roughlyenoughitems]/"
[20:34:54] [REI-ReloadPlugins/TRACE] [REI] [REIClientPlugin START] Reloading Section: "reloadable-plugin/EntryRendererRegistryImpl/HideIngredientsFromTagsPlugin of HideIngredientsFromTagsPlugin [roughlyenoughitems]/" done in 13.11 μs
[20:34:54] [REI-ReloadPlugins/TRACE] [REI] [REIClientPlugin START] Reloading Section: "reloadable-plugin/EntryRendererRegistryImpl/DefaultClientRuntimePlugin of DefaultClientRuntimePlugin [roughlyenoughitems]/"
[20:34:54] [REI-ReloadPlugins/TRACE] [REI] [REIClientPlugin START] Reloading Section: "reloadable-plugin/EntryRendererRegistryImpl/DefaultClientRuntimePlugin of DefaultClientRuntimePlugin [roughlyenoughitems]/" done in 9.837 μs
[20:34:54] [REI-ReloadPlugins/TRACE] [REI] [REIClientPlugin START] Reloading Section: "reloadable-plugin/EntryRendererRegistryImpl/REIForgePluginStub of REIForgePluginStub [kubejs]/"
[20:34:54] [REI-ReloadPlugins/TRACE] [REI] [REIClientPlugin START] Reloading Section: "reloadable-plugin/EntryRendererRegistryImpl/REIForgePluginStub of REIForgePluginStub [kubejs]/" done in 10.23 μs
[20:34:54] [REI-ReloadPlugins/TRACE] [REI] [REIClientPlugin START] Reloading Section: "reloadable-plugin/EntryRendererRegistryImpl/" done in 482.5 μs
[20:34:54] [REI-ReloadPlugins/TRACE] [REI] [REIClientPlugin START] Reloading Section: "reloadable-plugin/ViewsImpl/"
[20:34:54] [REI-ReloadPlugins/TRACE] [REI] [REIClientPlugin START] Reloading Section: "reloadable-plugin/ViewsImpl/DefaultClientPluginImpl of DefaultClientPluginImpl [roughlyenoughitems]/"
[20:34:54] [REI-ReloadPlugins/TRACE] [REI] [REIClientPlugin START] Reloading Section: "reloadable-plugin/ViewsImpl/DefaultClientPluginImpl of DefaultClientPluginImpl [roughlyenoughitems]/" done in 10.38 μs
[20:34:54] [REI-ReloadPlugins/TRACE] [REI] [REIClientPlugin START] Reloading Section: "reloadable-plugin/ViewsImpl/REICompat of REICompat [supplementaries]/"
[20:34:54] [REI-ReloadPlugins/TRACE] [REI] [REIClientPlugin START] Reloading Section: "reloadable-plugin/ViewsImpl/REICompat of REICompat [supplementaries]/" done in 9.275 μs
[20:34:54] [REI-ReloadPlugins/TRACE] [REI] [REIClientPlugin START] Reloading Section: "reloadable-plugin/ViewsImpl/GTREIPlugin of GTREIPlugin [gtceu]/"
[20:34:54] [REI-ReloadPlugins/TRACE] [REI] [REIClientPlugin START] Reloading Section: "reloadable-plugin/ViewsImpl/GTREIPlugin of GTREIPlugin [gtceu]/" done in 9.259 μs
[20:34:54] [REI-ReloadPlugins/TRACE] [REI] [REIClientPlugin START] Reloading Section: "reloadable-plugin/ViewsImpl/FTBQuestsREIIntegrationForge of FTBQuestsREIIntegrationForge [ftbxmodcompat]/"
[20:34:54] [REI-ReloadPlugins/TRACE] [REI] [REIClientPlugin START] Reloading Section: "reloadable-plugin/ViewsImpl/FTBQuestsREIIntegrationForge of FTBQuestsREIIntegrationForge [ftbxmodcompat]/" done in 14.05 μs
[20:34:54] [REI-ReloadPlugins/TRACE] [REI] [REIClientPlugin START] Reloading Section: "reloadable-plugin/ViewsImpl/ExtendedAE of ExtendedAE [expatternprovider]/"
[20:34:54] [REI-ReloadPlugins/TRACE] [REI] [REIClientPlugin START] Reloading Section: "reloadable-plugin/ViewsImpl/ExtendedAE of ExtendedAE [expatternprovider]/" done in 10.07 μs
[20:34:54] [REI-ReloadPlugins/TRACE] [REI] [REIClientPlugin START] Reloading Section: "reloadable-plugin/ViewsImpl/FramedReiPlugin of FramedReiPlugin [framedblocks]/"
[20:34:54] [REI-ReloadPlugins/TRACE] [REI] [REIClientPlugin START] Reloading Section: "reloadable-plugin/ViewsImpl/FramedReiPlugin of FramedReiPlugin [framedblocks]/" done in 9.143 μs
[20:34:54] [REI-ReloadPlugins/TRACE] [REI] [REIClientPlugin START] Reloading Section: "reloadable-plugin/ViewsImpl/StorageReiClientPlugin of StorageReiClientPlugin [sophisticatedstorage]/"
[20:34:54] [REI-ReloadPlugins/TRACE] [REI] [REIClientPlugin START] Reloading Section: "reloadable-plugin/ViewsImpl/StorageReiClientPlugin of StorageReiClientPlugin [sophisticatedstorage]/" done in 25.45 μs
[20:34:54] [REI-ReloadPlugins/TRACE] [REI] [REIClientPlugin START] Reloading Section: "reloadable-plugin/ViewsImpl/BackpackReiClientPlugin of BackpackReiClientPlugin [sophisticatedbackpacks]/"
[20:34:54] [REI-ReloadPlugins/TRACE] [REI] [REIClientPlugin START] Reloading Section: "reloadable-plugin/ViewsImpl/BackpackReiClientPlugin of BackpackReiClientPlugin [sophisticatedbackpacks]/" done in 201.3 μs
[20:34:54] [REI-ReloadPlugins/TRACE] [REI] [REIClientPlugin START] Reloading Section: "reloadable-plugin/ViewsImpl/ReiIsDumbClientPlugin of ReiIsDumbClientPlugin [ad_astra]/"
[20:34:54] [REI-ReloadPlugins/TRACE] [REI] [REIClientPlugin START] Reloading Section: "reloadable-plugin/ViewsImpl/ReiIsDumbClientPlugin of ReiIsDumbClientPlugin [ad_astra]/" done in 20.76 μs
[20:34:54] [REI-ReloadPlugins/TRACE] [REI] [REIClientPlugin START] Reloading Section: "reloadable-plugin/ViewsImpl/almostunified.roughlyenoughitems of almostunified.roughlyenoughitems [almostunified]/"
[20:34:54] [REI-ReloadPlugins/TRACE] [REI] [REIClientPlugin START] Reloading Section: "reloadable-plugin/ViewsImpl/almostunified.roughlyenoughitems of almostunified.roughlyenoughitems [almostunified]/" done in 10.64 μs
[20:34:54] [REI-ReloadPlugins/TRACE] [REI] [REIClientPlugin START] Reloading Section: "reloadable-plugin/ViewsImpl/AdornReiClientForge of AdornReiClientForge [adorn]/"
[20:34:54] [REI-ReloadPlugins/TRACE] [REI] [REIClientPlugin START] Reloading Section: "reloadable-plugin/ViewsImpl/AdornReiClientForge of AdornReiClientForge [adorn]/" done in 9.583 μs
[20:34:54] [REI-ReloadPlugins/TRACE] [REI] [REIClientPlugin START] Reloading Section: "reloadable-plugin/ViewsImpl/REIPluginImpl of REIPluginImpl [ldlib]/"
[20:34:54] [REI-ReloadPlugins/TRACE] [REI] [REIClientPlugin START] Reloading Section: "reloadable-plugin/ViewsImpl/REIPluginImpl of REIPluginImpl [ldlib]/" done in 9.480 μs
[20:34:54] [REI-ReloadPlugins/TRACE] [REI] [REIClientPlugin START] Reloading Section: "reloadable-plugin/ViewsImpl/ReiClientPlugin of ReiClientPlugin [craftingstation]/"
[20:34:54] [REI-ReloadPlugins/TRACE] [REI] [REIClientPlugin START] Reloading Section: "reloadable-plugin/ViewsImpl/ReiClientPlugin of ReiClientPlugin [craftingstation]/" done in 9.130 μs
[20:34:54] [REI-ReloadPlugins/TRACE] [REI] [REIClientPlugin START] Reloading Section: "reloadable-plugin/ViewsImpl/REIForgePluginStub of REIForgePluginStub [ftblibrary]/"
[20:34:54] [REI-ReloadPlugins/TRACE] [REI] [REIClientPlugin START] Reloading Section: "reloadable-plugin/ViewsImpl/REIForgePluginStub of REIForgePluginStub [ftblibrary]/" done in 9.286 μs
[20:34:54] [REI-ReloadPlugins/TRACE] [REI] [REIClientPlugin START] Reloading Section: "reloadable-plugin/ViewsImpl/AE2 of AE2 [ae2]/"
[20:34:54] [REI-ReloadPlugins/TRACE] [REI] [REIClientPlugin START] Reloading Section: "reloadable-plugin/ViewsImpl/AE2 of AE2 [ae2]/" done in 9.788 μs
[20:34:54] [REI-ReloadPlugins/TRACE] [REI] [REIClientPlugin START] Reloading Section: "reloadable-plugin/ViewsImpl/HideIngredientsFromTagsPlugin of HideIngredientsFromTagsPlugin [roughlyenoughitems]/"
[20:34:54] [REI-ReloadPlugins/TRACE] [REI] [REIClientPlugin START] Reloading Section: "reloadable-plugin/ViewsImpl/HideIngredientsFromTagsPlugin of HideIngredientsFromTagsPlugin [roughlyenoughitems]/" done in 9.593 μs
[20:34:54] [REI-ReloadPlugins/TRACE] [REI] [REIClientPlugin START] Reloading Section: "reloadable-plugin/ViewsImpl/DefaultClientRuntimePlugin of DefaultClientRuntimePlugin [roughlyenoughitems]/"
[20:34:54] [REI-ReloadPlugins/TRACE] [REI] [REIClientPlugin START] Reloading Section: "reloadable-plugin/ViewsImpl/DefaultClientRuntimePlugin of DefaultClientRuntimePlugin [roughlyenoughitems]/" done in 9.725 μs
[20:34:54] [REI-ReloadPlugins/TRACE] [REI] [REIClientPlugin START] Reloading Section: "reloadable-plugin/ViewsImpl/REIForgePluginStub of REIForgePluginStub [kubejs]/"
[20:34:54] [REI-ReloadPlugins/TRACE] [REI] [REIClientPlugin START] Reloading Section: "reloadable-plugin/ViewsImpl/REIForgePluginStub of REIForgePluginStub [kubejs]/" done in 10.02 μs
[20:34:54] [REI-ReloadPlugins/TRACE] [REI] [REIClientPlugin START] Reloading Section: "reloadable-plugin/ViewsImpl/" done in 629.3 μs
[20:34:54] [REI-ReloadPlugins/TRACE] [REI] [REIClientPlugin START] Reloading Section: "reloadable-plugin/InputMethodRegistryImpl/"
[20:34:54] [REI-ReloadPlugins/TRACE] [REI] [REIClientPlugin START] Reloading Section: "reloadable-plugin/InputMethodRegistryImpl/DefaultClientPluginImpl of DefaultClientPluginImpl [roughlyenoughitems]/"
[20:34:54] [REI-ReloadPlugins/TRACE] [REI] [REIClientPlugin START] Reloading Section: "reloadable-plugin/InputMethodRegistryImpl/DefaultClientPluginImpl of DefaultClientPluginImpl [roughlyenoughitems]/" done in 10.11 μs
[20:34:54] [REI-ReloadPlugins/TRACE] [REI] [REIClientPlugin START] Reloading Section: "reloadable-plugin/InputMethodRegistryImpl/REICompat of REICompat [supplementaries]/"
[20:34:54] [REI-ReloadPlugins/TRACE] [REI] [REIClientPlugin START] Reloading Section: "reloadable-plugin/InputMethodRegistryImpl/REICompat of REICompat [supplementaries]/" done in 10.88 μs
[20:34:54] [REI-ReloadPlugins/TRACE] [REI] [REIClientPlugin START] Reloading Section: "reloadable-plugin/InputMethodRegistryImpl/GTREIPlugin of GTREIPlugin [gtceu]/"
[20:34:54] [REI-ReloadPlugins/TRACE] [REI] [REIClientPlugin START] Reloading Section: "reloadable-plugin/InputMethodRegistryImpl/GTREIPlugin of GTREIPlugin [gtceu]/" done in 9.644 μs
[20:34:54] [REI-ReloadPlugins/TRACE] [REI] [REIClientPlugin START] Reloading Section: "reloadable-plugin/InputMethodRegistryImpl/FTBQuestsREIIntegrationForge of FTBQuestsREIIntegrationForge [ftbxmodcompat]/"
[20:34:54] [REI-ReloadPlugins/TRACE] [REI] [REIClientPlugin START] Reloading Section: "reloadable-plugin/InputMethodRegistryImpl/FTBQuestsREIIntegrationForge of FTBQuestsREIIntegrationForge [ftbxmodcompat]/" done in 9.828 μs
[20:34:54] [REI-ReloadPlugins/TRACE] [REI] [REIClientPlugin START] Reloading Section: "reloadable-plugin/InputMethodRegistryImpl/ExtendedAE of ExtendedAE [expatternprovider]/"
[20:34:54] [REI-ReloadPlugins/TRACE] [REI] [REIClientPlugin START] Reloading Section: "reloadable-plugin/InputMethodRegistryImpl/ExtendedAE of ExtendedAE [expatternprovider]/" done in 9.315 μs
[20:34:54] [REI-ReloadPlugins/TRACE] [REI] [REIClientPlugin START] Reloading Section: "reloadable-plugin/InputMethodRegistryImpl/FramedReiPlugin of FramedReiPlugin [framedblocks]/"
[20:34:54] [REI-ReloadPlugins/TRACE] [REI] [REIClientPlugin START] Reloading Section: "reloadable-plugin/InputMethodRegistryImpl/FramedReiPlugin of FramedReiPlugin [framedblocks]/" done in 9.730 μs
[20:34:54] [REI-ReloadPlugins/TRACE] [REI] [REIClientPlugin START] Reloading Section: "reloadable-plugin/InputMethodRegistryImpl/StorageReiClientPlugin of StorageReiClientPlugin [sophisticatedstorage]/"
[20:34:54] [REI-ReloadPlugins/TRACE] [REI] [REIClientPlugin START] Reloading Section: "reloadable-plugin/InputMethodRegistryImpl/StorageReiClientPlugin of StorageReiClientPlugin [sophisticatedstorage]/" done in 9.360 μs
[20:34:54] [REI-ReloadPlugins/TRACE] [REI] [REIClientPlugin START] Reloading Section: "reloadable-plugin/InputMethodRegistryImpl/BackpackReiClientPlugin of BackpackReiClientPlugin [sophisticatedbackpacks]/"
[20:34:54] [REI-ReloadPlugins/TRACE] [REI] [REIClientPlugin START] Reloading Section: "reloadable-plugin/InputMethodRegistryImpl/BackpackReiClientPlugin of BackpackReiClientPlugin [sophisticatedbackpacks]/" done in 9.514 μs
[20:34:54] [REI-ReloadPlugins/TRACE] [REI] [REIClientPlugin START] Reloading Section: "reloadable-plugin/InputMethodRegistryImpl/ReiIsDumbClientPlugin of ReiIsDumbClientPlugin [ad_astra]/"
[20:34:54] [REI-ReloadPlugins/TRACE] [REI] [REIClientPlugin START] Reloading Section: "reloadable-plugin/InputMethodRegistryImpl/ReiIsDumbClientPlugin of ReiIsDumbClientPlugin [ad_astra]/" done in 9.286 μs
[20:34:54] [REI-ReloadPlugins/TRACE] [REI] [REIClientPlugin START] Reloading Section: "reloadable-plugin/InputMethodRegistryImpl/almostunified.roughlyenoughitems of almostunified.roughlyenoughitems [almostunified]/"
[20:34:54] [REI-ReloadPlugins/TRACE] [REI] [REIClientPlugin START] Reloading Section: "reloadable-plugin/InputMethodRegistryImpl/almostunified.roughlyenoughitems of almostunified.roughlyenoughitems [almostunified]/" done in 9.599 μs
[20:34:54] [REI-ReloadPlugins/TRACE] [REI] [REIClientPlugin START] Reloading Section: "reloadable-plugin/InputMethodRegistryImpl/AdornReiClientForge of AdornReiClientForge [adorn]/"
[20:34:54] [REI-ReloadPlugins/TRACE] [REI] [REIClientPlugin START] Reloading Section: "reloadable-plugin/InputMethodRegistryImpl/AdornReiClientForge of AdornReiClientForge [adorn]/" done in 9.550 μs
[20:34:54] [REI-ReloadPlugins/TRACE] [REI] [REIClientPlugin START] Reloading Section: "reloadable-plugin/InputMethodRegistryImpl/REIPluginImpl of REIPluginImpl [ldlib]/"
[20:34:54] [REI-ReloadPlugins/TRACE] [REI] [REIClientPlugin START] Reloading Section: "reloadable-plugin/InputMethodRegistryImpl/REIPluginImpl of REIPluginImpl [ldlib]/" done in 9.219 μs
[20:34:54] [REI-ReloadPlugins/TRACE] [REI] [REIClientPlugin START] Reloading Section: "reloadable-plugin/InputMethodRegistryImpl/ReiClientPlugin of ReiClientPlugin [craftingstation]/"
[20:34:54] [REI-ReloadPlugins/TRACE] [REI] [REIClientPlugin START] Reloading Section: "reloadable-plugin/InputMethodRegistryImpl/ReiClientPlugin of ReiClientPlugin [craftingstation]/" done in 9.595 μs
[20:34:54] [REI-ReloadPlugins/TRACE] [REI] [REIClientPlugin START] Reloading Section: "reloadable-plugin/InputMethodRegistryImpl/REIForgePluginStub of REIForgePluginStub [ftblibrary]/"
[20:34:54] [REI-ReloadPlugins/TRACE] [REI] [REIClientPlugin START] Reloading Section: "reloadable-plugin/InputMethodRegistryImpl/REIForgePluginStub of REIForgePluginStub [ftblibrary]/" done in 13.87 μs
[20:34:54] [REI-ReloadPlugins/TRACE] [REI] [REIClientPlugin START] Reloading Section: "reloadable-plugin/InputMethodRegistryImpl/AE2 of AE2 [ae2]/"
[20:34:54] [REI-ReloadPlugins/TRACE] [REI] [REIClientPlugin START] Reloading Section: "reloadable-plugin/InputMethodRegistryImpl/AE2 of AE2 [ae2]/" done in 9.570 μs
[20:34:54] [REI-ReloadPlugins/TRACE] [REI] [REIClientPlugin START] Reloading Section: "reloadable-plugin/InputMethodRegistryImpl/HideIngredientsFromTagsPlugin of HideIngredientsFromTagsPlugin [roughlyenoughitems]/"
[20:34:54] [REI-ReloadPlugins/TRACE] [REI] [REIClientPlugin START] Reloading Section: "reloadable-plugin/InputMethodRegistryImpl/HideIngredientsFromTagsPlugin of HideIngredientsFromTagsPlugin [roughlyenoughitems]/" done in 10.61 μs
[20:34:54] [REI-ReloadPlugins/TRACE] [REI] [REIClientPlugin START] Reloading Section: "reloadable-plugin/InputMethodRegistryImpl/DefaultClientRuntimePlugin of DefaultClientRuntimePlugin [roughlyenoughitems]/"
[20:34:54] [REI-ReloadPlugins/TRACE] [REI] [REIClientPlugin START] Reloading Section: "reloadable-plugin/InputMethodRegistryImpl/DefaultClientRuntimePlugin of DefaultClientRuntimePlugin [roughlyenoughitems]/" done in 9.362 μs
[20:34:54] [REI-ReloadPlugins/TRACE] [REI] [REIClientPlugin START] Reloading Section: "reloadable-plugin/InputMethodRegistryImpl/REIForgePluginStub of REIForgePluginStub [kubejs]/"
[20:34:54] [REI-ReloadPlugins/TRACE] [REI] [REIClientPlugin START] Reloading Section: "reloadable-plugin/InputMethodRegistryImpl/REIForgePluginStub of REIForgePluginStub [kubejs]/" done in 11.42 μs
[20:34:54] [REI-ReloadPlugins/TRACE] [REI] [REIClientPlugin START] Reloading Section: "reloadable-plugin/InputMethodRegistryImpl/" done in 390.8 μs
[20:34:54] [REI-ReloadPlugins/TRACE] [REI] [REIClientPlugin START] Reloading Section: "reloadable-plugin/SearchProviderImpl/"
[20:34:54] [REI-ReloadPlugins/TRACE] [REI] [REIClientPlugin START] Reloading Section: "reloadable-plugin/SearchProviderImpl/DefaultClientPluginImpl of DefaultClientPluginImpl [roughlyenoughitems]/"
[20:34:54] [REI-ReloadPlugins/TRACE] [REI] [REIClientPlugin START] Reloading Section: "reloadable-plugin/SearchProviderImpl/DefaultClientPluginImpl of DefaultClientPluginImpl [roughlyenoughitems]/" done in 10.15 μs
[20:34:54] [REI-ReloadPlugins/TRACE] [REI] [REIClientPlugin START] Reloading Section: "reloadable-plugin/SearchProviderImpl/REICompat of REICompat [supplementaries]/"
[20:34:54] [REI-ReloadPlugins/TRACE] [REI] [REIClientPlugin START] Reloading Section: "reloadable-plugin/SearchProviderImpl/REICompat of REICompat [supplementaries]/" done in 11.36 μs
[20:34:54] [REI-ReloadPlugins/TRACE] [REI] [REIClientPlugin START] Reloading Section: "reloadable-plugin/SearchProviderImpl/GTREIPlugin of GTREIPlugin [gtceu]/"
[20:34:54] [REI-ReloadPlugins/TRACE] [REI] [REIClientPlugin START] Reloading Section: "reloadable-plugin/SearchProviderImpl/GTREIPlugin of GTREIPlugin [gtceu]/" done in 9.563 μs
[20:34:54] [REI-ReloadPlugins/TRACE] [REI] [REIClientPlugin START] Reloading Section: "reloadable-plugin/SearchProviderImpl/FTBQuestsREIIntegrationForge of FTBQuestsREIIntegrationForge [ftbxmodcompat]/"
[20:34:54] [REI-ReloadPlugins/TRACE] [REI] [REIClientPlugin START] Reloading Section: "reloadable-plugin/SearchProviderImpl/FTBQuestsREIIntegrationForge of FTBQuestsREIIntegrationForge [ftbxmodcompat]/" done in 9.238 μs
[20:34:54] [REI-ReloadPlugins/TRACE] [REI] [REIClientPlugin START] Reloading Section: "reloadable-plugin/SearchProviderImpl/ExtendedAE of ExtendedAE [expatternprovider]/"
[20:34:54] [REI-ReloadPlugins/TRACE] [REI] [REIClientPlugin START] Reloading Section: "reloadable-plugin/SearchProviderImpl/ExtendedAE of ExtendedAE [expatternprovider]/" done in 9.257 μs
[20:34:54] [REI-ReloadPlugins/TRACE] [REI] [REIClientPlugin START] Reloading Section: "reloadable-plugin/SearchProviderImpl/FramedReiPlugin of FramedReiPlugin [framedblocks]/"
[20:34:54] [REI-ReloadPlugins/TRACE] [REI] [REIClientPlugin START] Reloading Section: "reloadable-plugin/SearchProviderImpl/FramedReiPlugin of FramedReiPlugin [framedblocks]/" done in 9.332 μs
[20:34:54] [REI-ReloadPlugins/TRACE] [REI] [REIClientPlugin START] Reloading Section: "reloadable-plugin/SearchProviderImpl/StorageReiClientPlugin of StorageReiClientPlugin [sophisticatedstorage]/"
[20:34:54] [REI-ReloadPlugins/TRACE] [REI] [REIClientPlugin START] Reloading Section: "reloadable-plugin/SearchProviderImpl/StorageReiClientPlugin of StorageReiClientPlugin [sophisticatedstorage]/" done in 9.888 μs
[20:34:54] [REI-ReloadPlugins/TRACE] [REI] [REIClientPlugin START] Reloading Section: "reloadable-plugin/SearchProviderImpl/BackpackReiClientPlugin of BackpackReiClientPlugin [sophisticatedbackpacks]/"
[20:34:54] [REI-ReloadPlugins/TRACE] [REI] [REIClientPlugin START] Reloading Section: "reloadable-plugin/SearchProviderImpl/BackpackReiClientPlugin of BackpackReiClientPlugin [sophisticatedbackpacks]/" done in 11.29 μs
[20:34:54] [REI-ReloadPlugins/TRACE] [REI] [REIClientPlugin START] Reloading Section: "reloadable-plugin/SearchProviderImpl/ReiIsDumbClientPlugin of ReiIsDumbClientPlugin [ad_astra]/"
[20:34:54] [REI-ReloadPlugins/TRACE] [REI] [REIClientPlugin START] Reloading Section: "reloadable-plugin/SearchProviderImpl/ReiIsDumbClientPlugin of ReiIsDumbClientPlugin [ad_astra]/" done in 8.974 μs
[20:34:54] [REI-ReloadPlugins/TRACE] [REI] [REIClientPlugin START] Reloading Section: "reloadable-plugin/SearchProviderImpl/almostunified.roughlyenoughitems of almostunified.roughlyenoughitems [almostunified]/"
[20:34:54] [REI-ReloadPlugins/TRACE] [REI] [REIClientPlugin START] Reloading Section: "reloadable-plugin/SearchProviderImpl/almostunified.roughlyenoughitems of almostunified.roughlyenoughitems [almostunified]/" done in 9.672 μs
[20:34:54] [REI-ReloadPlugins/TRACE] [REI] [REIClientPlugin START] Reloading Section: "reloadable-plugin/SearchProviderImpl/AdornReiClientForge of AdornReiClientForge [adorn]/"
[20:34:54] [REI-ReloadPlugins/TRACE] [REI] [REIClientPlugin START] Reloading Section: "reloadable-plugin/SearchProviderImpl/AdornReiClientForge of AdornReiClientForge [adorn]/" done in 9.379 μs
[20:34:54] [REI-ReloadPlugins/TRACE] [REI] [REIClientPlugin START] Reloading Section: "reloadable-plugin/SearchProviderImpl/REIPluginImpl of REIPluginImpl [ldlib]/"
[20:34:54] [REI-ReloadPlugins/TRACE] [REI] [REIClientPlugin START] Reloading Section: "reloadable-plugin/SearchProviderImpl/REIPluginImpl of REIPluginImpl [ldlib]/" done in 9.452 μs
[20:34:54] [REI-ReloadPlugins/TRACE] [REI] [REIClientPlugin START] Reloading Section: "reloadable-plugin/SearchProviderImpl/ReiClientPlugin of ReiClientPlugin [craftingstation]/"
[20:34:54] [REI-ReloadPlugins/TRACE] [REI] [REIClientPlugin START] Reloading Section: "reloadable-plugin/SearchProviderImpl/ReiClientPlugin of ReiClientPlugin [craftingstation]/" done in 11.31 μs
[20:34:54] [REI-ReloadPlugins/TRACE] [REI] [REIClientPlugin START] Reloading Section: "reloadable-plugin/SearchProviderImpl/REIForgePluginStub of REIForgePluginStub [ftblibrary]/"
[20:34:54] [REI-ReloadPlugins/TRACE] [REI] [REIClientPlugin START] Reloading Section: "reloadable-plugin/SearchProviderImpl/REIForgePluginStub of REIForgePluginStub [ftblibrary]/" done in 9.156 μs
[20:34:54] [REI-ReloadPlugins/TRACE] [REI] [REIClientPlugin START] Reloading Section: "reloadable-plugin/SearchProviderImpl/AE2 of AE2 [ae2]/"
[20:34:54] [REI-ReloadPlugins/TRACE] [REI] [REIClientPlugin START] Reloading Section: "reloadable-plugin/SearchProviderImpl/AE2 of AE2 [ae2]/" done in 9.129 μs
[20:34:54] [REI-ReloadPlugins/TRACE] [REI] [REIClientPlugin START] Reloading Section: "reloadable-plugin/SearchProviderImpl/HideIngredientsFromTagsPlugin of HideIngredientsFromTagsPlugin [roughlyenoughitems]/"
[20:34:54] [REI-ReloadPlugins/TRACE] [REI] [REIClientPlugin START] Reloading Section: "reloadable-plugin/SearchProviderImpl/HideIngredientsFromTagsPlugin of HideIngredientsFromTagsPlugin [roughlyenoughitems]/" done in 9.253 μs
[20:34:54] [REI-ReloadPlugins/TRACE] [REI] [REIClientPlugin START] Reloading Section: "reloadable-plugin/SearchProviderImpl/DefaultClientRuntimePlugin of DefaultClientRuntimePlugin [roughlyenoughitems]/"
[20:34:54] [REI-ReloadPlugins/TRACE] [REI] [REIClientPlugin START] Reloading Section: "reloadable-plugin/SearchProviderImpl/DefaultClientRuntimePlugin of DefaultClientRuntimePlugin [roughlyenoughitems]/" done in 9.135 μs
[20:34:54] [REI-ReloadPlugins/TRACE] [REI] [REIClientPlugin START] Reloading Section: "reloadable-plugin/SearchProviderImpl/REIForgePluginStub of REIForgePluginStub [kubejs]/"
[20:34:54] [REI-ReloadPlugins/TRACE] [REI] [REIClientPlugin START] Reloading Section: "reloadable-plugin/SearchProviderImpl/REIForgePluginStub of REIForgePluginStub [kubejs]/" done in 45.01 μs
[20:34:54] [REI-ReloadPlugins/TRACE] [REI] [REIClientPlugin START] Reloading Section: "reloadable-plugin/SearchProviderImpl/" done in 418.1 μs
[20:34:54] [REI-ReloadPlugins/TRACE] [REI] [REIClientPlugin START] Reloading Section: "reloadable-plugin/ConfigManagerImpl/"
[20:34:54] [REI-ReloadPlugins/TRACE] [REI] [REIClientPlugin START] Reloading Section: "reloadable-plugin/ConfigManagerImpl/DefaultClientPluginImpl of DefaultClientPluginImpl [roughlyenoughitems]/"
[20:34:54] [REI-ReloadPlugins/TRACE] [REI] [REIClientPlugin START] Reloading Section: "reloadable-plugin/ConfigManagerImpl/DefaultClientPluginImpl of DefaultClientPluginImpl [roughlyenoughitems]/" done in 164.5 μs
[20:34:54] [REI-ReloadPlugins/TRACE] [REI] [REIClientPlugin START] Reloading Section: "reloadable-plugin/ConfigManagerImpl/REICompat of REICompat [supplementaries]/"
[20:34:54] [REI-ReloadPlugins/TRACE] [REI] [REIClientPlugin START] Reloading Section: "reloadable-plugin/ConfigManagerImpl/REICompat of REICompat [supplementaries]/" done in 22.32 μs
[20:34:54] [REI-ReloadPlugins/TRACE] [REI] [REIClientPlugin START] Reloading Section: "reloadable-plugin/ConfigManagerImpl/GTREIPlugin of GTREIPlugin [gtceu]/"
[20:34:54] [REI-ReloadPlugins/TRACE] [REI] [REIClientPlugin START] Reloading Section: "reloadable-plugin/ConfigManagerImpl/GTREIPlugin of GTREIPlugin [gtceu]/" done in 6.345 μs
[20:34:54] [REI-ReloadPlugins/TRACE] [REI] [REIClientPlugin START] Reloading Section: "reloadable-plugin/ConfigManagerImpl/FTBQuestsREIIntegrationForge of FTBQuestsREIIntegrationForge [ftbxmodcompat]/"
[20:34:54] [REI-ReloadPlugins/TRACE] [REI] [REIClientPlugin START] Reloading Section: "reloadable-plugin/ConfigManagerImpl/FTBQuestsREIIntegrationForge of FTBQuestsREIIntegrationForge [ftbxmodcompat]/" done in 5.884 μs
[20:34:54] [REI-ReloadPlugins/TRACE] [REI] [REIClientPlugin START] Reloading Section: "reloadable-plugin/ConfigManagerImpl/ExtendedAE of ExtendedAE [expatternprovider]/"
[20:34:54] [REI-ReloadPlugins/TRACE] [REI] [REIClientPlugin START] Reloading Section: "reloadable-plugin/ConfigManagerImpl/ExtendedAE of ExtendedAE [expatternprovider]/" done in 12.34 μs
[20:34:54] [REI-ReloadPlugins/TRACE] [REI] [REIClientPlugin START] Reloading Section: "reloadable-plugin/ConfigManagerImpl/FramedReiPlugin of FramedReiPlugin [framedblocks]/"
[20:34:54] [REI-ReloadPlugins/TRACE] [REI] [REIClientPlugin START] Reloading Section: "reloadable-plugin/ConfigManagerImpl/FramedReiPlugin of FramedReiPlugin [framedblocks]/" done in 5.867 μs
[20:34:54] [REI-ReloadPlugins/TRACE] [REI] [REIClientPlugin START] Reloading Section: "reloadable-plugin/ConfigManagerImpl/StorageReiClientPlugin of StorageReiClientPlugin [sophisticatedstorage]/"
[20:34:54] [REI-ReloadPlugins/TRACE] [REI] [REIClientPlugin START] Reloading Section: "reloadable-plugin/ConfigManagerImpl/StorageReiClientPlugin of StorageReiClientPlugin [sophisticatedstorage]/" done in 5.941 μs
[20:34:54] [REI-ReloadPlugins/TRACE] [REI] [REIClientPlugin START] Reloading Section: "reloadable-plugin/ConfigManagerImpl/BackpackReiClientPlugin of BackpackReiClientPlugin [sophisticatedbackpacks]/"
[20:34:54] [REI-ReloadPlugins/TRACE] [REI] [REIClientPlugin START] Reloading Section: "reloadable-plugin/ConfigManagerImpl/BackpackReiClientPlugin of BackpackReiClientPlugin [sophisticatedbackpacks]/" done in 5.850 μs
[20:34:54] [REI-ReloadPlugins/TRACE] [REI] [REIClientPlugin START] Reloading Section: "reloadable-plugin/ConfigManagerImpl/ReiIsDumbClientPlugin of ReiIsDumbClientPlugin [ad_astra]/"
[20:34:54] [REI-ReloadPlugins/TRACE] [REI] [REIClientPlugin START] Reloading Section: "reloadable-plugin/ConfigManagerImpl/ReiIsDumbClientPlugin of ReiIsDumbClientPlugin [ad_astra]/" done in 5.724 μs
[20:34:54] [REI-ReloadPlugins/TRACE] [REI] [REIClientPlugin START] Reloading Section: "reloadable-plugin/ConfigManagerImpl/almostunified.roughlyenoughitems of almostunified.roughlyenoughitems [almostunified]/"
[20:34:54] [REI-ReloadPlugins/TRACE] [REI] [REIClientPlugin START] Reloading Section: "reloadable-plugin/ConfigManagerImpl/almostunified.roughlyenoughitems of almostunified.roughlyenoughitems [almostunified]/" done in 10.12 μs
[20:34:54] [REI-ReloadPlugins/TRACE] [REI] [REIClientPlugin START] Reloading Section: "reloadable-plugin/ConfigManagerImpl/AdornReiClientForge of AdornReiClientForge [adorn]/"
[20:34:54] [REI-ReloadPlugins/TRACE] [REI] [REIClientPlugin START] Reloading Section: "reloadable-plugin/ConfigManagerImpl/AdornReiClientForge of AdornReiClientForge [adorn]/" done in 5.865 μs
[20:34:54] [REI-ReloadPlugins/TRACE] [REI] [REIClientPlugin START] Reloading Section: "reloadable-plugin/ConfigManagerImpl/REIPluginImpl of REIPluginImpl [ldlib]/"
[20:34:54] [REI-ReloadPlugins/TRACE] [REI] [REIClientPlugin START] Reloading Section: "reloadable-plugin/ConfigManagerImpl/REIPluginImpl of REIPluginImpl [ldlib]/" done in 5.741 μs
[20:34:54] [REI-ReloadPlugins/TRACE] [REI] [REIClientPlugin START] Reloading Section: "reloadable-plugin/ConfigManagerImpl/ReiClientPlugin of ReiClientPlugin [craftingstation]/"
[20:34:54] [REI-ReloadPlugins/TRACE] [REI] [REIClientPlugin START] Reloading Section: "reloadable-plugin/ConfigManagerImpl/ReiClientPlugin of ReiClientPlugin [craftingstation]/" done in 9.614 μs
[20:34:54] [REI-ReloadPlugins/TRACE] [REI] [REIClientPlugin START] Reloading Section: "reloadable-plugin/ConfigManagerImpl/REIForgePluginStub of REIForgePluginStub [ftblibrary]/"
[20:34:54] [REI-ReloadPlugins/TRACE] [REI] [REIClientPlugin START] Reloading Section: "reloadable-plugin/ConfigManagerImpl/REIForgePluginStub of REIForgePluginStub [ftblibrary]/" done in 5.861 μs
[20:34:54] [REI-ReloadPlugins/TRACE] [REI] [REIClientPlugin START] Reloading Section: "reloadable-plugin/ConfigManagerImpl/AE2 of AE2 [ae2]/"
[20:34:54] [REI-ReloadPlugins/TRACE] [REI] [REIClientPlugin START] Reloading Section: "reloadable-plugin/ConfigManagerImpl/AE2 of AE2 [ae2]/" done in 9.029 μs
[20:34:54] [REI-ReloadPlugins/TRACE] [REI] [REIClientPlugin START] Reloading Section: "reloadable-plugin/ConfigManagerImpl/HideIngredientsFromTagsPlugin of HideIngredientsFromTagsPlugin [roughlyenoughitems]/"
[20:34:54] [REI-ReloadPlugins/TRACE] [REI] [REIClientPlugin START] Reloading Section: "reloadable-plugin/ConfigManagerImpl/HideIngredientsFromTagsPlugin of HideIngredientsFromTagsPlugin [roughlyenoughitems]/" done in 8.301 μs
[20:34:54] [REI-ReloadPlugins/TRACE] [REI] [REIClientPlugin START] Reloading Section: "reloadable-plugin/ConfigManagerImpl/DefaultClientRuntimePlugin of DefaultClientRuntimePlugin [roughlyenoughitems]/"
[20:34:54] [REI-ReloadPlugins/TRACE] [REI] [REIClientPlugin START] Reloading Section: "reloadable-plugin/ConfigManagerImpl/DefaultClientRuntimePlugin of DefaultClientRuntimePlugin [roughlyenoughitems]/" done in 5.908 μs
[20:34:54] [REI-ReloadPlugins/TRACE] [REI] [REIClientPlugin START] Reloading Section: "reloadable-plugin/ConfigManagerImpl/REIForgePluginStub of REIForgePluginStub [kubejs]/"
[20:34:54] [REI-ReloadPlugins/TRACE] [REI] [REIClientPlugin START] Reloading Section: "reloadable-plugin/ConfigManagerImpl/REIForgePluginStub of REIForgePluginStub [kubejs]/" done in 10.38 μs
[20:34:54] [REI-ReloadPlugins/TRACE] [REI] [REIClientPlugin START] Reloading Section: "reloadable-plugin/ConfigManagerImpl/" done in 517.5 μs
[20:34:54] [REI-ReloadPlugins/TRACE] [REI] [REIClientPlugin START] Reloading Section: "reloadable-plugin/EntryRegistryImpl/"
[20:34:54] [REI-ReloadPlugins/TRACE] [REI] [REIClientPlugin START] Reloading Section: "reloadable-plugin/EntryRegistryImpl/DefaultClientPluginImpl of DefaultClientPluginImpl [roughlyenoughitems]/"
[20:34:54] [Render thread/DEBUG] [REI] Starting Reload Plugins of stage END
java.lang.Throwable
	at TRANSFORMER/roughlyenoughitems@12.1.785/me.shedaniel.rei.impl.common.plugins.ReloadManagerImpl.reloadPlugins(ReloadManagerImpl.java:110)
	at TRANSFORMER/roughlyenoughitems@12.1.785/me.shedaniel.rei.RoughlyEnoughItemsCoreClient.reloadPlugins(RoughlyEnoughItemsCoreClient.java:473)
	at TRANSFORMER/roughlyenoughitems@12.1.785/me.shedaniel.rei.RoughlyEnoughItemsCoreClient.lambda$registerEvents$10(RoughlyEnoughItemsCoreClient.java:315)
	at TRANSFORMER/architectury@9.2.14/dev.architectury.event.forge.EventHandlerImplClient.event(EventHandlerImplClient.java:173)
	at TRANSFORMER/architectury@9.2.14/dev.architectury.event.forge.__EventHandlerImplClient_event_RecipesUpdatedEvent.invoke(.dynamic)
	at MC-BOOTSTRAP/net.minecraftforge.eventbus/net.minecraftforge.eventbus.ASMEventHandler.invoke(ASMEventHandler.java:73)
	at MC-BOOTSTRAP/net.minecraftforge.eventbus/net.minecraftforge.eventbus.EventBus.post(EventBus.java:315)
	at MC-BOOTSTRAP/net.minecraftforge.eventbus/net.minecraftforge.eventbus.EventBus.post(EventBus.java:296)
	at TRANSFORMER/forge@47.4.10/net.minecraftforge.client.ForgeHooksClient.onRecipesUpdated(ForgeHooksClient.java:718)
	at TRANSFORMER/minecraft@1.20.1/net.minecraft.client.multiplayer.ClientPacketListener.m_6327_(ClientPacketListener.java:1354)
	at TRANSFORMER/minecraft@1.20.1/net.minecraft.network.protocol.game.ClientboundUpdateRecipesPacket.m_5797_(ClientboundUpdateRecipesPacket.java:32)
	at TRANSFORMER/minecraft@1.20.1/net.minecraft.network.protocol.game.ClientboundUpdateRecipesPacket.m_5797_(ClientboundUpdateRecipesPacket.java:14)
	at TRANSFORMER/minecraft@1.20.1/net.minecraft.network.protocol.PacketUtils.m_263899_(PacketUtils.java:22)
	at TRANSFORMER/minecraft@1.20.1/net.minecraft.util.thread.BlockableEventLoop.m_6367_(BlockableEventLoop.java:156)
	at TRANSFORMER/minecraft@1.20.1/net.minecraft.util.thread.ReentrantBlockableEventLoop.m_6367_(ReentrantBlockableEventLoop.java:23)
	at TRANSFORMER/minecraft@1.20.1/net.minecraft.util.thread.BlockableEventLoop.m_7245_(BlockableEventLoop.java:130)
	at TRANSFORMER/minecraft@1.20.1/net.minecraft.util.thread.BlockableEventLoop.m_18699_(BlockableEventLoop.java:115)
	at TRANSFORMER/minecraft@1.20.1/net.minecraft.client.Minecraft.m_91383_(Minecraft.java:1106)
	at TRANSFORMER/minecraft@1.20.1/net.minecraft.client.Minecraft.m_91374_(Minecraft.java:718)
	at TRANSFORMER/minecraft@1.20.1/net.minecraft.client.main.Main.main(Main.java:218)
	at java.base/jdk.internal.reflect.NativeMethodAccessorImpl.invoke0(Native Method)
	at java.base/jdk.internal.reflect.NativeMethodAccessorImpl.invoke(NativeMethodAccessorImpl.java:77)
	at java.base/jdk.internal.reflect.DelegatingMethodAccessorImpl.invoke(DelegatingMethodAccessorImpl.java:43)
	at java.base/java.lang.reflect.Method.invoke(Method.java:569)
	at MC-BOOTSTRAP/fmlloader@1.20.1-47.4.10/net.minecraftforge.fml.loading.targets.CommonLaunchHandler.runTarget(CommonLaunchHandler.java:111)
	at MC-BOOTSTRAP/fmlloader@1.20.1-47.4.10/net.minecraftforge.fml.loading.targets.CommonLaunchHandler.clientService(CommonLaunchHandler.java:99)
	at MC-BOOTSTRAP/fmlloader@1.20.1-47.4.10/net.minecraftforge.fml.loading.targets.CommonClientLaunchHandler.lambda$makeService$0(CommonClientLaunchHandler.java:25)
	at MC-BOOTSTRAP/cpw.mods.modlauncher@10.0.9/cpw.mods.modlauncher.LaunchServiceHandlerDecorator.launch(LaunchServiceHandlerDecorator.java:30)
	at MC-BOOTSTRAP/cpw.mods.modlauncher@10.0.9/cpw.mods.modlauncher.LaunchServiceHandler.launch(LaunchServiceHandler.java:53)
	at MC-BOOTSTRAP/cpw.mods.modlauncher@10.0.9/cpw.mods.modlauncher.LaunchServiceHandler.launch(LaunchServiceHandler.java:71)
	at MC-BOOTSTRAP/cpw.mods.modlauncher@10.0.9/cpw.mods.modlauncher.Launcher.run(Launcher.java:108)
	at MC-BOOTSTRAP/cpw.mods.modlauncher@10.0.9/cpw.mods.modlauncher.Launcher.main(Launcher.java:78)
	at MC-BOOTSTRAP/cpw.mods.modlauncher@10.0.9/cpw.mods.modlauncher.BootstrapLaunchConsumer.accept(BootstrapLaunchConsumer.java:26)
	at MC-BOOTSTRAP/cpw.mods.modlauncher@10.0.9/cpw.mods.modlauncher.BootstrapLaunchConsumer.accept(BootstrapLaunchConsumer.java:23)
	at cpw.mods.bootstraplauncher@1.1.2/cpw.mods.bootstraplauncher.BootstrapLauncher.main(BootstrapLauncher.java:141)
	at java.base/jdk.internal.reflect.NativeMethodAccessorImpl.invoke0(Native Method)
	at java.base/jdk.internal.reflect.NativeMethodAccessorImpl.invoke(NativeMethodAccessorImpl.java:77)
	at java.base/jdk.internal.reflect.DelegatingMethodAccessorImpl.invoke(DelegatingMethodAccessorImpl.java:43)
	at java.base/java.lang.reflect.Method.invoke(Method.java:569)
	at io.github.zekerzhayard.forgewrapper.installer.Main.main(Main.java:67)
	at org.prismlauncher.launcher.impl.StandardLauncher.launch(StandardLauncher.java:115)
	at org.prismlauncher.EntryPoint.listen(EntryPoint.java:129)
	at org.prismlauncher.EntryPoint.main(EntryPoint.java:70)
[20:34:54] [Render thread/WARN] [REI] Found 1 existing reload task(s) after trying to terminate them!
[20:34:55] [REI-ReloadPlugins/TRACE] [REI] Registered 28443 entries from plugin DefaultClientPluginImpl
[20:34:55] [REI-ReloadPlugins/TRACE] [REI] [REIClientPlugin START] Reloading Section: "reloadable-plugin/EntryRegistryImpl/DefaultClientPluginImpl of DefaultClientPluginImpl [roughlyenoughitems]/" done in 788.4 ms
[20:34:55] [REI-ReloadPlugins/TRACE] [REI] [REIClientPlugin START] Reloading Section: "reloadable-plugin/EntryRegistryImpl/REICompat of REICompat [supplementaries]/"
[20:34:55] [REI-ReloadPlugins/TRACE] [REI] Registered 0 entries from plugin REICompat
[20:34:55] [REI-ReloadPlugins/TRACE] [REI] [REIClientPlugin START] Reloading Section: "reloadable-plugin/EntryRegistryImpl/REICompat of REICompat [supplementaries]/" done in 49.13 μs
[20:34:55] [REI-ReloadPlugins/TRACE] [REI] [REIClientPlugin START] Reloading Section: "reloadable-plugin/EntryRegistryImpl/GTREIPlugin of GTREIPlugin [gtceu]/"
[20:34:55] [REI-ReloadPlugins/TRACE] [REI] Registered 55 entries from plugin GTREIPlugin
[20:34:55] [REI-ReloadPlugins/TRACE] [REI] [REIClientPlugin START] Reloading Section: "reloadable-plugin/EntryRegistryImpl/GTREIPlugin of GTREIPlugin [gtceu]/" done in 1.573 ms
[20:34:55] [REI-ReloadPlugins/TRACE] [REI] [REIClientPlugin START] Reloading Section: "reloadable-plugin/EntryRegistryImpl/FTBQuestsREIIntegrationForge of FTBQuestsREIIntegrationForge [ftbxmodcompat]/"
[20:34:55] [REI-ReloadPlugins/TRACE] [REI] Registered 0 entries from plugin FTBQuestsREIIntegrationForge
[20:34:55] [REI-ReloadPlugins/TRACE] [REI] [REIClientPlugin START] Reloading Section: "reloadable-plugin/EntryRegistryImpl/FTBQuestsREIIntegrationForge of FTBQuestsREIIntegrationForge [ftbxmodcompat]/" done in 25.10 μs
[20:34:55] [REI-ReloadPlugins/TRACE] [REI] [REIClientPlugin START] Reloading Section: "reloadable-plugin/EntryRegistryImpl/ExtendedAE of ExtendedAE [expatternprovider]/"
[20:34:55] [REI-ReloadPlugins/TRACE] [REI] Registered 0 entries from plugin ExtendedAE
[20:34:55] [REI-ReloadPlugins/TRACE] [REI] [REIClientPlugin START] Reloading Section: "reloadable-plugin/EntryRegistryImpl/ExtendedAE of ExtendedAE [expatternprovider]/" done in 13.48 μs
[20:34:55] [REI-ReloadPlugins/TRACE] [REI] [REIClientPlugin START] Reloading Section: "reloadable-plugin/EntryRegistryImpl/FramedReiPlugin of FramedReiPlugin [framedblocks]/"
[20:34:55] [REI-ReloadPlugins/TRACE] [REI] Registered 0 entries from plugin FramedReiPlugin
[20:34:55] [REI-ReloadPlugins/TRACE] [REI] [REIClientPlugin START] Reloading Section: "reloadable-plugin/EntryRegistryImpl/FramedReiPlugin of FramedReiPlugin [framedblocks]/" done in 11.58 μs
[20:34:55] [REI-ReloadPlugins/TRACE] [REI] [REIClientPlugin START] Reloading Section: "reloadable-plugin/EntryRegistryImpl/StorageReiClientPlugin of StorageReiClientPlugin [sophisticatedstorage]/"
[20:34:55] [REI-ReloadPlugins/TRACE] [REI] Registered 0 entries from plugin StorageReiClientPlugin
[20:34:55] [REI-ReloadPlugins/TRACE] [REI] [REIClientPlugin START] Reloading Section: "reloadable-plugin/EntryRegistryImpl/StorageReiClientPlugin of StorageReiClientPlugin [sophisticatedstorage]/" done in 2.715 ms
[20:34:55] [REI-ReloadPlugins/TRACE] [REI] [REIClientPlugin START] Reloading Section: "reloadable-plugin/EntryRegistryImpl/BackpackReiClientPlugin of BackpackReiClientPlugin [sophisticatedbackpacks]/"
[20:34:55] [REI-ReloadPlugins/TRACE] [REI] Registered 0 entries from plugin BackpackReiClientPlugin
[20:34:55] [REI-ReloadPlugins/TRACE] [REI] [REIClientPlugin START] Reloading Section: "reloadable-plugin/EntryRegistryImpl/BackpackReiClientPlugin of BackpackReiClientPlugin [sophisticatedbackpacks]/" done in 835.7 μs
[20:34:55] [REI-ReloadPlugins/TRACE] [REI] [REIClientPlugin START] Reloading Section: "reloadable-plugin/EntryRegistryImpl/ReiIsDumbClientPlugin of ReiIsDumbClientPlugin [ad_astra]/"
[20:34:55] [REI-ReloadPlugins/TRACE] [REI] Registered 0 entries from plugin ReiIsDumbClientPlugin
[20:34:55] [REI-ReloadPlugins/TRACE] [REI] [REIClientPlugin START] Reloading Section: "reloadable-plugin/EntryRegistryImpl/ReiIsDumbClientPlugin of ReiIsDumbClientPlugin [ad_astra]/" done in 26.64 μs
[20:34:55] [REI-ReloadPlugins/TRACE] [REI] [REIClientPlugin START] Reloading Section: "reloadable-plugin/EntryRegistryImpl/almostunified.roughlyenoughitems of almostunified.roughlyenoughitems [almostunified]/"
[20:34:55] [REI-ReloadPlugins/TRACE] [REI] Registered 0 entries from plugin almostunified.roughlyenoughitems
[20:34:55] [REI-ReloadPlugins/TRACE] [REI] [REIClientPlugin START] Reloading Section: "reloadable-plugin/EntryRegistryImpl/almostunified.roughlyenoughitems of almostunified.roughlyenoughitems [almostunified]/" done in 13.63 μs
[20:34:55] [REI-ReloadPlugins/TRACE] [REI] [REIClientPlugin START] Reloading Section: "reloadable-plugin/EntryRegistryImpl/AdornReiClientForge of AdornReiClientForge [adorn]/"
[20:34:55] [REI-ReloadPlugins/TRACE] [REI] Registered 0 entries from plugin AdornReiClientForge
[20:34:55] [REI-ReloadPlugins/TRACE] [REI] [REIClientPlugin START] Reloading Section: "reloadable-plugin/EntryRegistryImpl/AdornReiClientForge of AdornReiClientForge [adorn]/" done in 14.25 μs
[20:34:55] [REI-ReloadPlugins/TRACE] [REI] [REIClientPlugin START] Reloading Section: "reloadable-plugin/EntryRegistryImpl/REIPluginImpl of REIPluginImpl [ldlib]/"
[20:34:55] [REI-ReloadPlugins/TRACE] [REI] Registered 0 entries from plugin REIPluginImpl
[20:34:55] [REI-ReloadPlugins/TRACE] [REI] [REIClientPlugin START] Reloading Section: "reloadable-plugin/EntryRegistryImpl/REIPluginImpl of REIPluginImpl [ldlib]/" done in 11.77 μs
[20:34:55] [REI-ReloadPlugins/TRACE] [REI] [REIClientPlugin START] Reloading Section: "reloadable-plugin/EntryRegistryImpl/ReiClientPlugin of ReiClientPlugin [craftingstation]/"
[20:34:55] [REI-ReloadPlugins/TRACE] [REI] Registered 0 entries from plugin ReiClientPlugin
[20:34:55] [REI-ReloadPlugins/TRACE] [REI] [REIClientPlugin START] Reloading Section: "reloadable-plugin/EntryRegistryImpl/ReiClientPlugin of ReiClientPlugin [craftingstation]/" done in 25.39 μs
[20:34:55] [REI-ReloadPlugins/TRACE] [REI] [REIClientPlugin START] Reloading Section: "reloadable-plugin/EntryRegistryImpl/REIForgePluginStub of REIForgePluginStub [ftblibrary]/"
[20:34:55] [REI-ReloadPlugins/TRACE] [REI] Registered 0 entries from plugin REIForgePluginStub
[20:34:55] [REI-ReloadPlugins/TRACE] [REI] [REIClientPlugin START] Reloading Section: "reloadable-plugin/EntryRegistryImpl/REIForgePluginStub of REIForgePluginStub [ftblibrary]/" done in 11.46 μs
[20:34:55] [REI-ReloadPlugins/TRACE] [REI] [REIClientPlugin START] Reloading Section: "reloadable-plugin/EntryRegistryImpl/AE2 of AE2 [ae2]/"
[20:34:55] [REI-ReloadPlugins/TRACE] [REI] Registered -94 entries from plugin AE2
[20:34:55] [REI-ReloadPlugins/TRACE] [REI] [REIClientPlugin START] Reloading Section: "reloadable-plugin/EntryRegistryImpl/AE2 of AE2 [ae2]/" done in 183.3 ms
[20:34:55] [REI-ReloadPlugins/TRACE] [REI] [REIClientPlugin START] Reloading Section: "reloadable-plugin/EntryRegistryImpl/HideIngredientsFromTagsPlugin of HideIngredientsFromTagsPlugin [roughlyenoughitems]/"
[20:34:55] [REI-ReloadPlugins/TRACE] [REI] Registered 0 entries from plugin HideIngredientsFromTagsPlugin
[20:34:55] [REI-ReloadPlugins/TRACE] [REI] [REIClientPlugin START] Reloading Section: "reloadable-plugin/EntryRegistryImpl/HideIngredientsFromTagsPlugin of HideIngredientsFromTagsPlugin [roughlyenoughitems]/" done in 50.69 μs
[20:34:55] [REI-ReloadPlugins/TRACE] [REI] [REIClientPlugin START] Reloading Section: "reloadable-plugin/EntryRegistryImpl/DefaultClientRuntimePlugin of DefaultClientRuntimePlugin [roughlyenoughitems]/"
[20:34:55] [REI-ReloadPlugins/TRACE] [REI] Registered 0 entries from plugin DefaultClientRuntimePlugin
[20:34:55] [REI-ReloadPlugins/TRACE] [REI] [REIClientPlugin START] Reloading Section: "reloadable-plugin/EntryRegistryImpl/DefaultClientRuntimePlugin of DefaultClientRuntimePlugin [roughlyenoughitems]/" done in 6.501 ms
[20:34:55] [REI-ReloadPlugins/TRACE] [REI] [REIClientPlugin START] Reloading Section: "reloadable-plugin/EntryRegistryImpl/REIForgePluginStub of REIForgePluginStub [kubejs]/"
[20:34:55] [REI-ReloadPlugins/TRACE] [REI] Registered 0 entries from plugin REIForgePluginStub
[20:34:55] [REI-ReloadPlugins/TRACE] [REI] [REIClientPlugin START] Reloading Section: "reloadable-plugin/EntryRegistryImpl/REIForgePluginStub of REIForgePluginStub [kubejs]/" done in 37.95 μs
[20:34:55] [REI-ReloadPlugins/TRACE] [REI] [REIClientPlugin START] Reloading Section: "reloadable-plugin/EntryRegistryImpl/" done in 984.2 ms
[20:34:55] [REI-ReloadPlugins/TRACE] [REI] [REIClientPlugin START] Reloading Section: "reloadable-plugin/CollapsibleEntryRegistryImpl/"
[20:34:55] [REI-ReloadPlugins/TRACE] [REI] [REIClientPlugin START] Reloading Section: "reloadable-plugin/CollapsibleEntryRegistryImpl/DefaultClientPluginImpl of DefaultClientPluginImpl [roughlyenoughitems]/"
[20:34:55] [REI-ReloadPlugins/TRACE] [REI] [REIClientPlugin START] Reloading Section: "reloadable-plugin/CollapsibleEntryRegistryImpl/DefaultClientPluginImpl of DefaultClientPluginImpl [roughlyenoughitems]/" done in 8.688 μs
[20:34:55] [REI-ReloadPlugins/TRACE] [REI] [REIClientPlugin START] Reloading Section: "reloadable-plugin/CollapsibleEntryRegistryImpl/REICompat of REICompat [supplementaries]/"
[20:34:55] [REI-ReloadPlugins/TRACE] [REI] [REIClientPlugin START] Reloading Section: "reloadable-plugin/CollapsibleEntryRegistryImpl/REICompat of REICompat [supplementaries]/" done in 8.560 μs
[20:34:55] [REI-ReloadPlugins/TRACE] [REI] [REIClientPlugin START] Reloading Section: "reloadable-plugin/CollapsibleEntryRegistryImpl/GTREIPlugin of GTREIPlugin [gtceu]/"
[20:34:55] [REI-ReloadPlugins/TRACE] [REI] [REIClientPlugin START] Reloading Section: "reloadable-plugin/CollapsibleEntryRegistryImpl/GTREIPlugin of GTREIPlugin [gtceu]/" done in 5.876 μs
[20:34:55] [REI-ReloadPlugins/TRACE] [REI] [REIClientPlugin START] Reloading Section: "reloadable-plugin/CollapsibleEntryRegistryImpl/FTBQuestsREIIntegrationForge of FTBQuestsREIIntegrationForge [ftbxmodcompat]/"
[20:34:55] [REI-ReloadPlugins/TRACE] [REI] [REIClientPlugin START] Reloading Section: "reloadable-plugin/CollapsibleEntryRegistryImpl/FTBQuestsREIIntegrationForge of FTBQuestsREIIntegrationForge [ftbxmodcompat]/" done in 6.365 μs
[20:34:55] [REI-ReloadPlugins/TRACE] [REI] [REIClientPlugin START] Reloading Section: "reloadable-plugin/CollapsibleEntryRegistryImpl/ExtendedAE of ExtendedAE [expatternprovider]/"
[20:34:55] [REI-ReloadPlugins/TRACE] [REI] [REIClientPlugin START] Reloading Section: "reloadable-plugin/CollapsibleEntryRegistryImpl/ExtendedAE of ExtendedAE [expatternprovider]/" done in 5.987 μs
[20:34:55] [REI-ReloadPlugins/TRACE] [REI] [REIClientPlugin START] Reloading Section: "reloadable-plugin/CollapsibleEntryRegistryImpl/FramedReiPlugin of FramedReiPlugin [framedblocks]/"
[20:34:55] [REI-ReloadPlugins/TRACE] [REI] [REIClientPlugin START] Reloading Section: "reloadable-plugin/CollapsibleEntryRegistryImpl/FramedReiPlugin of FramedReiPlugin [framedblocks]/" done in 6.171 μs
[20:34:55] [REI-ReloadPlugins/TRACE] [REI] [REIClientPlugin START] Reloading Section: "reloadable-plugin/CollapsibleEntryRegistryImpl/StorageReiClientPlugin of StorageReiClientPlugin [sophisticatedstorage]/"
[20:34:55] [REI-ReloadPlugins/TRACE] [REI] [REIClientPlugin START] Reloading Section: "reloadable-plugin/CollapsibleEntryRegistryImpl/StorageReiClientPlugin of StorageReiClientPlugin [sophisticatedstorage]/" done in 5.825 μs
[20:34:55] [REI-ReloadPlugins/TRACE] [REI] [REIClientPlugin START] Reloading Section: "reloadable-plugin/CollapsibleEntryRegistryImpl/BackpackReiClientPlugin of BackpackReiClientPlugin [sophisticatedbackpacks]/"
[20:34:55] [REI-ReloadPlugins/TRACE] [REI] [REIClientPlugin START] Reloading Section: "reloadable-plugin/CollapsibleEntryRegistryImpl/BackpackReiClientPlugin of BackpackReiClientPlugin [sophisticatedbackpacks]/" done in 5.573 μs
[20:34:55] [REI-ReloadPlugins/TRACE] [REI] [REIClientPlugin START] Reloading Section: "reloadable-plugin/CollapsibleEntryRegistryImpl/ReiIsDumbClientPlugin of ReiIsDumbClientPlugin [ad_astra]/"
[20:34:55] [REI-ReloadPlugins/TRACE] [REI] [REIClientPlugin START] Reloading Section: "reloadable-plugin/CollapsibleEntryRegistryImpl/ReiIsDumbClientPlugin of ReiIsDumbClientPlugin [ad_astra]/" done in 5.911 μs
[20:34:55] [REI-ReloadPlugins/TRACE] [REI] [REIClientPlugin START] Reloading Section: "reloadable-plugin/CollapsibleEntryRegistryImpl/almostunified.roughlyenoughitems of almostunified.roughlyenoughitems [almostunified]/"
[20:34:55] [REI-ReloadPlugins/TRACE] [REI] [REIClientPlugin START] Reloading Section: "reloadable-plugin/CollapsibleEntryRegistryImpl/almostunified.roughlyenoughitems of almostunified.roughlyenoughitems [almostunified]/" done in 6.914 μs
[20:34:55] [REI-ReloadPlugins/TRACE] [REI] [REIClientPlugin START] Reloading Section: "reloadable-plugin/CollapsibleEntryRegistryImpl/AdornReiClientForge of AdornReiClientForge [adorn]/"
[20:34:55] [REI-ReloadPlugins/TRACE] [REI] [REIClientPlugin START] Reloading Section: "reloadable-plugin/CollapsibleEntryRegistryImpl/AdornReiClientForge of AdornReiClientForge [adorn]/" done in 5.878 μs
[20:34:55] [REI-ReloadPlugins/TRACE] [REI] [REIClientPlugin START] Reloading Section: "reloadable-plugin/CollapsibleEntryRegistryImpl/REIPluginImpl of REIPluginImpl [ldlib]/"
[20:34:55] [REI-ReloadPlugins/TRACE] [REI] [REIClientPlugin START] Reloading Section: "reloadable-plugin/CollapsibleEntryRegistryImpl/REIPluginImpl of REIPluginImpl [ldlib]/" done in 5.733 μs
[20:34:55] [REI-ReloadPlugins/TRACE] [REI] [REIClientPlugin START] Reloading Section: "reloadable-plugin/CollapsibleEntryRegistryImpl/ReiClientPlugin of ReiClientPlugin [craftingstation]/"
[20:34:55] [REI-ReloadPlugins/TRACE] [REI] [REIClientPlugin START] Reloading Section: "reloadable-plugin/CollapsibleEntryRegistryImpl/ReiClientPlugin of ReiClientPlugin [craftingstation]/" done in 5.672 μs
[20:34:55] [REI-ReloadPlugins/TRACE] [REI] [REIClientPlugin START] Reloading Section: "reloadable-plugin/CollapsibleEntryRegistryImpl/REIForgePluginStub of REIForgePluginStub [ftblibrary]/"
[20:34:55] [REI-ReloadPlugins/TRACE] [REI] [REIClientPlugin START] Reloading Section: "reloadable-plugin/CollapsibleEntryRegistryImpl/REIForgePluginStub of REIForgePluginStub [ftblibrary]/" done in 5.846 μs
[20:34:55] [REI-ReloadPlugins/TRACE] [REI] [REIClientPlugin START] Reloading Section: "reloadable-plugin/CollapsibleEntryRegistryImpl/AE2 of AE2 [ae2]/"
[20:34:55] [REI-ReloadPlugins/TRACE] [REI] [REIClientPlugin START] Reloading Section: "reloadable-plugin/CollapsibleEntryRegistryImpl/AE2 of AE2 [ae2]/" done in 5.828 μs
[20:34:55] [REI-ReloadPlugins/TRACE] [REI] [REIClientPlugin START] Reloading Section: "reloadable-plugin/CollapsibleEntryRegistryImpl/HideIngredientsFromTagsPlugin of HideIngredientsFromTagsPlugin [roughlyenoughitems]/"
[20:34:55] [REI-ReloadPlugins/TRACE] [REI] [REIClientPlugin START] Reloading Section: "reloadable-plugin/CollapsibleEntryRegistryImpl/HideIngredientsFromTagsPlugin of HideIngredientsFromTagsPlugin [roughlyenoughitems]/" done in 5.823 μs
[20:34:55] [REI-ReloadPlugins/TRACE] [REI] [REIClientPlugin START] Reloading Section: "reloadable-plugin/CollapsibleEntryRegistryImpl/DefaultClientRuntimePlugin of DefaultClientRuntimePlugin [roughlyenoughitems]/"
[20:34:55] [REI-ReloadPlugins/TRACE] [REI] [REIClientPlugin START] Reloading Section: "reloadable-plugin/CollapsibleEntryRegistryImpl/DefaultClientRuntimePlugin of DefaultClientRuntimePlugin [roughlyenoughitems]/" done in 5.680 μs
[20:34:55] [REI-ReloadPlugins/TRACE] [REI] [REIClientPlugin START] Reloading Section: "reloadable-plugin/CollapsibleEntryRegistryImpl/REIForgePluginStub of REIForgePluginStub [kubejs]/"
[20:34:55] [REI-ReloadPlugins/TRACE] [REI] [REIClientPlugin START] Reloading Section: "reloadable-plugin/CollapsibleEntryRegistryImpl/REIForgePluginStub of REIForgePluginStub [kubejs]/" done in 5.775 μs
[20:34:55] [REI-ReloadPlugins/TRACE] [REI] [REIClientPlugin START] Reloading Section: "reloadable-plugin/CollapsibleEntryRegistryImpl/" done in 363.7 μs
[20:34:55] [REI-ReloadPlugins/TRACE] [REI] [REIClientPlugin START] Reloading Section: "reloadable-plugin/BasicFilteringRuleImpl/"
[20:34:55] [REI-ReloadPlugins/TRACE] [REI] [REIClientPlugin START] Reloading Section: "reloadable-plugin/BasicFilteringRuleImpl/DefaultClientPluginImpl of DefaultClientPluginImpl [roughlyenoughitems]/"
[20:34:55] [REI-ReloadPlugins/TRACE] [REI] [REIClientPlugin START] Reloading Section: "reloadable-plugin/BasicFilteringRuleImpl/DefaultClientPluginImpl of DefaultClientPluginImpl [roughlyenoughitems]/" done in 14.46 μs
[20:34:55] [REI-ReloadPlugins/TRACE] [REI] [REIClientPlugin START] Reloading Section: "reloadable-plugin/BasicFilteringRuleImpl/REICompat of REICompat [supplementaries]/"
[20:34:55] [REI-ReloadPlugins/TRACE] [REI] [REIClientPlugin START] Reloading Section: "reloadable-plugin/BasicFilteringRuleImpl/REICompat of REICompat [supplementaries]/" done in 6.464 μs
[20:34:55] [REI-ReloadPlugins/TRACE] [REI] [REIClientPlugin START] Reloading Section: "reloadable-plugin/BasicFilteringRuleImpl/GTREIPlugin of GTREIPlugin [gtceu]/"
[20:34:55] [REI-ReloadPlugins/TRACE] [REI] [REIClientPlugin START] Reloading Section: "reloadable-plugin/BasicFilteringRuleImpl/GTREIPlugin of GTREIPlugin [gtceu]/" done in 6.017 μs
[20:34:55] [REI-ReloadPlugins/TRACE] [REI] [REIClientPlugin START] Reloading Section: "reloadable-plugin/BasicFilteringRuleImpl/FTBQuestsREIIntegrationForge of FTBQuestsREIIntegrationForge [ftbxmodcompat]/"
[20:34:55] [REI-ReloadPlugins/DEBUG] [REI] Config saved
[20:34:55] [REI-ReloadPlugins/TRACE] [REI] [REIClientPlugin START] Reloading Section: "reloadable-plugin/BasicFilteringRuleImpl/FTBQuestsREIIntegrationForge of FTBQuestsREIIntegrationForge [ftbxmodcompat]/" done in 8.837 ms
[20:34:55] [REI-ReloadPlugins/TRACE] [REI] [REIClientPlugin START] Reloading Section: "reloadable-plugin/BasicFilteringRuleImpl/ExtendedAE of ExtendedAE [expatternprovider]/"
[20:34:55] [REI-ReloadPlugins/TRACE] [REI] [REIClientPlugin START] Reloading Section: "reloadable-plugin/BasicFilteringRuleImpl/ExtendedAE of ExtendedAE [expatternprovider]/" done in 24.61 μs
[20:34:55] [REI-ReloadPlugins/TRACE] [REI] [REIClientPlugin START] Reloading Section: "reloadable-plugin/BasicFilteringRuleImpl/FramedReiPlugin of FramedReiPlugin [framedblocks]/"
[20:34:55] [REI-ReloadPlugins/TRACE] [REI] [REIClientPlugin START] Reloading Section: "reloadable-plugin/BasicFilteringRuleImpl/FramedReiPlugin of FramedReiPlugin [framedblocks]/" done in 6.740 μs
[20:34:55] [REI-ReloadPlugins/TRACE] [REI] [REIClientPlugin START] Reloading Section: "reloadable-plugin/BasicFilteringRuleImpl/StorageReiClientPlugin of StorageReiClientPlugin [sophisticatedstorage]/"
[20:34:55] [REI-ReloadPlugins/TRACE] [REI] [REIClientPlugin START] Reloading Section: "reloadable-plugin/BasicFilteringRuleImpl/StorageReiClientPlugin of StorageReiClientPlugin [sophisticatedstorage]/" done in 6.144 μs
[20:34:55] [REI-ReloadPlugins/TRACE] [REI] [REIClientPlugin START] Reloading Section: "reloadable-plugin/BasicFilteringRuleImpl/BackpackReiClientPlugin of BackpackReiClientPlugin [sophisticatedbackpacks]/"
[20:34:55] [REI-ReloadPlugins/TRACE] [REI] [REIClientPlugin START] Reloading Section: "reloadable-plugin/BasicFilteringRuleImpl/BackpackReiClientPlugin of BackpackReiClientPlugin [sophisticatedbackpacks]/" done in 8.433 μs
[20:34:55] [REI-ReloadPlugins/TRACE] [REI] [REIClientPlugin START] Reloading Section: "reloadable-plugin/BasicFilteringRuleImpl/ReiIsDumbClientPlugin of ReiIsDumbClientPlugin [ad_astra]/"
[20:34:55] [REI-ReloadPlugins/TRACE] [REI] [REIClientPlugin START] Reloading Section: "reloadable-plugin/BasicFilteringRuleImpl/ReiIsDumbClientPlugin of ReiIsDumbClientPlugin [ad_astra]/" done in 6.046 μs
[20:34:55] [REI-ReloadPlugins/TRACE] [REI] [REIClientPlugin START] Reloading Section: "reloadable-plugin/BasicFilteringRuleImpl/almostunified.roughlyenoughitems of almostunified.roughlyenoughitems [almostunified]/"
[20:34:55] [REI-ReloadPlugins/TRACE] [REI] [REIClientPlugin START] Reloading Section: "reloadable-plugin/BasicFilteringRuleImpl/almostunified.roughlyenoughitems of almostunified.roughlyenoughitems [almostunified]/" done in 21.39 ms
[20:34:55] [REI-ReloadPlugins/TRACE] [REI] [REIClientPlugin START] Reloading Section: "reloadable-plugin/BasicFilteringRuleImpl/AdornReiClientForge of AdornReiClientForge [adorn]/"
[20:34:55] [REI-ReloadPlugins/TRACE] [REI] [REIClientPlugin START] Reloading Section: "reloadable-plugin/BasicFilteringRuleImpl/AdornReiClientForge of AdornReiClientForge [adorn]/" done in 31.03 μs
[20:34:55] [REI-ReloadPlugins/TRACE] [REI] [REIClientPlugin START] Reloading Section: "reloadable-plugin/BasicFilteringRuleImpl/REIPluginImpl of REIPluginImpl [ldlib]/"
[20:34:55] [REI-ReloadPlugins/TRACE] [REI] [REIClientPlugin START] Reloading Section: "reloadable-plugin/BasicFilteringRuleImpl/REIPluginImpl of REIPluginImpl [ldlib]/" done in 6.889 μs
[20:34:55] [REI-ReloadPlugins/TRACE] [REI] [REIClientPlugin START] Reloading Section: "reloadable-plugin/BasicFilteringRuleImpl/ReiClientPlugin of ReiClientPlugin [craftingstation]/"
[20:34:55] [REI-ReloadPlugins/TRACE] [REI] [REIClientPlugin START] Reloading Section: "reloadable-plugin/BasicFilteringRuleImpl/ReiClientPlugin of ReiClientPlugin [craftingstation]/" done in 5.932 μs
[20:34:55] [REI-ReloadPlugins/TRACE] [REI] [REIClientPlugin START] Reloading Section: "reloadable-plugin/BasicFilteringRuleImpl/REIForgePluginStub of REIForgePluginStub [ftblibrary]/"
[20:34:55] [REI-ReloadPlugins/TRACE] [REI] [REIClientPlugin START] Reloading Section: "reloadable-plugin/BasicFilteringRuleImpl/REIForgePluginStub of REIForgePluginStub [ftblibrary]/" done in 7.991 μs
[20:34:55] [REI-ReloadPlugins/TRACE] [REI] [REIClientPlugin START] Reloading Section: "reloadable-plugin/BasicFilteringRuleImpl/AE2 of AE2 [ae2]/"
[20:34:55] [REI-ReloadPlugins/TRACE] [REI] [REIClientPlugin START] Reloading Section: "reloadable-plugin/BasicFilteringRuleImpl/AE2 of AE2 [ae2]/" done in 19.43 μs
[20:34:55] [REI-ReloadPlugins/TRACE] [REI] [REIClientPlugin START] Reloading Section: "reloadable-plugin/BasicFilteringRuleImpl/HideIngredientsFromTagsPlugin of HideIngredientsFromTagsPlugin [roughlyenoughitems]/"
[20:34:55] [REI-ReloadPlugins/TRACE] [REI] [REIClientPlugin START] Reloading Section: "reloadable-plugin/BasicFilteringRuleImpl/HideIngredientsFromTagsPlugin of HideIngredientsFromTagsPlugin [roughlyenoughitems]/" done in 5.836 μs
[20:34:55] [REI-ReloadPlugins/TRACE] [REI] [REIClientPlugin START] Reloading Section: "reloadable-plugin/BasicFilteringRuleImpl/DefaultClientRuntimePlugin of DefaultClientRuntimePlugin [roughlyenoughitems]/"
[20:34:55] [REI-ReloadPlugins/TRACE] [REI] [REIClientPlugin START] Reloading Section: "reloadable-plugin/BasicFilteringRuleImpl/DefaultClientRuntimePlugin of DefaultClientRuntimePlugin [roughlyenoughitems]/" done in 5.752 μs
[20:34:55] [REI-ReloadPlugins/TRACE] [REI] [REIClientPlugin START] Reloading Section: "reloadable-plugin/BasicFilteringRuleImpl/REIForgePluginStub of REIForgePluginStub [kubejs]/"
[20:34:55] [REI-ReloadPlugins/TRACE] [REI] [REIClientPlugin START] Reloading Section: "reloadable-plugin/BasicFilteringRuleImpl/REIForgePluginStub of REIForgePluginStub [kubejs]/" done in 12.66 μs
[20:34:55] [REI-ReloadPlugins/TRACE] [REI] [REIClientPlugin START] Reloading Section: "reloadable-plugin/BasicFilteringRuleImpl/" done in 30.89 ms
[20:34:55] [REI-ReloadPlugins/TRACE] [REI] [REIClientPlugin START] Reloading Section: "reloadable-plugin/CategoryRegistryImpl/"
[20:34:55] [REI-ReloadPlugins/TRACE] [REI] [REIClientPlugin START] Reloading Section: "reloadable-plugin/CategoryRegistryImpl/DefaultClientPluginImpl of DefaultClientPluginImpl [roughlyenoughitems]/"
[20:34:55] [REI-ReloadPlugins/TRACE] [REI] [REIClientPlugin START] Reloading Section: "reloadable-plugin/CategoryRegistryImpl/DefaultClientPluginImpl of DefaultClientPluginImpl [roughlyenoughitems]/" done in 7.390 μs
[20:34:55] [REI-ReloadPlugins/TRACE] [REI] [REIClientPlugin START] Reloading Section: "reloadable-plugin/CategoryRegistryImpl/REICompat of REICompat [supplementaries]/"
[20:34:55] [REI-ReloadPlugins/TRACE] [REI] [REIClientPlugin START] Reloading Section: "reloadable-plugin/CategoryRegistryImpl/REICompat of REICompat [supplementaries]/" done in 5.657 μs
[20:34:55] [REI-ReloadPlugins/TRACE] [REI] [REIClientPlugin START] Reloading Section: "reloadable-plugin/CategoryRegistryImpl/GTREIPlugin of GTREIPlugin [gtceu]/"
[20:34:55] [REI-ReloadPlugins/TRACE] [REI] [REIClientPlugin START] Reloading Section: "reloadable-plugin/CategoryRegistryImpl/GTREIPlugin of GTREIPlugin [gtceu]/" done in 5.472 μs
[20:34:55] [REI-ReloadPlugins/TRACE] [REI] [REIClientPlugin START] Reloading Section: "reloadable-plugin/CategoryRegistryImpl/FTBQuestsREIIntegrationForge of FTBQuestsREIIntegrationForge [ftbxmodcompat]/"
[20:34:55] [REI-ReloadPlugins/TRACE] [REI] [REIClientPlugin START] Reloading Section: "reloadable-plugin/CategoryRegistryImpl/FTBQuestsREIIntegrationForge of FTBQuestsREIIntegrationForge [ftbxmodcompat]/" done in 5.396 μs
[20:34:55] [REI-ReloadPlugins/TRACE] [REI] [REIClientPlugin START] Reloading Section: "reloadable-plugin/CategoryRegistryImpl/ExtendedAE of ExtendedAE [expatternprovider]/"
[20:34:55] [REI-ReloadPlugins/TRACE] [REI] [REIClientPlugin START] Reloading Section: "reloadable-plugin/CategoryRegistryImpl/ExtendedAE of ExtendedAE [expatternprovider]/" done in 5.338 μs
[20:34:55] [REI-ReloadPlugins/TRACE] [REI] [REIClientPlugin START] Reloading Section: "reloadable-plugin/CategoryRegistryImpl/FramedReiPlugin of FramedReiPlugin [framedblocks]/"
[20:34:55] [REI-ReloadPlugins/TRACE] [REI] [REIClientPlugin START] Reloading Section: "reloadable-plugin/CategoryRegistryImpl/FramedReiPlugin of FramedReiPlugin [framedblocks]/" done in 5.291 μs
[20:34:55] [REI-ReloadPlugins/TRACE] [REI] [REIClientPlugin START] Reloading Section: "reloadable-plugin/CategoryRegistryImpl/StorageReiClientPlugin of StorageReiClientPlugin [sophisticatedstorage]/"
[20:34:55] [REI-ReloadPlugins/TRACE] [REI] [REIClientPlugin START] Reloading Section: "reloadable-plugin/CategoryRegistryImpl/StorageReiClientPlugin of StorageReiClientPlugin [sophisticatedstorage]/" done in 10.96 μs
[20:34:55] [REI-ReloadPlugins/TRACE] [REI] [REIClientPlugin START] Reloading Section: "reloadable-plugin/CategoryRegistryImpl/BackpackReiClientPlugin of BackpackReiClientPlugin [sophisticatedbackpacks]/"
[20:34:55] [REI-ReloadPlugins/TRACE] [REI] [REIClientPlugin START] Reloading Section: "reloadable-plugin/CategoryRegistryImpl/BackpackReiClientPlugin of BackpackReiClientPlugin [sophisticatedbackpacks]/" done in 5.433 μs
[20:34:55] [REI-ReloadPlugins/TRACE] [REI] [REIClientPlugin START] Reloading Section: "reloadable-plugin/CategoryRegistryImpl/ReiIsDumbClientPlugin of ReiIsDumbClientPlugin [ad_astra]/"
[20:34:55] [REI-ReloadPlugins/TRACE] [REI] [REIClientPlugin START] Reloading Section: "reloadable-plugin/CategoryRegistryImpl/ReiIsDumbClientPlugin of ReiIsDumbClientPlugin [ad_astra]/" done in 5.471 μs
[20:34:55] [REI-ReloadPlugins/TRACE] [REI] [REIClientPlugin START] Reloading Section: "reloadable-plugin/CategoryRegistryImpl/almostunified.roughlyenoughitems of almostunified.roughlyenoughitems [almostunified]/"
[20:34:55] [REI-ReloadPlugins/TRACE] [REI] [REIClientPlugin START] Reloading Section: "reloadable-plugin/CategoryRegistryImpl/almostunified.roughlyenoughitems of almostunified.roughlyenoughitems [almostunified]/" done in 5.994 μs
[20:34:55] [REI-ReloadPlugins/TRACE] [REI] [REIClientPlugin START] Reloading Section: "reloadable-plugin/CategoryRegistryImpl/AdornReiClientForge of AdornReiClientForge [adorn]/"
[20:34:55] [REI-ReloadPlugins/TRACE] [REI] [REIClientPlugin START] Reloading Section: "reloadable-plugin/CategoryRegistryImpl/AdornReiClientForge of AdornReiClientForge [adorn]/" done in 5.479 μs
[20:34:55] [REI-ReloadPlugins/TRACE] [REI] [REIClientPlugin START] Reloading Section: "reloadable-plugin/CategoryRegistryImpl/REIPluginImpl of REIPluginImpl [ldlib]/"
[20:34:55] [REI-ReloadPlugins/TRACE] [REI] [REIClientPlugin START] Reloading Section: "reloadable-plugin/CategoryRegistryImpl/REIPluginImpl of REIPluginImpl [ldlib]/" done in 5.402 μs
[20:34:55] [REI-ReloadPlugins/TRACE] [REI] [REIClientPlugin START] Reloading Section: "reloadable-plugin/CategoryRegistryImpl/ReiClientPlugin of ReiClientPlugin [craftingstation]/"
[20:34:55] [REI-ReloadPlugins/TRACE] [REI] [REIClientPlugin START] Reloading Section: "reloadable-plugin/CategoryRegistryImpl/ReiClientPlugin of ReiClientPlugin [craftingstation]/" done in 5.457 μs
[20:34:55] [REI-ReloadPlugins/TRACE] [REI] [REIClientPlugin START] Reloading Section: "reloadable-plugin/CategoryRegistryImpl/REIForgePluginStub of REIForgePluginStub [ftblibrary]/"
[20:34:55] [REI-ReloadPlugins/TRACE] [REI] [REIClientPlugin START] Reloading Section: "reloadable-plugin/CategoryRegistryImpl/REIForgePluginStub of REIForgePluginStub [ftblibrary]/" done in 5.607 μs
[20:34:55] [REI-ReloadPlugins/TRACE] [REI] [REIClientPlugin START] Reloading Section: "reloadable-plugin/CategoryRegistryImpl/AE2 of AE2 [ae2]/"
[20:34:55] [REI-ReloadPlugins/TRACE] [REI] [REIClientPlugin START] Reloading Section: "reloadable-plugin/CategoryRegistryImpl/AE2 of AE2 [ae2]/" done in 5.711 μs
[20:34:55] [REI-ReloadPlugins/TRACE] [REI] [REIClientPlugin START] Reloading Section: "reloadable-plugin/CategoryRegistryImpl/HideIngredientsFromTagsPlugin of HideIngredientsFromTagsPlugin [roughlyenoughitems]/"
[20:34:55] [REI-ReloadPlugins/TRACE] [REI] [REIClientPlugin START] Reloading Section: "reloadable-plugin/CategoryRegistryImpl/HideIngredientsFromTagsPlugin of HideIngredientsFromTagsPlugin [roughlyenoughitems]/" done in 5.995 μs
[20:34:55] [REI-ReloadPlugins/TRACE] [REI] [REIClientPlugin START] Reloading Section: "reloadable-plugin/CategoryRegistryImpl/DefaultClientRuntimePlugin of DefaultClientRuntimePlugin [roughlyenoughitems]/"
[20:34:55] [REI-ReloadPlugins/TRACE] [REI] [REIClientPlugin START] Reloading Section: "reloadable-plugin/CategoryRegistryImpl/DefaultClientRuntimePlugin of DefaultClientRuntimePlugin [roughlyenoughitems]/" done in 5.798 μs
[20:34:55] [REI-ReloadPlugins/TRACE] [REI] [REIClientPlugin START] Reloading Section: "reloadable-plugin/CategoryRegistryImpl/REIForgePluginStub of REIForgePluginStub [kubejs]/"
[20:34:55] [REI-ReloadPlugins/TRACE] [REI] [REIClientPlugin START] Reloading Section: "reloadable-plugin/CategoryRegistryImpl/REIForgePluginStub of REIForgePluginStub [kubejs]/" done in 6.198 μs
[20:34:55] [REI-ReloadPlugins/TRACE] [REI] [REIClientPlugin START] Reloading Section: "reloadable-plugin/CategoryRegistryImpl/" done in 314.7 μs
[20:34:55] [REI-ReloadPlugins/TRACE] [REI] [REIClientPlugin START] Reloading Section: "reloadable-plugin/DisplayRegistryImpl/"
[20:34:55] [REI-ReloadPlugins/TRACE] [REI] [REIClientPlugin START] Reloading Section: "reloadable-plugin/DisplayRegistryImpl/DefaultClientPluginImpl of DefaultClientPluginImpl [roughlyenoughitems]/"
[20:34:55] [REI-ReloadPlugins/TRACE] [REI] [REIClientPlugin START] Reloading Section: "reloadable-plugin/DisplayRegistryImpl/DefaultClientPluginImpl of DefaultClientPluginImpl [roughlyenoughitems]/" done in 6.066 μs
[20:34:55] [REI-ReloadPlugins/TRACE] [REI] [REIClientPlugin START] Reloading Section: "reloadable-plugin/DisplayRegistryImpl/REICompat of REICompat [supplementaries]/"
[20:34:55] [REI-ReloadPlugins/TRACE] [REI] [REIClientPlugin START] Reloading Section: "reloadable-plugin/DisplayRegistryImpl/REICompat of REICompat [supplementaries]/" done in 5.746 μs
[20:34:55] [REI-ReloadPlugins/TRACE] [REI] [REIClientPlugin START] Reloading Section: "reloadable-plugin/DisplayRegistryImpl/GTREIPlugin of GTREIPlugin [gtceu]/"
[20:34:55] [REI-ReloadPlugins/TRACE] [REI] [REIClientPlugin START] Reloading Section: "reloadable-plugin/DisplayRegistryImpl/GTREIPlugin of GTREIPlugin [gtceu]/" done in 5.511 μs
[20:34:55] [REI-ReloadPlugins/TRACE] [REI] [REIClientPlugin START] Reloading Section: "reloadable-plugin/DisplayRegistryImpl/FTBQuestsREIIntegrationForge of FTBQuestsREIIntegrationForge [ftbxmodcompat]/"
[20:34:55] [REI-ReloadPlugins/TRACE] [REI] [REIClientPlugin START] Reloading Section: "reloadable-plugin/DisplayRegistryImpl/FTBQuestsREIIntegrationForge of FTBQuestsREIIntegrationForge [ftbxmodcompat]/" done in 5.536 μs
[20:34:55] [REI-ReloadPlugins/TRACE] [REI] [REIClientPlugin START] Reloading Section: "reloadable-plugin/DisplayRegistryImpl/ExtendedAE of ExtendedAE [expatternprovider]/"
[20:34:55] [REI-ReloadPlugins/TRACE] [REI] [REIClientPlugin START] Reloading Section: "reloadable-plugin/DisplayRegistryImpl/ExtendedAE of ExtendedAE [expatternprovider]/" done in 5.560 μs
[20:34:55] [REI-ReloadPlugins/TRACE] [REI] [REIClientPlugin START] Reloading Section: "reloadable-plugin/DisplayRegistryImpl/FramedReiPlugin of FramedReiPlugin [framedblocks]/"
[20:34:55] [REI-ReloadPlugins/TRACE] [REI] [REIClientPlugin START] Reloading Section: "reloadable-plugin/DisplayRegistryImpl/FramedReiPlugin of FramedReiPlugin [framedblocks]/" done in 5.529 μs
[20:34:55] [REI-ReloadPlugins/TRACE] [REI] [REIClientPlugin START] Reloading Section: "reloadable-plugin/DisplayRegistryImpl/StorageReiClientPlugin of StorageReiClientPlugin [sophisticatedstorage]/"
[20:34:55] [REI-ReloadPlugins/TRACE] [REI] [REIClientPlugin START] Reloading Section: "reloadable-plugin/DisplayRegistryImpl/StorageReiClientPlugin of StorageReiClientPlugin [sophisticatedstorage]/" done in 5.540 μs
[20:34:55] [REI-ReloadPlugins/TRACE] [REI] [REIClientPlugin START] Reloading Section: "reloadable-plugin/DisplayRegistryImpl/BackpackReiClientPlugin of BackpackReiClientPlugin [sophisticatedbackpacks]/"
[20:34:55] [REI-ReloadPlugins/TRACE] [REI] [REIClientPlugin START] Reloading Section: "reloadable-plugin/DisplayRegistryImpl/BackpackReiClientPlugin of BackpackReiClientPlugin [sophisticatedbackpacks]/" done in 5.695 μs
[20:34:55] [REI-ReloadPlugins/TRACE] [REI] [REIClientPlugin START] Reloading Section: "reloadable-plugin/DisplayRegistryImpl/ReiIsDumbClientPlugin of ReiIsDumbClientPlugin [ad_astra]/"
[20:34:55] [REI-ReloadPlugins/TRACE] [REI] [REIClientPlugin START] Reloading Section: "reloadable-plugin/DisplayRegistryImpl/ReiIsDumbClientPlugin of ReiIsDumbClientPlugin [ad_astra]/" done in 8.724 μs
[20:34:55] [REI-ReloadPlugins/TRACE] [REI] [REIClientPlugin START] Reloading Section: "reloadable-plugin/DisplayRegistryImpl/almostunified.roughlyenoughitems of almostunified.roughlyenoughitems [almostunified]/"
[20:34:55] [REI-ReloadPlugins/TRACE] [REI] [REIClientPlugin START] Reloading Section: "reloadable-plugin/DisplayRegistryImpl/almostunified.roughlyenoughitems of almostunified.roughlyenoughitems [almostunified]/" done in 5.852 μs
[20:34:55] [REI-ReloadPlugins/TRACE] [REI] [REIClientPlugin START] Reloading Section: "reloadable-plugin/DisplayRegistryImpl/AdornReiClientForge of AdornReiClientForge [adorn]/"
[20:34:55] [REI-ReloadPlugins/TRACE] [REI] [REIClientPlugin START] Reloading Section: "reloadable-plugin/DisplayRegistryImpl/AdornReiClientForge of AdornReiClientForge [adorn]/" done in 23.00 μs
[20:34:55] [REI-ReloadPlugins/TRACE] [REI] [REIClientPlugin START] Reloading Section: "reloadable-plugin/DisplayRegistryImpl/REIPluginImpl of REIPluginImpl [ldlib]/"
[20:34:55] [REI-ReloadPlugins/TRACE] [REI] [REIClientPlugin START] Reloading Section: "reloadable-plugin/DisplayRegistryImpl/REIPluginImpl of REIPluginImpl [ldlib]/" done in 5.552 μs
[20:34:55] [REI-ReloadPlugins/TRACE] [REI] [REIClientPlugin START] Reloading Section: "reloadable-plugin/DisplayRegistryImpl/ReiClientPlugin of ReiClientPlugin [craftingstation]/"
[20:34:55] [REI-ReloadPlugins/TRACE] [REI] [REIClientPlugin START] Reloading Section: "reloadable-plugin/DisplayRegistryImpl/ReiClientPlugin of ReiClientPlugin [craftingstation]/" done in 10.11 μs
[20:34:55] [REI-ReloadPlugins/TRACE] [REI] [REIClientPlugin START] Reloading Section: "reloadable-plugin/DisplayRegistryImpl/REIForgePluginStub of REIForgePluginStub [ftblibrary]/"
[20:34:55] [REI-ReloadPlugins/TRACE] [REI] [REIClientPlugin START] Reloading Section: "reloadable-plugin/DisplayRegistryImpl/REIForgePluginStub of REIForgePluginStub [ftblibrary]/" done in 5.143 μs
[20:34:55] [REI-ReloadPlugins/TRACE] [REI] [REIClientPlugin START] Reloading Section: "reloadable-plugin/DisplayRegistryImpl/AE2 of AE2 [ae2]/"
[20:34:55] [REI-ReloadPlugins/TRACE] [REI] [REIClientPlugin START] Reloading Section: "reloadable-plugin/DisplayRegistryImpl/AE2 of AE2 [ae2]/" done in 5.174 μs
[20:34:55] [REI-ReloadPlugins/TRACE] [REI] [REIClientPlugin START] Reloading Section: "reloadable-plugin/DisplayRegistryImpl/HideIngredientsFromTagsPlugin of HideIngredientsFromTagsPlugin [roughlyenoughitems]/"
[20:34:55] [REI-ReloadPlugins/TRACE] [REI] [REIClientPlugin START] Reloading Section: "reloadable-plugin/DisplayRegistryImpl/HideIngredientsFromTagsPlugin of HideIngredientsFromTagsPlugin [roughlyenoughitems]/" done in 5.383 μs
[20:34:55] [REI-ReloadPlugins/TRACE] [REI] [REIClientPlugin START] Reloading Section: "reloadable-plugin/DisplayRegistryImpl/DefaultClientRuntimePlugin of DefaultClientRuntimePlugin [roughlyenoughitems]/"
[20:34:55] [REI-ReloadPlugins/TRACE] [REI] [REIClientPlugin START] Reloading Section: "reloadable-plugin/DisplayRegistryImpl/DefaultClientRuntimePlugin of DefaultClientRuntimePlugin [roughlyenoughitems]/" done in 5.493 μs
[20:34:55] [REI-ReloadPlugins/TRACE] [REI] [REIClientPlugin START] Reloading Section: "reloadable-plugin/DisplayRegistryImpl/REIForgePluginStub of REIForgePluginStub [kubejs]/"
[20:34:55] [REI-ReloadPlugins/TRACE] [REI] [REIClientPlugin START] Reloading Section: "reloadable-plugin/DisplayRegistryImpl/REIForgePluginStub of REIForgePluginStub [kubejs]/" done in 5.505 μs
[20:34:55] [REI-ReloadPlugins/TRACE] [REI] [REIClientPlugin START] Reloading Section: "reloadable-plugin/DisplayRegistryImpl/" done in 330.7 μs
[20:34:55] [REI-ReloadPlugins/TRACE] [REI] [REIClientPlugin START] Reloading Section: "reloadable-plugin/ScreenRegistryImpl/"
[20:34:55] [REI-ReloadPlugins/TRACE] [REI] [REIClientPlugin START] Reloading Section: "reloadable-plugin/ScreenRegistryImpl/DefaultClientPluginImpl of DefaultClientPluginImpl [roughlyenoughitems]/"
[20:34:55] [REI-ReloadPlugins/DEBUG] [REI] Added click area provider for net.minecraft.client.gui.screens.inventory.CraftingScreen: me.shedaniel.rei.api.client.registry.screen.SimpleClickArea$$Lambda$44489/0x0000000804648698@3eb52c87
[20:34:55] [REI-ReloadPlugins/DEBUG] [REI] Added click area provider for net.minecraft.client.gui.screens.inventory.InventoryScreen: me.shedaniel.rei.api.client.registry.screen.SimpleClickArea$$Lambda$44489/0x0000000804648698@19b574cf
[20:34:55] [REI-ReloadPlugins/DEBUG] [REI] Added click area provider for net.minecraft.client.gui.screens.inventory.BrewingStandScreen: me.shedaniel.rei.api.client.registry.screen.SimpleClickArea$$Lambda$44489/0x0000000804648698@60162fd0
[20:34:55] [REI-ReloadPlugins/DEBUG] [REI] Added click area provider for net.minecraft.client.gui.screens.inventory.FurnaceScreen: me.shedaniel.rei.api.client.registry.screen.SimpleClickArea$$Lambda$44489/0x0000000804648698@64c1a92f
[20:34:55] [REI-ReloadPlugins/DEBUG] [REI] Added click area provider for net.minecraft.client.gui.screens.inventory.SmokerScreen: me.shedaniel.rei.api.client.registry.screen.SimpleClickArea$$Lambda$44489/0x0000000804648698@73077024
[20:34:55] [REI-ReloadPlugins/DEBUG] [REI] Added click area provider for net.minecraft.client.gui.screens.inventory.BlastFurnaceScreen: me.shedaniel.rei.api.client.registry.screen.SimpleClickArea$$Lambda$44489/0x0000000804648698@41267187
[20:34:55] [REI-ReloadPlugins/DEBUG] [REI] Added exclusion zones provider: me.shedaniel.rei.plugin.client.exclusionzones.DefaultPotionEffectExclusionZones@1056f27c for net.minecraft.client.gui.screens.inventory.EffectRenderingInventoryScreen
[20:34:55] [REI-ReloadPlugins/DEBUG] [REI] Added exclusion zones provider: me.shedaniel.rei.plugin.client.exclusionzones.DefaultRecipeBookExclusionZones@2e2069d5 for net.minecraft.client.gui.screens.recipebook.RecipeUpdateListener
[20:34:55] [REI-ReloadPlugins/TRACE] [REI] [REIClientPlugin START] Reloading Section: "reloadable-plugin/ScreenRegistryImpl/DefaultClientPluginImpl of DefaultClientPluginImpl [roughlyenoughitems]/" done in 2.493 ms
[20:34:55] [REI-ReloadPlugins/TRACE] [REI] [REIClientPlugin START] Reloading Section: "reloadable-plugin/ScreenRegistryImpl/REICompat of REICompat [supplementaries]/"
[20:34:55] [REI-ReloadPlugins/TRACE] [REI] [REIClientPlugin START] Reloading Section: "reloadable-plugin/ScreenRegistryImpl/REICompat of REICompat [supplementaries]/" done in 17.00 μs
[20:34:55] [REI-ReloadPlugins/TRACE] [REI] [REIClientPlugin START] Reloading Section: "reloadable-plugin/ScreenRegistryImpl/GTREIPlugin of GTREIPlugin [gtceu]/"
[20:34:55] [REI-ReloadPlugins/TRACE] [REI] [REIClientPlugin START] Reloading Section: "reloadable-plugin/ScreenRegistryImpl/GTREIPlugin of GTREIPlugin [gtceu]/" done in 6.876 μs
[20:34:55] [REI-ReloadPlugins/TRACE] [REI] [REIClientPlugin START] Reloading Section: "reloadable-plugin/ScreenRegistryImpl/FTBQuestsREIIntegrationForge of FTBQuestsREIIntegrationForge [ftbxmodcompat]/"
[20:34:55] [REI-ReloadPlugins/TRACE] [REI] [REIClientPlugin START] Reloading Section: "reloadable-plugin/ScreenRegistryImpl/FTBQuestsREIIntegrationForge of FTBQuestsREIIntegrationForge [ftbxmodcompat]/" done in 29.98 μs
[20:34:55] [REI-ReloadPlugins/TRACE] [REI] [REIClientPlugin START] Reloading Section: "reloadable-plugin/ScreenRegistryImpl/ExtendedAE of ExtendedAE [expatternprovider]/"
[20:34:55] [REI-ReloadPlugins/DEBUG] [REI] Added focused stack provider: com.glodblock.github.extendedae.xmod.rei.REIPlugin$$Lambda$44492/0x00000008046491b8@1f9a409f [0.00 priority]
[20:34:55] [REI-ReloadPlugins/DEBUG] [REI] Added click area provider for com.glodblock.github.extendedae.client.gui.GuiExInscriber: me.shedaniel.rei.api.client.registry.screen.SimpleClickArea$$Lambda$44489/0x0000000804648698@1dd11e8c
[20:34:55] [REI-ReloadPlugins/TRACE] [REI] [REIClientPlugin START] Reloading Section: "reloadable-plugin/ScreenRegistryImpl/ExtendedAE of ExtendedAE [expatternprovider]/" done in 3.858 ms
[20:34:55] [REI-ReloadPlugins/TRACE] [REI] [REIClientPlugin START] Reloading Section: "reloadable-plugin/ScreenRegistryImpl/FramedReiPlugin of FramedReiPlugin [framedblocks]/"
[20:34:55] [REI-ReloadPlugins/DEBUG] [REI] Added draggable component visitor: xfacthd.framedblocks.common.compat.rei.PoweredFramingSawDraggableStackVisitor@1f772f63 [0.00 priority]
[20:34:55] [REI-ReloadPlugins/DEBUG] [REI] Added click area provider for xfacthd.framedblocks.client.screen.PoweredFramingSawScreen: me.shedaniel.rei.api.client.registry.screen.SimpleClickArea$$Lambda$44489/0x0000000804648698@7b6bb19e
[20:34:55] [REI-ReloadPlugins/TRACE] [REI] [REIClientPlugin START] Reloading Section: "reloadable-plugin/ScreenRegistryImpl/FramedReiPlugin of FramedReiPlugin [framedblocks]/" done in 914.2 μs
[20:34:55] [REI-ReloadPlugins/TRACE] [REI] [REIClientPlugin START] Reloading Section: "reloadable-plugin/ScreenRegistryImpl/StorageReiClientPlugin of StorageReiClientPlugin [sophisticatedstorage]/"
[20:34:55] [REI-ReloadPlugins/DEBUG] [REI] Added draggable component visitor: net.p3pp3rf1y.sophisticatedcore.compat.recipeviewers.rei.ReiStorageGhostIngredientHandler@68002790 [0.00 priority]
[20:34:55] [REI-ReloadPlugins/DEBUG] [REI] Added draggable component visitor: net.p3pp3rf1y.sophisticatedcore.compat.recipeviewers.rei.ReiSettingsGhostIngredientHandler@34676001 [0.00 priority]
[20:34:55] [REI-ReloadPlugins/DEBUG] [REI] Added exclusion zones provider: net.p3pp3rf1y.sophisticatedstorage.compat.recipeviewers.rei.StorageReiClientPlugin$$Lambda$44493/0x000000080464c020@2cb9f28c for net.p3pp3rf1y.sophisticatedstorage.client.gui.StorageScreen
[20:34:55] [REI-ReloadPlugins/DEBUG] [REI] Added exclusion zones provider: net.p3pp3rf1y.sophisticatedstorage.compat.recipeviewers.rei.StorageReiClientPlugin$$Lambda$44494/0x000000080464c240@397108 for net.p3pp3rf1y.sophisticatedstorage.client.gui.StorageSettingsScreen
[20:34:55] [REI-ReloadPlugins/TRACE] [REI] [REIClientPlugin START] Reloading Section: "reloadable-plugin/ScreenRegistryImpl/StorageReiClientPlugin of StorageReiClientPlugin [sophisticatedstorage]/" done in 1.462 ms
[20:34:55] [REI-ReloadPlugins/TRACE] [REI] [REIClientPlugin START] Reloading Section: "reloadable-plugin/ScreenRegistryImpl/BackpackReiClientPlugin of BackpackReiClientPlugin [sophisticatedbackpacks]/"
[20:34:55] [REI-ReloadPlugins/DEBUG] [REI] Added draggable component visitor: net.p3pp3rf1y.sophisticatedcore.compat.recipeviewers.rei.ReiStorageGhostIngredientHandler@6377de11 [0.00 priority]
[20:34:55] [REI-ReloadPlugins/DEBUG] [REI] Added draggable component visitor: net.p3pp3rf1y.sophisticatedcore.compat.recipeviewers.rei.ReiSettingsGhostIngredientHandler@4fc92875 [0.00 priority]
[20:34:55] [REI-ReloadPlugins/DEBUG] [REI] Added exclusion zones provider: net.p3pp3rf1y.sophisticatedbackpacks.compat.recipeviewers.rei.BackpackReiClientPlugin$$Lambda$44495/0x000000080464c460@21418de3 for net.p3pp3rf1y.sophisticatedbackpacks.client.gui.BackpackScreen
[20:34:55] [REI-ReloadPlugins/DEBUG] [REI] Added exclusion zones provider: net.p3pp3rf1y.sophisticatedbackpacks.compat.recipeviewers.rei.BackpackReiClientPlugin$$Lambda$44496/0x000000080464c680@381e66fb for net.p3pp3rf1y.sophisticatedbackpacks.client.gui.BackpackSettingsScreen
[20:34:55] [REI-ReloadPlugins/TRACE] [REI] [REIClientPlugin START] Reloading Section: "reloadable-plugin/ScreenRegistryImpl/BackpackReiClientPlugin of BackpackReiClientPlugin [sophisticatedbackpacks]/" done in 240.8 μs
[20:34:55] [REI-ReloadPlugins/TRACE] [REI] [REIClientPlugin START] Reloading Section: "reloadable-plugin/ScreenRegistryImpl/ReiIsDumbClientPlugin of ReiIsDumbClientPlugin [ad_astra]/"
[20:34:55] [REI-ReloadPlugins/DEBUG] [REI] Added click area provider for earth.terrarium.adastra.client.screens.machines.CompressorScreen: me.shedaniel.rei.api.client.registry.screen.SimpleClickArea$$Lambda$44489/0x0000000804648698@24454841
[20:34:55] [REI-ReloadPlugins/DEBUG] [REI] Added click area provider for earth.terrarium.adastra.client.screens.machines.EtrionicBlastFurnaceScreen: me.shedaniel.rei.api.client.registry.screen.SimpleClickArea$$Lambda$44489/0x0000000804648698@7f8b3760
[20:34:55] [REI-ReloadPlugins/DEBUG] [REI] Added click area provider for earth.terrarium.adastra.client.screens.machines.OxygenLoaderScreen: me.shedaniel.rei.api.client.registry.screen.SimpleClickArea$$Lambda$44489/0x0000000804648698@363945b8
[20:34:55] [REI-ReloadPlugins/DEBUG] [REI] Added click area provider for earth.terrarium.adastra.client.screens.machines.OxygenDistributorScreen: me.shedaniel.rei.api.client.registry.screen.SimpleClickArea$$Lambda$44489/0x0000000804648698@429b84d2
[20:34:55] [REI-ReloadPlugins/DEBUG] [REI] Added click area provider for earth.terrarium.adastra.client.screens.machines.FuelRefineryScreen: me.shedaniel.rei.api.client.registry.screen.SimpleClickArea$$Lambda$44489/0x0000000804648698@5c7f216a
[20:34:55] [REI-ReloadPlugins/DEBUG] [REI] Added click area provider for earth.terrarium.adastra.client.screens.machines.CryoFreezerScreen: me.shedaniel.rei.api.client.registry.screen.SimpleClickArea$$Lambda$44489/0x0000000804648698@5850be9b
[20:34:55] [REI-ReloadPlugins/DEBUG] [REI] Added click area provider for earth.terrarium.adastra.client.screens.machines.NasaWorkbenchScreen: me.shedaniel.rei.api.client.registry.screen.SimpleClickArea$$Lambda$44489/0x0000000804648698@1497d486
[20:34:55] [REI-ReloadPlugins/DEBUG] [REI] Added overlay decider: earth.terrarium.adastra.common.compat.rei.AdAstraReiPlugin$1@1cd4c44f [0.00 priority]
[20:34:55] [REI-ReloadPlugins/TRACE] [REI] [REIClientPlugin START] Reloading Section: "reloadable-plugin/ScreenRegistryImpl/ReiIsDumbClientPlugin of ReiIsDumbClientPlugin [ad_astra]/" done in 3.535 ms
[20:34:55] [REI-ReloadPlugins/TRACE] [REI] [REIClientPlugin START] Reloading Section: "reloadable-plugin/ScreenRegistryImpl/almostunified.roughlyenoughitems of almostunified.roughlyenoughitems [almostunified]/"
[20:34:55] [REI-ReloadPlugins/TRACE] [REI] [REIClientPlugin START] Reloading Section: "reloadable-plugin/ScreenRegistryImpl/almostunified.roughlyenoughitems of almostunified.roughlyenoughitems [almostunified]/" done in 13.09 μs
[20:34:55] [REI-ReloadPlugins/TRACE] [REI] [REIClientPlugin START] Reloading Section: "reloadable-plugin/ScreenRegistryImpl/AdornReiClientForge of AdornReiClientForge [adorn]/"
[20:34:55] [REI-ReloadPlugins/DEBUG] [REI] Added draggable component visitor: juuxel.adorn.compat.rei.client.TradingStationDraggableStackVisitor@d0177b5 [0.00 priority]
[20:34:55] [REI-ReloadPlugins/TRACE] [REI] [REIClientPlugin START] Reloading Section: "reloadable-plugin/ScreenRegistryImpl/AdornReiClientForge of AdornReiClientForge [adorn]/" done in 593.6 μs
[20:34:55] [REI-ReloadPlugins/TRACE] [REI] [REIClientPlugin START] Reloading Section: "reloadable-plugin/ScreenRegistryImpl/REIPluginImpl of REIPluginImpl [ldlib]/"
[20:34:55] [REI-ReloadPlugins/DEBUG] [REI] Added focused stack provider: com.lowdragmc.lowdraglib.rei.ModularUIReiHandlers$$Lambda$44511/0x00000008046511a0@211f22d7 [0.00 priority]
[20:34:55] [REI-ReloadPlugins/DEBUG] [REI] Added draggable component visitor: com.lowdragmc.lowdraglib.rei.ModularUIReiHandlers$1@29f7b9a3 [0.00 priority]
[20:34:55] [REI-ReloadPlugins/DEBUG] [REI] Added exclusion zones provider: com.lowdragmc.lowdraglib.rei.ModularUIReiHandlers$$Lambda$44510/0x0000000804650f80@3bca7940 for com.lowdragmc.lowdraglib.gui.modular.ModularUIGuiContainer
[20:34:55] [REI-ReloadPlugins/TRACE] [REI] [REIClientPlugin START] Reloading Section: "reloadable-plugin/ScreenRegistryImpl/REIPluginImpl of REIPluginImpl [ldlib]/" done in 920.1 μs
[20:34:55] [REI-ReloadPlugins/TRACE] [REI] [REIClientPlugin START] Reloading Section: "reloadable-plugin/ScreenRegistryImpl/ReiClientPlugin of ReiClientPlugin [craftingstation]/"
[20:34:55] [REI-ReloadPlugins/DEBUG] [REI] Added click area provider for tfar.craftingstation.client.CraftingStationScreen: me.shedaniel.rei.api.client.registry.screen.SimpleClickArea$$Lambda$44489/0x0000000804648698@639bfd74
[20:34:55] [REI-ReloadPlugins/TRACE] [REI] [REIClientPlugin START] Reloading Section: "reloadable-plugin/ScreenRegistryImpl/ReiClientPlugin of ReiClientPlugin [craftingstation]/" done in 34.22 μs
[20:34:55] [REI-ReloadPlugins/TRACE] [REI] [REIClientPlugin START] Reloading Section: "reloadable-plugin/ScreenRegistryImpl/REIForgePluginStub of REIForgePluginStub [ftblibrary]/"
[20:34:55] [REI-ReloadPlugins/TRACE] [REI] [REIClientPlugin START] Reloading Section: "reloadable-plugin/ScreenRegistryImpl/REIForgePluginStub of REIForgePluginStub [ftblibrary]/" done in 14.56 μs
[20:34:55] [REI-ReloadPlugins/TRACE] [REI] [REIClientPlugin START] Reloading Section: "reloadable-plugin/ScreenRegistryImpl/AE2 of AE2 [ae2]/"
[20:34:55] [REI-ReloadPlugins/DEBUG] [REI] Added draggable component visitor: appeng.integration.modules.rei.GhostIngredientHandler@c8eacc9 [0.00 priority]
[20:34:55] [REI-ReloadPlugins/DEBUG] [REI] Added focused stack provider: appeng.integration.modules.rei.ReiPlugin$$Lambda$44513/0x00000008046520a0@5fbc5118 [0.00 priority]
[20:34:55] [REI-ReloadPlugins/DEBUG] [REI] Added click area provider for appeng.client.gui.implementations.InscriberScreen: me.shedaniel.rei.api.client.registry.screen.SimpleClickArea$$Lambda$44489/0x0000000804648698@7b656040
[20:34:55] [REI-ReloadPlugins/DEBUG] [REI] Added exclusion zones provider: appeng.integration.modules.rei.ReiPlugin$$Lambda$44514/0x0000000804652308@53f6dee4 for appeng.client.gui.AEBaseScreen
[20:34:55] [REI-ReloadPlugins/TRACE] [REI] [REIClientPlugin START] Reloading Section: "reloadable-plugin/ScreenRegistryImpl/AE2 of AE2 [ae2]/" done in 811.6 μs
[20:34:55] [REI-ReloadPlugins/TRACE] [REI] [REIClientPlugin START] Reloading Section: "reloadable-plugin/ScreenRegistryImpl/HideIngredientsFromTagsPlugin of HideIngredientsFromTagsPlugin [roughlyenoughitems]/"
[20:34:55] [REI-ReloadPlugins/TRACE] [REI] [REIClientPlugin START] Reloading Section: "reloadable-plugin/ScreenRegistryImpl/HideIngredientsFromTagsPlugin of HideIngredientsFromTagsPlugin [roughlyenoughitems]/" done in 9.592 μs
[20:34:55] [REI-ReloadPlugins/TRACE] [REI] [REIClientPlugin START] Reloading Section: "reloadable-plugin/ScreenRegistryImpl/DefaultClientRuntimePlugin of DefaultClientRuntimePlugin [roughlyenoughitems]/"
[20:34:55] [REI-ReloadPlugins/DEBUG] [REI] Added exclusion zones provider: me.shedaniel.rei.plugin.client.runtime.DefaultClientRuntimePlugin$$Lambda$44516/0x0000000804652970@5237154d for me.shedaniel.rei.impl.client.gui.screen.DefaultDisplayViewingScreen
[20:34:55] [REI-ReloadPlugins/DEBUG] [REI] Added exclusion zones provider: me.shedaniel.rei.plugin.client.runtime.DefaultClientRuntimePlugin$$Lambda$44517/0x0000000804652d88@3315c7aa for net.minecraft.client.gui.screens.Screen
[20:34:55] [REI-ReloadPlugins/DEBUG] [REI] Added draggable component provider: me.shedaniel.rei.api.client.gui.drag.component.DraggableComponentProviderWidget$1@30e899b6 [0.00 priority]
[20:34:55] [REI-ReloadPlugins/DEBUG] [REI] Added draggable component visitor: me.shedaniel.rei.api.client.gui.drag.component.DraggableComponentVisitorWidget$2@6d25e000 [0.00 priority]
[20:34:55] [REI-ReloadPlugins/TRACE] [REI] [REIClientPlugin START] Reloading Section: "reloadable-plugin/ScreenRegistryImpl/DefaultClientRuntimePlugin of DefaultClientRuntimePlugin [roughlyenoughitems]/" done in 434.1 μs
[20:34:55] [REI-ReloadPlugins/TRACE] [REI] [REIClientPlugin START] Reloading Section: "reloadable-plugin/ScreenRegistryImpl/REIForgePluginStub of REIForgePluginStub [kubejs]/"
[20:34:55] [REI-ReloadPlugins/TRACE] [REI] [REIClientPlugin START] Reloading Section: "reloadable-plugin/ScreenRegistryImpl/REIForgePluginStub of REIForgePluginStub [kubejs]/" done in 9.478 μs
[20:34:55] [REI-ReloadPlugins/TRACE] [REI] [REIClientPlugin START] Reloading Section: "reloadable-plugin/ScreenRegistryImpl/" done in 15.86 ms
[20:34:55] [REI-ReloadPlugins/TRACE] [REI] [REIClientPlugin START] Reloading Section: "reloadable-plugin/FavoriteEntryTypeRegistryImpl/"
[20:34:55] [REI-ReloadPlugins/TRACE] [REI] [REIClientPlugin START] Reloading Section: "reloadable-plugin/FavoriteEntryTypeRegistryImpl/DefaultClientPluginImpl of DefaultClientPluginImpl [roughlyenoughitems]/"
[20:34:55] [REI-ReloadPlugins/DEBUG] [REI] Added favorite entry type [roughlyenoughitems:gamemode]: INSTANCE
[20:34:55] [REI-ReloadPlugins/DEBUG] [REI] Added favorite entry type [roughlyenoughitems:weather]: INSTANCE
[20:34:55] [REI-ReloadPlugins/DEBUG] [REI] Added favorite entry type [roughlyenoughitems:time]: INSTANCE
[20:34:55] [REI-ReloadPlugins/TRACE] [REI] [REIClientPlugin START] Reloading Section: "reloadable-plugin/FavoriteEntryTypeRegistryImpl/DefaultClientPluginImpl of DefaultClientPluginImpl [roughlyenoughitems]/" done in 5.301 ms
[20:34:55] [REI-ReloadPlugins/TRACE] [REI] [REIClientPlugin START] Reloading Section: "reloadable-plugin/FavoriteEntryTypeRegistryImpl/REICompat of REICompat [supplementaries]/"
[20:34:55] [REI-ReloadPlugins/TRACE] [REI] [REIClientPlugin START] Reloading Section: "reloadable-plugin/FavoriteEntryTypeRegistryImpl/REICompat of REICompat [supplementaries]/" done in 19.70 μs
[20:34:55] [REI-ReloadPlugins/TRACE] [REI] [REIClientPlugin START] Reloading Section: "reloadable-plugin/FavoriteEntryTypeRegistryImpl/GTREIPlugin of GTREIPlugin [gtceu]/"
[20:34:55] [REI-ReloadPlugins/TRACE] [REI] [REIClientPlugin START] Reloading Section: "reloadable-plugin/FavoriteEntryTypeRegistryImpl/GTREIPlugin of GTREIPlugin [gtceu]/" done in 6.476 μs
[20:34:55] [REI-ReloadPlugins/TRACE] [REI] [REIClientPlugin START] Reloading Section: "reloadable-plugin/FavoriteEntryTypeRegistryImpl/FTBQuestsREIIntegrationForge of FTBQuestsREIIntegrationForge [ftbxmodcompat]/"
[20:34:55] [REI-ReloadPlugins/TRACE] [REI] [REIClientPlugin START] Reloading Section: "reloadable-plugin/FavoriteEntryTypeRegistryImpl/FTBQuestsREIIntegrationForge of FTBQuestsREIIntegrationForge [ftbxmodcompat]/" done in 5.848 μs
[20:34:55] [REI-ReloadPlugins/TRACE] [REI] [REIClientPlugin START] Reloading Section: "reloadable-plugin/FavoriteEntryTypeRegistryImpl/ExtendedAE of ExtendedAE [expatternprovider]/"
[20:34:55] [REI-ReloadPlugins/TRACE] [REI] [REIClientPlugin START] Reloading Section: "reloadable-plugin/FavoriteEntryTypeRegistryImpl/ExtendedAE of ExtendedAE [expatternprovider]/" done in 5.561 μs
[20:34:55] [REI-ReloadPlugins/TRACE] [REI] [REIClientPlugin START] Reloading Section: "reloadable-plugin/FavoriteEntryTypeRegistryImpl/FramedReiPlugin of FramedReiPlugin [framedblocks]/"
[20:34:55] [REI-ReloadPlugins/TRACE] [REI] [REIClientPlugin START] Reloading Section: "reloadable-plugin/FavoriteEntryTypeRegistryImpl/FramedReiPlugin of FramedReiPlugin [framedblocks]/" done in 5.358 μs
[20:34:55] [REI-ReloadPlugins/TRACE] [REI] [REIClientPlugin START] Reloading Section: "reloadable-plugin/FavoriteEntryTypeRegistryImpl/StorageReiClientPlugin of StorageReiClientPlugin [sophisticatedstorage]/"
[20:34:55] [REI-ReloadPlugins/TRACE] [REI] [REIClientPlugin START] Reloading Section: "reloadable-plugin/FavoriteEntryTypeRegistryImpl/StorageReiClientPlugin of StorageReiClientPlugin [sophisticatedstorage]/" done in 5.467 μs
[20:34:55] [REI-ReloadPlugins/TRACE] [REI] [REIClientPlugin START] Reloading Section: "reloadable-plugin/FavoriteEntryTypeRegistryImpl/BackpackReiClientPlugin of BackpackReiClientPlugin [sophisticatedbackpacks]/"
[20:34:55] [REI-ReloadPlugins/TRACE] [REI] [REIClientPlugin START] Reloading Section: "reloadable-plugin/FavoriteEntryTypeRegistryImpl/BackpackReiClientPlugin of BackpackReiClientPlugin [sophisticatedbackpacks]/" done in 5.363 μs
[20:34:55] [REI-ReloadPlugins/TRACE] [REI] [REIClientPlugin START] Reloading Section: "reloadable-plugin/FavoriteEntryTypeRegistryImpl/ReiIsDumbClientPlugin of ReiIsDumbClientPlugin [ad_astra]/"
[20:34:55] [REI-ReloadPlugins/TRACE] [REI] [REIClientPlugin START] Reloading Section: "reloadable-plugin/FavoriteEntryTypeRegistryImpl/ReiIsDumbClientPlugin of ReiIsDumbClientPlugin [ad_astra]/" done in 5.252 μs
[20:34:55] [REI-ReloadPlugins/TRACE] [REI] [REIClientPlugin START] Reloading Section: "reloadable-plugin/FavoriteEntryTypeRegistryImpl/almostunified.roughlyenoughitems of almostunified.roughlyenoughitems [almostunified]/"
[20:34:55] [REI-ReloadPlugins/TRACE] [REI] [REIClientPlugin START] Reloading Section: "reloadable-plugin/FavoriteEntryTypeRegistryImpl/almostunified.roughlyenoughitems of almostunified.roughlyenoughitems [almostunified]/" done in 6.034 μs
[20:34:55] [REI-ReloadPlugins/TRACE] [REI] [REIClientPlugin START] Reloading Section: "reloadable-plugin/FavoriteEntryTypeRegistryImpl/AdornReiClientForge of AdornReiClientForge [adorn]/"
[20:34:55] [REI-ReloadPlugins/TRACE] [REI] [REIClientPlugin START] Reloading Section: "reloadable-plugin/FavoriteEntryTypeRegistryImpl/AdornReiClientForge of AdornReiClientForge [adorn]/" done in 5.732 μs
[20:34:55] [REI-ReloadPlugins/TRACE] [REI] [REIClientPlugin START] Reloading Section: "reloadable-plugin/FavoriteEntryTypeRegistryImpl/REIPluginImpl of REIPluginImpl [ldlib]/"
[20:34:55] [REI-ReloadPlugins/TRACE] [REI] [REIClientPlugin START] Reloading Section: "reloadable-plugin/FavoriteEntryTypeRegistryImpl/REIPluginImpl of REIPluginImpl [ldlib]/" done in 5.626 μs
[20:34:55] [REI-ReloadPlugins/TRACE] [REI] [REIClientPlugin START] Reloading Section: "reloadable-plugin/FavoriteEntryTypeRegistryImpl/ReiClientPlugin of ReiClientPlugin [craftingstation]/"
[20:34:55] [REI-ReloadPlugins/TRACE] [REI] [REIClientPlugin START] Reloading Section: "reloadable-plugin/FavoriteEntryTypeRegistryImpl/ReiClientPlugin of ReiClientPlugin [craftingstation]/" done in 5.250 μs
[20:34:55] [REI-ReloadPlugins/TRACE] [REI] [REIClientPlugin START] Reloading Section: "reloadable-plugin/FavoriteEntryTypeRegistryImpl/REIForgePluginStub of REIForgePluginStub [ftblibrary]/"
[20:34:55] [REI-ReloadPlugins/DEBUG] [REI] Added favorite entry type [ftblibrary:sidebar_button]: INSTANCE
[20:34:55] [REI-ReloadPlugins/TRACE] [REI] [REIClientPlugin START] Reloading Section: "reloadable-plugin/FavoriteEntryTypeRegistryImpl/REIForgePluginStub of REIForgePluginStub [ftblibrary]/" done in 2.412 ms
[20:34:55] [REI-ReloadPlugins/TRACE] [REI] [REIClientPlugin START] Reloading Section: "reloadable-plugin/FavoriteEntryTypeRegistryImpl/AE2 of AE2 [ae2]/"
[20:34:55] [REI-ReloadPlugins/TRACE] [REI] [REIClientPlugin START] Reloading Section: "reloadable-plugin/FavoriteEntryTypeRegistryImpl/AE2 of AE2 [ae2]/" done in 14.70 μs
[20:34:55] [REI-ReloadPlugins/TRACE] [REI] [REIClientPlugin START] Reloading Section: "reloadable-plugin/FavoriteEntryTypeRegistryImpl/HideIngredientsFromTagsPlugin of HideIngredientsFromTagsPlugin [roughlyenoughitems]/"
[20:34:55] [REI-ReloadPlugins/TRACE] [REI] [REIClientPlugin START] Reloading Section: "reloadable-plugin/FavoriteEntryTypeRegistryImpl/HideIngredientsFromTagsPlugin of HideIngredientsFromTagsPlugin [roughlyenoughitems]/" done in 6.700 μs
[20:34:55] [REI-ReloadPlugins/TRACE] [REI] [REIClientPlugin START] Reloading Section: "reloadable-plugin/FavoriteEntryTypeRegistryImpl/DefaultClientRuntimePlugin of DefaultClientRuntimePlugin [roughlyenoughitems]/"
[20:34:55] [REI-ReloadPlugins/DEBUG] [REI] Added favorite entry type [roughlyenoughitems:entry_stack]: INSTANCE
[20:34:55] [REI-ReloadPlugins/DEBUG] [REI] Added favorite entry type [roughlyenoughitems:display]: INSTANCE
[20:34:55] [REI-ReloadPlugins/TRACE] [REI] [REIClientPlugin START] Reloading Section: "reloadable-plugin/FavoriteEntryTypeRegistryImpl/DefaultClientRuntimePlugin of DefaultClientRuntimePlugin [roughlyenoughitems]/" done in 871.6 μs
[20:34:55] [REI-ReloadPlugins/TRACE] [REI] [REIClientPlugin START] Reloading Section: "reloadable-plugin/FavoriteEntryTypeRegistryImpl/REIForgePluginStub of REIForgePluginStub [kubejs]/"
[20:34:55] [REI-ReloadPlugins/TRACE] [REI] [REIClientPlugin START] Reloading Section: "reloadable-plugin/FavoriteEntryTypeRegistryImpl/REIForgePluginStub of REIForgePluginStub [kubejs]/" done in 12.84 μs
[20:34:55] [REI-ReloadPlugins/TRACE] [REI] [REIClientPlugin START] Reloading Section: "reloadable-plugin/FavoriteEntryTypeRegistryImpl/" done in 9.097 ms
[20:34:55] [REI-ReloadPlugins/TRACE] [REI] [REIClientPlugin START] Reloading Section: "reloadable-plugin/SubsetsRegistryImpl/"
[20:34:55] [REI-ReloadPlugins/TRACE] [REI] [REIClientPlugin START] Reloading Section: "reloadable-plugin/SubsetsRegistryImpl/DefaultClientPluginImpl of DefaultClientPluginImpl [roughlyenoughitems]/"
[20:34:55] [REI-ReloadPlugins/TRACE] [REI] [REIClientPlugin START] Reloading Section: "reloadable-plugin/SubsetsRegistryImpl/DefaultClientPluginImpl of DefaultClientPluginImpl [roughlyenoughitems]/" done in 7.392 μs
[20:34:55] [REI-ReloadPlugins/TRACE] [REI] [REIClientPlugin START] Reloading Section: "reloadable-plugin/SubsetsRegistryImpl/REICompat of REICompat [supplementaries]/"
[20:34:55] [REI-ReloadPlugins/TRACE] [REI] [REIClientPlugin START] Reloading Section: "reloadable-plugin/SubsetsRegistryImpl/REICompat of REICompat [supplementaries]/" done in 5.753 μs
[20:34:55] [REI-ReloadPlugins/TRACE] [REI] [REIClientPlugin START] Reloading Section: "reloadable-plugin/SubsetsRegistryImpl/GTREIPlugin of GTREIPlugin [gtceu]/"
[20:34:55] [REI-ReloadPlugins/TRACE] [REI] [REIClientPlugin START] Reloading Section: "reloadable-plugin/SubsetsRegistryImpl/GTREIPlugin of GTREIPlugin [gtceu]/" done in 5.340 μs
[20:34:55] [REI-ReloadPlugins/TRACE] [REI] [REIClientPlugin START] Reloading Section: "reloadable-plugin/SubsetsRegistryImpl/FTBQuestsREIIntegrationForge of FTBQuestsREIIntegrationForge [ftbxmodcompat]/"
[20:34:55] [REI-ReloadPlugins/TRACE] [REI] [REIClientPlugin START] Reloading Section: "reloadable-plugin/SubsetsRegistryImpl/FTBQuestsREIIntegrationForge of FTBQuestsREIIntegrationForge [ftbxmodcompat]/" done in 5.487 μs
[20:34:55] [REI-ReloadPlugins/TRACE] [REI] [REIClientPlugin START] Reloading Section: "reloadable-plugin/SubsetsRegistryImpl/ExtendedAE of ExtendedAE [expatternprovider]/"
[20:34:55] [REI-ReloadPlugins/TRACE] [REI] [REIClientPlugin START] Reloading Section: "reloadable-plugin/SubsetsRegistryImpl/ExtendedAE of ExtendedAE [expatternprovider]/" done in 5.522 μs
[20:34:55] [REI-ReloadPlugins/TRACE] [REI] [REIClientPlugin START] Reloading Section: "reloadable-plugin/SubsetsRegistryImpl/FramedReiPlugin of FramedReiPlugin [framedblocks]/"
[20:34:55] [REI-ReloadPlugins/TRACE] [REI] [REIClientPlugin START] Reloading Section: "reloadable-plugin/SubsetsRegistryImpl/FramedReiPlugin of FramedReiPlugin [framedblocks]/" done in 5.198 μs
[20:34:55] [REI-ReloadPlugins/TRACE] [REI] [REIClientPlugin START] Reloading Section: "reloadable-plugin/SubsetsRegistryImpl/StorageReiClientPlugin of StorageReiClientPlugin [sophisticatedstorage]/"
[20:34:55] [REI-ReloadPlugins/TRACE] [REI] [REIClientPlugin START] Reloading Section: "reloadable-plugin/SubsetsRegistryImpl/StorageReiClientPlugin of StorageReiClientPlugin [sophisticatedstorage]/" done in 5.324 μs
[20:34:55] [REI-ReloadPlugins/TRACE] [REI] [REIClientPlugin START] Reloading Section: "reloadable-plugin/SubsetsRegistryImpl/BackpackReiClientPlugin of BackpackReiClientPlugin [sophisticatedbackpacks]/"
[20:34:55] [REI-ReloadPlugins/TRACE] [REI] [REIClientPlugin START] Reloading Section: "reloadable-plugin/SubsetsRegistryImpl/BackpackReiClientPlugin of BackpackReiClientPlugin [sophisticatedbackpacks]/" done in 5.248 μs
[20:34:55] [REI-ReloadPlugins/TRACE] [REI] [REIClientPlugin START] Reloading Section: "reloadable-plugin/SubsetsRegistryImpl/ReiIsDumbClientPlugin of ReiIsDumbClientPlugin [ad_astra]/"
[20:34:55] [REI-ReloadPlugins/TRACE] [REI] [REIClientPlugin START] Reloading Section: "reloadable-plugin/SubsetsRegistryImpl/ReiIsDumbClientPlugin of ReiIsDumbClientPlugin [ad_astra]/" done in 5.314 μs
[20:34:55] [REI-ReloadPlugins/TRACE] [REI] [REIClientPlugin START] Reloading Section: "reloadable-plugin/SubsetsRegistryImpl/almostunified.roughlyenoughitems of almostunified.roughlyenoughitems [almostunified]/"
[20:34:55] [REI-ReloadPlugins/TRACE] [REI] [REIClientPlugin START] Reloading Section: "reloadable-plugin/SubsetsRegistryImpl/almostunified.roughlyenoughitems of almostunified.roughlyenoughitems [almostunified]/" done in 5.604 μs
[20:34:55] [REI-ReloadPlugins/TRACE] [REI] [REIClientPlugin START] Reloading Section: "reloadable-plugin/SubsetsRegistryImpl/AdornReiClientForge of AdornReiClientForge [adorn]/"
[20:34:55] [REI-ReloadPlugins/TRACE] [REI] [REIClientPlugin START] Reloading Section: "reloadable-plugin/SubsetsRegistryImpl/AdornReiClientForge of AdornReiClientForge [adorn]/" done in 5.661 μs
[20:34:55] [REI-ReloadPlugins/TRACE] [REI] [REIClientPlugin START] Reloading Section: "reloadable-plugin/SubsetsRegistryImpl/REIPluginImpl of REIPluginImpl [ldlib]/"
[20:34:55] [REI-ReloadPlugins/TRACE] [REI] [REIClientPlugin START] Reloading Section: "reloadable-plugin/SubsetsRegistryImpl/REIPluginImpl of REIPluginImpl [ldlib]/" done in 8.137 μs
[20:34:55] [REI-ReloadPlugins/TRACE] [REI] [REIClientPlugin START] Reloading Section: "reloadable-plugin/SubsetsRegistryImpl/ReiClientPlugin of ReiClientPlugin [craftingstation]/"
[20:34:55] [REI-ReloadPlugins/TRACE] [REI] [REIClientPlugin START] Reloading Section: "reloadable-plugin/SubsetsRegistryImpl/ReiClientPlugin of ReiClientPlugin [craftingstation]/" done in 5.109 μs
[20:34:55] [REI-ReloadPlugins/TRACE] [REI] [REIClientPlugin START] Reloading Section: "reloadable-plugin/SubsetsRegistryImpl/REIForgePluginStub of REIForgePluginStub [ftblibrary]/"
[20:34:55] [REI-ReloadPlugins/TRACE] [REI] [REIClientPlugin START] Reloading Section: "reloadable-plugin/SubsetsRegistryImpl/REIForgePluginStub of REIForgePluginStub [ftblibrary]/" done in 5.490 μs
[20:34:55] [REI-ReloadPlugins/TRACE] [REI] [REIClientPlugin START] Reloading Section: "reloadable-plugin/SubsetsRegistryImpl/AE2 of AE2 [ae2]/"
[20:34:55] [REI-ReloadPlugins/TRACE] [REI] [REIClientPlugin START] Reloading Section: "reloadable-plugin/SubsetsRegistryImpl/AE2 of AE2 [ae2]/" done in 5.383 μs
[20:34:55] [REI-ReloadPlugins/TRACE] [REI] [REIClientPlugin START] Reloading Section: "reloadable-plugin/SubsetsRegistryImpl/HideIngredientsFromTagsPlugin of HideIngredientsFromTagsPlugin [roughlyenoughitems]/"
[20:34:55] [REI-ReloadPlugins/TRACE] [REI] [REIClientPlugin START] Reloading Section: "reloadable-plugin/SubsetsRegistryImpl/HideIngredientsFromTagsPlugin of HideIngredientsFromTagsPlugin [roughlyenoughitems]/" done in 5.663 μs
[20:34:55] [REI-ReloadPlugins/TRACE] [REI] [REIClientPlugin START] Reloading Section: "reloadable-plugin/SubsetsRegistryImpl/DefaultClientRuntimePlugin of DefaultClientRuntimePlugin [roughlyenoughitems]/"
[20:34:55] [REI-ReloadPlugins/TRACE] [REI] [REIClientPlugin START] Reloading Section: "reloadable-plugin/SubsetsRegistryImpl/DefaultClientRuntimePlugin of DefaultClientRuntimePlugin [roughlyenoughitems]/" done in 5.477 μs
[20:34:55] [REI-ReloadPlugins/TRACE] [REI] [REIClientPlugin START] Reloading Section: "reloadable-plugin/SubsetsRegistryImpl/REIForgePluginStub of REIForgePluginStub [kubejs]/"
[20:34:55] [REI-ReloadPlugins/TRACE] [REI] [REIClientPlugin START] Reloading Section: "reloadable-plugin/SubsetsRegistryImpl/REIForgePluginStub of REIForgePluginStub [kubejs]/" done in 5.470 μs
[20:34:55] [REI-ReloadPlugins/TRACE] [REI] [REIClientPlugin START] Reloading Section: "reloadable-plugin/SubsetsRegistryImpl/" done in 310.8 μs
[20:34:55] [REI-ReloadPlugins/TRACE] [REI] [REIClientPlugin START] Reloading Section: "reloadable-plugin/TransferHandlerRegistryImpl/"
[20:34:55] [REI-ReloadPlugins/TRACE] [REI] [REIClientPlugin START] Reloading Section: "reloadable-plugin/TransferHandlerRegistryImpl/DefaultClientPluginImpl of DefaultClientPluginImpl [roughlyenoughitems]/"
[20:34:55] [REI-ReloadPlugins/TRACE] [REI] [REIClientPlugin START] Reloading Section: "reloadable-plugin/TransferHandlerRegistryImpl/DefaultClientPluginImpl of DefaultClientPluginImpl [roughlyenoughitems]/" done in 7.980 μs
[20:34:55] [REI-ReloadPlugins/TRACE] [REI] [REIClientPlugin START] Reloading Section: "reloadable-plugin/TransferHandlerRegistryImpl/REICompat of REICompat [supplementaries]/"
[20:34:55] [REI-ReloadPlugins/TRACE] [REI] [REIClientPlugin START] Reloading Section: "reloadable-plugin/TransferHandlerRegistryImpl/REICompat of REICompat [supplementaries]/" done in 6.681 μs
[20:34:55] [REI-ReloadPlugins/TRACE] [REI] [REIClientPlugin START] Reloading Section: "reloadable-plugin/TransferHandlerRegistryImpl/GTREIPlugin of GTREIPlugin [gtceu]/"
[20:34:55] [REI-ReloadPlugins/TRACE] [REI] [REIClientPlugin START] Reloading Section: "reloadable-plugin/TransferHandlerRegistryImpl/GTREIPlugin of GTREIPlugin [gtceu]/" done in 6.644 μs
[20:34:55] [REI-ReloadPlugins/TRACE] [REI] [REIClientPlugin START] Reloading Section: "reloadable-plugin/TransferHandlerRegistryImpl/FTBQuestsREIIntegrationForge of FTBQuestsREIIntegrationForge [ftbxmodcompat]/"
[20:34:55] [REI-ReloadPlugins/TRACE] [REI] [REIClientPlugin START] Reloading Section: "reloadable-plugin/TransferHandlerRegistryImpl/FTBQuestsREIIntegrationForge of FTBQuestsREIIntegrationForge [ftbxmodcompat]/" done in 10.16 μs
[20:34:55] [REI-ReloadPlugins/TRACE] [REI] [REIClientPlugin START] Reloading Section: "reloadable-plugin/TransferHandlerRegistryImpl/ExtendedAE of ExtendedAE [expatternprovider]/"
[20:34:55] [REI-ReloadPlugins/TRACE] [REI] [REIClientPlugin START] Reloading Section: "reloadable-plugin/TransferHandlerRegistryImpl/ExtendedAE of ExtendedAE [expatternprovider]/" done in 6.432 μs
[20:34:55] [REI-ReloadPlugins/TRACE] [REI] [REIClientPlugin START] Reloading Section: "reloadable-plugin/TransferHandlerRegistryImpl/FramedReiPlugin of FramedReiPlugin [framedblocks]/"
[20:34:55] [REI-ReloadPlugins/TRACE] [REI] [REIClientPlugin START] Reloading Section: "reloadable-plugin/TransferHandlerRegistryImpl/FramedReiPlugin of FramedReiPlugin [framedblocks]/" done in 5.943 μs
[20:34:55] [REI-ReloadPlugins/TRACE] [REI] [REIClientPlugin START] Reloading Section: "reloadable-plugin/TransferHandlerRegistryImpl/StorageReiClientPlugin of StorageReiClientPlugin [sophisticatedstorage]/"
[20:34:55] [REI-ReloadPlugins/TRACE] [REI] [REIClientPlugin START] Reloading Section: "reloadable-plugin/TransferHandlerRegistryImpl/StorageReiClientPlugin of StorageReiClientPlugin [sophisticatedstorage]/" done in 5.244 μs
[20:34:55] [REI-ReloadPlugins/TRACE] [REI] [REIClientPlugin START] Reloading Section: "reloadable-plugin/TransferHandlerRegistryImpl/BackpackReiClientPlugin of BackpackReiClientPlugin [sophisticatedbackpacks]/"
[20:34:55] [REI-ReloadPlugins/TRACE] [REI] [REIClientPlugin START] Reloading Section: "reloadable-plugin/TransferHandlerRegistryImpl/BackpackReiClientPlugin of BackpackReiClientPlugin [sophisticatedbackpacks]/" done in 5.129 μs
[20:34:55] [REI-ReloadPlugins/TRACE] [REI] [REIClientPlugin START] Reloading Section: "reloadable-plugin/TransferHandlerRegistryImpl/ReiIsDumbClientPlugin of ReiIsDumbClientPlugin [ad_astra]/"
[20:34:55] [REI-ReloadPlugins/TRACE] [REI] [REIClientPlugin START] Reloading Section: "reloadable-plugin/TransferHandlerRegistryImpl/ReiIsDumbClientPlugin of ReiIsDumbClientPlugin [ad_astra]/" done in 5.172 μs
[20:34:55] [REI-ReloadPlugins/TRACE] [REI] [REIClientPlugin START] Reloading Section: "reloadable-plugin/TransferHandlerRegistryImpl/almostunified.roughlyenoughitems of almostunified.roughlyenoughitems [almostunified]/"
[20:34:55] [REI-ReloadPlugins/TRACE] [REI] [REIClientPlugin START] Reloading Section: "reloadable-plugin/TransferHandlerRegistryImpl/almostunified.roughlyenoughitems of almostunified.roughlyenoughitems [almostunified]/" done in 5.547 μs
[20:34:55] [REI-ReloadPlugins/TRACE] [REI] [REIClientPlugin START] Reloading Section: "reloadable-plugin/TransferHandlerRegistryImpl/AdornReiClientForge of AdornReiClientForge [adorn]/"
[20:34:55] [REI-ReloadPlugins/TRACE] [REI] [REIClientPlugin START] Reloading Section: "reloadable-plugin/TransferHandlerRegistryImpl/AdornReiClientForge of AdornReiClientForge [adorn]/" done in 5.003 μs
[20:34:55] [REI-ReloadPlugins/TRACE] [REI] [REIClientPlugin START] Reloading Section: "reloadable-plugin/TransferHandlerRegistryImpl/REIPluginImpl of REIPluginImpl [ldlib]/"
[20:34:55] [REI-ReloadPlugins/TRACE] [REI] [REIClientPlugin START] Reloading Section: "reloadable-plugin/TransferHandlerRegistryImpl/REIPluginImpl of REIPluginImpl [ldlib]/" done in 5.018 μs
[20:34:55] [REI-ReloadPlugins/TRACE] [REI] [REIClientPlugin START] Reloading Section: "reloadable-plugin/TransferHandlerRegistryImpl/ReiClientPlugin of ReiClientPlugin [craftingstation]/"
[20:34:55] [REI-ReloadPlugins/TRACE] [REI] [REIClientPlugin START] Reloading Section: "reloadable-plugin/TransferHandlerRegistryImpl/ReiClientPlugin of ReiClientPlugin [craftingstation]/" done in 8.898 μs
[20:34:55] [REI-ReloadPlugins/TRACE] [REI] [REIClientPlugin START] Reloading Section: "reloadable-plugin/TransferHandlerRegistryImpl/REIForgePluginStub of REIForgePluginStub [ftblibrary]/"
[20:34:55] [REI-ReloadPlugins/TRACE] [REI] [REIClientPlugin START] Reloading Section: "reloadable-plugin/TransferHandlerRegistryImpl/REIForgePluginStub of REIForgePluginStub [ftblibrary]/" done in 7.839 μs
[20:34:55] [REI-ReloadPlugins/TRACE] [REI] [REIClientPlugin START] Reloading Section: "reloadable-plugin/TransferHandlerRegistryImpl/AE2 of AE2 [ae2]/"
[20:34:55] [REI-ReloadPlugins/TRACE] [REI] [REIClientPlugin START] Reloading Section: "reloadable-plugin/TransferHandlerRegistryImpl/AE2 of AE2 [ae2]/" done in 5.359 μs
[20:34:55] [REI-ReloadPlugins/TRACE] [REI] [REIClientPlugin START] Reloading Section: "reloadable-plugin/TransferHandlerRegistryImpl/HideIngredientsFromTagsPlugin of HideIngredientsFromTagsPlugin [roughlyenoughitems]/"
[20:34:55] [REI-ReloadPlugins/TRACE] [REI] [REIClientPlugin START] Reloading Section: "reloadable-plugin/TransferHandlerRegistryImpl/HideIngredientsFromTagsPlugin of HideIngredientsFromTagsPlugin [roughlyenoughitems]/" done in 5.341 μs
[20:34:55] [REI-ReloadPlugins/TRACE] [REI] [REIClientPlugin START] Reloading Section: "reloadable-plugin/TransferHandlerRegistryImpl/DefaultClientRuntimePlugin of DefaultClientRuntimePlugin [roughlyenoughitems]/"
[20:34:55] [REI-ReloadPlugins/TRACE] [REI] [REIClientPlugin START] Reloading Section: "reloadable-plugin/TransferHandlerRegistryImpl/DefaultClientRuntimePlugin of DefaultClientRuntimePlugin [roughlyenoughitems]/" done in 5.685 μs
[20:34:55] [REI-ReloadPlugins/TRACE] [REI] [REIClientPlugin START] Reloading Section: "reloadable-plugin/TransferHandlerRegistryImpl/REIForgePluginStub of REIForgePluginStub [kubejs]/"
[20:34:55] [REI-ReloadPlugins/TRACE] [REI] [REIClientPlugin START] Reloading Section: "reloadable-plugin/TransferHandlerRegistryImpl/REIForgePluginStub of REIForgePluginStub [kubejs]/" done in 5.300 μs
[20:34:55] [REI-ReloadPlugins/TRACE] [REI] [REIClientPlugin START] Reloading Section: "reloadable-plugin/TransferHandlerRegistryImpl/" done in 314.0 μs
[20:34:55] [REI-ReloadPlugins/TRACE] [REI] [REIClientPlugin START] Reloading Section: "reloadable-plugin/SearchRuntime/"
[20:34:55] [REI-ReloadPlugins/TRACE] [REI] [REIClientPlugin START] Reloading Section: "reloadable-plugin/SearchRuntime/DefaultClientPluginImpl of DefaultClientPluginImpl [roughlyenoughitems]/"
[20:34:55] [REI-ReloadPlugins/TRACE] [REI] [REIClientPlugin START] Reloading Section: "reloadable-plugin/SearchRuntime/DefaultClientPluginImpl of DefaultClientPluginImpl [roughlyenoughitems]/" done in 7.479 μs
[20:34:55] [REI-ReloadPlugins/TRACE] [REI] [REIClientPlugin START] Reloading Section: "reloadable-plugin/SearchRuntime/REICompat of REICompat [supplementaries]/"
[20:34:55] [REI-ReloadPlugins/TRACE] [REI] [REIClientPlugin START] Reloading Section: "reloadable-plugin/SearchRuntime/REICompat of REICompat [supplementaries]/" done in 5.369 μs
[20:34:55] [REI-ReloadPlugins/TRACE] [REI] [REIClientPlugin START] Reloading Section: "reloadable-plugin/SearchRuntime/GTREIPlugin of GTREIPlugin [gtceu]/"
[20:34:55] [REI-ReloadPlugins/TRACE] [REI] [REIClientPlugin START] Reloading Section: "reloadable-plugin/SearchRuntime/GTREIPlugin of GTREIPlugin [gtceu]/" done in 5.392 μs
[20:34:55] [REI-ReloadPlugins/TRACE] [REI] [REIClientPlugin START] Reloading Section: "reloadable-plugin/SearchRuntime/FTBQuestsREIIntegrationForge of FTBQuestsREIIntegrationForge [ftbxmodcompat]/"
[20:34:55] [REI-ReloadPlugins/TRACE] [REI] [REIClientPlugin START] Reloading Section: "reloadable-plugin/SearchRuntime/FTBQuestsREIIntegrationForge of FTBQuestsREIIntegrationForge [ftbxmodcompat]/" done in 8.150 μs
[20:34:55] [REI-ReloadPlugins/TRACE] [REI] [REIClientPlugin START] Reloading Section: "reloadable-plugin/SearchRuntime/ExtendedAE of ExtendedAE [expatternprovider]/"
[20:34:55] [REI-ReloadPlugins/TRACE] [REI] [REIClientPlugin START] Reloading Section: "reloadable-plugin/SearchRuntime/ExtendedAE of ExtendedAE [expatternprovider]/" done in 6.189 μs
[20:34:55] [REI-ReloadPlugins/TRACE] [REI] [REIClientPlugin START] Reloading Section: "reloadable-plugin/SearchRuntime/FramedReiPlugin of FramedReiPlugin [framedblocks]/"
[20:34:55] [REI-ReloadPlugins/TRACE] [REI] [REIClientPlugin START] Reloading Section: "reloadable-plugin/SearchRuntime/FramedReiPlugin of FramedReiPlugin [framedblocks]/" done in 7.284 μs
[20:34:55] [REI-ReloadPlugins/TRACE] [REI] [REIClientPlugin START] Reloading Section: "reloadable-plugin/SearchRuntime/StorageReiClientPlugin of StorageReiClientPlugin [sophisticatedstorage]/"
[20:34:55] [REI-ReloadPlugins/TRACE] [REI] [REIClientPlugin START] Reloading Section: "reloadable-plugin/SearchRuntime/StorageReiClientPlugin of StorageReiClientPlugin [sophisticatedstorage]/" done in 5.021 μs
[20:34:55] [REI-ReloadPlugins/TRACE] [REI] [REIClientPlugin START] Reloading Section: "reloadable-plugin/SearchRuntime/BackpackReiClientPlugin of BackpackReiClientPlugin [sophisticatedbackpacks]/"
[20:34:55] [REI-ReloadPlugins/TRACE] [REI] [REIClientPlugin START] Reloading Section: "reloadable-plugin/SearchRuntime/BackpackReiClientPlugin of BackpackReiClientPlugin [sophisticatedbackpacks]/" done in 5.224 μs
[20:34:55] [REI-ReloadPlugins/TRACE] [REI] [REIClientPlugin START] Reloading Section: "reloadable-plugin/SearchRuntime/ReiIsDumbClientPlugin of ReiIsDumbClientPlugin [ad_astra]/"
[20:34:55] [REI-ReloadPlugins/TRACE] [REI] [REIClientPlugin START] Reloading Section: "reloadable-plugin/SearchRuntime/ReiIsDumbClientPlugin of ReiIsDumbClientPlugin [ad_astra]/" done in 5.185 μs
[20:34:55] [REI-ReloadPlugins/TRACE] [REI] [REIClientPlugin START] Reloading Section: "reloadable-plugin/SearchRuntime/almostunified.roughlyenoughitems of almostunified.roughlyenoughitems [almostunified]/"
[20:34:55] [REI-ReloadPlugins/TRACE] [REI] [REIClientPlugin START] Reloading Section: "reloadable-plugin/SearchRuntime/almostunified.roughlyenoughitems of almostunified.roughlyenoughitems [almostunified]/" done in 15.62 μs
[20:34:55] [REI-ReloadPlugins/TRACE] [REI] [REIClientPlugin START] Reloading Section: "reloadable-plugin/SearchRuntime/AdornReiClientForge of AdornReiClientForge [adorn]/"
[20:34:55] [REI-ReloadPlugins/TRACE] [REI] [REIClientPlugin START] Reloading Section: "reloadable-plugin/SearchRuntime/AdornReiClientForge of AdornReiClientForge [adorn]/" done in 5.454 μs
[20:34:55] [REI-ReloadPlugins/TRACE] [REI] [REIClientPlugin START] Reloading Section: "reloadable-plugin/SearchRuntime/REIPluginImpl of REIPluginImpl [ldlib]/"
[20:34:55] [REI-ReloadPlugins/TRACE] [REI] [REIClientPlugin START] Reloading Section: "reloadable-plugin/SearchRuntime/REIPluginImpl of REIPluginImpl [ldlib]/" done in 5.283 μs
[20:34:55] [REI-ReloadPlugins/TRACE] [REI] [REIClientPlugin START] Reloading Section: "reloadable-plugin/SearchRuntime/ReiClientPlugin of ReiClientPlugin [craftingstation]/"
[20:34:55] [REI-ReloadPlugins/TRACE] [REI] [REIClientPlugin START] Reloading Section: "reloadable-plugin/SearchRuntime/ReiClientPlugin of ReiClientPlugin [craftingstation]/" done in 5.251 μs
[20:34:55] [REI-ReloadPlugins/TRACE] [REI] [REIClientPlugin START] Reloading Section: "reloadable-plugin/SearchRuntime/REIForgePluginStub of REIForgePluginStub [ftblibrary]/"
[20:34:55] [REI-ReloadPlugins/TRACE] [REI] [REIClientPlugin START] Reloading Section: "reloadable-plugin/SearchRuntime/REIForgePluginStub of REIForgePluginStub [ftblibrary]/" done in 5.659 μs
[20:34:55] [REI-ReloadPlugins/TRACE] [REI] [REIClientPlugin START] Reloading Section: "reloadable-plugin/SearchRuntime/AE2 of AE2 [ae2]/"
[20:34:55] [REI-ReloadPlugins/TRACE] [REI] [REIClientPlugin START] Reloading Section: "reloadable-plugin/SearchRuntime/AE2 of AE2 [ae2]/" done in 5.449 μs
[20:34:55] [REI-ReloadPlugins/TRACE] [REI] [REIClientPlugin START] Reloading Section: "reloadable-plugin/SearchRuntime/HideIngredientsFromTagsPlugin of HideIngredientsFromTagsPlugin [roughlyenoughitems]/"
[20:34:55] [REI-ReloadPlugins/TRACE] [REI] [REIClientPlugin START] Reloading Section: "reloadable-plugin/SearchRuntime/HideIngredientsFromTagsPlugin of HideIngredientsFromTagsPlugin [roughlyenoughitems]/" done in 5.340 μs
[20:34:55] [REI-ReloadPlugins/TRACE] [REI] [REIClientPlugin START] Reloading Section: "reloadable-plugin/SearchRuntime/DefaultClientRuntimePlugin of DefaultClientRuntimePlugin [roughlyenoughitems]/"
[20:34:55] [REI-ReloadPlugins/TRACE] [REI] [REIClientPlugin START] Reloading Section: "reloadable-plugin/SearchRuntime/DefaultClientRuntimePlugin of DefaultClientRuntimePlugin [roughlyenoughitems]/" done in 13.09 μs
[20:34:55] [REI-ReloadPlugins/TRACE] [REI] [REIClientPlugin START] Reloading Section: "reloadable-plugin/SearchRuntime/REIForgePluginStub of REIForgePluginStub [kubejs]/"
[20:34:55] [REI-ReloadPlugins/TRACE] [REI] [REIClientPlugin START] Reloading Section: "reloadable-plugin/SearchRuntime/REIForgePluginStub of REIForgePluginStub [kubejs]/" done in 5.611 μs
[20:34:55] [REI-ReloadPlugins/TRACE] [REI] [REIClientPlugin START] Reloading Section: "reloadable-plugin/SearchRuntime/" done in 300.6 μs
[20:34:55] [REI-ReloadPlugins/TRACE] [REI] [REIClientPlugin START] Reloading Section: "reloadable-plugin/REIRuntimeImpl/"
[20:34:55] [REI-ReloadPlugins/TRACE] [REI] [REIClientPlugin START] Reloading Section: "reloadable-plugin/REIRuntimeImpl/DefaultClientPluginImpl of DefaultClientPluginImpl [roughlyenoughitems]/"
[20:34:55] [REI-ReloadPlugins/TRACE] [REI] [REIClientPlugin START] Reloading Section: "reloadable-plugin/REIRuntimeImpl/DefaultClientPluginImpl of DefaultClientPluginImpl [roughlyenoughitems]/" done in 5.852 μs
[20:34:55] [REI-ReloadPlugins/TRACE] [REI] [REIClientPlugin START] Reloading Section: "reloadable-plugin/REIRuntimeImpl/REICompat of REICompat [supplementaries]/"
[20:34:55] [REI-ReloadPlugins/TRACE] [REI] [REIClientPlugin START] Reloading Section: "reloadable-plugin/REIRuntimeImpl/REICompat of REICompat [supplementaries]/" done in 5.532 μs
[20:34:55] [REI-ReloadPlugins/TRACE] [REI] [REIClientPlugin START] Reloading Section: "reloadable-plugin/REIRuntimeImpl/GTREIPlugin of GTREIPlugin [gtceu]/"
[20:34:55] [REI-ReloadPlugins/TRACE] [REI] [REIClientPlugin START] Reloading Section: "reloadable-plugin/REIRuntimeImpl/GTREIPlugin of GTREIPlugin [gtceu]/" done in 5.397 μs
[20:34:55] [REI-ReloadPlugins/TRACE] [REI] [REIClientPlugin START] Reloading Section: "reloadable-plugin/REIRuntimeImpl/FTBQuestsREIIntegrationForge of FTBQuestsREIIntegrationForge [ftbxmodcompat]/"
[20:34:55] [REI-ReloadPlugins/TRACE] [REI] [REIClientPlugin START] Reloading Section: "reloadable-plugin/REIRuntimeImpl/FTBQuestsREIIntegrationForge of FTBQuestsREIIntegrationForge [ftbxmodcompat]/" done in 5.270 μs
[20:34:55] [REI-ReloadPlugins/TRACE] [REI] [REIClientPlugin START] Reloading Section: "reloadable-plugin/REIRuntimeImpl/ExtendedAE of ExtendedAE [expatternprovider]/"
[20:34:55] [REI-ReloadPlugins/TRACE] [REI] [REIClientPlugin START] Reloading Section: "reloadable-plugin/REIRuntimeImpl/ExtendedAE of ExtendedAE [expatternprovider]/" done in 5.232 μs
[20:34:55] [REI-ReloadPlugins/TRACE] [REI] [REIClientPlugin START] Reloading Section: "reloadable-plugin/REIRuntimeImpl/FramedReiPlugin of FramedReiPlugin [framedblocks]/"
[20:34:55] [REI-ReloadPlugins/TRACE] [REI] [REIClientPlugin START] Reloading Section: "reloadable-plugin/REIRuntimeImpl/FramedReiPlugin of FramedReiPlugin [framedblocks]/" done in 5.357 μs
[20:34:55] [REI-ReloadPlugins/TRACE] [REI] [REIClientPlugin START] Reloading Section: "reloadable-plugin/REIRuntimeImpl/StorageReiClientPlugin of StorageReiClientPlugin [sophisticatedstorage]/"
[20:34:55] [REI-ReloadPlugins/TRACE] [REI] [REIClientPlugin START] Reloading Section: "reloadable-plugin/REIRuntimeImpl/StorageReiClientPlugin of StorageReiClientPlugin [sophisticatedstorage]/" done in 5.413 μs
[20:34:55] [REI-ReloadPlugins/TRACE] [REI] [REIClientPlugin START] Reloading Section: "reloadable-plugin/REIRuntimeImpl/BackpackReiClientPlugin of BackpackReiClientPlugin [sophisticatedbackpacks]/"
[20:34:55] [REI-ReloadPlugins/TRACE] [REI] [REIClientPlugin START] Reloading Section: "reloadable-plugin/REIRuntimeImpl/BackpackReiClientPlugin of BackpackReiClientPlugin [sophisticatedbackpacks]/" done in 5.257 μs
[20:34:55] [REI-ReloadPlugins/TRACE] [REI] [REIClientPlugin START] Reloading Section: "reloadable-plugin/REIRuntimeImpl/ReiIsDumbClientPlugin of ReiIsDumbClientPlugin [ad_astra]/"
[20:34:55] [REI-ReloadPlugins/TRACE] [REI] [REIClientPlugin START] Reloading Section: "reloadable-plugin/REIRuntimeImpl/ReiIsDumbClientPlugin of ReiIsDumbClientPlugin [ad_astra]/" done in 8.004 μs
[20:34:55] [REI-ReloadPlugins/TRACE] [REI] [REIClientPlugin START] Reloading Section: "reloadable-plugin/REIRuntimeImpl/almostunified.roughlyenoughitems of almostunified.roughlyenoughitems [almostunified]/"
[20:34:55] [REI-ReloadPlugins/TRACE] [REI] [REIClientPlugin START] Reloading Section: "reloadable-plugin/REIRuntimeImpl/almostunified.roughlyenoughitems of almostunified.roughlyenoughitems [almostunified]/" done in 5.568 μs
[20:34:55] [REI-ReloadPlugins/TRACE] [REI] [REIClientPlugin START] Reloading Section: "reloadable-plugin/REIRuntimeImpl/AdornReiClientForge of AdornReiClientForge [adorn]/"
[20:34:55] [REI-ReloadPlugins/TRACE] [REI] [REIClientPlugin START] Reloading Section: "reloadable-plugin/REIRuntimeImpl/AdornReiClientForge of AdornReiClientForge [adorn]/" done in 5.349 μs
[20:34:55] [REI-ReloadPlugins/TRACE] [REI] [REIClientPlugin START] Reloading Section: "reloadable-plugin/REIRuntimeImpl/REIPluginImpl of REIPluginImpl [ldlib]/"
[20:34:55] [REI-ReloadPlugins/TRACE] [REI] [REIClientPlugin START] Reloading Section: "reloadable-plugin/REIRuntimeImpl/REIPluginImpl of REIPluginImpl [ldlib]/" done in 5.272 μs
[20:34:55] [REI-ReloadPlugins/TRACE] [REI] [REIClientPlugin START] Reloading Section: "reloadable-plugin/REIRuntimeImpl/ReiClientPlugin of ReiClientPlugin [craftingstation]/"
[20:34:55] [REI-ReloadPlugins/TRACE] [REI] [REIClientPlugin START] Reloading Section: "reloadable-plugin/REIRuntimeImpl/ReiClientPlugin of ReiClientPlugin [craftingstation]/" done in 5.158 μs
[20:34:55] [REI-ReloadPlugins/TRACE] [REI] [REIClientPlugin START] Reloading Section: "reloadable-plugin/REIRuntimeImpl/REIForgePluginStub of REIForgePluginStub [ftblibrary]/"
[20:34:55] [REI-ReloadPlugins/TRACE] [REI] [REIClientPlugin START] Reloading Section: "reloadable-plugin/REIRuntimeImpl/REIForgePluginStub of REIForgePluginStub [ftblibrary]/" done in 5.268 μs
[20:34:55] [REI-ReloadPlugins/TRACE] [REI] [REIClientPlugin START] Reloading Section: "reloadable-plugin/REIRuntimeImpl/AE2 of AE2 [ae2]/"
[20:34:55] [REI-ReloadPlugins/TRACE] [REI] [REIClientPlugin START] Reloading Section: "reloadable-plugin/REIRuntimeImpl/AE2 of AE2 [ae2]/" done in 5.339 μs
[20:34:55] [REI-ReloadPlugins/TRACE] [REI] [REIClientPlugin START] Reloading Section: "reloadable-plugin/REIRuntimeImpl/HideIngredientsFromTagsPlugin of HideIngredientsFromTagsPlugin [roughlyenoughitems]/"
[20:34:55] [REI-ReloadPlugins/TRACE] [REI] [REIClientPlugin START] Reloading Section: "reloadable-plugin/REIRuntimeImpl/HideIngredientsFromTagsPlugin of HideIngredientsFromTagsPlugin [roughlyenoughitems]/" done in 5.274 μs
[20:34:55] [REI-ReloadPlugins/TRACE] [REI] [REIClientPlugin START] Reloading Section: "reloadable-plugin/REIRuntimeImpl/DefaultClientRuntimePlugin of DefaultClientRuntimePlugin [roughlyenoughitems]/"
[20:34:55] [REI-ReloadPlugins/TRACE] [REI] [REIClientPlugin START] Reloading Section: "reloadable-plugin/REIRuntimeImpl/DefaultClientRuntimePlugin of DefaultClientRuntimePlugin [roughlyenoughitems]/" done in 4.968 μs
[20:34:55] [REI-ReloadPlugins/TRACE] [REI] [REIClientPlugin START] Reloading Section: "reloadable-plugin/REIRuntimeImpl/REIForgePluginStub of REIForgePluginStub [kubejs]/"
[20:34:55] [REI-ReloadPlugins/TRACE] [REI] [REIClientPlugin START] Reloading Section: "reloadable-plugin/REIRuntimeImpl/REIForgePluginStub of REIForgePluginStub [kubejs]/" done in 5.623 μs
[20:34:55] [REI-ReloadPlugins/TRACE] [REI] [REIClientPlugin START] Reloading Section: "reloadable-plugin/REIRuntimeImpl/" done in 286.1 μs
[20:34:55] [REI-ReloadPlugins/TRACE] [REI] [REIClientPlugin START] Reloading Section: "reloadable-plugin/ConfigAddonRegistryImpl/"
[20:34:55] [REI-ReloadPlugins/TRACE] [REI] [REIClientPlugin START] Reloading Section: "reloadable-plugin/ConfigAddonRegistryImpl/DefaultClientPluginImpl of DefaultClientPluginImpl [roughlyenoughitems]/"
[20:34:55] [REI-ReloadPlugins/TRACE] [REI] [REIClientPlugin START] Reloading Section: "reloadable-plugin/ConfigAddonRegistryImpl/DefaultClientPluginImpl of DefaultClientPluginImpl [roughlyenoughitems]/" done in 7.280 μs
[20:34:55] [REI-ReloadPlugins/TRACE] [REI] [REIClientPlugin START] Reloading Section: "reloadable-plugin/ConfigAddonRegistryImpl/REICompat of REICompat [supplementaries]/"
[20:34:55] [REI-ReloadPlugins/TRACE] [REI] [REIClientPlugin START] Reloading Section: "reloadable-plugin/ConfigAddonRegistryImpl/REICompat of REICompat [supplementaries]/" done in 4.853 μs
[20:34:55] [REI-ReloadPlugins/TRACE] [REI] [REIClientPlugin START] Reloading Section: "reloadable-plugin/ConfigAddonRegistryImpl/GTREIPlugin of GTREIPlugin [gtceu]/"
[20:34:55] [REI-ReloadPlugins/TRACE] [REI] [REIClientPlugin START] Reloading Section: "reloadable-plugin/ConfigAddonRegistryImpl/GTREIPlugin of GTREIPlugin [gtceu]/" done in 4.956 μs
[20:34:55] [REI-ReloadPlugins/TRACE] [REI] [REIClientPlugin START] Reloading Section: "reloadable-plugin/ConfigAddonRegistryImpl/FTBQuestsREIIntegrationForge of FTBQuestsREIIntegrationForge [ftbxmodcompat]/"
[20:34:55] [REI-ReloadPlugins/TRACE] [REI] [REIClientPlugin START] Reloading Section: "reloadable-plugin/ConfigAddonRegistryImpl/FTBQuestsREIIntegrationForge of FTBQuestsREIIntegrationForge [ftbxmodcompat]/" done in 5.355 μs
[20:34:55] [REI-ReloadPlugins/TRACE] [REI] [REIClientPlugin START] Reloading Section: "reloadable-plugin/ConfigAddonRegistryImpl/ExtendedAE of ExtendedAE [expatternprovider]/"
[20:34:55] [REI-ReloadPlugins/TRACE] [REI] [REIClientPlugin START] Reloading Section: "reloadable-plugin/ConfigAddonRegistryImpl/ExtendedAE of ExtendedAE [expatternprovider]/" done in 5.249 μs
[20:34:55] [REI-ReloadPlugins/TRACE] [REI] [REIClientPlugin START] Reloading Section: "reloadable-plugin/ConfigAddonRegistryImpl/FramedReiPlugin of FramedReiPlugin [framedblocks]/"
[20:34:55] [REI-ReloadPlugins/TRACE] [REI] [REIClientPlugin START] Reloading Section: "reloadable-plugin/ConfigAddonRegistryImpl/FramedReiPlugin of FramedReiPlugin [framedblocks]/" done in 5.175 μs
[20:34:55] [REI-ReloadPlugins/TRACE] [REI] [REIClientPlugin START] Reloading Section: "reloadable-plugin/ConfigAddonRegistryImpl/StorageReiClientPlugin of StorageReiClientPlugin [sophisticatedstorage]/"
[20:34:55] [REI-ReloadPlugins/TRACE] [REI] [REIClientPlugin START] Reloading Section: "reloadable-plugin/ConfigAddonRegistryImpl/StorageReiClientPlugin of StorageReiClientPlugin [sophisticatedstorage]/" done in 5.125 μs
[20:34:55] [REI-ReloadPlugins/TRACE] [REI] [REIClientPlugin START] Reloading Section: "reloadable-plugin/ConfigAddonRegistryImpl/BackpackReiClientPlugin of BackpackReiClientPlugin [sophisticatedbackpacks]/"
[20:34:55] [REI-ReloadPlugins/TRACE] [REI] [REIClientPlugin START] Reloading Section: "reloadable-plugin/ConfigAddonRegistryImpl/BackpackReiClientPlugin of BackpackReiClientPlugin [sophisticatedbackpacks]/" done in 4.950 μs
[20:34:55] [REI-ReloadPlugins/TRACE] [REI] [REIClientPlugin START] Reloading Section: "reloadable-plugin/ConfigAddonRegistryImpl/ReiIsDumbClientPlugin of ReiIsDumbClientPlugin [ad_astra]/"
[20:34:55] [REI-ReloadPlugins/TRACE] [REI] [REIClientPlugin START] Reloading Section: "reloadable-plugin/ConfigAddonRegistryImpl/ReiIsDumbClientPlugin of ReiIsDumbClientPlugin [ad_astra]/" done in 5.213 μs
[20:34:55] [REI-ReloadPlugins/TRACE] [REI] [REIClientPlugin START] Reloading Section: "reloadable-plugin/ConfigAddonRegistryImpl/almostunified.roughlyenoughitems of almostunified.roughlyenoughitems [almostunified]/"
[20:34:55] [REI-ReloadPlugins/TRACE] [REI] [REIClientPlugin START] Reloading Section: "reloadable-plugin/ConfigAddonRegistryImpl/almostunified.roughlyenoughitems of almostunified.roughlyenoughitems [almostunified]/" done in 5.328 μs
[20:34:55] [REI-ReloadPlugins/TRACE] [REI] [REIClientPlugin START] Reloading Section: "reloadable-plugin/ConfigAddonRegistryImpl/AdornReiClientForge of AdornReiClientForge [adorn]/"
[20:34:55] [REI-ReloadPlugins/TRACE] [REI] [REIClientPlugin START] Reloading Section: "reloadable-plugin/ConfigAddonRegistryImpl/AdornReiClientForge of AdornReiClientForge [adorn]/" done in 7.323 μs
[20:34:55] [REI-ReloadPlugins/TRACE] [REI] [REIClientPlugin START] Reloading Section: "reloadable-plugin/ConfigAddonRegistryImpl/REIPluginImpl of REIPluginImpl [ldlib]/"
[20:34:55] [REI-ReloadPlugins/TRACE] [REI] [REIClientPlugin START] Reloading Section: "reloadable-plugin/ConfigAddonRegistryImpl/REIPluginImpl of REIPluginImpl [ldlib]/" done in 5.334 μs
[20:34:55] [REI-ReloadPlugins/TRACE] [REI] [REIClientPlugin START] Reloading Section: "reloadable-plugin/ConfigAddonRegistryImpl/ReiClientPlugin of ReiClientPlugin [craftingstation]/"
[20:34:55] [REI-ReloadPlugins/TRACE] [REI] [REIClientPlugin START] Reloading Section: "reloadable-plugin/ConfigAddonRegistryImpl/ReiClientPlugin of ReiClientPlugin [craftingstation]/" done in 5.307 μs
[20:34:55] [REI-ReloadPlugins/TRACE] [REI] [REIClientPlugin START] Reloading Section: "reloadable-plugin/ConfigAddonRegistryImpl/REIForgePluginStub of REIForgePluginStub [ftblibrary]/"
[20:34:55] [REI-ReloadPlugins/TRACE] [REI] [REIClientPlugin START] Reloading Section: "reloadable-plugin/ConfigAddonRegistryImpl/REIForgePluginStub of REIForgePluginStub [ftblibrary]/" done in 5.318 μs
[20:34:55] [REI-ReloadPlugins/TRACE] [REI] [REIClientPlugin START] Reloading Section: "reloadable-plugin/ConfigAddonRegistryImpl/AE2 of AE2 [ae2]/"
[20:34:55] [REI-ReloadPlugins/TRACE] [REI] [REIClientPlugin START] Reloading Section: "reloadable-plugin/ConfigAddonRegistryImpl/AE2 of AE2 [ae2]/" done in 5.359 μs
[20:34:55] [REI-ReloadPlugins/TRACE] [REI] [REIClientPlugin START] Reloading Section: "reloadable-plugin/ConfigAddonRegistryImpl/HideIngredientsFromTagsPlugin of HideIngredientsFromTagsPlugin [roughlyenoughitems]/"
[20:34:55] [REI-ReloadPlugins/TRACE] [REI] [REIClientPlugin START] Reloading Section: "reloadable-plugin/ConfigAddonRegistryImpl/HideIngredientsFromTagsPlugin of HideIngredientsFromTagsPlugin [roughlyenoughitems]/" done in 5.071 μs
[20:34:55] [REI-ReloadPlugins/TRACE] [REI] [REIClientPlugin START] Reloading Section: "reloadable-plugin/ConfigAddonRegistryImpl/DefaultClientRuntimePlugin of DefaultClientRuntimePlugin [roughlyenoughitems]/"
[20:34:55] [REI-ReloadPlugins/TRACE] [REI] [REIClientPlugin START] Reloading Section: "reloadable-plugin/ConfigAddonRegistryImpl/DefaultClientRuntimePlugin of DefaultClientRuntimePlugin [roughlyenoughitems]/" done in 4.983 μs
[20:34:55] [REI-ReloadPlugins/TRACE] [REI] [REIClientPlugin START] Reloading Section: "reloadable-plugin/ConfigAddonRegistryImpl/REIForgePluginStub of REIForgePluginStub [kubejs]/"
[20:34:55] [REI-ReloadPlugins/TRACE] [REI] [REIClientPlugin START] Reloading Section: "reloadable-plugin/ConfigAddonRegistryImpl/REIForgePluginStub of REIForgePluginStub [kubejs]/" done in 5.086 μs
[20:34:55] [REI-ReloadPlugins/TRACE] [REI] [REIClientPlugin START] Reloading Section: "reloadable-plugin/ConfigAddonRegistryImpl/" done in 266.1 μs
[20:34:55] [REI-ReloadPlugins/TRACE] [REI] [REIClientPlugin START] Reloading Section: "reloadable-plugin/me.shedaniel.rei.plugin.client.runtime.PluginStageExecutionWatcher$1/"
[20:34:55] [REI-ReloadPlugins/TRACE] [REI] [REIClientPlugin START] Reloading Section: "reloadable-plugin/me.shedaniel.rei.plugin.client.runtime.PluginStageExecutionWatcher$1/DefaultClientPluginImpl of DefaultClientPluginImpl [roughlyenoughitems]/"
[20:34:55] [REI-ReloadPlugins/TRACE] [REI] [REIClientPlugin START] Reloading Section: "reloadable-plugin/me.shedaniel.rei.plugin.client.runtime.PluginStageExecutionWatcher$1/DefaultClientPluginImpl of DefaultClientPluginImpl [roughlyenoughitems]/" done in 6.408 μs
[20:34:55] [REI-ReloadPlugins/TRACE] [REI] [REIClientPlugin START] Reloading Section: "reloadable-plugin/me.shedaniel.rei.plugin.client.runtime.PluginStageExecutionWatcher$1/REICompat of REICompat [supplementaries]/"
[20:34:55] [REI-ReloadPlugins/TRACE] [REI] [REIClientPlugin START] Reloading Section: "reloadable-plugin/me.shedaniel.rei.plugin.client.runtime.PluginStageExecutionWatcher$1/REICompat of REICompat [supplementaries]/" done in 5.558 μs
[20:34:55] [REI-ReloadPlugins/TRACE] [REI] [REIClientPlugin START] Reloading Section: "reloadable-plugin/me.shedaniel.rei.plugin.client.runtime.PluginStageExecutionWatcher$1/GTREIPlugin of GTREIPlugin [gtceu]/"
[20:34:55] [REI-ReloadPlugins/TRACE] [REI] [REIClientPlugin START] Reloading Section: "reloadable-plugin/me.shedaniel.rei.plugin.client.runtime.PluginStageExecutionWatcher$1/GTREIPlugin of GTREIPlugin [gtceu]/" done in 6.983 μs
[20:34:55] [REI-ReloadPlugins/TRACE] [REI] [REIClientPlugin START] Reloading Section: "reloadable-plugin/me.shedaniel.rei.plugin.client.runtime.PluginStageExecutionWatcher$1/FTBQuestsREIIntegrationForge of FTBQuestsREIIntegrationForge [ftbxmodcompat]/"
[20:34:55] [REI-ReloadPlugins/TRACE] [REI] [REIClientPlugin START] Reloading Section: "reloadable-plugin/me.shedaniel.rei.plugin.client.runtime.PluginStageExecutionWatcher$1/FTBQuestsREIIntegrationForge of FTBQuestsREIIntegrationForge [ftbxmodcompat]/" done in 5.446 μs
[20:34:55] [REI-ReloadPlugins/TRACE] [REI] [REIClientPlugin START] Reloading Section: "reloadable-plugin/me.shedaniel.rei.plugin.client.runtime.PluginStageExecutionWatcher$1/ExtendedAE of ExtendedAE [expatternprovider]/"
[20:34:55] [REI-ReloadPlugins/TRACE] [REI] [REIClientPlugin START] Reloading Section: "reloadable-plugin/me.shedaniel.rei.plugin.client.runtime.PluginStageExecutionWatcher$1/ExtendedAE of ExtendedAE [expatternprovider]/" done in 6.127 μs
[20:34:55] [REI-ReloadPlugins/TRACE] [REI] [REIClientPlugin START] Reloading Section: "reloadable-plugin/me.shedaniel.rei.plugin.client.runtime.PluginStageExecutionWatcher$1/FramedReiPlugin of FramedReiPlugin [framedblocks]/"
[20:34:55] [REI-ReloadPlugins/TRACE] [REI] [REIClientPlugin START] Reloading Section: "reloadable-plugin/me.shedaniel.rei.plugin.client.runtime.PluginStageExecutionWatcher$1/FramedReiPlugin of FramedReiPlugin [framedblocks]/" done in 5.206 μs
[20:34:55] [REI-ReloadPlugins/TRACE] [REI] [REIClientPlugin START] Reloading Section: "reloadable-plugin/me.shedaniel.rei.plugin.client.runtime.PluginStageExecutionWatcher$1/StorageReiClientPlugin of StorageReiClientPlugin [sophisticatedstorage]/"
[20:34:55] [REI-ReloadPlugins/TRACE] [REI] [REIClientPlugin START] Reloading Section: "reloadable-plugin/me.shedaniel.rei.plugin.client.runtime.PluginStageExecutionWatcher$1/StorageReiClientPlugin of StorageReiClientPlugin [sophisticatedstorage]/" done in 7.651 μs
[20:34:55] [REI-ReloadPlugins/TRACE] [REI] [REIClientPlugin START] Reloading Section: "reloadable-plugin/me.shedaniel.rei.plugin.client.runtime.PluginStageExecutionWatcher$1/BackpackReiClientPlugin of BackpackReiClientPlugin [sophisticatedbackpacks]/"
[20:34:55] [REI-ReloadPlugins/TRACE] [REI] [REIClientPlugin START] Reloading Section: "reloadable-plugin/me.shedaniel.rei.plugin.client.runtime.PluginStageExecutionWatcher$1/BackpackReiClientPlugin of BackpackReiClientPlugin [sophisticatedbackpacks]/" done in 5.470 μs
[20:34:55] [REI-ReloadPlugins/TRACE] [REI] [REIClientPlugin START] Reloading Section: "reloadable-plugin/me.shedaniel.rei.plugin.client.runtime.PluginStageExecutionWatcher$1/ReiIsDumbClientPlugin of ReiIsDumbClientPlugin [ad_astra]/"
[20:34:55] [REI-ReloadPlugins/TRACE] [REI] [REIClientPlugin START] Reloading Section: "reloadable-plugin/me.shedaniel.rei.plugin.client.runtime.PluginStageExecutionWatcher$1/ReiIsDumbClientPlugin of ReiIsDumbClientPlugin [ad_astra]/" done in 5.518 μs
[20:34:55] [REI-ReloadPlugins/TRACE] [REI] [REIClientPlugin START] Reloading Section: "reloadable-plugin/me.shedaniel.rei.plugin.client.runtime.PluginStageExecutionWatcher$1/almostunified.roughlyenoughitems of almostunified.roughlyenoughitems [almostunified]/"
[20:34:55] [REI-ReloadPlugins/TRACE] [REI] [REIClientPlugin START] Reloading Section: "reloadable-plugin/me.shedaniel.rei.plugin.client.runtime.PluginStageExecutionWatcher$1/almostunified.roughlyenoughitems of almostunified.roughlyenoughitems [almostunified]/" done in 5.380 μs
[20:34:55] [REI-ReloadPlugins/TRACE] [REI] [REIClientPlugin START] Reloading Section: "reloadable-plugin/me.shedaniel.rei.plugin.client.runtime.PluginStageExecutionWatcher$1/AdornReiClientForge of AdornReiClientForge [adorn]/"
[20:34:55] [REI-ReloadPlugins/TRACE] [REI] [REIClientPlugin START] Reloading Section: "reloadable-plugin/me.shedaniel.rei.plugin.client.runtime.PluginStageExecutionWatcher$1/AdornReiClientForge of AdornReiClientForge [adorn]/" done in 6.944 μs
[20:34:55] [REI-ReloadPlugins/TRACE] [REI] [REIClientPlugin START] Reloading Section: "reloadable-plugin/me.shedaniel.rei.plugin.client.runtime.PluginStageExecutionWatcher$1/REIPluginImpl of REIPluginImpl [ldlib]/"
[20:34:55] [REI-ReloadPlugins/TRACE] [REI] [REIClientPlugin START] Reloading Section: "reloadable-plugin/me.shedaniel.rei.plugin.client.runtime.PluginStageExecutionWatcher$1/REIPluginImpl of REIPluginImpl [ldlib]/" done in 5.246 μs
[20:34:55] [REI-ReloadPlugins/TRACE] [REI] [REIClientPlugin START] Reloading Section: "reloadable-plugin/me.shedaniel.rei.plugin.client.runtime.PluginStageExecutionWatcher$1/ReiClientPlugin of ReiClientPlugin [craftingstation]/"
[20:34:55] [REI-ReloadPlugins/TRACE] [REI] [REIClientPlugin START] Reloading Section: "reloadable-plugin/me.shedaniel.rei.plugin.client.runtime.PluginStageExecutionWatcher$1/ReiClientPlugin of ReiClientPlugin [craftingstation]/" done in 4.982 μs
[20:34:55] [REI-ReloadPlugins/TRACE] [REI] [REIClientPlugin START] Reloading Section: "reloadable-plugin/me.shedaniel.rei.plugin.client.runtime.PluginStageExecutionWatcher$1/REIForgePluginStub of REIForgePluginStub [ftblibrary]/"
[20:34:55] [REI-ReloadPlugins/TRACE] [REI] [REIClientPlugin START] Reloading Section: "reloadable-plugin/me.shedaniel.rei.plugin.client.runtime.PluginStageExecutionWatcher$1/REIForgePluginStub of REIForgePluginStub [ftblibrary]/" done in 5.236 μs
[20:34:55] [REI-ReloadPlugins/TRACE] [REI] [REIClientPlugin START] Reloading Section: "reloadable-plugin/me.shedaniel.rei.plugin.client.runtime.PluginStageExecutionWatcher$1/AE2 of AE2 [ae2]/"
[20:34:55] [REI-ReloadPlugins/TRACE] [REI] [REIClientPlugin START] Reloading Section: "reloadable-plugin/me.shedaniel.rei.plugin.client.runtime.PluginStageExecutionWatcher$1/AE2 of AE2 [ae2]/" done in 5.139 μs
[20:34:55] [REI-ReloadPlugins/TRACE] [REI] [REIClientPlugin START] Reloading Section: "reloadable-plugin/me.shedaniel.rei.plugin.client.runtime.PluginStageExecutionWatcher$1/HideIngredientsFromTagsPlugin of HideIngredientsFromTagsPlugin [roughlyenoughitems]/"
[20:34:55] [REI-ReloadPlugins/TRACE] [REI] [REIClientPlugin START] Reloading Section: "reloadable-plugin/me.shedaniel.rei.plugin.client.runtime.PluginStageExecutionWatcher$1/HideIngredientsFromTagsPlugin of HideIngredientsFromTagsPlugin [roughlyenoughitems]/" done in 5.412 μs
[20:34:55] [REI-ReloadPlugins/TRACE] [REI] [REIClientPlugin START] Reloading Section: "reloadable-plugin/me.shedaniel.rei.plugin.client.runtime.PluginStageExecutionWatcher$1/DefaultClientRuntimePlugin of DefaultClientRuntimePlugin [roughlyenoughitems]/"
[20:34:55] [REI-ReloadPlugins/TRACE] [REI] [REIClientPlugin START] Reloading Section: "reloadable-plugin/me.shedaniel.rei.plugin.client.runtime.PluginStageExecutionWatcher$1/DefaultClientRuntimePlugin of DefaultClientRuntimePlugin [roughlyenoughitems]/" done in 5.357 μs
[20:34:55] [REI-ReloadPlugins/TRACE] [REI] [REIClientPlugin START] Reloading Section: "reloadable-plugin/me.shedaniel.rei.plugin.client.runtime.PluginStageExecutionWatcher$1/REIForgePluginStub of REIForgePluginStub [kubejs]/"
[20:34:55] [REI-ReloadPlugins/TRACE] [REI] [REIClientPlugin START] Reloading Section: "reloadable-plugin/me.shedaniel.rei.plugin.client.runtime.PluginStageExecutionWatcher$1/REIForgePluginStub of REIForgePluginStub [kubejs]/" done in 5.378 μs
[20:34:55] [REI-ReloadPlugins/TRACE] [REI] [REIClientPlugin START] Reloading Section: "reloadable-plugin/me.shedaniel.rei.plugin.client.runtime.PluginStageExecutionWatcher$1/" done in 275.9 μs
[20:34:55] [REI-ReloadPlugins/DEBUG] [REI] ========================================
[20:34:55] [REI-ReloadPlugins/DEBUG] [REI] REIClientPlugin ending main-reload for START.
[20:34:55] [REI-ReloadPlugins/DEBUG] [REI] ========================================
[20:34:55] [REI-ReloadPlugins/TRACE] [REI] [REIClientPlugin START] Reloading Section: "end-reload/"
[20:34:55] [REI-ReloadPlugins/TRACE] [REI] [REIClientPlugin START] Reloading Section: "end-reload/EntryRendererRegistryImpl/"
[20:34:55] [REI-ReloadPlugins/TRACE] [REI] [REIClientPlugin START] Reloading Section: "end-reload/EntryRendererRegistryImpl/" done in 5.645 μs
[20:34:55] [REI-ReloadPlugins/TRACE] [REI] [REIClientPlugin START] Reloading Section: "end-reload/ViewsImpl/"
[20:34:55] [REI-ReloadPlugins/TRACE] [REI] [REIClientPlugin START] Reloading Section: "end-reload/ViewsImpl/" done in 4.493 μs
[20:34:55] [REI-ReloadPlugins/TRACE] [REI] [REIClientPlugin START] Reloading Section: "end-reload/InputMethodRegistryImpl/"
[20:34:55] [REI-ReloadPlugins/TRACE] [REI] [REIClientPlugin START] Reloading Section: "end-reload/InputMethodRegistryImpl/" done in 4.702 μs
[20:34:55] [REI-ReloadPlugins/TRACE] [REI] [REIClientPlugin START] Reloading Section: "end-reload/SearchProviderImpl/"
[20:34:55] [REI-ReloadPlugins/TRACE] [REI] [REIClientPlugin START] Reloading Section: "end-reload/SearchProviderImpl/" done in 4.356 μs
[20:34:55] [REI-ReloadPlugins/TRACE] [REI] [REIClientPlugin START] Reloading Section: "end-reload/ConfigManagerImpl/"
[20:34:55] [REI-ReloadPlugins/TRACE] [REI] [REIClientPlugin START] Reloading Section: "end-reload/ConfigManagerImpl/" done in 4.373 μs
[20:34:55] [REI-ReloadPlugins/TRACE] [REI] [REIClientPlugin START] Reloading Section: "end-reload/EntryRegistryImpl/"
[20:34:55] [REI-ReloadPlugins/DEBUG] [REI] Refiltered rule [INSTANCE] in 12.35 ms.
[20:34:55] [REI-ReloadPlugins/DEBUG] [REI] Refiltered rule [INSTANCE] in 20.61 ms.
[20:34:55] [REI-ReloadPlugins/DEBUG] [REI] Refiltered rule [INSTANCE] in 15.57 ms.
[20:34:55] [REI-ReloadPlugins/DEBUG] [REI] Refiltered 28404 entries with 3 rules in 118.3 ms.
[20:34:55] [REI-ReloadPlugins/DEBUG] [REI] Computed existing filtered displays with 3 rules in 1.689 ms
[20:34:55] [REI-ReloadPlugins/DEBUG] [REI] Reloaded entry registry with 28404 entries and 28271 filtered entries
[20:34:55] [REI-ReloadPlugins/TRACE] [REI] [REIClientPlugin START] Reloading Section: "end-reload/EntryRegistryImpl/" done in 137.1 ms
[20:34:55] [REI-ReloadPlugins/TRACE] [REI] [REIClientPlugin START] Reloading Section: "end-reload/CollapsibleEntryRegistryImpl/"
[20:34:55] [REI-ReloadPlugins/TRACE] [REI] [REIClientPlugin START] Reloading Section: "end-reload/CollapsibleEntryRegistryImpl/" done in 10.73 μs
[20:34:55] [REI-ReloadPlugins/TRACE] [REI] [REIClientPlugin START] Reloading Section: "end-reload/BasicFilteringRuleImpl/"
[20:34:55] [REI-ReloadPlugins/TRACE] [REI] [REIClientPlugin START] Reloading Section: "end-reload/BasicFilteringRuleImpl/" done in 6.366 μs
[20:34:55] [REI-ReloadPlugins/TRACE] [REI] [REIClientPlugin START] Reloading Section: "end-reload/CategoryRegistryImpl/"
[20:34:55] [REI-ReloadPlugins/TRACE] [REI] [REIClientPlugin START] Reloading Section: "end-reload/CategoryRegistryImpl/" done in 7.705 μs
[20:34:55] [REI-ReloadPlugins/TRACE] [REI] [REIClientPlugin START] Reloading Section: "end-reload/DisplayRegistryImpl/"
[20:34:55] [REI-ReloadPlugins/TRACE] [REI] [REIClientPlugin START] Reloading Section: "end-reload/DisplayRegistryImpl/" done in 4.787 μs
[20:34:55] [REI-ReloadPlugins/TRACE] [REI] [REIClientPlugin START] Reloading Section: "end-reload/ScreenRegistryImpl/"
[20:34:55] [REI-ReloadPlugins/DEBUG] [REI] Registered 5 overlay deciders and 10 exclusion zones
[20:34:55] [REI-ReloadPlugins/TRACE] [REI] [REIClientPlugin START] Reloading Section: "end-reload/ScreenRegistryImpl/" done in 49.84 μs
[20:34:55] [REI-ReloadPlugins/TRACE] [REI] [REIClientPlugin START] Reloading Section: "end-reload/FavoriteEntryTypeRegistryImpl/"
[20:34:55] [REI-ReloadPlugins/DEBUG] [REI] Config saved
[20:34:55] [REI-ReloadPlugins/DEBUG] [REI] Registered 6 favorite entry types
[20:34:55] [REI-ReloadPlugins/TRACE] [REI] [REIClientPlugin START] Reloading Section: "end-reload/FavoriteEntryTypeRegistryImpl/" done in 2.734 ms
[20:34:55] [REI-ReloadPlugins/TRACE] [REI] [REIClientPlugin START] Reloading Section: "end-reload/SubsetsRegistryImpl/"
[20:34:55] [REI-ReloadPlugins/TRACE] [REI] [REIClientPlugin START] Reloading Section: "end-reload/SubsetsRegistryImpl/" done in 14.30 μs
[20:34:55] [REI-ReloadPlugins/TRACE] [REI] [REIClientPlugin START] Reloading Section: "end-reload/TransferHandlerRegistryImpl/"
[20:34:55] [REI-ReloadPlugins/TRACE] [REI] [REIClientPlugin START] Reloading Section: "end-reload/TransferHandlerRegistryImpl/" done in 6.134 μs
[20:34:55] [REI-ReloadPlugins/TRACE] [REI] [REIClientPlugin START] Reloading Section: "end-reload/SearchRuntime/"
[20:34:55] [REI-ReloadPlugins/TRACE] [REI] Preparing 198828 stacks for search arguments
[20:34:57] [REI-ReloadPlugins/TRACE] [REI] Prepared 198825 / 198828 stacks for search arguments in 1980ms
[20:34:57] [REI-ReloadPlugins/DEBUG] [REI] Preparing collapsed entry groups cache with 0 entries and 28404 stacks
[20:34:57] [REI-ReloadPlugins/DEBUG] [REI] Prepared collapsed entry groups cache with 0 entries and 28404 stacks
[20:34:57] [REI-ReloadPlugins/TRACE] [REI] [REIClientPlugin START] Reloading Section: "end-reload/SearchRuntime/" done in 1.996 s
[20:34:57] [REI-ReloadPlugins/TRACE] [REI] [REIClientPlugin START] Reloading Section: "end-reload/REIRuntimeImpl/"
[20:34:57] [REI-ReloadPlugins/TRACE] [REI] [REIClientPlugin START] Reloading Section: "end-reload/REIRuntimeImpl/" done in 220.5 μs
[20:34:57] [REI-ReloadPlugins/TRACE] [REI] [REIClientPlugin START] Reloading Section: "end-reload/ConfigAddonRegistryImpl/"
[20:34:57] [REI-ReloadPlugins/TRACE] [REI] [REIClientPlugin START] Reloading Section: "end-reload/ConfigAddonRegistryImpl/" done in 24.33 μs
[20:34:57] [REI-ReloadPlugins/TRACE] [REI] [REIClientPlugin START] Reloading Section: "end-reload/me.shedaniel.rei.plugin.client.runtime.PluginStageExecutionWatcher$1/"
[20:34:57] [REI-ReloadPlugins/TRACE] [REI] [REIClientPlugin START] Reloading Section: "end-reload/me.shedaniel.rei.plugin.client.runtime.PluginStageExecutionWatcher$1/" done in 7.170 μs
[20:34:57] [REI-ReloadPlugins/TRACE] [REI] [REIClientPlugin START] Reloading Section: "end-reload/" done in 2.136 s
[20:34:57] [REI-ReloadPlugins/DEBUG] [REI] ========================================
[20:34:57] [REI-ReloadPlugins/DEBUG] [REI] REIClientPlugin ended main-reload for START in 3.188 s.
[20:34:57] [REI-ReloadPlugins/DEBUG] [REI] ========================================
[20:34:57] [REI-ReloadPlugins/INFO] [REI] ~~~~~~~~~~~~~~~~~~~~~~~~~~~~~~~~~~~~~~~~
[20:34:57] [REI-ReloadPlugins/INFO] [REI] REIServerPlugin starting main-reload for START.
[20:34:57] [REI-ReloadPlugins/DEBUG] [REI] Reloadables (3):
[20:34:57] [REI-ReloadPlugins/DEBUG] [REI]  - MenuInfoRegistryImpl
[20:34:57] [REI-ReloadPlugins/DEBUG] [REI]  - SlotAccessorRegistryImpl
[20:34:57] [REI-ReloadPlugins/DEBUG] [REI]  - me.shedaniel.rei.plugin.client.runtime.PluginStageExecutionWatcher$1
[20:34:57] [REI-ReloadPlugins/INFO] [REI] Plugins (7):
[20:34:57] [REI-ReloadPlugins/INFO] [REI]  - (-100.00) DefaultPluginImpl of DefaultPluginImpl [roughlyenoughitems]
[20:34:57] [REI-ReloadPlugins/INFO] [REI]  - (0.00) StorageReiCommonPlugin of StorageReiCommonPlugin [sophisticatedstorage]
[20:34:57] [REI-ReloadPlugins/INFO] [REI]  - (0.00) ReiPlugin of ReiPlugin [craftingstation]
[20:34:57] [REI-ReloadPlugins/INFO] [REI]  - (0.00) BackpackReiCommonPlugin of BackpackReiCommonPlugin [sophisticatedbackpacks]
[20:34:57] [REI-ReloadPlugins/INFO] [REI]  - (0.00) CoreReiCommonPlugin of CoreReiCommonPlugin [sophisticatedcore]
[20:34:57] [REI-ReloadPlugins/INFO] [REI]  - (0.00) AdornReiServerForge of AdornReiServerForge [adorn]
[20:34:57] [REI-ReloadPlugins/INFO] [REI]  - (0.00) DefaultRuntimePlugin of DefaultRuntimePlugin [roughlyenoughitems]
[20:34:57] [REI-ReloadPlugins/INFO] [REI] ~~~~~~~~~~~~~~~~~~~~~~~~~~~~~~~~~~~~~~~~
[20:34:57] [REI-ReloadPlugins/TRACE] [REI] [REIServerPlugin START] Reloading Section: "start-reload/"
[20:34:57] [REI-ReloadPlugins/TRACE] [REI] [REIServerPlugin START] Reloading Section: "start-reload/MenuInfoRegistryImpl/"
[20:34:57] [REI-ReloadPlugins/TRACE] [REI] [REIServerPlugin START] Reloading Section: "start-reload/MenuInfoRegistryImpl/" done in 170.1 μs
[20:34:57] [REI-ReloadPlugins/TRACE] [REI] [REIServerPlugin START] Reloading Section: "start-reload/SlotAccessorRegistryImpl/"
[20:34:57] [REI-ReloadPlugins/TRACE] [REI] [REIServerPlugin START] Reloading Section: "start-reload/SlotAccessorRegistryImpl/" done in 8.222 μs
[20:34:57] [REI-ReloadPlugins/TRACE] [REI] [REIServerPlugin START] Reloading Section: "start-reload/me.shedaniel.rei.plugin.client.runtime.PluginStageExecutionWatcher$1/"
[20:34:57] [REI-ReloadPlugins/TRACE] [REI] [REIServerPlugin START] Reloading Section: "start-reload/me.shedaniel.rei.plugin.client.runtime.PluginStageExecutionWatcher$1/" done in 9.512 μs
[20:34:57] [REI-ReloadPlugins/TRACE] [REI] [REIServerPlugin START] Reloading Section: "start-reload/" done in 425.2 μs
[20:34:57] [REI-ReloadPlugins/DEBUG] [REI] ========================================
[20:34:57] [REI-ReloadPlugins/DEBUG] [REI] REIServerPlugin started main-reload for START.
[20:34:57] [REI-ReloadPlugins/DEBUG] [REI] ========================================
[20:34:57] [REI-ReloadPlugins/TRACE] [REI] [REIServerPlugin START] Reloading Section: "reloadable-plugin/MenuInfoRegistryImpl/"
[20:34:57] [REI-ReloadPlugins/TRACE] [REI] [REIServerPlugin START] Reloading Section: "reloadable-plugin/MenuInfoRegistryImpl/DefaultPluginImpl of DefaultPluginImpl [roughlyenoughitems]/"
[20:34:57] [REI-ReloadPlugins/TRACE] [REI] [REIServerPlugin START] Reloading Section: "reloadable-plugin/MenuInfoRegistryImpl/DefaultPluginImpl of DefaultPluginImpl [roughlyenoughitems]/" done in 211.0 μs
[20:34:57] [REI-ReloadPlugins/TRACE] [REI] [REIServerPlugin START] Reloading Section: "reloadable-plugin/MenuInfoRegistryImpl/StorageReiCommonPlugin of StorageReiCommonPlugin [sophisticatedstorage]/"
[20:34:57] [REI-ReloadPlugins/TRACE] [REI] [REIServerPlugin START] Reloading Section: "reloadable-plugin/MenuInfoRegistryImpl/StorageReiCommonPlugin of StorageReiCommonPlugin [sophisticatedstorage]/" done in 17.70 μs
[20:34:57] [REI-ReloadPlugins/TRACE] [REI] [REIServerPlugin START] Reloading Section: "reloadable-plugin/MenuInfoRegistryImpl/ReiPlugin of ReiPlugin [craftingstation]/"
[20:34:57] [REI-ReloadPlugins/TRACE] [REI] [REIServerPlugin START] Reloading Section: "reloadable-plugin/MenuInfoRegistryImpl/ReiPlugin of ReiPlugin [craftingstation]/" done in 41.76 μs
[20:34:57] [REI-ReloadPlugins/TRACE] [REI] [REIServerPlugin START] Reloading Section: "reloadable-plugin/MenuInfoRegistryImpl/BackpackReiCommonPlugin of BackpackReiCommonPlugin [sophisticatedbackpacks]/"
[20:34:57] [REI-ReloadPlugins/TRACE] [REI] [REIServerPlugin START] Reloading Section: "reloadable-plugin/MenuInfoRegistryImpl/BackpackReiCommonPlugin of BackpackReiCommonPlugin [sophisticatedbackpacks]/" done in 5.299 μs
[20:34:57] [REI-ReloadPlugins/TRACE] [REI] [REIServerPlugin START] Reloading Section: "reloadable-plugin/MenuInfoRegistryImpl/CoreReiCommonPlugin of CoreReiCommonPlugin [sophisticatedcore]/"
[20:34:57] [REI-ReloadPlugins/TRACE] [REI] [REIServerPlugin START] Reloading Section: "reloadable-plugin/MenuInfoRegistryImpl/CoreReiCommonPlugin of CoreReiCommonPlugin [sophisticatedcore]/" done in 8.429 μs
[20:34:57] [REI-ReloadPlugins/TRACE] [REI] [REIServerPlugin START] Reloading Section: "reloadable-plugin/MenuInfoRegistryImpl/AdornReiServerForge of AdornReiServerForge [adorn]/"
[20:34:57] [REI-ReloadPlugins/TRACE] [REI] [REIServerPlugin START] Reloading Section: "reloadable-plugin/MenuInfoRegistryImpl/AdornReiServerForge of AdornReiServerForge [adorn]/" done in 4.925 μs
[20:34:57] [REI-ReloadPlugins/TRACE] [REI] [REIServerPlugin START] Reloading Section: "reloadable-plugin/MenuInfoRegistryImpl/DefaultRuntimePlugin of DefaultRuntimePlugin [roughlyenoughitems]/"
[20:34:57] [REI-ReloadPlugins/TRACE] [REI] [REIServerPlugin START] Reloading Section: "reloadable-plugin/MenuInfoRegistryImpl/DefaultRuntimePlugin of DefaultRuntimePlugin [roughlyenoughitems]/" done in 4.826 μs
[20:34:57] [REI-ReloadPlugins/TRACE] [REI] [REIServerPlugin START] Reloading Section: "reloadable-plugin/MenuInfoRegistryImpl/" done in 634.2 μs
[20:34:57] [REI-ReloadPlugins/TRACE] [REI] [REIServerPlugin START] Reloading Section: "reloadable-plugin/SlotAccessorRegistryImpl/"
[20:34:57] [REI-ReloadPlugins/TRACE] [REI] [REIServerPlugin START] Reloading Section: "reloadable-plugin/SlotAccessorRegistryImpl/DefaultPluginImpl of DefaultPluginImpl [roughlyenoughitems]/"
[20:34:57] [REI-ReloadPlugins/TRACE] [REI] [REIServerPlugin START] Reloading Section: "reloadable-plugin/SlotAccessorRegistryImpl/DefaultPluginImpl of DefaultPluginImpl [roughlyenoughitems]/" done in 6.519 μs
[20:34:57] [REI-ReloadPlugins/TRACE] [REI] [REIServerPlugin START] Reloading Section: "reloadable-plugin/SlotAccessorRegistryImpl/StorageReiCommonPlugin of StorageReiCommonPlugin [sophisticatedstorage]/"
[20:34:57] [REI-ReloadPlugins/TRACE] [REI] [REIServerPlugin START] Reloading Section: "reloadable-plugin/SlotAccessorRegistryImpl/StorageReiCommonPlugin of StorageReiCommonPlugin [sophisticatedstorage]/" done in 6.087 μs
[20:34:57] [REI-ReloadPlugins/TRACE] [REI] [REIServerPlugin START] Reloading Section: "reloadable-plugin/SlotAccessorRegistryImpl/ReiPlugin of ReiPlugin [craftingstation]/"
[20:34:57] [REI-ReloadPlugins/TRACE] [REI] [REIServerPlugin START] Reloading Section: "reloadable-plugin/SlotAccessorRegistryImpl/ReiPlugin of ReiPlugin [craftingstation]/" done in 5.101 μs
[20:34:57] [REI-ReloadPlugins/TRACE] [REI] [REIServerPlugin START] Reloading Section: "reloadable-plugin/SlotAccessorRegistryImpl/BackpackReiCommonPlugin of BackpackReiCommonPlugin [sophisticatedbackpacks]/"
[20:34:57] [REI-ReloadPlugins/TRACE] [REI] [REIServerPlugin START] Reloading Section: "reloadable-plugin/SlotAccessorRegistryImpl/BackpackReiCommonPlugin of BackpackReiCommonPlugin [sophisticatedbackpacks]/" done in 5.557 μs
[20:34:57] [REI-ReloadPlugins/TRACE] [REI] [REIServerPlugin START] Reloading Section: "reloadable-plugin/SlotAccessorRegistryImpl/CoreReiCommonPlugin of CoreReiCommonPlugin [sophisticatedcore]/"
[20:34:57] [REI-ReloadPlugins/TRACE] [REI] [REIServerPlugin START] Reloading Section: "reloadable-plugin/SlotAccessorRegistryImpl/CoreReiCommonPlugin of CoreReiCommonPlugin [sophisticatedcore]/" done in 4.733 μs
[20:34:57] [REI-ReloadPlugins/TRACE] [REI] [REIServerPlugin START] Reloading Section: "reloadable-plugin/SlotAccessorRegistryImpl/AdornReiServerForge of AdornReiServerForge [adorn]/"
[20:34:57] [REI-ReloadPlugins/TRACE] [REI] [REIServerPlugin START] Reloading Section: "reloadable-plugin/SlotAccessorRegistryImpl/AdornReiServerForge of AdornReiServerForge [adorn]/" done in 4.634 μs
[20:34:57] [REI-ReloadPlugins/TRACE] [REI] [REIServerPlugin START] Reloading Section: "reloadable-plugin/SlotAccessorRegistryImpl/DefaultRuntimePlugin of DefaultRuntimePlugin [roughlyenoughitems]/"
[20:34:57] [REI-ReloadPlugins/TRACE] [REI] [REIServerPlugin START] Reloading Section: "reloadable-plugin/SlotAccessorRegistryImpl/DefaultRuntimePlugin of DefaultRuntimePlugin [roughlyenoughitems]/" done in 32.30 μs
[20:34:57] [REI-ReloadPlugins/TRACE] [REI] [REIServerPlugin START] Reloading Section: "reloadable-plugin/SlotAccessorRegistryImpl/" done in 190.5 μs
[20:34:57] [REI-ReloadPlugins/TRACE] [REI] [REIServerPlugin START] Reloading Section: "reloadable-plugin/me.shedaniel.rei.plugin.client.runtime.PluginStageExecutionWatcher$1/"
[20:34:57] [REI-ReloadPlugins/TRACE] [REI] [REIServerPlugin START] Reloading Section: "reloadable-plugin/me.shedaniel.rei.plugin.client.runtime.PluginStageExecutionWatcher$1/DefaultPluginImpl of DefaultPluginImpl [roughlyenoughitems]/"
[20:34:57] [REI-ReloadPlugins/TRACE] [REI] [REIServerPlugin START] Reloading Section: "reloadable-plugin/me.shedaniel.rei.plugin.client.runtime.PluginStageExecutionWatcher$1/DefaultPluginImpl of DefaultPluginImpl [roughlyenoughitems]/" done in 7.164 μs
[20:34:57] [REI-ReloadPlugins/TRACE] [REI] [REIServerPlugin START] Reloading Section: "reloadable-plugin/me.shedaniel.rei.plugin.client.runtime.PluginStageExecutionWatcher$1/StorageReiCommonPlugin of StorageReiCommonPlugin [sophisticatedstorage]/"
[20:34:57] [REI-ReloadPlugins/TRACE] [REI] [REIServerPlugin START] Reloading Section: "reloadable-plugin/me.shedaniel.rei.plugin.client.runtime.PluginStageExecutionWatcher$1/StorageReiCommonPlugin of StorageReiCommonPlugin [sophisticatedstorage]/" done in 9.772 μs
[20:34:57] [REI-ReloadPlugins/TRACE] [REI] [REIServerPlugin START] Reloading Section: "reloadable-plugin/me.shedaniel.rei.plugin.client.runtime.PluginStageExecutionWatcher$1/ReiPlugin of ReiPlugin [craftingstation]/"
[20:34:57] [REI-ReloadPlugins/TRACE] [REI] [REIServerPlugin START] Reloading Section: "reloadable-plugin/me.shedaniel.rei.plugin.client.runtime.PluginStageExecutionWatcher$1/ReiPlugin of ReiPlugin [craftingstation]/" done in 5.682 μs
[20:34:57] [REI-ReloadPlugins/TRACE] [REI] [REIServerPlugin START] Reloading Section: "reloadable-plugin/me.shedaniel.rei.plugin.client.runtime.PluginStageExecutionWatcher$1/BackpackReiCommonPlugin of BackpackReiCommonPlugin [sophisticatedbackpacks]/"
[20:34:57] [REI-ReloadPlugins/TRACE] [REI] [REIServerPlugin START] Reloading Section: "reloadable-plugin/me.shedaniel.rei.plugin.client.runtime.PluginStageExecutionWatcher$1/BackpackReiCommonPlugin of BackpackReiCommonPlugin [sophisticatedbackpacks]/" done in 5.369 μs
[20:34:57] [REI-ReloadPlugins/TRACE] [REI] [REIServerPlugin START] Reloading Section: "reloadable-plugin/me.shedaniel.rei.plugin.client.runtime.PluginStageExecutionWatcher$1/CoreReiCommonPlugin of CoreReiCommonPlugin [sophisticatedcore]/"
[20:34:57] [REI-ReloadPlugins/TRACE] [REI] [REIServerPlugin START] Reloading Section: "reloadable-plugin/me.shedaniel.rei.plugin.client.runtime.PluginStageExecutionWatcher$1/CoreReiCommonPlugin of CoreReiCommonPlugin [sophisticatedcore]/" done in 4.758 μs
[20:34:57] [REI-ReloadPlugins/TRACE] [REI] [REIServerPlugin START] Reloading Section: "reloadable-plugin/me.shedaniel.rei.plugin.client.runtime.PluginStageExecutionWatcher$1/AdornReiServerForge of AdornReiServerForge [adorn]/"
[20:34:57] [REI-ReloadPlugins/TRACE] [REI] [REIServerPlugin START] Reloading Section: "reloadable-plugin/me.shedaniel.rei.plugin.client.runtime.PluginStageExecutionWatcher$1/AdornReiServerForge of AdornReiServerForge [adorn]/" done in 5.168 μs
[20:34:57] [REI-ReloadPlugins/TRACE] [REI] [REIServerPlugin START] Reloading Section: "reloadable-plugin/me.shedaniel.rei.plugin.client.runtime.PluginStageExecutionWatcher$1/DefaultRuntimePlugin of DefaultRuntimePlugin [roughlyenoughitems]/"
[20:34:57] [REI-ReloadPlugins/TRACE] [REI] [REIServerPlugin START] Reloading Section: "reloadable-plugin/me.shedaniel.rei.plugin.client.runtime.PluginStageExecutionWatcher$1/DefaultRuntimePlugin of DefaultRuntimePlugin [roughlyenoughitems]/" done in 4.838 μs
[20:34:57] [REI-ReloadPlugins/TRACE] [REI] [REIServerPlugin START] Reloading Section: "reloadable-plugin/me.shedaniel.rei.plugin.client.runtime.PluginStageExecutionWatcher$1/" done in 162.1 μs
[20:34:57] [REI-ReloadPlugins/DEBUG] [REI] ========================================
[20:34:57] [REI-ReloadPlugins/DEBUG] [REI] REIServerPlugin ending main-reload for START.
[20:34:57] [REI-ReloadPlugins/DEBUG] [REI] ========================================
[20:34:57] [REI-ReloadPlugins/TRACE] [REI] [REIServerPlugin START] Reloading Section: "end-reload/"
[20:34:57] [REI-ReloadPlugins/TRACE] [REI] [REIServerPlugin START] Reloading Section: "end-reload/MenuInfoRegistryImpl/"
[20:34:57] [REI-ReloadPlugins/TRACE] [REI] [REIServerPlugin START] Reloading Section: "end-reload/MenuInfoRegistryImpl/" done in 6.748 μs
[20:34:57] [REI-ReloadPlugins/TRACE] [REI] [REIServerPlugin START] Reloading Section: "end-reload/SlotAccessorRegistryImpl/"
[20:34:57] [REI-ReloadPlugins/TRACE] [REI] [REIServerPlugin START] Reloading Section: "end-reload/SlotAccessorRegistryImpl/" done in 5.730 μs
[20:34:57] [REI-ReloadPlugins/TRACE] [REI] [REIServerPlugin START] Reloading Section: "end-reload/me.shedaniel.rei.plugin.client.runtime.PluginStageExecutionWatcher$1/"
[20:34:57] [REI-ReloadPlugins/TRACE] [REI] [REIServerPlugin START] Reloading Section: "end-reload/me.shedaniel.rei.plugin.client.runtime.PluginStageExecutionWatcher$1/" done in 5.363 μs
[20:34:57] [REI-ReloadPlugins/TRACE] [REI] [REIServerPlugin START] Reloading Section: "end-reload/" done in 63.27 μs
[20:34:57] [REI-ReloadPlugins/DEBUG] [REI] ========================================
[20:34:57] [REI-ReloadPlugins/DEBUG] [REI] REIServerPlugin ended main-reload for START in 2.817 ms.
[20:34:57] [REI-ReloadPlugins/DEBUG] [REI] ========================================
[20:34:57] [REI-ReloadPlugins/DEBUG] [REI] ========================================
[20:34:57] [REI-ReloadPlugins/DEBUG] [REI] REIPlugin starting post-reload for START.
[20:34:57] [REI-ReloadPlugins/DEBUG] [REI] Reloadables (8):
[20:34:57] [REI-ReloadPlugins/DEBUG] [REI]  - EntryTypeRegistryImpl
[20:34:57] [REI-ReloadPlugins/DEBUG] [REI]  - EntrySettingsAdapterRegistryImpl
[20:34:57] [REI-ReloadPlugins/DEBUG] [REI]  - RecipeManagerContextImpl
[20:34:57] [REI-ReloadPlugins/DEBUG] [REI]  - ItemComparatorRegistryImpl
[20:34:57] [REI-ReloadPlugins/DEBUG] [REI]  - FluidComparatorRegistryImpl
[20:34:57] [REI-ReloadPlugins/DEBUG] [REI]  - DisplaySerializerRegistryImpl
[20:34:57] [REI-ReloadPlugins/DEBUG] [REI]  - FluidSupportProviderImpl
[20:34:57] [REI-ReloadPlugins/DEBUG] [REI]  - me.shedaniel.rei.plugin.client.runtime.PluginStageExecutionWatcher$1
[20:34:57] [REI-ReloadPlugins/DEBUG] [REI] Plugins (25):
[20:34:57] [REI-ReloadPlugins/DEBUG] [REI]  - (-100.00) DefaultClientPluginImpl of DefaultClientPluginImpl [roughlyenoughitems]
[20:34:57] [REI-ReloadPlugins/DEBUG] [REI]  - (-100.00) DefaultPluginImpl of DefaultPluginImpl [roughlyenoughitems]
[20:34:57] [REI-ReloadPlugins/DEBUG] [REI]  - (0.00) HideIngredientsFromTagsPlugin of HideIngredientsFromTagsPlugin [roughlyenoughitems]
[20:34:57] [REI-ReloadPlugins/DEBUG] [REI]  - (0.00) DefaultClientRuntimePlugin of DefaultClientRuntimePlugin [roughlyenoughitems]
[20:34:57] [REI-ReloadPlugins/DEBUG] [REI]  - (0.00) DefaultRuntimePlugin of DefaultRuntimePlugin [roughlyenoughitems]
[20:34:57] [REI-ReloadPlugins/DEBUG] [REI]  - (0.00) REICompat of REICompat [supplementaries]
[20:34:57] [REI-ReloadPlugins/DEBUG] [REI]  - (0.00) GTREIPlugin of GTREIPlugin [gtceu]
[20:34:57] [REI-ReloadPlugins/DEBUG] [REI]  - (0.00) FTBQuestsREIIntegrationForge of FTBQuestsREIIntegrationForge [ftbxmodcompat]
[20:34:57] [REI-ReloadPlugins/DEBUG] [REI]  - (0.00) ExtendedAE of ExtendedAE [expatternprovider]
[20:34:57] [REI-ReloadPlugins/DEBUG] [REI]  - (0.00) FramedReiPlugin of FramedReiPlugin [framedblocks]
[20:34:57] [REI-ReloadPlugins/DEBUG] [REI]  - (0.00) StorageReiClientPlugin of StorageReiClientPlugin [sophisticatedstorage]
[20:34:57] [REI-ReloadPlugins/DEBUG] [REI]  - (0.00) BackpackReiClientPlugin of BackpackReiClientPlugin [sophisticatedbackpacks]
[20:34:57] [REI-ReloadPlugins/DEBUG] [REI]  - (0.00) ReiIsDumbClientPlugin of ReiIsDumbClientPlugin [ad_astra]
[20:34:57] [REI-ReloadPlugins/DEBUG] [REI]  - (0.00) almostunified.roughlyenoughitems of almostunified.roughlyenoughitems [almostunified]
[20:34:57] [REI-ReloadPlugins/DEBUG] [REI]  - (0.00) AdornReiClientForge of AdornReiClientForge [adorn]
[20:34:57] [REI-ReloadPlugins/DEBUG] [REI]  - (0.00) REIPluginImpl of REIPluginImpl [ldlib]
[20:34:57] [REI-ReloadPlugins/DEBUG] [REI]  - (0.00) StorageReiCommonPlugin of StorageReiCommonPlugin [sophisticatedstorage]
[20:34:57] [REI-ReloadPlugins/DEBUG] [REI]  - (0.00) ReiClientPlugin of ReiClientPlugin [craftingstation]
[20:34:57] [REI-ReloadPlugins/DEBUG] [REI]  - (0.00) ReiPlugin of ReiPlugin [craftingstation]
[20:34:57] [REI-ReloadPlugins/DEBUG] [REI]  - (0.00) REIForgePluginStub of REIForgePluginStub [ftblibrary]
[20:34:57] [REI-ReloadPlugins/DEBUG] [REI]  - (0.00) BackpackReiCommonPlugin of BackpackReiCommonPlugin [sophisticatedbackpacks]
[20:34:57] [REI-ReloadPlugins/DEBUG] [REI]  - (0.00) CoreReiCommonPlugin of CoreReiCommonPlugin [sophisticatedcore]
[20:34:57] [REI-ReloadPlugins/DEBUG] [REI]  - (0.00) AdornReiServerForge of AdornReiServerForge [adorn]
[20:34:57] [REI-ReloadPlugins/DEBUG] [REI]  - (0.00) AE2 of AE2 [ae2]
[20:34:57] [REI-ReloadPlugins/DEBUG] [REI]  - (10000000.00) REIForgePluginStub of REIForgePluginStub [kubejs]
[20:34:57] [REI-ReloadPlugins/DEBUG] [REI] ========================================
[20:34:57] [REI-ReloadPlugins/TRACE] [REI] [REIPlugin START] Reloading Section: "post-register/"
[20:34:57] [REI-ReloadPlugins/TRACE] [REI] [REIPlugin START] Reloading Section: "post-register/DefaultClientPluginImpl of DefaultClientPluginImpl [roughlyenoughitems]/"
[20:34:57] [REI-ReloadPlugins/TRACE] [REI] [REIPlugin START] Reloading Section: "post-register/DefaultClientPluginImpl of DefaultClientPluginImpl [roughlyenoughitems]/" done in 194.8 μs
[20:34:57] [REI-ReloadPlugins/TRACE] [REI] [REIPlugin START] Reloading Section: "post-register/DefaultPluginImpl of DefaultPluginImpl [roughlyenoughitems]/"
[20:34:57] [REI-ReloadPlugins/TRACE] [REI] [REIPlugin START] Reloading Section: "post-register/DefaultPluginImpl of DefaultPluginImpl [roughlyenoughitems]/" done in 9.663 μs
[20:34:57] [REI-ReloadPlugins/TRACE] [REI] [REIPlugin START] Reloading Section: "post-register/HideIngredientsFromTagsPlugin of HideIngredientsFromTagsPlugin [roughlyenoughitems]/"
[20:34:57] [REI-ReloadPlugins/TRACE] [REI] [REIPlugin START] Reloading Section: "post-register/HideIngredientsFromTagsPlugin of HideIngredientsFromTagsPlugin [roughlyenoughitems]/" done in 6.021 μs
[20:34:57] [REI-ReloadPlugins/TRACE] [REI] [REIPlugin START] Reloading Section: "post-register/DefaultClientRuntimePlugin of DefaultClientRuntimePlugin [roughlyenoughitems]/"
[20:34:57] [REI-ReloadPlugins/TRACE] [REI] [REIPlugin START] Reloading Section: "post-register/DefaultClientRuntimePlugin of DefaultClientRuntimePlugin [roughlyenoughitems]/" done in 5.241 μs
[20:34:57] [REI-ReloadPlugins/TRACE] [REI] [REIPlugin START] Reloading Section: "post-register/DefaultRuntimePlugin of DefaultRuntimePlugin [roughlyenoughitems]/"
[20:34:57] [REI-ReloadPlugins/TRACE] [REI] [REIPlugin START] Reloading Section: "post-register/DefaultRuntimePlugin of DefaultRuntimePlugin [roughlyenoughitems]/" done in 4.807 μs
[20:34:57] [REI-ReloadPlugins/TRACE] [REI] [REIPlugin START] Reloading Section: "post-register/REICompat of REICompat [supplementaries]/"
[20:34:57] [REI-ReloadPlugins/TRACE] [REI] [REIPlugin START] Reloading Section: "post-register/REICompat of REICompat [supplementaries]/" done in 4.995 μs
[20:34:57] [REI-ReloadPlugins/TRACE] [REI] [REIPlugin START] Reloading Section: "post-register/GTREIPlugin of GTREIPlugin [gtceu]/"
[20:34:57] [REI-ReloadPlugins/TRACE] [REI] [REIPlugin START] Reloading Section: "post-register/GTREIPlugin of GTREIPlugin [gtceu]/" done in 8.035 μs
[20:34:57] [REI-ReloadPlugins/TRACE] [REI] [REIPlugin START] Reloading Section: "post-register/FTBQuestsREIIntegrationForge of FTBQuestsREIIntegrationForge [ftbxmodcompat]/"
[20:34:57] [REI-ReloadPlugins/TRACE] [REI] [REIPlugin START] Reloading Section: "post-register/FTBQuestsREIIntegrationForge of FTBQuestsREIIntegrationForge [ftbxmodcompat]/" done in 5.507 μs
[20:34:57] [REI-ReloadPlugins/TRACE] [REI] [REIPlugin START] Reloading Section: "post-register/ExtendedAE of ExtendedAE [expatternprovider]/"
[20:34:57] [REI-ReloadPlugins/TRACE] [REI] [REIPlugin START] Reloading Section: "post-register/ExtendedAE of ExtendedAE [expatternprovider]/" done in 5.004 μs
[20:34:57] [REI-ReloadPlugins/TRACE] [REI] [REIPlugin START] Reloading Section: "post-register/FramedReiPlugin of FramedReiPlugin [framedblocks]/"
[20:34:57] [REI-ReloadPlugins/TRACE] [REI] [REIPlugin START] Reloading Section: "post-register/FramedReiPlugin of FramedReiPlugin [framedblocks]/" done in 4.945 μs
[20:34:57] [REI-ReloadPlugins/TRACE] [REI] [REIPlugin START] Reloading Section: "post-register/StorageReiClientPlugin of StorageReiClientPlugin [sophisticatedstorage]/"
[20:34:57] [REI-ReloadPlugins/TRACE] [REI] [REIPlugin START] Reloading Section: "post-register/StorageReiClientPlugin of StorageReiClientPlugin [sophisticatedstorage]/" done in 6.227 μs
[20:34:57] [REI-ReloadPlugins/TRACE] [REI] [REIPlugin START] Reloading Section: "post-register/BackpackReiClientPlugin of BackpackReiClientPlugin [sophisticatedbackpacks]/"
[20:34:57] [REI-ReloadPlugins/TRACE] [REI] [REIPlugin START] Reloading Section: "post-register/BackpackReiClientPlugin of BackpackReiClientPlugin [sophisticatedbackpacks]/" done in 11.05 μs
[20:34:57] [REI-ReloadPlugins/TRACE] [REI] [REIPlugin START] Reloading Section: "post-register/ReiIsDumbClientPlugin of ReiIsDumbClientPlugin [ad_astra]/"
[20:34:57] [REI-ReloadPlugins/TRACE] [REI] [REIPlugin START] Reloading Section: "post-register/ReiIsDumbClientPlugin of ReiIsDumbClientPlugin [ad_astra]/" done in 6.813 μs
[20:34:57] [REI-ReloadPlugins/TRACE] [REI] [REIPlugin START] Reloading Section: "post-register/almostunified.roughlyenoughitems of almostunified.roughlyenoughitems [almostunified]/"
[20:34:57] [REI-ReloadPlugins/TRACE] [REI] [REIPlugin START] Reloading Section: "post-register/almostunified.roughlyenoughitems of almostunified.roughlyenoughitems [almostunified]/" done in 11.05 μs
[20:34:57] [REI-ReloadPlugins/TRACE] [REI] [REIPlugin START] Reloading Section: "post-register/AdornReiClientForge of AdornReiClientForge [adorn]/"
[20:34:57] [REI-ReloadPlugins/TRACE] [REI] [REIPlugin START] Reloading Section: "post-register/AdornReiClientForge of AdornReiClientForge [adorn]/" done in 8.629 μs
[20:34:57] [REI-ReloadPlugins/TRACE] [REI] [REIPlugin START] Reloading Section: "post-register/REIPluginImpl of REIPluginImpl [ldlib]/"
[20:34:57] [REI-ReloadPlugins/TRACE] [REI] [REIPlugin START] Reloading Section: "post-register/REIPluginImpl of REIPluginImpl [ldlib]/" done in 5.025 μs
[20:34:57] [REI-ReloadPlugins/TRACE] [REI] [REIPlugin START] Reloading Section: "post-register/StorageReiCommonPlugin of StorageReiCommonPlugin [sophisticatedstorage]/"
[20:34:57] [REI-ReloadPlugins/TRACE] [REI] [REIPlugin START] Reloading Section: "post-register/StorageReiCommonPlugin of StorageReiCommonPlugin [sophisticatedstorage]/" done in 5.203 μs
[20:34:57] [REI-ReloadPlugins/TRACE] [REI] [REIPlugin START] Reloading Section: "post-register/ReiClientPlugin of ReiClientPlugin [craftingstation]/"
[20:34:57] [REI-ReloadPlugins/TRACE] [REI] [REIPlugin START] Reloading Section: "post-register/ReiClientPlugin of ReiClientPlugin [craftingstation]/" done in 4.988 μs
[20:34:57] [REI-ReloadPlugins/TRACE] [REI] [REIPlugin START] Reloading Section: "post-register/ReiPlugin of ReiPlugin [craftingstation]/"
[20:34:57] [REI-ReloadPlugins/TRACE] [REI] [REIPlugin START] Reloading Section: "post-register/ReiPlugin of ReiPlugin [craftingstation]/" done in 4.898 μs
[20:34:57] [REI-ReloadPlugins/TRACE] [REI] [REIPlugin START] Reloading Section: "post-register/REIForgePluginStub of REIForgePluginStub [ftblibrary]/"
[20:34:57] [REI-ReloadPlugins/TRACE] [REI] [REIPlugin START] Reloading Section: "post-register/REIForgePluginStub of REIForgePluginStub [ftblibrary]/" done in 5.354 μs
[20:34:57] [REI-ReloadPlugins/TRACE] [REI] [REIPlugin START] Reloading Section: "post-register/BackpackReiCommonPlugin of BackpackReiCommonPlugin [sophisticatedbackpacks]/"
[20:34:57] [REI-ReloadPlugins/TRACE] [REI] [REIPlugin START] Reloading Section: "post-register/BackpackReiCommonPlugin of BackpackReiCommonPlugin [sophisticatedbackpacks]/" done in 9.980 μs
[20:34:57] [REI-ReloadPlugins/TRACE] [REI] [REIPlugin START] Reloading Section: "post-register/CoreReiCommonPlugin of CoreReiCommonPlugin [sophisticatedcore]/"
[20:34:57] [REI-ReloadPlugins/TRACE] [REI] [REIPlugin START] Reloading Section: "post-register/CoreReiCommonPlugin of CoreReiCommonPlugin [sophisticatedcore]/" done in 5.125 μs
[20:34:57] [REI-ReloadPlugins/TRACE] [REI] [REIPlugin START] Reloading Section: "post-register/AdornReiServerForge of AdornReiServerForge [adorn]/"
[20:34:57] [REI-ReloadPlugins/TRACE] [REI] [REIPlugin START] Reloading Section: "post-register/AdornReiServerForge of AdornReiServerForge [adorn]/" done in 5.235 μs
[20:34:57] [REI-ReloadPlugins/TRACE] [REI] [REIPlugin START] Reloading Section: "post-register/AE2 of AE2 [ae2]/"
[20:34:57] [REI-ReloadPlugins/TRACE] [REI] [REIPlugin START] Reloading Section: "post-register/AE2 of AE2 [ae2]/" done in 5.431 μs
[20:34:57] [REI-ReloadPlugins/TRACE] [REI] [REIPlugin START] Reloading Section: "post-register/REIForgePluginStub of REIForgePluginStub [kubejs]/"
[20:34:57] [REI-ReloadPlugins/TRACE] [REI] [REIPlugin START] Reloading Section: "post-register/REIForgePluginStub of REIForgePluginStub [kubejs]/" done in 23.46 μs
[20:34:57] [REI-ReloadPlugins/TRACE] [REI] [REIPlugin START] Reloading Section: "post-register/" done in 940.3 μs
[20:34:57] [REI-ReloadPlugins/TRACE] [REI] [REIPlugin START] Reloading Section: "post-stage/"
[20:34:57] [REI-ReloadPlugins/TRACE] [REI] [REIPlugin START] Reloading Section: "post-stage/EntryTypeRegistryImpl/"
[20:34:57] [REI-ReloadPlugins/TRACE] [REI] [REIPlugin START] Reloading Section: "post-stage/EntryTypeRegistryImpl/" done in 13.55 μs
[20:34:57] [REI-ReloadPlugins/TRACE] [REI] [REIPlugin START] Reloading Section: "post-stage/EntrySettingsAdapterRegistryImpl/"
[20:34:57] [REI-ReloadPlugins/TRACE] [REI] [REIPlugin START] Reloading Section: "post-stage/EntrySettingsAdapterRegistryImpl/" done in 5.710 μs
[20:34:57] [REI-ReloadPlugins/TRACE] [REI] [REIPlugin START] Reloading Section: "post-stage/RecipeManagerContextImpl/"
[20:34:57] [REI-ReloadPlugins/TRACE] [REI] [REIPlugin START] Reloading Section: "post-stage/RecipeManagerContextImpl/" done in 4.919 μs
[20:34:57] [REI-ReloadPlugins/TRACE] [REI] [REIPlugin START] Reloading Section: "post-stage/ItemComparatorRegistryImpl/"
[20:34:57] [REI-ReloadPlugins/TRACE] [REI] [REIPlugin START] Reloading Section: "post-stage/ItemComparatorRegistryImpl/" done in 4.873 μs
[20:34:57] [REI-ReloadPlugins/TRACE] [REI] [REIPlugin START] Reloading Section: "post-stage/FluidComparatorRegistryImpl/"
[20:34:57] [REI-ReloadPlugins/TRACE] [REI] [REIPlugin START] Reloading Section: "post-stage/FluidComparatorRegistryImpl/" done in 4.725 μs
[20:34:57] [REI-ReloadPlugins/TRACE] [REI] [REIPlugin START] Reloading Section: "post-stage/DisplaySerializerRegistryImpl/"
[20:34:57] [REI-ReloadPlugins/TRACE] [REI] [REIPlugin START] Reloading Section: "post-stage/DisplaySerializerRegistryImpl/" done in 5.150 μs
[20:34:57] [REI-ReloadPlugins/TRACE] [REI] [REIPlugin START] Reloading Section: "post-stage/FluidSupportProviderImpl/"
[20:34:57] [REI-ReloadPlugins/TRACE] [REI] [REIPlugin START] Reloading Section: "post-stage/FluidSupportProviderImpl/" done in 25.76 μs
[20:34:57] [REI-ReloadPlugins/TRACE] [REI] [REIPlugin START] Reloading Section: "post-stage/me.shedaniel.rei.plugin.client.runtime.PluginStageExecutionWatcher$1/"
[20:34:57] [REI-ReloadPlugins/TRACE] [REI] [REIPlugin START] Reloading Section: "post-stage/me.shedaniel.rei.plugin.client.runtime.PluginStageExecutionWatcher$1/" done in 26.77 μs
[20:34:57] [REI-ReloadPlugins/TRACE] [REI] [REIPlugin START] Reloading Section: "post-stage/" done in 234.0 μs
[20:34:57] [REI-ReloadPlugins/DEBUG] [REI] ========================================
[20:34:57] [REI-ReloadPlugins/INFO] [REI] REIPlugin finished post-reload for START in 1.194 ms, totaling 34.16 ms.
[20:34:57] [REI-ReloadPlugins/DEBUG] [REI] ========================================
[20:34:57] [REI-ReloadPlugins/DEBUG] [REI] ========================================
[20:34:57] [REI-ReloadPlugins/DEBUG] [REI] REIClientPlugin starting post-reload for START.
[20:34:57] [REI-ReloadPlugins/DEBUG] [REI] Reloadables (18):
[20:34:57] [REI-ReloadPlugins/DEBUG] [REI]  - EntryRendererRegistryImpl
[20:34:57] [REI-ReloadPlugins/DEBUG] [REI]  - ViewsImpl
[20:34:57] [REI-ReloadPlugins/DEBUG] [REI]  - InputMethodRegistryImpl
[20:34:57] [REI-ReloadPlugins/DEBUG] [REI]  - SearchProviderImpl
[20:34:57] [REI-ReloadPlugins/DEBUG] [REI]  - ConfigManagerImpl
[20:34:57] [REI-ReloadPlugins/DEBUG] [REI]  - EntryRegistryImpl
[20:34:57] [REI-ReloadPlugins/DEBUG] [REI]  - CollapsibleEntryRegistryImpl
[20:34:57] [REI-ReloadPlugins/DEBUG] [REI]  - BasicFilteringRuleImpl
[20:34:57] [REI-ReloadPlugins/DEBUG] [REI]  - CategoryRegistryImpl
[20:34:57] [REI-ReloadPlugins/DEBUG] [REI]  - DisplayRegistryImpl
[20:34:57] [REI-ReloadPlugins/DEBUG] [REI]  - ScreenRegistryImpl
[20:34:57] [REI-ReloadPlugins/DEBUG] [REI]  - FavoriteEntryTypeRegistryImpl
[20:34:57] [REI-ReloadPlugins/DEBUG] [REI]  - SubsetsRegistryImpl
[20:34:57] [REI-ReloadPlugins/DEBUG] [REI]  - TransferHandlerRegistryImpl
[20:34:57] [REI-ReloadPlugins/DEBUG] [REI]  - SearchRuntime
[20:34:57] [REI-ReloadPlugins/DEBUG] [REI]  - REIRuntimeImpl
[20:34:57] [REI-ReloadPlugins/DEBUG] [REI]  - ConfigAddonRegistryImpl
[20:34:57] [REI-ReloadPlugins/DEBUG] [REI]  - me.shedaniel.rei.plugin.client.runtime.PluginStageExecutionWatcher$1
[20:34:57] [REI-ReloadPlugins/DEBUG] [REI] Plugins (18):
[20:34:57] [REI-ReloadPlugins/DEBUG] [REI]  - (-100.00) DefaultClientPluginImpl of DefaultClientPluginImpl [roughlyenoughitems]
[20:34:57] [REI-ReloadPlugins/DEBUG] [REI]  - (0.00) REICompat of REICompat [supplementaries]
[20:34:57] [REI-ReloadPlugins/DEBUG] [REI]  - (0.00) GTREIPlugin of GTREIPlugin [gtceu]
[20:34:57] [REI-ReloadPlugins/DEBUG] [REI]  - (0.00) FTBQuestsREIIntegrationForge of FTBQuestsREIIntegrationForge [ftbxmodcompat]
[20:34:57] [REI-ReloadPlugins/DEBUG] [REI]  - (0.00) ExtendedAE of ExtendedAE [expatternprovider]
[20:34:57] [REI-ReloadPlugins/DEBUG] [REI]  - (0.00) FramedReiPlugin of FramedReiPlugin [framedblocks]
[20:34:57] [REI-ReloadPlugins/DEBUG] [REI]  - (0.00) StorageReiClientPlugin of StorageReiClientPlugin [sophisticatedstorage]
[20:34:57] [REI-ReloadPlugins/DEBUG] [REI]  - (0.00) BackpackReiClientPlugin of BackpackReiClientPlugin [sophisticatedbackpacks]
[20:34:57] [REI-ReloadPlugins/DEBUG] [REI]  - (0.00) ReiIsDumbClientPlugin of ReiIsDumbClientPlugin [ad_astra]
[20:34:57] [REI-ReloadPlugins/DEBUG] [REI]  - (0.00) almostunified.roughlyenoughitems of almostunified.roughlyenoughitems [almostunified]
[20:34:57] [REI-ReloadPlugins/DEBUG] [REI]  - (0.00) AdornReiClientForge of AdornReiClientForge [adorn]
[20:34:57] [REI-ReloadPlugins/DEBUG] [REI]  - (0.00) REIPluginImpl of REIPluginImpl [ldlib]
[20:34:57] [REI-ReloadPlugins/DEBUG] [REI]  - (0.00) ReiClientPlugin of ReiClientPlugin [craftingstation]
[20:34:57] [REI-ReloadPlugins/DEBUG] [REI]  - (0.00) REIForgePluginStub of REIForgePluginStub [ftblibrary]
[20:34:57] [REI-ReloadPlugins/DEBUG] [REI]  - (0.00) AE2 of AE2 [ae2]
[20:34:57] [REI-ReloadPlugins/DEBUG] [REI]  - (0.00) HideIngredientsFromTagsPlugin of HideIngredientsFromTagsPlugin [roughlyenoughitems]
[20:34:57] [REI-ReloadPlugins/DEBUG] [REI]  - (0.00) DefaultClientRuntimePlugin of DefaultClientRuntimePlugin [roughlyenoughitems]
[20:34:57] [REI-ReloadPlugins/DEBUG] [REI]  - (10000000.00) REIForgePluginStub of REIForgePluginStub [kubejs]
[20:34:57] [REI-ReloadPlugins/DEBUG] [REI] ========================================
[20:34:57] [REI-ReloadPlugins/TRACE] [REI] [REIClientPlugin START] Reloading Section: "post-register/"
[20:34:57] [REI-ReloadPlugins/TRACE] [REI] [REIClientPlugin START] Reloading Section: "post-register/DefaultClientPluginImpl of DefaultClientPluginImpl [roughlyenoughitems]/"
[20:34:57] [REI-ReloadPlugins/TRACE] [REI] [REIClientPlugin START] Reloading Section: "post-register/DefaultClientPluginImpl of DefaultClientPluginImpl [roughlyenoughitems]/" done in 10.84 μs
[20:34:57] [REI-ReloadPlugins/TRACE] [REI] [REIClientPlugin START] Reloading Section: "post-register/REICompat of REICompat [supplementaries]/"
[20:34:57] [REI-ReloadPlugins/TRACE] [REI] [REIClientPlugin START] Reloading Section: "post-register/REICompat of REICompat [supplementaries]/" done in 5.948 μs
[20:34:57] [REI-ReloadPlugins/TRACE] [REI] [REIClientPlugin START] Reloading Section: "post-register/GTREIPlugin of GTREIPlugin [gtceu]/"
[20:34:57] [REI-ReloadPlugins/TRACE] [REI] [REIClientPlugin START] Reloading Section: "post-register/GTREIPlugin of GTREIPlugin [gtceu]/" done in 5.146 μs
[20:34:57] [REI-ReloadPlugins/TRACE] [REI] [REIClientPlugin START] Reloading Section: "post-register/FTBQuestsREIIntegrationForge of FTBQuestsREIIntegrationForge [ftbxmodcompat]/"
[20:34:57] [REI-ReloadPlugins/TRACE] [REI] [REIClientPlugin START] Reloading Section: "post-register/FTBQuestsREIIntegrationForge of FTBQuestsREIIntegrationForge [ftbxmodcompat]/" done in 5.748 μs
[20:34:57] [REI-ReloadPlugins/TRACE] [REI] [REIClientPlugin START] Reloading Section: "post-register/ExtendedAE of ExtendedAE [expatternprovider]/"
[20:34:57] [REI-ReloadPlugins/TRACE] [REI] [REIClientPlugin START] Reloading Section: "post-register/ExtendedAE of ExtendedAE [expatternprovider]/" done in 5.036 μs
[20:34:57] [REI-ReloadPlugins/TRACE] [REI] [REIClientPlugin START] Reloading Section: "post-register/FramedReiPlugin of FramedReiPlugin [framedblocks]/"
[20:34:57] [REI-ReloadPlugins/TRACE] [REI] [REIClientPlugin START] Reloading Section: "post-register/FramedReiPlugin of FramedReiPlugin [framedblocks]/" done in 5.070 μs
[20:34:57] [REI-ReloadPlugins/TRACE] [REI] [REIClientPlugin START] Reloading Section: "post-register/StorageReiClientPlugin of StorageReiClientPlugin [sophisticatedstorage]/"
[20:34:57] [REI-ReloadPlugins/TRACE] [REI] [REIClientPlugin START] Reloading Section: "post-register/StorageReiClientPlugin of StorageReiClientPlugin [sophisticatedstorage]/" done in 5.255 μs
[20:34:57] [REI-ReloadPlugins/TRACE] [REI] [REIClientPlugin START] Reloading Section: "post-register/BackpackReiClientPlugin of BackpackReiClientPlugin [sophisticatedbackpacks]/"
[20:34:57] [REI-ReloadPlugins/TRACE] [REI] [REIClientPlugin START] Reloading Section: "post-register/BackpackReiClientPlugin of BackpackReiClientPlugin [sophisticatedbackpacks]/" done in 5.478 μs
[20:34:57] [REI-ReloadPlugins/TRACE] [REI] [REIClientPlugin START] Reloading Section: "post-register/ReiIsDumbClientPlugin of ReiIsDumbClientPlugin [ad_astra]/"
[20:34:57] [REI-ReloadPlugins/TRACE] [REI] [REIClientPlugin START] Reloading Section: "post-register/ReiIsDumbClientPlugin of ReiIsDumbClientPlugin [ad_astra]/" done in 5.214 μs
[20:34:57] [REI-ReloadPlugins/TRACE] [REI] [REIClientPlugin START] Reloading Section: "post-register/almostunified.roughlyenoughitems of almostunified.roughlyenoughitems [almostunified]/"
[20:34:57] [REI-ReloadPlugins/TRACE] [REI] [REIClientPlugin START] Reloading Section: "post-register/almostunified.roughlyenoughitems of almostunified.roughlyenoughitems [almostunified]/" done in 6.131 μs
[20:34:57] [REI-ReloadPlugins/TRACE] [REI] [REIClientPlugin START] Reloading Section: "post-register/AdornReiClientForge of AdornReiClientForge [adorn]/"
[20:34:57] [REI-ReloadPlugins/TRACE] [REI] [REIClientPlugin START] Reloading Section: "post-register/AdornReiClientForge of AdornReiClientForge [adorn]/" done in 5.197 μs
[20:34:57] [REI-ReloadPlugins/TRACE] [REI] [REIClientPlugin START] Reloading Section: "post-register/REIPluginImpl of REIPluginImpl [ldlib]/"
[20:34:57] [REI-ReloadPlugins/TRACE] [REI] [REIClientPlugin START] Reloading Section: "post-register/REIPluginImpl of REIPluginImpl [ldlib]/" done in 4.948 μs
[20:34:57] [REI-ReloadPlugins/TRACE] [REI] [REIClientPlugin START] Reloading Section: "post-register/ReiClientPlugin of ReiClientPlugin [craftingstation]/"
[20:34:57] [REI-ReloadPlugins/TRACE] [REI] [REIClientPlugin START] Reloading Section: "post-register/ReiClientPlugin of ReiClientPlugin [craftingstation]/" done in 4.947 μs
[20:34:57] [REI-ReloadPlugins/TRACE] [REI] [REIClientPlugin START] Reloading Section: "post-register/REIForgePluginStub of REIForgePluginStub [ftblibrary]/"
[20:34:57] [REI-ReloadPlugins/TRACE] [REI] [REIClientPlugin START] Reloading Section: "post-register/REIForgePluginStub of REIForgePluginStub [ftblibrary]/" done in 5.117 μs
[20:34:57] [REI-ReloadPlugins/TRACE] [REI] [REIClientPlugin START] Reloading Section: "post-register/AE2 of AE2 [ae2]/"
[20:34:57] [REI-ReloadPlugins/TRACE] [REI] [REIClientPlugin START] Reloading Section: "post-register/AE2 of AE2 [ae2]/" done in 5.329 μs
[20:34:57] [REI-ReloadPlugins/TRACE] [REI] [REIClientPlugin START] Reloading Section: "post-register/HideIngredientsFromTagsPlugin of HideIngredientsFromTagsPlugin [roughlyenoughitems]/"
[20:34:57] [REI-ReloadPlugins/TRACE] [REI] [REIClientPlugin START] Reloading Section: "post-register/HideIngredientsFromTagsPlugin of HideIngredientsFromTagsPlugin [roughlyenoughitems]/" done in 7.256 μs
[20:34:57] [REI-ReloadPlugins/TRACE] [REI] [REIClientPlugin START] Reloading Section: "post-register/DefaultClientRuntimePlugin of DefaultClientRuntimePlugin [roughlyenoughitems]/"
[20:34:57] [REI-ReloadPlugins/TRACE] [REI] [REIClientPlugin START] Reloading Section: "post-register/DefaultClientRuntimePlugin of DefaultClientRuntimePlugin [roughlyenoughitems]/" done in 6.527 μs
[20:34:57] [REI-ReloadPlugins/TRACE] [REI] [REIClientPlugin START] Reloading Section: "post-register/REIForgePluginStub of REIForgePluginStub [kubejs]/"
[20:34:57] [REI-ReloadPlugins/TRACE] [REI] [REIClientPlugin START] Reloading Section: "post-register/REIForgePluginStub of REIForgePluginStub [kubejs]/" done in 5.352 μs
[20:34:57] [REI-ReloadPlugins/TRACE] [REI] [REIClientPlugin START] Reloading Section: "post-register/" done in 335.6 μs
[20:34:57] [REI-ReloadPlugins/TRACE] [REI] [REIClientPlugin START] Reloading Section: "post-stage/"
[20:34:57] [REI-ReloadPlugins/TRACE] [REI] [REIClientPlugin START] Reloading Section: "post-stage/EntryRendererRegistryImpl/"
[20:34:57] [REI-ReloadPlugins/TRACE] [REI] [REIClientPlugin START] Reloading Section: "post-stage/EntryRendererRegistryImpl/" done in 6.822 μs
[20:34:57] [REI-ReloadPlugins/TRACE] [REI] [REIClientPlugin START] Reloading Section: "post-stage/ViewsImpl/"
[20:34:57] [REI-ReloadPlugins/TRACE] [REI] [REIClientPlugin START] Reloading Section: "post-stage/ViewsImpl/" done in 5.174 μs
[20:34:57] [REI-ReloadPlugins/TRACE] [REI] [REIClientPlugin START] Reloading Section: "post-stage/InputMethodRegistryImpl/"
[20:34:57] [REI-ReloadPlugins/TRACE] [REI] [REIClientPlugin START] Reloading Section: "post-stage/InputMethodRegistryImpl/" done in 5.792 μs
[20:34:57] [REI-ReloadPlugins/TRACE] [REI] [REIClientPlugin START] Reloading Section: "post-stage/SearchProviderImpl/"
[20:34:57] [REI-ReloadPlugins/TRACE] [REI] [REIClientPlugin START] Reloading Section: "post-stage/SearchProviderImpl/" done in 4.978 μs
[20:34:57] [REI-ReloadPlugins/TRACE] [REI] [REIClientPlugin START] Reloading Section: "post-stage/ConfigManagerImpl/"
[20:34:57] [REI-ReloadPlugins/TRACE] [REI] [REIClientPlugin START] Reloading Section: "post-stage/ConfigManagerImpl/" done in 7.116 μs
[20:34:57] [REI-ReloadPlugins/TRACE] [REI] [REIClientPlugin START] Reloading Section: "post-stage/EntryRegistryImpl/"
[20:34:57] [REI-ReloadPlugins/TRACE] [REI] [REIClientPlugin START] Reloading Section: "post-stage/EntryRegistryImpl/" done in 4.734 μs
[20:34:57] [REI-ReloadPlugins/TRACE] [REI] [REIClientPlugin START] Reloading Section: "post-stage/CollapsibleEntryRegistryImpl/"
[20:34:57] [REI-ReloadPlugins/TRACE] [REI] [REIClientPlugin START] Reloading Section: "post-stage/CollapsibleEntryRegistryImpl/" done in 4.503 μs
[20:34:57] [REI-ReloadPlugins/TRACE] [REI] [REIClientPlugin START] Reloading Section: "post-stage/BasicFilteringRuleImpl/"
[20:34:57] [REI-ReloadPlugins/TRACE] [REI] [REIClientPlugin START] Reloading Section: "post-stage/BasicFilteringRuleImpl/" done in 4.938 μs
[20:34:57] [REI-ReloadPlugins/TRACE] [REI] [REIClientPlugin START] Reloading Section: "post-stage/CategoryRegistryImpl/"
[20:34:57] [REI-ReloadPlugins/TRACE] [REI] [REIClientPlugin START] Reloading Section: "post-stage/CategoryRegistryImpl/" done in 4.844 μs
[20:34:57] [REI-ReloadPlugins/TRACE] [REI] [REIClientPlugin START] Reloading Section: "post-stage/DisplayRegistryImpl/"
[20:34:57] [REI-ReloadPlugins/TRACE] [REI] [REIClientPlugin START] Reloading Section: "post-stage/DisplayRegistryImpl/" done in 9.645 μs
[20:34:57] [REI-ReloadPlugins/TRACE] [REI] [REIClientPlugin START] Reloading Section: "post-stage/ScreenRegistryImpl/"
[20:34:57] [REI-ReloadPlugins/TRACE] [REI] [REIClientPlugin START] Reloading Section: "post-stage/ScreenRegistryImpl/" done in 4.816 μs
[20:34:57] [REI-ReloadPlugins/TRACE] [REI] [REIClientPlugin START] Reloading Section: "post-stage/FavoriteEntryTypeRegistryImpl/"
[20:34:57] [REI-ReloadPlugins/TRACE] [REI] [REIClientPlugin START] Reloading Section: "post-stage/FavoriteEntryTypeRegistryImpl/" done in 4.843 μs
[20:34:57] [REI-ReloadPlugins/TRACE] [REI] [REIClientPlugin START] Reloading Section: "post-stage/SubsetsRegistryImpl/"
[20:34:57] [REI-ReloadPlugins/TRACE] [REI] [REIClientPlugin START] Reloading Section: "post-stage/SubsetsRegistryImpl/" done in 11.53 μs
[20:34:57] [REI-ReloadPlugins/TRACE] [REI] [REIClientPlugin START] Reloading Section: "post-stage/TransferHandlerRegistryImpl/"
[20:34:57] [REI-ReloadPlugins/TRACE] [REI] [REIClientPlugin START] Reloading Section: "post-stage/TransferHandlerRegistryImpl/" done in 4.837 μs
[20:34:57] [REI-ReloadPlugins/TRACE] [REI] [REIClientPlugin START] Reloading Section: "post-stage/SearchRuntime/"
[20:34:57] [REI-ReloadPlugins/TRACE] [REI] [REIClientPlugin START] Reloading Section: "post-stage/SearchRuntime/" done in 4.817 μs
[20:34:57] [REI-ReloadPlugins/TRACE] [REI] [REIClientPlugin START] Reloading Section: "post-stage/REIRuntimeImpl/"
[20:34:57] [REI-ReloadPlugins/TRACE] [REI] [REIClientPlugin START] Reloading Section: "post-stage/REIRuntimeImpl/" done in 6.091 μs
[20:34:57] [REI-ReloadPlugins/TRACE] [REI] [REIClientPlugin START] Reloading Section: "post-stage/ConfigAddonRegistryImpl/"
[20:34:57] [REI-ReloadPlugins/TRACE] [REI] [REIClientPlugin START] Reloading Section: "post-stage/ConfigAddonRegistryImpl/" done in 4.729 μs
[20:34:57] [REI-ReloadPlugins/TRACE] [REI] [REIClientPlugin START] Reloading Section: "post-stage/me.shedaniel.rei.plugin.client.runtime.PluginStageExecutionWatcher$1/"
[20:34:57] [REI-ReloadPlugins/TRACE] [REI] [REIClientPlugin START] Reloading Section: "post-stage/me.shedaniel.rei.plugin.client.runtime.PluginStageExecutionWatcher$1/" done in 9.119 μs
[20:34:57] [REI-ReloadPlugins/TRACE] [REI] [REIClientPlugin START] Reloading Section: "post-stage/" done in 291.8 μs
[20:34:57] [REI-ReloadPlugins/DEBUG] [REI] ========================================
[20:34:57] [REI-ReloadPlugins/INFO] [REI] REIClientPlugin finished post-reload for START in 646.8 μs, totaling 3.190 s.
[20:34:57] [REI-ReloadPlugins/DEBUG] [REI] ========================================
[20:34:57] [REI-ReloadPlugins/DEBUG] [REI] ========================================
[20:34:57] [REI-ReloadPlugins/DEBUG] [REI] REIServerPlugin starting post-reload for START.
[20:34:57] [REI-ReloadPlugins/DEBUG] [REI] Reloadables (3):
[20:34:57] [REI-ReloadPlugins/DEBUG] [REI]  - MenuInfoRegistryImpl
[20:34:57] [REI-ReloadPlugins/DEBUG] [REI]  - SlotAccessorRegistryImpl
[20:34:57] [REI-ReloadPlugins/DEBUG] [REI]  - me.shedaniel.rei.plugin.client.runtime.PluginStageExecutionWatcher$1
[20:34:57] [REI-ReloadPlugins/DEBUG] [REI] Plugins (7):
[20:34:57] [REI-ReloadPlugins/DEBUG] [REI]  - (-100.00) DefaultPluginImpl of DefaultPluginImpl [roughlyenoughitems]
[20:34:57] [REI-ReloadPlugins/DEBUG] [REI]  - (0.00) StorageReiCommonPlugin of StorageReiCommonPlugin [sophisticatedstorage]
[20:34:57] [REI-ReloadPlugins/DEBUG] [REI]  - (0.00) ReiPlugin of ReiPlugin [craftingstation]
[20:34:57] [REI-ReloadPlugins/DEBUG] [REI]  - (0.00) BackpackReiCommonPlugin of BackpackReiCommonPlugin [sophisticatedbackpacks]
[20:34:57] [REI-ReloadPlugins/DEBUG] [REI]  - (0.00) CoreReiCommonPlugin of CoreReiCommonPlugin [sophisticatedcore]
[20:34:57] [REI-ReloadPlugins/DEBUG] [REI]  - (0.00) AdornReiServerForge of AdornReiServerForge [adorn]
[20:34:57] [REI-ReloadPlugins/DEBUG] [REI]  - (0.00) DefaultRuntimePlugin of DefaultRuntimePlugin [roughlyenoughitems]
[20:34:57] [REI-ReloadPlugins/DEBUG] [REI] ========================================
[20:34:57] [REI-ReloadPlugins/TRACE] [REI] [REIServerPlugin START] Reloading Section: "post-register/"
[20:34:57] [REI-ReloadPlugins/TRACE] [REI] [REIServerPlugin START] Reloading Section: "post-register/DefaultPluginImpl of DefaultPluginImpl [roughlyenoughitems]/"
[20:34:57] [REI-ReloadPlugins/TRACE] [REI] [REIServerPlugin START] Reloading Section: "post-register/DefaultPluginImpl of DefaultPluginImpl [roughlyenoughitems]/" done in 8.915 μs
[20:34:57] [REI-ReloadPlugins/TRACE] [REI] [REIServerPlugin START] Reloading Section: "post-register/StorageReiCommonPlugin of StorageReiCommonPlugin [sophisticatedstorage]/"
[20:34:57] [REI-ReloadPlugins/TRACE] [REI] [REIServerPlugin START] Reloading Section: "post-register/StorageReiCommonPlugin of StorageReiCommonPlugin [sophisticatedstorage]/" done in 6.296 μs
[20:34:57] [REI-ReloadPlugins/TRACE] [REI] [REIServerPlugin START] Reloading Section: "post-register/ReiPlugin of ReiPlugin [craftingstation]/"
[20:34:57] [REI-ReloadPlugins/TRACE] [REI] [REIServerPlugin START] Reloading Section: "post-register/ReiPlugin of ReiPlugin [craftingstation]/" done in 5.779 μs
[20:34:57] [REI-ReloadPlugins/TRACE] [REI] [REIServerPlugin START] Reloading Section: "post-register/BackpackReiCommonPlugin of BackpackReiCommonPlugin [sophisticatedbackpacks]/"
[20:34:57] [REI-ReloadPlugins/TRACE] [REI] [REIServerPlugin START] Reloading Section: "post-register/BackpackReiCommonPlugin of BackpackReiCommonPlugin [sophisticatedbackpacks]/" done in 5.487 μs
[20:34:57] [REI-ReloadPlugins/TRACE] [REI] [REIServerPlugin START] Reloading Section: "post-register/CoreReiCommonPlugin of CoreReiCommonPlugin [sophisticatedcore]/"
[20:34:57] [REI-ReloadPlugins/TRACE] [REI] [REIServerPlugin START] Reloading Section: "post-register/CoreReiCommonPlugin of CoreReiCommonPlugin [sophisticatedcore]/" done in 7.191 μs
[20:34:57] [REI-ReloadPlugins/TRACE] [REI] [REIServerPlugin START] Reloading Section: "post-register/AdornReiServerForge of AdornReiServerForge [adorn]/"
[20:34:57] [REI-ReloadPlugins/TRACE] [REI] [REIServerPlugin START] Reloading Section: "post-register/AdornReiServerForge of AdornReiServerForge [adorn]/" done in 5.756 μs
[20:34:57] [REI-ReloadPlugins/TRACE] [REI] [REIServerPlugin START] Reloading Section: "post-register/DefaultRuntimePlugin of DefaultRuntimePlugin [roughlyenoughitems]/"
[20:34:57] [REI-ReloadPlugins/TRACE] [REI] [REIServerPlugin START] Reloading Section: "post-register/DefaultRuntimePlugin of DefaultRuntimePlugin [roughlyenoughitems]/" done in 5.081 μs
[20:34:57] [REI-ReloadPlugins/TRACE] [REI] [REIServerPlugin START] Reloading Section: "post-register/" done in 131.6 μs
[20:34:57] [REI-ReloadPlugins/TRACE] [REI] [REIServerPlugin START] Reloading Section: "post-stage/"
[20:34:57] [REI-ReloadPlugins/TRACE] [REI] [REIServerPlugin START] Reloading Section: "post-stage/MenuInfoRegistryImpl/"
[20:34:57] [REI-ReloadPlugins/TRACE] [REI] [REIServerPlugin START] Reloading Section: "post-stage/MenuInfoRegistryImpl/" done in 6.891 μs
[20:34:57] [REI-ReloadPlugins/TRACE] [REI] [REIServerPlugin START] Reloading Section: "post-stage/SlotAccessorRegistryImpl/"
[20:34:57] [REI-ReloadPlugins/TRACE] [REI] [REIServerPlugin START] Reloading Section: "post-stage/SlotAccessorRegistryImpl/" done in 5.651 μs
[20:34:57] [REI-ReloadPlugins/TRACE] [REI] [REIServerPlugin START] Reloading Section: "post-stage/me.shedaniel.rei.plugin.client.runtime.PluginStageExecutionWatcher$1/"
[20:34:57] [REI-ReloadPlugins/TRACE] [REI] [REIServerPlugin START] Reloading Section: "post-stage/me.shedaniel.rei.plugin.client.runtime.PluginStageExecutionWatcher$1/" done in 10.08 μs
[20:34:57] [REI-ReloadPlugins/TRACE] [REI] [REIServerPlugin START] Reloading Section: "post-stage/" done in 60.34 μs
[20:34:57] [REI-ReloadPlugins/DEBUG] [REI] ========================================
[20:34:57] [REI-ReloadPlugins/INFO] [REI] REIServerPlugin finished post-reload for START in 215.3 μs, totaling 3.398 ms.
[20:34:57] [REI-ReloadPlugins/DEBUG] [REI] ========================================
[20:34:57] [REI-ReloadPlugins/DEBUG] [REI] ========================================
[20:34:57] [REI-ReloadPlugins/DEBUG] [REI] REIPlugin starting pre-reload for END.
[20:34:57] [REI-ReloadPlugins/DEBUG] [REI] Reloadables (8):
[20:34:57] [REI-ReloadPlugins/DEBUG] [REI]  - EntryTypeRegistryImpl
[20:34:57] [REI-ReloadPlugins/DEBUG] [REI]  - EntrySettingsAdapterRegistryImpl
[20:34:57] [REI-ReloadPlugins/DEBUG] [REI]  - RecipeManagerContextImpl
[20:34:57] [REI-ReloadPlugins/DEBUG] [REI]  - ItemComparatorRegistryImpl
[20:34:57] [REI-ReloadPlugins/DEBUG] [REI]  - FluidComparatorRegistryImpl
[20:34:57] [REI-ReloadPlugins/DEBUG] [REI]  - DisplaySerializerRegistryImpl
[20:34:57] [REI-ReloadPlugins/DEBUG] [REI]  - FluidSupportProviderImpl
[20:34:57] [REI-ReloadPlugins/DEBUG] [REI]  - me.shedaniel.rei.plugin.client.runtime.PluginStageExecutionWatcher$1
[20:34:57] [REI-ReloadPlugins/DEBUG] [REI] Plugins (25):
[20:34:57] [REI-ReloadPlugins/DEBUG] [REI]  - (-100.00) DefaultClientPluginImpl of DefaultClientPluginImpl [roughlyenoughitems]
[20:34:57] [REI-ReloadPlugins/DEBUG] [REI]  - (-100.00) DefaultPluginImpl of DefaultPluginImpl [roughlyenoughitems]
[20:34:57] [REI-ReloadPlugins/DEBUG] [REI]  - (0.00) HideIngredientsFromTagsPlugin of HideIngredientsFromTagsPlugin [roughlyenoughitems]
[20:34:57] [REI-ReloadPlugins/DEBUG] [REI]  - (0.00) DefaultClientRuntimePlugin of DefaultClientRuntimePlugin [roughlyenoughitems]
[20:34:57] [REI-ReloadPlugins/DEBUG] [REI]  - (0.00) DefaultRuntimePlugin of DefaultRuntimePlugin [roughlyenoughitems]
[20:34:57] [REI-ReloadPlugins/DEBUG] [REI]  - (0.00) REICompat of REICompat [supplementaries]
[20:34:57] [REI-ReloadPlugins/DEBUG] [REI]  - (0.00) GTREIPlugin of GTREIPlugin [gtceu]
[20:34:57] [REI-ReloadPlugins/DEBUG] [REI]  - (0.00) FTBQuestsREIIntegrationForge of FTBQuestsREIIntegrationForge [ftbxmodcompat]
[20:34:57] [REI-ReloadPlugins/DEBUG] [REI]  - (0.00) ExtendedAE of ExtendedAE [expatternprovider]
[20:34:57] [REI-ReloadPlugins/DEBUG] [REI]  - (0.00) FramedReiPlugin of FramedReiPlugin [framedblocks]
[20:34:57] [REI-ReloadPlugins/DEBUG] [REI]  - (0.00) StorageReiClientPlugin of StorageReiClientPlugin [sophisticatedstorage]
[20:34:57] [REI-ReloadPlugins/DEBUG] [REI]  - (0.00) BackpackReiClientPlugin of BackpackReiClientPlugin [sophisticatedbackpacks]
[20:34:57] [REI-ReloadPlugins/DEBUG] [REI]  - (0.00) ReiIsDumbClientPlugin of ReiIsDumbClientPlugin [ad_astra]
[20:34:57] [REI-ReloadPlugins/DEBUG] [REI]  - (0.00) almostunified.roughlyenoughitems of almostunified.roughlyenoughitems [almostunified]
[20:34:57] [REI-ReloadPlugins/DEBUG] [REI]  - (0.00) AdornReiClientForge of AdornReiClientForge [adorn]
[20:34:57] [REI-ReloadPlugins/DEBUG] [REI]  - (0.00) REIPluginImpl of REIPluginImpl [ldlib]
[20:34:57] [REI-ReloadPlugins/DEBUG] [REI]  - (0.00) StorageReiCommonPlugin of StorageReiCommonPlugin [sophisticatedstorage]
[20:34:57] [REI-ReloadPlugins/DEBUG] [REI]  - (0.00) ReiClientPlugin of ReiClientPlugin [craftingstation]
[20:34:57] [REI-ReloadPlugins/DEBUG] [REI]  - (0.00) ReiPlugin of ReiPlugin [craftingstation]
[20:34:57] [REI-ReloadPlugins/DEBUG] [REI]  - (0.00) REIForgePluginStub of REIForgePluginStub [ftblibrary]
[20:34:57] [REI-ReloadPlugins/DEBUG] [REI]  - (0.00) BackpackReiCommonPlugin of BackpackReiCommonPlugin [sophisticatedbackpacks]
[20:34:57] [REI-ReloadPlugins/DEBUG] [REI]  - (0.00) CoreReiCommonPlugin of CoreReiCommonPlugin [sophisticatedcore]
[20:34:57] [REI-ReloadPlugins/DEBUG] [REI]  - (0.00) AdornReiServerForge of AdornReiServerForge [adorn]
[20:34:57] [REI-ReloadPlugins/DEBUG] [REI]  - (0.00) AE2 of AE2 [ae2]
[20:34:57] [REI-ReloadPlugins/DEBUG] [REI]  - (10000000.00) REIForgePluginStub of REIForgePluginStub [kubejs]
[20:34:57] [REI-ReloadPlugins/DEBUG] [REI] ========================================
[20:34:57] [REI-ReloadPlugins/TRACE] [REI] [REIPlugin END] Reloading Section: "pre-register/"
[20:34:57] [REI-ReloadPlugins/TRACE] [REI] [REIPlugin END] Reloading Section: "pre-register/DefaultClientPluginImpl of DefaultClientPluginImpl [roughlyenoughitems]/"
[20:34:57] [REI-ReloadPlugins/TRACE] [REI] [REIPlugin END] Reloading Section: "pre-register/DefaultClientPluginImpl of DefaultClientPluginImpl [roughlyenoughitems]/" done in 9.786 μs
[20:34:57] [REI-ReloadPlugins/TRACE] [REI] [REIPlugin END] Reloading Section: "pre-register/DefaultPluginImpl of DefaultPluginImpl [roughlyenoughitems]/"
[20:34:57] [REI-ReloadPlugins/TRACE] [REI] [REIPlugin END] Reloading Section: "pre-register/DefaultPluginImpl of DefaultPluginImpl [roughlyenoughitems]/" done in 5.647 μs
[20:34:57] [REI-ReloadPlugins/TRACE] [REI] [REIPlugin END] Reloading Section: "pre-register/HideIngredientsFromTagsPlugin of HideIngredientsFromTagsPlugin [roughlyenoughitems]/"
[20:34:57] [REI-ReloadPlugins/TRACE] [REI] [REIPlugin END] Reloading Section: "pre-register/HideIngredientsFromTagsPlugin of HideIngredientsFromTagsPlugin [roughlyenoughitems]/" done in 5.340 μs
[20:34:57] [REI-ReloadPlugins/TRACE] [REI] [REIPlugin END] Reloading Section: "pre-register/DefaultClientRuntimePlugin of DefaultClientRuntimePlugin [roughlyenoughitems]/"
[20:34:57] [REI-ReloadPlugins/TRACE] [REI] [REIPlugin END] Reloading Section: "pre-register/DefaultClientRuntimePlugin of DefaultClientRuntimePlugin [roughlyenoughitems]/" done in 5.575 μs
[20:34:57] [REI-ReloadPlugins/TRACE] [REI] [REIPlugin END] Reloading Section: "pre-register/DefaultRuntimePlugin of DefaultRuntimePlugin [roughlyenoughitems]/"
[20:34:57] [REI-ReloadPlugins/TRACE] [REI] [REIPlugin END] Reloading Section: "pre-register/DefaultRuntimePlugin of DefaultRuntimePlugin [roughlyenoughitems]/" done in 5.026 μs
[20:34:57] [REI-ReloadPlugins/TRACE] [REI] [REIPlugin END] Reloading Section: "pre-register/REICompat of REICompat [supplementaries]/"
[20:34:57] [REI-ReloadPlugins/TRACE] [REI] [REIPlugin END] Reloading Section: "pre-register/REICompat of REICompat [supplementaries]/" done in 5.236 μs
[20:34:57] [REI-ReloadPlugins/TRACE] [REI] [REIPlugin END] Reloading Section: "pre-register/GTREIPlugin of GTREIPlugin [gtceu]/"
[20:34:57] [REI-ReloadPlugins/TRACE] [REI] [REIPlugin END] Reloading Section: "pre-register/GTREIPlugin of GTREIPlugin [gtceu]/" done in 6.452 μs
[20:34:57] [REI-ReloadPlugins/TRACE] [REI] [REIPlugin END] Reloading Section: "pre-register/FTBQuestsREIIntegrationForge of FTBQuestsREIIntegrationForge [ftbxmodcompat]/"
[20:34:57] [REI-ReloadPlugins/TRACE] [REI] [REIPlugin END] Reloading Section: "pre-register/FTBQuestsREIIntegrationForge of FTBQuestsREIIntegrationForge [ftbxmodcompat]/" done in 1.067 ms
[20:34:57] [REI-ReloadPlugins/TRACE] [REI] [REIPlugin END] Reloading Section: "pre-register/ExtendedAE of ExtendedAE [expatternprovider]/"
[20:34:57] [REI-ReloadPlugins/TRACE] [REI] [REIPlugin END] Reloading Section: "pre-register/ExtendedAE of ExtendedAE [expatternprovider]/" done in 11.03 μs
[20:34:57] [REI-ReloadPlugins/TRACE] [REI] [REIPlugin END] Reloading Section: "pre-register/FramedReiPlugin of FramedReiPlugin [framedblocks]/"
[20:34:57] [REI-ReloadPlugins/TRACE] [REI] [REIPlugin END] Reloading Section: "pre-register/FramedReiPlugin of FramedReiPlugin [framedblocks]/" done in 7.980 μs
[20:34:57] [REI-ReloadPlugins/TRACE] [REI] [REIPlugin END] Reloading Section: "pre-register/StorageReiClientPlugin of StorageReiClientPlugin [sophisticatedstorage]/"
[20:34:57] [REI-ReloadPlugins/TRACE] [REI] [REIPlugin END] Reloading Section: "pre-register/StorageReiClientPlugin of StorageReiClientPlugin [sophisticatedstorage]/" done in 7.244 μs
[20:34:57] [REI-ReloadPlugins/TRACE] [REI] [REIPlugin END] Reloading Section: "pre-register/BackpackReiClientPlugin of BackpackReiClientPlugin [sophisticatedbackpacks]/"
[20:34:57] [REI-ReloadPlugins/TRACE] [REI] [REIPlugin END] Reloading Section: "pre-register/BackpackReiClientPlugin of BackpackReiClientPlugin [sophisticatedbackpacks]/" done in 6.209 μs
[20:34:57] [REI-ReloadPlugins/TRACE] [REI] [REIPlugin END] Reloading Section: "pre-register/ReiIsDumbClientPlugin of ReiIsDumbClientPlugin [ad_astra]/"
[20:34:57] [REI-ReloadPlugins/TRACE] [REI] [REIPlugin END] Reloading Section: "pre-register/ReiIsDumbClientPlugin of ReiIsDumbClientPlugin [ad_astra]/" done in 5.484 μs
[20:34:57] [REI-ReloadPlugins/TRACE] [REI] [REIPlugin END] Reloading Section: "pre-register/almostunified.roughlyenoughitems of almostunified.roughlyenoughitems [almostunified]/"
[20:34:57] [REI-ReloadPlugins/TRACE] [REI] [REIPlugin END] Reloading Section: "pre-register/almostunified.roughlyenoughitems of almostunified.roughlyenoughitems [almostunified]/" done in 5.349 μs
[20:34:57] [REI-ReloadPlugins/TRACE] [REI] [REIPlugin END] Reloading Section: "pre-register/AdornReiClientForge of AdornReiClientForge [adorn]/"
[20:34:57] [REI-ReloadPlugins/TRACE] [REI] [REIPlugin END] Reloading Section: "pre-register/AdornReiClientForge of AdornReiClientForge [adorn]/" done in 5.380 μs
[20:34:57] [REI-ReloadPlugins/TRACE] [REI] [REIPlugin END] Reloading Section: "pre-register/REIPluginImpl of REIPluginImpl [ldlib]/"
[20:34:57] [REI-ReloadPlugins/TRACE] [REI] [REIPlugin END] Reloading Section: "pre-register/REIPluginImpl of REIPluginImpl [ldlib]/" done in 5.378 μs
[20:34:57] [REI-ReloadPlugins/TRACE] [REI] [REIPlugin END] Reloading Section: "pre-register/StorageReiCommonPlugin of StorageReiCommonPlugin [sophisticatedstorage]/"
[20:34:57] [REI-ReloadPlugins/TRACE] [REI] [REIPlugin END] Reloading Section: "pre-register/StorageReiCommonPlugin of StorageReiCommonPlugin [sophisticatedstorage]/" done in 5.154 μs
[20:34:57] [REI-ReloadPlugins/TRACE] [REI] [REIPlugin END] Reloading Section: "pre-register/ReiClientPlugin of ReiClientPlugin [craftingstation]/"
[20:34:57] [REI-ReloadPlugins/TRACE] [REI] [REIPlugin END] Reloading Section: "pre-register/ReiClientPlugin of ReiClientPlugin [craftingstation]/" done in 5.447 μs
[20:34:57] [REI-ReloadPlugins/TRACE] [REI] [REIPlugin END] Reloading Section: "pre-register/ReiPlugin of ReiPlugin [craftingstation]/"
[20:34:57] [REI-ReloadPlugins/TRACE] [REI] [REIPlugin END] Reloading Section: "pre-register/ReiPlugin of ReiPlugin [craftingstation]/" done in 5.305 μs
[20:34:57] [REI-ReloadPlugins/TRACE] [REI] [REIPlugin END] Reloading Section: "pre-register/REIForgePluginStub of REIForgePluginStub [ftblibrary]/"
[20:34:57] [REI-ReloadPlugins/TRACE] [REI] [REIPlugin END] Reloading Section: "pre-register/REIForgePluginStub of REIForgePluginStub [ftblibrary]/" done in 5.916 μs
[20:34:57] [REI-ReloadPlugins/TRACE] [REI] [REIPlugin END] Reloading Section: "pre-register/BackpackReiCommonPlugin of BackpackReiCommonPlugin [sophisticatedbackpacks]/"
[20:34:57] [REI-ReloadPlugins/TRACE] [REI] [REIPlugin END] Reloading Section: "pre-register/BackpackReiCommonPlugin of BackpackReiCommonPlugin [sophisticatedbackpacks]/" done in 4.866 μs
[20:34:57] [REI-ReloadPlugins/TRACE] [REI] [REIPlugin END] Reloading Section: "pre-register/CoreReiCommonPlugin of CoreReiCommonPlugin [sophisticatedcore]/"
[20:34:57] [REI-ReloadPlugins/TRACE] [REI] [REIPlugin END] Reloading Section: "pre-register/CoreReiCommonPlugin of CoreReiCommonPlugin [sophisticatedcore]/" done in 6.841 μs
[20:34:57] [REI-ReloadPlugins/TRACE] [REI] [REIPlugin END] Reloading Section: "pre-register/AdornReiServerForge of AdornReiServerForge [adorn]/"
[20:34:57] [REI-ReloadPlugins/TRACE] [REI] [REIPlugin END] Reloading Section: "pre-register/AdornReiServerForge of AdornReiServerForge [adorn]/" done in 4.837 μs
[20:34:57] [REI-ReloadPlugins/TRACE] [REI] [REIPlugin END] Reloading Section: "pre-register/AE2 of AE2 [ae2]/"
[20:34:57] [REI-ReloadPlugins/TRACE] [REI] [REIPlugin END] Reloading Section: "pre-register/AE2 of AE2 [ae2]/" done in 5.775 μs
[20:34:57] [REI-ReloadPlugins/TRACE] [REI] [REIPlugin END] Reloading Section: "pre-register/REIForgePluginStub of REIForgePluginStub [kubejs]/"
[20:34:57] [REI-ReloadPlugins/TRACE] [REI] [REIPlugin END] Reloading Section: "pre-register/REIForgePluginStub of REIForgePluginStub [kubejs]/" done in 5.000 μs
[20:34:57] [REI-ReloadPlugins/TRACE] [REI] [REIPlugin END] Reloading Section: "pre-register/" done in 4.817 ms
[20:34:57] [REI-ReloadPlugins/TRACE] [REI] [REIPlugin END] Reloading Section: "pre-stage/"
[20:34:57] [REI-ReloadPlugins/TRACE] [REI] [REIPlugin END] Reloading Section: "pre-stage/EntryTypeRegistryImpl/"
[20:34:57] [REI-ReloadPlugins/TRACE] [REI] [REIPlugin END] Reloading Section: "pre-stage/EntryTypeRegistryImpl/" done in 8.584 μs
[20:34:57] [REI-ReloadPlugins/TRACE] [REI] [REIPlugin END] Reloading Section: "pre-stage/EntrySettingsAdapterRegistryImpl/"
[20:34:57] [REI-ReloadPlugins/TRACE] [REI] [REIPlugin END] Reloading Section: "pre-stage/EntrySettingsAdapterRegistryImpl/" done in 5.118 μs
[20:34:57] [REI-ReloadPlugins/TRACE] [REI] [REIPlugin END] Reloading Section: "pre-stage/RecipeManagerContextImpl/"
[20:34:57] [REI-ReloadPlugins/TRACE] [REI] [REIPlugin END] Reloading Section: "pre-stage/RecipeManagerContextImpl/" done in 6.380 μs
[20:34:57] [REI-ReloadPlugins/TRACE] [REI] [REIPlugin END] Reloading Section: "pre-stage/ItemComparatorRegistryImpl/"
[20:34:57] [REI-ReloadPlugins/TRACE] [REI] [REIPlugin END] Reloading Section: "pre-stage/ItemComparatorRegistryImpl/" done in 9.881 μs
[20:34:57] [REI-ReloadPlugins/TRACE] [REI] [REIPlugin END] Reloading Section: "pre-stage/FluidComparatorRegistryImpl/"
[20:34:57] [REI-ReloadPlugins/TRACE] [REI] [REIPlugin END] Reloading Section: "pre-stage/FluidComparatorRegistryImpl/" done in 4.602 μs
[20:34:57] [REI-ReloadPlugins/TRACE] [REI] [REIPlugin END] Reloading Section: "pre-stage/DisplaySerializerRegistryImpl/"
[20:34:57] [REI-ReloadPlugins/TRACE] [REI] [REIPlugin END] Reloading Section: "pre-stage/DisplaySerializerRegistryImpl/" done in 4.942 μs
[20:34:57] [REI-ReloadPlugins/TRACE] [REI] [REIPlugin END] Reloading Section: "pre-stage/FluidSupportProviderImpl/"
[20:34:57] [REI-ReloadPlugins/TRACE] [REI] [REIPlugin END] Reloading Section: "pre-stage/FluidSupportProviderImpl/" done in 5.075 μs
[20:34:57] [REI-ReloadPlugins/TRACE] [REI] [REIPlugin END] Reloading Section: "pre-stage/me.shedaniel.rei.plugin.client.runtime.PluginStageExecutionWatcher$1/"
[20:34:57] [REI-ReloadPlugins/TRACE] [REI] [REIPlugin END] Reloading Section: "pre-stage/me.shedaniel.rei.plugin.client.runtime.PluginStageExecutionWatcher$1/" done in 11.01 μs
[20:34:57] [REI-ReloadPlugins/TRACE] [REI] [REIPlugin END] Reloading Section: "pre-stage/" done in 156.2 μs
[20:34:57] [REI-ReloadPlugins/DEBUG] [REI] ========================================
[20:34:57] [REI-ReloadPlugins/DEBUG] [REI] REIPlugin finished pre-reload for END in 4.992 ms.
[20:34:57] [REI-ReloadPlugins/DEBUG] [REI] ========================================
[20:34:57] [REI-ReloadPlugins/DEBUG] [REI] ========================================
[20:34:57] [REI-ReloadPlugins/DEBUG] [REI] REIClientPlugin starting pre-reload for END.
[20:34:57] [REI-ReloadPlugins/DEBUG] [REI] Reloadables (18):
[20:34:57] [REI-ReloadPlugins/DEBUG] [REI]  - EntryRendererRegistryImpl
[20:34:57] [REI-ReloadPlugins/DEBUG] [REI]  - ViewsImpl
[20:34:57] [REI-ReloadPlugins/DEBUG] [REI]  - InputMethodRegistryImpl
[20:34:57] [REI-ReloadPlugins/DEBUG] [REI]  - SearchProviderImpl
[20:34:57] [REI-ReloadPlugins/DEBUG] [REI]  - ConfigManagerImpl
[20:34:57] [REI-ReloadPlugins/DEBUG] [REI]  - EntryRegistryImpl
[20:34:57] [REI-ReloadPlugins/DEBUG] [REI]  - CollapsibleEntryRegistryImpl
[20:34:57] [REI-ReloadPlugins/DEBUG] [REI]  - BasicFilteringRuleImpl
[20:34:57] [REI-ReloadPlugins/DEBUG] [REI]  - CategoryRegistryImpl
[20:34:57] [REI-ReloadPlugins/DEBUG] [REI]  - DisplayRegistryImpl
[20:34:57] [REI-ReloadPlugins/DEBUG] [REI]  - ScreenRegistryImpl
[20:34:57] [REI-ReloadPlugins/DEBUG] [REI]  - FavoriteEntryTypeRegistryImpl
[20:34:57] [REI-ReloadPlugins/DEBUG] [REI]  - SubsetsRegistryImpl
[20:34:57] [REI-ReloadPlugins/DEBUG] [REI]  - TransferHandlerRegistryImpl
[20:34:57] [REI-ReloadPlugins/DEBUG] [REI]  - SearchRuntime
[20:34:57] [REI-ReloadPlugins/DEBUG] [REI]  - REIRuntimeImpl
[20:34:57] [REI-ReloadPlugins/DEBUG] [REI]  - ConfigAddonRegistryImpl
[20:34:57] [REI-ReloadPlugins/DEBUG] [REI]  - me.shedaniel.rei.plugin.client.runtime.PluginStageExecutionWatcher$1
[20:34:57] [REI-ReloadPlugins/DEBUG] [REI] Plugins (18):
[20:34:57] [REI-ReloadPlugins/DEBUG] [REI]  - (-100.00) DefaultClientPluginImpl of DefaultClientPluginImpl [roughlyenoughitems]
[20:34:57] [REI-ReloadPlugins/DEBUG] [REI]  - (0.00) REICompat of REICompat [supplementaries]
[20:34:57] [REI-ReloadPlugins/DEBUG] [REI]  - (0.00) GTREIPlugin of GTREIPlugin [gtceu]
[20:34:57] [REI-ReloadPlugins/DEBUG] [REI]  - (0.00) FTBQuestsREIIntegrationForge of FTBQuestsREIIntegrationForge [ftbxmodcompat]
[20:34:57] [REI-ReloadPlugins/DEBUG] [REI]  - (0.00) ExtendedAE of ExtendedAE [expatternprovider]
[20:34:57] [REI-ReloadPlugins/DEBUG] [REI]  - (0.00) FramedReiPlugin of FramedReiPlugin [framedblocks]
[20:34:57] [REI-ReloadPlugins/DEBUG] [REI]  - (0.00) StorageReiClientPlugin of StorageReiClientPlugin [sophisticatedstorage]
[20:34:57] [REI-ReloadPlugins/DEBUG] [REI]  - (0.00) BackpackReiClientPlugin of BackpackReiClientPlugin [sophisticatedbackpacks]
[20:34:57] [REI-ReloadPlugins/DEBUG] [REI]  - (0.00) ReiIsDumbClientPlugin of ReiIsDumbClientPlugin [ad_astra]
[20:34:57] [REI-ReloadPlugins/DEBUG] [REI]  - (0.00) almostunified.roughlyenoughitems of almostunified.roughlyenoughitems [almostunified]
[20:34:57] [REI-ReloadPlugins/DEBUG] [REI]  - (0.00) AdornReiClientForge of AdornReiClientForge [adorn]
[20:34:57] [REI-ReloadPlugins/DEBUG] [REI]  - (0.00) REIPluginImpl of REIPluginImpl [ldlib]
[20:34:57] [REI-ReloadPlugins/DEBUG] [REI]  - (0.00) ReiClientPlugin of ReiClientPlugin [craftingstation]
[20:34:57] [REI-ReloadPlugins/DEBUG] [REI]  - (0.00) REIForgePluginStub of REIForgePluginStub [ftblibrary]
[20:34:57] [REI-ReloadPlugins/DEBUG] [REI]  - (0.00) AE2 of AE2 [ae2]
[20:34:57] [REI-ReloadPlugins/DEBUG] [REI]  - (0.00) HideIngredientsFromTagsPlugin of HideIngredientsFromTagsPlugin [roughlyenoughitems]
[20:34:57] [REI-ReloadPlugins/DEBUG] [REI]  - (0.00) DefaultClientRuntimePlugin of DefaultClientRuntimePlugin [roughlyenoughitems]
[20:34:57] [REI-ReloadPlugins/DEBUG] [REI]  - (10000000.00) REIForgePluginStub of REIForgePluginStub [kubejs]
[20:34:57] [REI-ReloadPlugins/DEBUG] [REI] ========================================
[20:34:57] [REI-ReloadPlugins/TRACE] [REI] [REIClientPlugin END] Reloading Section: "pre-register/"
[20:34:57] [REI-ReloadPlugins/TRACE] [REI] [REIClientPlugin END] Reloading Section: "pre-register/DefaultClientPluginImpl of DefaultClientPluginImpl [roughlyenoughitems]/"
[20:34:57] [REI-ReloadPlugins/TRACE] [REI] [REIClientPlugin END] Reloading Section: "pre-register/DefaultClientPluginImpl of DefaultClientPluginImpl [roughlyenoughitems]/" done in 8.841 μs
[20:34:57] [REI-ReloadPlugins/TRACE] [REI] [REIClientPlugin END] Reloading Section: "pre-register/REICompat of REICompat [supplementaries]/"
[20:34:57] [REI-ReloadPlugins/TRACE] [REI] [REIClientPlugin END] Reloading Section: "pre-register/REICompat of REICompat [supplementaries]/" done in 5.937 μs
[20:34:57] [REI-ReloadPlugins/TRACE] [REI] [REIClientPlugin END] Reloading Section: "pre-register/GTREIPlugin of GTREIPlugin [gtceu]/"
[20:34:57] [REI-ReloadPlugins/TRACE] [REI] [REIClientPlugin END] Reloading Section: "pre-register/GTREIPlugin of GTREIPlugin [gtceu]/" done in 5.147 μs
[20:34:57] [REI-ReloadPlugins/TRACE] [REI] [REIClientPlugin END] Reloading Section: "pre-register/FTBQuestsREIIntegrationForge of FTBQuestsREIIntegrationForge [ftbxmodcompat]/"
[20:34:57] [REI-ReloadPlugins/TRACE] [REI] [REIClientPlugin END] Reloading Section: "pre-register/FTBQuestsREIIntegrationForge of FTBQuestsREIIntegrationForge [ftbxmodcompat]/" done in 5.318 μs
[20:34:57] [REI-ReloadPlugins/TRACE] [REI] [REIClientPlugin END] Reloading Section: "pre-register/ExtendedAE of ExtendedAE [expatternprovider]/"
[20:34:57] [REI-ReloadPlugins/TRACE] [REI] [REIClientPlugin END] Reloading Section: "pre-register/ExtendedAE of ExtendedAE [expatternprovider]/" done in 5.062 μs
[20:34:57] [REI-ReloadPlugins/TRACE] [REI] [REIClientPlugin END] Reloading Section: "pre-register/FramedReiPlugin of FramedReiPlugin [framedblocks]/"
[20:34:57] [REI-ReloadPlugins/TRACE] [REI] [REIClientPlugin END] Reloading Section: "pre-register/FramedReiPlugin of FramedReiPlugin [framedblocks]/" done in 5.175 μs
[20:34:57] [REI-ReloadPlugins/TRACE] [REI] [REIClientPlugin END] Reloading Section: "pre-register/StorageReiClientPlugin of StorageReiClientPlugin [sophisticatedstorage]/"
[20:34:57] [REI-ReloadPlugins/TRACE] [REI] [REIClientPlugin END] Reloading Section: "pre-register/StorageReiClientPlugin of StorageReiClientPlugin [sophisticatedstorage]/" done in 6.217 μs
[20:34:57] [REI-ReloadPlugins/TRACE] [REI] [REIClientPlugin END] Reloading Section: "pre-register/BackpackReiClientPlugin of BackpackReiClientPlugin [sophisticatedbackpacks]/"
[20:34:57] [REI-ReloadPlugins/TRACE] [REI] [REIClientPlugin END] Reloading Section: "pre-register/BackpackReiClientPlugin of BackpackReiClientPlugin [sophisticatedbackpacks]/" done in 4.876 μs
[20:34:57] [REI-ReloadPlugins/TRACE] [REI] [REIClientPlugin END] Reloading Section: "pre-register/ReiIsDumbClientPlugin of ReiIsDumbClientPlugin [ad_astra]/"
[20:34:57] [REI-ReloadPlugins/TRACE] [REI] [REIClientPlugin END] Reloading Section: "pre-register/ReiIsDumbClientPlugin of ReiIsDumbClientPlugin [ad_astra]/" done in 8.693 μs
[20:34:57] [REI-ReloadPlugins/TRACE] [REI] [REIClientPlugin END] Reloading Section: "pre-register/almostunified.roughlyenoughitems of almostunified.roughlyenoughitems [almostunified]/"
[20:34:57] [REI-ReloadPlugins/TRACE] [REI] [REIClientPlugin END] Reloading Section: "pre-register/almostunified.roughlyenoughitems of almostunified.roughlyenoughitems [almostunified]/" done in 6.512 μs
[20:34:57] [REI-ReloadPlugins/TRACE] [REI] [REIClientPlugin END] Reloading Section: "pre-register/AdornReiClientForge of AdornReiClientForge [adorn]/"
[20:34:57] [REI-ReloadPlugins/TRACE] [REI] [REIClientPlugin END] Reloading Section: "pre-register/AdornReiClientForge of AdornReiClientForge [adorn]/" done in 5.332 μs
[20:34:57] [REI-ReloadPlugins/TRACE] [REI] [REIClientPlugin END] Reloading Section: "pre-register/REIPluginImpl of REIPluginImpl [ldlib]/"
[20:34:57] [REI-ReloadPlugins/TRACE] [REI] [REIClientPlugin END] Reloading Section: "pre-register/REIPluginImpl of REIPluginImpl [ldlib]/" done in 8.818 μs
[20:34:57] [REI-ReloadPlugins/TRACE] [REI] [REIClientPlugin END] Reloading Section: "pre-register/ReiClientPlugin of ReiClientPlugin [craftingstation]/"
[20:34:57] [REI-ReloadPlugins/TRACE] [REI] [REIClientPlugin END] Reloading Section: "pre-register/ReiClientPlugin of ReiClientPlugin [craftingstation]/" done in 5.058 μs
[20:34:57] [REI-ReloadPlugins/TRACE] [REI] [REIClientPlugin END] Reloading Section: "pre-register/REIForgePluginStub of REIForgePluginStub [ftblibrary]/"
[20:34:57] [REI-ReloadPlugins/TRACE] [REI] [REIClientPlugin END] Reloading Section: "pre-register/REIForgePluginStub of REIForgePluginStub [ftblibrary]/" done in 5.216 μs
[20:34:57] [REI-ReloadPlugins/TRACE] [REI] [REIClientPlugin END] Reloading Section: "pre-register/AE2 of AE2 [ae2]/"
[20:34:57] [REI-ReloadPlugins/TRACE] [REI] [REIClientPlugin END] Reloading Section: "pre-register/AE2 of AE2 [ae2]/" done in 5.331 μs
[20:34:57] [REI-ReloadPlugins/TRACE] [REI] [REIClientPlugin END] Reloading Section: "pre-register/HideIngredientsFromTagsPlugin of HideIngredientsFromTagsPlugin [roughlyenoughitems]/"
[20:34:57] [REI-ReloadPlugins/TRACE] [REI] [REIClientPlugin END] Reloading Section: "pre-register/HideIngredientsFromTagsPlugin of HideIngredientsFromTagsPlugin [roughlyenoughitems]/" done in 5.437 μs
[20:34:57] [REI-ReloadPlugins/TRACE] [REI] [REIClientPlugin END] Reloading Section: "pre-register/DefaultClientRuntimePlugin of DefaultClientRuntimePlugin [roughlyenoughitems]/"
[20:34:57] [REI-ReloadPlugins/TRACE] [REI] [REIClientPlugin END] Reloading Section: "pre-register/DefaultClientRuntimePlugin of DefaultClientRuntimePlugin [roughlyenoughitems]/" done in 5.030 μs
[20:34:57] [REI-ReloadPlugins/TRACE] [REI] [REIClientPlugin END] Reloading Section: "pre-register/REIForgePluginStub of REIForgePluginStub [kubejs]/"
[20:34:57] [REI-ReloadPlugins/TRACE] [REI] [REIClientPlugin END] Reloading Section: "pre-register/REIForgePluginStub of REIForgePluginStub [kubejs]/" done in 5.261 μs
[20:34:57] [REI-ReloadPlugins/TRACE] [REI] [REIClientPlugin END] Reloading Section: "pre-register/" done in 300.5 μs
[20:34:57] [REI-ReloadPlugins/TRACE] [REI] [REIClientPlugin END] Reloading Section: "pre-stage/"
[20:34:57] [REI-ReloadPlugins/TRACE] [REI] [REIClientPlugin END] Reloading Section: "pre-stage/EntryRendererRegistryImpl/"
[20:34:57] [REI-ReloadPlugins/TRACE] [REI] [REIClientPlugin END] Reloading Section: "pre-stage/EntryRendererRegistryImpl/" done in 7.671 μs
[20:34:57] [REI-ReloadPlugins/TRACE] [REI] [REIClientPlugin END] Reloading Section: "pre-stage/ViewsImpl/"
[20:34:57] [REI-ReloadPlugins/TRACE] [REI] [REIClientPlugin END] Reloading Section: "pre-stage/ViewsImpl/" done in 5.227 μs
[20:34:57] [REI-ReloadPlugins/TRACE] [REI] [REIClientPlugin END] Reloading Section: "pre-stage/InputMethodRegistryImpl/"
[20:34:57] [REI-ReloadPlugins/TRACE] [REI] [REIClientPlugin END] Reloading Section: "pre-stage/InputMethodRegistryImpl/" done in 5.498 μs
[20:34:57] [REI-ReloadPlugins/TRACE] [REI] [REIClientPlugin END] Reloading Section: "pre-stage/SearchProviderImpl/"
[20:34:57] [REI-ReloadPlugins/TRACE] [REI] [REIClientPlugin END] Reloading Section: "pre-stage/SearchProviderImpl/" done in 5.108 μs
[20:34:57] [REI-ReloadPlugins/TRACE] [REI] [REIClientPlugin END] Reloading Section: "pre-stage/ConfigManagerImpl/"
[20:34:57] [REI-ReloadPlugins/TRACE] [REI] [REIClientPlugin END] Reloading Section: "pre-stage/ConfigManagerImpl/" done in 4.902 μs
[20:34:57] [REI-ReloadPlugins/TRACE] [REI] [REIClientPlugin END] Reloading Section: "pre-stage/EntryRegistryImpl/"
[20:34:57] [REI-ReloadPlugins/TRACE] [REI] [REIClientPlugin END] Reloading Section: "pre-stage/EntryRegistryImpl/" done in 4.868 μs
[20:34:57] [REI-ReloadPlugins/TRACE] [REI] [REIClientPlugin END] Reloading Section: "pre-stage/CollapsibleEntryRegistryImpl/"
[20:34:57] [REI-ReloadPlugins/TRACE] [REI] [REIClientPlugin END] Reloading Section: "pre-stage/CollapsibleEntryRegistryImpl/" done in 5.071 μs
[20:34:57] [REI-ReloadPlugins/TRACE] [REI] [REIClientPlugin END] Reloading Section: "pre-stage/BasicFilteringRuleImpl/"
[20:34:57] [REI-ReloadPlugins/TRACE] [REI] [REIClientPlugin END] Reloading Section: "pre-stage/BasicFilteringRuleImpl/" done in 5.167 μs
[20:34:57] [REI-ReloadPlugins/TRACE] [REI] [REIClientPlugin END] Reloading Section: "pre-stage/CategoryRegistryImpl/"
[20:34:57] [REI-ReloadPlugins/TRACE] [REI] [REIClientPlugin END] Reloading Section: "pre-stage/CategoryRegistryImpl/" done in 5.457 μs
[20:34:57] [REI-ReloadPlugins/TRACE] [REI] [REIClientPlugin END] Reloading Section: "pre-stage/DisplayRegistryImpl/"
[20:34:57] [REI-ReloadPlugins/TRACE] [REI] [REIClientPlugin END] Reloading Section: "pre-stage/DisplayRegistryImpl/" done in 5.301 μs
[20:34:57] [REI-ReloadPlugins/TRACE] [REI] [REIClientPlugin END] Reloading Section: "pre-stage/ScreenRegistryImpl/"
[20:34:57] [REI-ReloadPlugins/TRACE] [REI] [REIClientPlugin END] Reloading Section: "pre-stage/ScreenRegistryImpl/" done in 5.816 μs
[20:34:57] [REI-ReloadPlugins/TRACE] [REI] [REIClientPlugin END] Reloading Section: "pre-stage/FavoriteEntryTypeRegistryImpl/"
[20:34:57] [REI-ReloadPlugins/TRACE] [REI] [REIClientPlugin END] Reloading Section: "pre-stage/FavoriteEntryTypeRegistryImpl/" done in 5.103 μs
[20:34:57] [REI-ReloadPlugins/TRACE] [REI] [REIClientPlugin END] Reloading Section: "pre-stage/SubsetsRegistryImpl/"
[20:34:57] [REI-ReloadPlugins/TRACE] [REI] [REIClientPlugin END] Reloading Section: "pre-stage/SubsetsRegistryImpl/" done in 5.018 μs
[20:34:57] [REI-ReloadPlugins/TRACE] [REI] [REIClientPlugin END] Reloading Section: "pre-stage/TransferHandlerRegistryImpl/"
[20:34:57] [REI-ReloadPlugins/TRACE] [REI] [REIClientPlugin END] Reloading Section: "pre-stage/TransferHandlerRegistryImpl/" done in 4.789 μs
[20:34:57] [REI-ReloadPlugins/TRACE] [REI] [REIClientPlugin END] Reloading Section: "pre-stage/SearchRuntime/"
[20:34:57] [REI-ReloadPlugins/TRACE] [REI] [REIClientPlugin END] Reloading Section: "pre-stage/SearchRuntime/" done in 7.308 μs
[20:34:57] [REI-ReloadPlugins/TRACE] [REI] [REIClientPlugin END] Reloading Section: "pre-stage/REIRuntimeImpl/"
[20:34:57] [REI-ReloadPlugins/TRACE] [REI] [REIClientPlugin END] Reloading Section: "pre-stage/REIRuntimeImpl/" done in 5.009 μs
[20:34:57] [REI-ReloadPlugins/TRACE] [REI] [REIClientPlugin END] Reloading Section: "pre-stage/ConfigAddonRegistryImpl/"
[20:34:57] [REI-ReloadPlugins/TRACE] [REI] [REIClientPlugin END] Reloading Section: "pre-stage/ConfigAddonRegistryImpl/" done in 14.97 μs
[20:34:57] [REI-ReloadPlugins/TRACE] [REI] [REIClientPlugin END] Reloading Section: "pre-stage/me.shedaniel.rei.plugin.client.runtime.PluginStageExecutionWatcher$1/"
[20:34:57] [REI-ReloadPlugins/TRACE] [REI] [REIClientPlugin END] Reloading Section: "pre-stage/me.shedaniel.rei.plugin.client.runtime.PluginStageExecutionWatcher$1/" done in 9.637 μs
[20:34:57] [REI-ReloadPlugins/TRACE] [REI] [REIClientPlugin END] Reloading Section: "pre-stage/" done in 307.0 μs
[20:34:57] [REI-ReloadPlugins/DEBUG] [REI] ========================================
[20:34:57] [REI-ReloadPlugins/DEBUG] [REI] REIClientPlugin finished pre-reload for END in 631.9 μs.
[20:34:57] [REI-ReloadPlugins/DEBUG] [REI] ========================================
[20:34:57] [REI-ReloadPlugins/DEBUG] [REI] ========================================
[20:34:57] [REI-ReloadPlugins/DEBUG] [REI] REIServerPlugin starting pre-reload for END.
[20:34:57] [REI-ReloadPlugins/DEBUG] [REI] Reloadables (3):
[20:34:57] [REI-ReloadPlugins/DEBUG] [REI]  - MenuInfoRegistryImpl
[20:34:57] [REI-ReloadPlugins/DEBUG] [REI]  - SlotAccessorRegistryImpl
[20:34:57] [REI-ReloadPlugins/DEBUG] [REI]  - me.shedaniel.rei.plugin.client.runtime.PluginStageExecutionWatcher$1
[20:34:57] [REI-ReloadPlugins/DEBUG] [REI] Plugins (7):
[20:34:57] [REI-ReloadPlugins/DEBUG] [REI]  - (-100.00) DefaultPluginImpl of DefaultPluginImpl [roughlyenoughitems]
[20:34:57] [REI-ReloadPlugins/DEBUG] [REI]  - (0.00) StorageReiCommonPlugin of StorageReiCommonPlugin [sophisticatedstorage]
[20:34:57] [REI-ReloadPlugins/DEBUG] [REI]  - (0.00) ReiPlugin of ReiPlugin [craftingstation]
[20:34:57] [REI-ReloadPlugins/DEBUG] [REI]  - (0.00) BackpackReiCommonPlugin of BackpackReiCommonPlugin [sophisticatedbackpacks]
[20:34:57] [REI-ReloadPlugins/DEBUG] [REI]  - (0.00) CoreReiCommonPlugin of CoreReiCommonPlugin [sophisticatedcore]
[20:34:57] [REI-ReloadPlugins/DEBUG] [REI]  - (0.00) AdornReiServerForge of AdornReiServerForge [adorn]
[20:34:57] [REI-ReloadPlugins/DEBUG] [REI]  - (0.00) DefaultRuntimePlugin of DefaultRuntimePlugin [roughlyenoughitems]
[20:34:57] [REI-ReloadPlugins/DEBUG] [REI] ========================================
[20:34:57] [REI-ReloadPlugins/TRACE] [REI] [REIServerPlugin END] Reloading Section: "pre-register/"
[20:34:57] [REI-ReloadPlugins/TRACE] [REI] [REIServerPlugin END] Reloading Section: "pre-register/DefaultPluginImpl of DefaultPluginImpl [roughlyenoughitems]/"
[20:34:57] [REI-ReloadPlugins/TRACE] [REI] [REIServerPlugin END] Reloading Section: "pre-register/DefaultPluginImpl of DefaultPluginImpl [roughlyenoughitems]/" done in 9.631 μs
[20:34:57] [REI-ReloadPlugins/TRACE] [REI] [REIServerPlugin END] Reloading Section: "pre-register/StorageReiCommonPlugin of StorageReiCommonPlugin [sophisticatedstorage]/"
[20:34:57] [REI-ReloadPlugins/TRACE] [REI] [REIServerPlugin END] Reloading Section: "pre-register/StorageReiCommonPlugin of StorageReiCommonPlugin [sophisticatedstorage]/" done in 6.048 μs
[20:34:57] [REI-ReloadPlugins/TRACE] [REI] [REIServerPlugin END] Reloading Section: "pre-register/ReiPlugin of ReiPlugin [craftingstation]/"
[20:34:57] [REI-ReloadPlugins/TRACE] [REI] [REIServerPlugin END] Reloading Section: "pre-register/ReiPlugin of ReiPlugin [craftingstation]/" done in 5.622 μs
[20:34:57] [REI-ReloadPlugins/TRACE] [REI] [REIServerPlugin END] Reloading Section: "pre-register/BackpackReiCommonPlugin of BackpackReiCommonPlugin [sophisticatedbackpacks]/"
[20:34:57] [REI-ReloadPlugins/TRACE] [REI] [REIServerPlugin END] Reloading Section: "pre-register/BackpackReiCommonPlugin of BackpackReiCommonPlugin [sophisticatedbackpacks]/" done in 5.210 μs
[20:34:57] [REI-ReloadPlugins/TRACE] [REI] [REIServerPlugin END] Reloading Section: "pre-register/CoreReiCommonPlugin of CoreReiCommonPlugin [sophisticatedcore]/"
[20:34:57] [REI-ReloadPlugins/TRACE] [REI] [REIServerPlugin END] Reloading Section: "pre-register/CoreReiCommonPlugin of CoreReiCommonPlugin [sophisticatedcore]/" done in 6.083 μs
[20:34:57] [REI-ReloadPlugins/TRACE] [REI] [REIServerPlugin END] Reloading Section: "pre-register/AdornReiServerForge of AdornReiServerForge [adorn]/"
[20:34:57] [REI-ReloadPlugins/TRACE] [REI] [REIServerPlugin END] Reloading Section: "pre-register/AdornReiServerForge of AdornReiServerForge [adorn]/" done in 5.152 μs
[20:34:57] [REI-ReloadPlugins/TRACE] [REI] [REIServerPlugin END] Reloading Section: "pre-register/DefaultRuntimePlugin of DefaultRuntimePlugin [roughlyenoughitems]/"
[20:34:57] [REI-ReloadPlugins/TRACE] [REI] [REIServerPlugin END] Reloading Section: "pre-register/DefaultRuntimePlugin of DefaultRuntimePlugin [roughlyenoughitems]/" done in 4.640 μs
[20:34:57] [REI-ReloadPlugins/TRACE] [REI] [REIServerPlugin END] Reloading Section: "pre-register/" done in 126.2 μs
[20:34:57] [REI-ReloadPlugins/TRACE] [REI] [REIServerPlugin END] Reloading Section: "pre-stage/"
[20:34:57] [REI-ReloadPlugins/TRACE] [REI] [REIServerPlugin END] Reloading Section: "pre-stage/MenuInfoRegistryImpl/"
[20:34:57] [REI-ReloadPlugins/TRACE] [REI] [REIServerPlugin END] Reloading Section: "pre-stage/MenuInfoRegistryImpl/" done in 6.250 μs
[20:34:57] [REI-ReloadPlugins/TRACE] [REI] [REIServerPlugin END] Reloading Section: "pre-stage/SlotAccessorRegistryImpl/"
[20:34:57] [REI-ReloadPlugins/TRACE] [REI] [REIServerPlugin END] Reloading Section: "pre-stage/SlotAccessorRegistryImpl/" done in 5.097 μs
[20:34:57] [REI-ReloadPlugins/TRACE] [REI] [REIServerPlugin END] Reloading Section: "pre-stage/me.shedaniel.rei.plugin.client.runtime.PluginStageExecutionWatcher$1/"
[20:34:57] [REI-ReloadPlugins/TRACE] [REI] [REIServerPlugin END] Reloading Section: "pre-stage/me.shedaniel.rei.plugin.client.runtime.PluginStageExecutionWatcher$1/" done in 7.904 μs
[20:34:57] [REI-ReloadPlugins/TRACE] [REI] [REIServerPlugin END] Reloading Section: "pre-stage/" done in 54.39 μs
[20:34:57] [REI-ReloadPlugins/DEBUG] [REI] ========================================
[20:34:57] [REI-ReloadPlugins/DEBUG] [REI] REIServerPlugin finished pre-reload for END in 199.1 μs.
[20:34:57] [REI-ReloadPlugins/DEBUG] [REI] ========================================
[20:34:57] [REI-ReloadPlugins/INFO] [REI] @@@@@@@@@@@@@@@@@@@@@@@@@@@@@@@@@@@@@@@@
[20:34:57] [REI-ReloadPlugins/INFO] [REI] REIPlugin starting main-reload for END.
[20:34:57] [REI-ReloadPlugins/DEBUG] [REI] Reloadables (8):
[20:34:57] [REI-ReloadPlugins/DEBUG] [REI]  - EntryTypeRegistryImpl
[20:34:57] [REI-ReloadPlugins/DEBUG] [REI]  - EntrySettingsAdapterRegistryImpl
[20:34:57] [REI-ReloadPlugins/DEBUG] [REI]  - RecipeManagerContextImpl
[20:34:57] [REI-ReloadPlugins/DEBUG] [REI]  - ItemComparatorRegistryImpl
[20:34:57] [REI-ReloadPlugins/DEBUG] [REI]  - FluidComparatorRegistryImpl
[20:34:57] [REI-ReloadPlugins/DEBUG] [REI]  - DisplaySerializerRegistryImpl
[20:34:57] [REI-ReloadPlugins/DEBUG] [REI]  - FluidSupportProviderImpl
[20:34:57] [REI-ReloadPlugins/DEBUG] [REI]  - me.shedaniel.rei.plugin.client.runtime.PluginStageExecutionWatcher$1
[20:34:57] [REI-ReloadPlugins/INFO] [REI] Plugins (25):
[20:34:57] [REI-ReloadPlugins/INFO] [REI]  - (-100.00) DefaultClientPluginImpl of DefaultClientPluginImpl [roughlyenoughitems]
[20:34:57] [REI-ReloadPlugins/INFO] [REI]  - (-100.00) DefaultPluginImpl of DefaultPluginImpl [roughlyenoughitems]
[20:34:57] [REI-ReloadPlugins/INFO] [REI]  - (0.00) HideIngredientsFromTagsPlugin of HideIngredientsFromTagsPlugin [roughlyenoughitems]
[20:34:57] [REI-ReloadPlugins/INFO] [REI]  - (0.00) DefaultClientRuntimePlugin of DefaultClientRuntimePlugin [roughlyenoughitems]
[20:34:57] [REI-ReloadPlugins/INFO] [REI]  - (0.00) DefaultRuntimePlugin of DefaultRuntimePlugin [roughlyenoughitems]
[20:34:57] [REI-ReloadPlugins/INFO] [REI]  - (0.00) REICompat of REICompat [supplementaries]
[20:34:57] [REI-ReloadPlugins/INFO] [REI]  - (0.00) GTREIPlugin of GTREIPlugin [gtceu]
[20:34:57] [REI-ReloadPlugins/INFO] [REI]  - (0.00) FTBQuestsREIIntegrationForge of FTBQuestsREIIntegrationForge [ftbxmodcompat]
[20:34:57] [REI-ReloadPlugins/INFO] [REI]  - (0.00) ExtendedAE of ExtendedAE [expatternprovider]
[20:34:57] [REI-ReloadPlugins/INFO] [REI]  - (0.00) FramedReiPlugin of FramedReiPlugin [framedblocks]
[20:34:57] [REI-ReloadPlugins/INFO] [REI]  - (0.00) StorageReiClientPlugin of StorageReiClientPlugin [sophisticatedstorage]
[20:34:57] [REI-ReloadPlugins/INFO] [REI]  - (0.00) BackpackReiClientPlugin of BackpackReiClientPlugin [sophisticatedbackpacks]
[20:34:57] [REI-ReloadPlugins/INFO] [REI]  - (0.00) ReiIsDumbClientPlugin of ReiIsDumbClientPlugin [ad_astra]
[20:34:57] [REI-ReloadPlugins/INFO] [REI]  - (0.00) almostunified.roughlyenoughitems of almostunified.roughlyenoughitems [almostunified]
[20:34:57] [REI-ReloadPlugins/INFO] [REI]  - (0.00) AdornReiClientForge of AdornReiClientForge [adorn]
[20:34:57] [REI-ReloadPlugins/INFO] [REI]  - (0.00) REIPluginImpl of REIPluginImpl [ldlib]
[20:34:57] [REI-ReloadPlugins/INFO] [REI]  - (0.00) StorageReiCommonPlugin of StorageReiCommonPlugin [sophisticatedstorage]
[20:34:57] [REI-ReloadPlugins/INFO] [REI]  - (0.00) ReiClientPlugin of ReiClientPlugin [craftingstation]
[20:34:57] [REI-ReloadPlugins/INFO] [REI]  - (0.00) ReiPlugin of ReiPlugin [craftingstation]
[20:34:57] [REI-ReloadPlugins/INFO] [REI]  - (0.00) REIForgePluginStub of REIForgePluginStub [ftblibrary]
[20:34:57] [REI-ReloadPlugins/INFO] [REI]  - (0.00) BackpackReiCommonPlugin of BackpackReiCommonPlugin [sophisticatedbackpacks]
[20:34:57] [REI-ReloadPlugins/INFO] [REI]  - (0.00) CoreReiCommonPlugin of CoreReiCommonPlugin [sophisticatedcore]
[20:34:57] [REI-ReloadPlugins/INFO] [REI]  - (0.00) AdornReiServerForge of AdornReiServerForge [adorn]
[20:34:57] [REI-ReloadPlugins/INFO] [REI]  - (0.00) AE2 of AE2 [ae2]
[20:34:57] [REI-ReloadPlugins/INFO] [REI]  - (10000000.00) REIForgePluginStub of REIForgePluginStub [kubejs]
[20:34:57] [REI-ReloadPlugins/INFO] [REI] @@@@@@@@@@@@@@@@@@@@@@@@@@@@@@@@@@@@@@@@
[20:34:57] [REI-ReloadPlugins/TRACE] [REI] [REIPlugin END] Reloading Section: "start-reload/"
[20:34:57] [REI-ReloadPlugins/TRACE] [REI] [REIPlugin END] Reloading Section: "start-reload/EntryTypeRegistryImpl/"
[20:34:57] [REI-ReloadPlugins/TRACE] [REI] [REIPlugin END] Reloading Section: "start-reload/EntryTypeRegistryImpl/" done in 11.32 μs
[20:34:57] [REI-ReloadPlugins/TRACE] [REI] [REIPlugin END] Reloading Section: "start-reload/EntrySettingsAdapterRegistryImpl/"
[20:34:57] [REI-ReloadPlugins/TRACE] [REI] [REIPlugin END] Reloading Section: "start-reload/EntrySettingsAdapterRegistryImpl/" done in 12.07 μs
[20:34:57] [REI-ReloadPlugins/TRACE] [REI] [REIPlugin END] Reloading Section: "start-reload/RecipeManagerContextImpl/"
[20:34:57] [REI-ReloadPlugins/TRACE] [REI] [REIPlugin END] Reloading Section: "start-reload/RecipeManagerContextImpl/" done in 6.345 μs
[20:34:57] [REI-ReloadPlugins/TRACE] [REI] [REIPlugin END] Reloading Section: "start-reload/ItemComparatorRegistryImpl/"
[20:34:57] [REI-ReloadPlugins/TRACE] [REI] [REIPlugin END] Reloading Section: "start-reload/ItemComparatorRegistryImpl/" done in 5.682 μs
[20:34:57] [REI-ReloadPlugins/TRACE] [REI] [REIPlugin END] Reloading Section: "start-reload/FluidComparatorRegistryImpl/"
[20:34:57] [REI-ReloadPlugins/TRACE] [REI] [REIPlugin END] Reloading Section: "start-reload/FluidComparatorRegistryImpl/" done in 7.055 μs
[20:34:57] [REI-ReloadPlugins/TRACE] [REI] [REIPlugin END] Reloading Section: "start-reload/DisplaySerializerRegistryImpl/"
[20:34:57] [REI-ReloadPlugins/TRACE] [REI] [REIPlugin END] Reloading Section: "start-reload/DisplaySerializerRegistryImpl/" done in 18.35 μs
[20:34:57] [REI-ReloadPlugins/TRACE] [REI] [REIPlugin END] Reloading Section: "start-reload/FluidSupportProviderImpl/"
[20:34:57] [REI-ReloadPlugins/TRACE] [REI] [REIPlugin END] Reloading Section: "start-reload/FluidSupportProviderImpl/" done in 5.797 μs
[20:34:57] [REI-ReloadPlugins/TRACE] [REI] [REIPlugin END] Reloading Section: "start-reload/me.shedaniel.rei.plugin.client.runtime.PluginStageExecutionWatcher$1/"
[20:34:57] [REI-ReloadPlugins/TRACE] [REI] [REIPlugin END] Reloading Section: "start-reload/me.shedaniel.rei.plugin.client.runtime.PluginStageExecutionWatcher$1/" done in 5.548 μs
[20:34:57] [REI-ReloadPlugins/TRACE] [REI] [REIPlugin END] Reloading Section: "start-reload/" done in 171.0 μs
[20:34:57] [REI-ReloadPlugins/DEBUG] [REI] ========================================
[20:34:57] [REI-ReloadPlugins/DEBUG] [REI] REIPlugin started main-reload for END.
[20:34:57] [REI-ReloadPlugins/DEBUG] [REI] ========================================
[20:34:57] [REI-ReloadPlugins/TRACE] [REI] [REIPlugin END] Reloading Section: "reloadable-plugin/EntryTypeRegistryImpl/"
[20:34:57] [REI-ReloadPlugins/TRACE] [REI] [REIPlugin END] Reloading Section: "reloadable-plugin/EntryTypeRegistryImpl/DefaultClientPluginImpl of DefaultClientPluginImpl [roughlyenoughitems]/"
[20:34:57] [REI-ReloadPlugins/TRACE] [REI] [REIPlugin END] Reloading Section: "reloadable-plugin/EntryTypeRegistryImpl/DefaultClientPluginImpl of DefaultClientPluginImpl [roughlyenoughitems]/" done in 17.76 μs
[20:34:57] [REI-ReloadPlugins/TRACE] [REI] [REIPlugin END] Reloading Section: "reloadable-plugin/EntryTypeRegistryImpl/DefaultPluginImpl of DefaultPluginImpl [roughlyenoughitems]/"
[20:34:57] [REI-ReloadPlugins/TRACE] [REI] [REIPlugin END] Reloading Section: "reloadable-plugin/EntryTypeRegistryImpl/DefaultPluginImpl of DefaultPluginImpl [roughlyenoughitems]/" done in 5.794 μs
[20:34:57] [REI-ReloadPlugins/TRACE] [REI] [REIPlugin END] Reloading Section: "reloadable-plugin/EntryTypeRegistryImpl/HideIngredientsFromTagsPlugin of HideIngredientsFromTagsPlugin [roughlyenoughitems]/"
[20:34:57] [REI-ReloadPlugins/TRACE] [REI] [REIPlugin END] Reloading Section: "reloadable-plugin/EntryTypeRegistryImpl/HideIngredientsFromTagsPlugin of HideIngredientsFromTagsPlugin [roughlyenoughitems]/" done in 5.482 μs
[20:34:57] [REI-ReloadPlugins/TRACE] [REI] [REIPlugin END] Reloading Section: "reloadable-plugin/EntryTypeRegistryImpl/DefaultClientRuntimePlugin of DefaultClientRuntimePlugin [roughlyenoughitems]/"
[20:34:57] [REI-ReloadPlugins/TRACE] [REI] [REIPlugin END] Reloading Section: "reloadable-plugin/EntryTypeRegistryImpl/DefaultClientRuntimePlugin of DefaultClientRuntimePlugin [roughlyenoughitems]/" done in 5.133 μs
[20:34:57] [REI-ReloadPlugins/TRACE] [REI] [REIPlugin END] Reloading Section: "reloadable-plugin/EntryTypeRegistryImpl/DefaultRuntimePlugin of DefaultRuntimePlugin [roughlyenoughitems]/"
[20:34:57] [REI-ReloadPlugins/TRACE] [REI] [REIPlugin END] Reloading Section: "reloadable-plugin/EntryTypeRegistryImpl/DefaultRuntimePlugin of DefaultRuntimePlugin [roughlyenoughitems]/" done in 5.202 μs
[20:34:57] [REI-ReloadPlugins/TRACE] [REI] [REIPlugin END] Reloading Section: "reloadable-plugin/EntryTypeRegistryImpl/REICompat of REICompat [supplementaries]/"
[20:34:57] [REI-ReloadPlugins/TRACE] [REI] [REIPlugin END] Reloading Section: "reloadable-plugin/EntryTypeRegistryImpl/REICompat of REICompat [supplementaries]/" done in 5.089 μs
[20:34:57] [REI-ReloadPlugins/TRACE] [REI] [REIPlugin END] Reloading Section: "reloadable-plugin/EntryTypeRegistryImpl/GTREIPlugin of GTREIPlugin [gtceu]/"
[20:34:57] [REI-ReloadPlugins/TRACE] [REI] [REIPlugin END] Reloading Section: "reloadable-plugin/EntryTypeRegistryImpl/GTREIPlugin of GTREIPlugin [gtceu]/" done in 5.193 μs
[20:34:57] [REI-ReloadPlugins/TRACE] [REI] [REIPlugin END] Reloading Section: "reloadable-plugin/EntryTypeRegistryImpl/FTBQuestsREIIntegrationForge of FTBQuestsREIIntegrationForge [ftbxmodcompat]/"
[20:34:57] [REI-ReloadPlugins/TRACE] [REI] [REIPlugin END] Reloading Section: "reloadable-plugin/EntryTypeRegistryImpl/FTBQuestsREIIntegrationForge of FTBQuestsREIIntegrationForge [ftbxmodcompat]/" done in 5.701 μs
[20:34:57] [REI-ReloadPlugins/TRACE] [REI] [REIPlugin END] Reloading Section: "reloadable-plugin/EntryTypeRegistryImpl/ExtendedAE of ExtendedAE [expatternprovider]/"
[20:34:57] [REI-ReloadPlugins/TRACE] [REI] [REIPlugin END] Reloading Section: "reloadable-plugin/EntryTypeRegistryImpl/ExtendedAE of ExtendedAE [expatternprovider]/" done in 5.487 μs
[20:34:57] [REI-ReloadPlugins/TRACE] [REI] [REIPlugin END] Reloading Section: "reloadable-plugin/EntryTypeRegistryImpl/FramedReiPlugin of FramedReiPlugin [framedblocks]/"
[20:34:57] [REI-ReloadPlugins/TRACE] [REI] [REIPlugin END] Reloading Section: "reloadable-plugin/EntryTypeRegistryImpl/FramedReiPlugin of FramedReiPlugin [framedblocks]/" done in 5.180 μs
[20:34:57] [REI-ReloadPlugins/TRACE] [REI] [REIPlugin END] Reloading Section: "reloadable-plugin/EntryTypeRegistryImpl/StorageReiClientPlugin of StorageReiClientPlugin [sophisticatedstorage]/"
[20:34:57] [REI-ReloadPlugins/TRACE] [REI] [REIPlugin END] Reloading Section: "reloadable-plugin/EntryTypeRegistryImpl/StorageReiClientPlugin of StorageReiClientPlugin [sophisticatedstorage]/" done in 5.653 μs
[20:34:57] [REI-ReloadPlugins/TRACE] [REI] [REIPlugin END] Reloading Section: "reloadable-plugin/EntryTypeRegistryImpl/BackpackReiClientPlugin of BackpackReiClientPlugin [sophisticatedbackpacks]/"
[20:34:57] [REI-ReloadPlugins/TRACE] [REI] [REIPlugin END] Reloading Section: "reloadable-plugin/EntryTypeRegistryImpl/BackpackReiClientPlugin of BackpackReiClientPlugin [sophisticatedbackpacks]/" done in 5.284 μs
[20:34:57] [REI-ReloadPlugins/TRACE] [REI] [REIPlugin END] Reloading Section: "reloadable-plugin/EntryTypeRegistryImpl/ReiIsDumbClientPlugin of ReiIsDumbClientPlugin [ad_astra]/"
[20:34:57] [REI-ReloadPlugins/TRACE] [REI] [REIPlugin END] Reloading Section: "reloadable-plugin/EntryTypeRegistryImpl/ReiIsDumbClientPlugin of ReiIsDumbClientPlugin [ad_astra]/" done in 5.236 μs
[20:34:57] [REI-ReloadPlugins/TRACE] [REI] [REIPlugin END] Reloading Section: "reloadable-plugin/EntryTypeRegistryImpl/almostunified.roughlyenoughitems of almostunified.roughlyenoughitems [almostunified]/"
[20:34:57] [REI-ReloadPlugins/TRACE] [REI] [REIPlugin END] Reloading Section: "reloadable-plugin/EntryTypeRegistryImpl/almostunified.roughlyenoughitems of almostunified.roughlyenoughitems [almostunified]/" done in 5.479 μs
[20:34:57] [REI-ReloadPlugins/TRACE] [REI] [REIPlugin END] Reloading Section: "reloadable-plugin/EntryTypeRegistryImpl/AdornReiClientForge of AdornReiClientForge [adorn]/"
[20:34:57] [REI-ReloadPlugins/TRACE] [REI] [REIPlugin END] Reloading Section: "reloadable-plugin/EntryTypeRegistryImpl/AdornReiClientForge of AdornReiClientForge [adorn]/" done in 7.796 μs
[20:34:57] [REI-ReloadPlugins/TRACE] [REI] [REIPlugin END] Reloading Section: "reloadable-plugin/EntryTypeRegistryImpl/REIPluginImpl of REIPluginImpl [ldlib]/"
[20:34:57] [REI-ReloadPlugins/TRACE] [REI] [REIPlugin END] Reloading Section: "reloadable-plugin/EntryTypeRegistryImpl/REIPluginImpl of REIPluginImpl [ldlib]/" done in 5.119 μs
[20:34:57] [REI-ReloadPlugins/TRACE] [REI] [REIPlugin END] Reloading Section: "reloadable-plugin/EntryTypeRegistryImpl/StorageReiCommonPlugin of StorageReiCommonPlugin [sophisticatedstorage]/"
[20:34:57] [REI-ReloadPlugins/TRACE] [REI] [REIPlugin END] Reloading Section: "reloadable-plugin/EntryTypeRegistryImpl/StorageReiCommonPlugin of StorageReiCommonPlugin [sophisticatedstorage]/" done in 5.096 μs
[20:34:57] [REI-ReloadPlugins/TRACE] [REI] [REIPlugin END] Reloading Section: "reloadable-plugin/EntryTypeRegistryImpl/ReiClientPlugin of ReiClientPlugin [craftingstation]/"
[20:34:57] [REI-ReloadPlugins/TRACE] [REI] [REIPlugin END] Reloading Section: "reloadable-plugin/EntryTypeRegistryImpl/ReiClientPlugin of ReiClientPlugin [craftingstation]/" done in 5.513 μs
[20:34:57] [REI-ReloadPlugins/TRACE] [REI] [REIPlugin END] Reloading Section: "reloadable-plugin/EntryTypeRegistryImpl/ReiPlugin of ReiPlugin [craftingstation]/"
[20:34:57] [REI-ReloadPlugins/TRACE] [REI] [REIPlugin END] Reloading Section: "reloadable-plugin/EntryTypeRegistryImpl/ReiPlugin of ReiPlugin [craftingstation]/" done in 4.786 μs
[20:34:57] [REI-ReloadPlugins/TRACE] [REI] [REIPlugin END] Reloading Section: "reloadable-plugin/EntryTypeRegistryImpl/REIForgePluginStub of REIForgePluginStub [ftblibrary]/"
[20:34:57] [REI-ReloadPlugins/TRACE] [REI] [REIPlugin END] Reloading Section: "reloadable-plugin/EntryTypeRegistryImpl/REIForgePluginStub of REIForgePluginStub [ftblibrary]/" done in 6.068 μs
[20:34:57] [REI-ReloadPlugins/TRACE] [REI] [REIPlugin END] Reloading Section: "reloadable-plugin/EntryTypeRegistryImpl/BackpackReiCommonPlugin of BackpackReiCommonPlugin [sophisticatedbackpacks]/"
[20:34:57] [REI-ReloadPlugins/TRACE] [REI] [REIPlugin END] Reloading Section: "reloadable-plugin/EntryTypeRegistryImpl/BackpackReiCommonPlugin of BackpackReiCommonPlugin [sophisticatedbackpacks]/" done in 5.744 μs
[20:34:57] [REI-ReloadPlugins/TRACE] [REI] [REIPlugin END] Reloading Section: "reloadable-plugin/EntryTypeRegistryImpl/CoreReiCommonPlugin of CoreReiCommonPlugin [sophisticatedcore]/"
[20:34:57] [REI-ReloadPlugins/TRACE] [REI] [REIPlugin END] Reloading Section: "reloadable-plugin/EntryTypeRegistryImpl/CoreReiCommonPlugin of CoreReiCommonPlugin [sophisticatedcore]/" done in 5.444 μs
[20:34:57] [REI-ReloadPlugins/TRACE] [REI] [REIPlugin END] Reloading Section: "reloadable-plugin/EntryTypeRegistryImpl/AdornReiServerForge of AdornReiServerForge [adorn]/"
[20:34:57] [REI-ReloadPlugins/TRACE] [REI] [REIPlugin END] Reloading Section: "reloadable-plugin/EntryTypeRegistryImpl/AdornReiServerForge of AdornReiServerForge [adorn]/" done in 5.401 μs
[20:34:57] [REI-ReloadPlugins/TRACE] [REI] [REIPlugin END] Reloading Section: "reloadable-plugin/EntryTypeRegistryImpl/AE2 of AE2 [ae2]/"
[20:34:57] [REI-ReloadPlugins/TRACE] [REI] [REIPlugin END] Reloading Section: "reloadable-plugin/EntryTypeRegistryImpl/AE2 of AE2 [ae2]/" done in 5.407 μs
[20:34:57] [REI-ReloadPlugins/TRACE] [REI] [REIPlugin END] Reloading Section: "reloadable-plugin/EntryTypeRegistryImpl/REIForgePluginStub of REIForgePluginStub [kubejs]/"
[20:34:57] [REI-ReloadPlugins/TRACE] [REI] [REIPlugin END] Reloading Section: "reloadable-plugin/EntryTypeRegistryImpl/REIForgePluginStub of REIForgePluginStub [kubejs]/" done in 5.502 μs
[20:34:57] [REI-ReloadPlugins/TRACE] [REI] [REIPlugin END] Reloading Section: "reloadable-plugin/EntryTypeRegistryImpl/" done in 456.9 μs
[20:34:57] [REI-ReloadPlugins/TRACE] [REI] [REIPlugin END] Reloading Section: "reloadable-plugin/EntrySettingsAdapterRegistryImpl/"
[20:34:57] [REI-ReloadPlugins/TRACE] [REI] [REIPlugin END] Reloading Section: "reloadable-plugin/EntrySettingsAdapterRegistryImpl/DefaultClientPluginImpl of DefaultClientPluginImpl [roughlyenoughitems]/"
[20:34:57] [REI-ReloadPlugins/TRACE] [REI] [REIPlugin END] Reloading Section: "reloadable-plugin/EntrySettingsAdapterRegistryImpl/DefaultClientPluginImpl of DefaultClientPluginImpl [roughlyenoughitems]/" done in 64.83 μs
[20:34:57] [REI-ReloadPlugins/TRACE] [REI] [REIPlugin END] Reloading Section: "reloadable-plugin/EntrySettingsAdapterRegistryImpl/DefaultPluginImpl of DefaultPluginImpl [roughlyenoughitems]/"
[20:34:57] [REI-ReloadPlugins/TRACE] [REI] [REIPlugin END] Reloading Section: "reloadable-plugin/EntrySettingsAdapterRegistryImpl/DefaultPluginImpl of DefaultPluginImpl [roughlyenoughitems]/" done in 8.254 μs
[20:34:57] [REI-ReloadPlugins/TRACE] [REI] [REIPlugin END] Reloading Section: "reloadable-plugin/EntrySettingsAdapterRegistryImpl/HideIngredientsFromTagsPlugin of HideIngredientsFromTagsPlugin [roughlyenoughitems]/"
[20:34:57] [REI-ReloadPlugins/TRACE] [REI] [REIPlugin END] Reloading Section: "reloadable-plugin/EntrySettingsAdapterRegistryImpl/HideIngredientsFromTagsPlugin of HideIngredientsFromTagsPlugin [roughlyenoughitems]/" done in 6.083 μs
[20:34:57] [REI-ReloadPlugins/TRACE] [REI] [REIPlugin END] Reloading Section: "reloadable-plugin/EntrySettingsAdapterRegistryImpl/DefaultClientRuntimePlugin of DefaultClientRuntimePlugin [roughlyenoughitems]/"
[20:34:57] [REI-ReloadPlugins/TRACE] [REI] [REIPlugin END] Reloading Section: "reloadable-plugin/EntrySettingsAdapterRegistryImpl/DefaultClientRuntimePlugin of DefaultClientRuntimePlugin [roughlyenoughitems]/" done in 5.895 μs
[20:34:57] [REI-ReloadPlugins/TRACE] [REI] [REIPlugin END] Reloading Section: "reloadable-plugin/EntrySettingsAdapterRegistryImpl/DefaultRuntimePlugin of DefaultRuntimePlugin [roughlyenoughitems]/"
[20:34:57] [REI-ReloadPlugins/TRACE] [REI] [REIPlugin END] Reloading Section: "reloadable-plugin/EntrySettingsAdapterRegistryImpl/DefaultRuntimePlugin of DefaultRuntimePlugin [roughlyenoughitems]/" done in 8.882 μs
[20:34:57] [REI-ReloadPlugins/TRACE] [REI] [REIPlugin END] Reloading Section: "reloadable-plugin/EntrySettingsAdapterRegistryImpl/REICompat of REICompat [supplementaries]/"
[20:34:57] [REI-ReloadPlugins/TRACE] [REI] [REIPlugin END] Reloading Section: "reloadable-plugin/EntrySettingsAdapterRegistryImpl/REICompat of REICompat [supplementaries]/" done in 5.894 μs
[20:34:57] [REI-ReloadPlugins/TRACE] [REI] [REIPlugin END] Reloading Section: "reloadable-plugin/EntrySettingsAdapterRegistryImpl/GTREIPlugin of GTREIPlugin [gtceu]/"
[20:34:57] [REI-ReloadPlugins/TRACE] [REI] [REIPlugin END] Reloading Section: "reloadable-plugin/EntrySettingsAdapterRegistryImpl/GTREIPlugin of GTREIPlugin [gtceu]/" done in 11.60 μs
[20:34:57] [REI-ReloadPlugins/TRACE] [REI] [REIPlugin END] Reloading Section: "reloadable-plugin/EntrySettingsAdapterRegistryImpl/FTBQuestsREIIntegrationForge of FTBQuestsREIIntegrationForge [ftbxmodcompat]/"
[20:34:57] [REI-ReloadPlugins/TRACE] [REI] [REIPlugin END] Reloading Section: "reloadable-plugin/EntrySettingsAdapterRegistryImpl/FTBQuestsREIIntegrationForge of FTBQuestsREIIntegrationForge [ftbxmodcompat]/" done in 5.734 μs
[20:34:57] [REI-ReloadPlugins/TRACE] [REI] [REIPlugin END] Reloading Section: "reloadable-plugin/EntrySettingsAdapterRegistryImpl/ExtendedAE of ExtendedAE [expatternprovider]/"
[20:34:57] [REI-ReloadPlugins/TRACE] [REI] [REIPlugin END] Reloading Section: "reloadable-plugin/EntrySettingsAdapterRegistryImpl/ExtendedAE of ExtendedAE [expatternprovider]/" done in 5.621 μs
[20:34:57] [REI-ReloadPlugins/TRACE] [REI] [REIPlugin END] Reloading Section: "reloadable-plugin/EntrySettingsAdapterRegistryImpl/FramedReiPlugin of FramedReiPlugin [framedblocks]/"
[20:34:57] [REI-ReloadPlugins/TRACE] [REI] [REIPlugin END] Reloading Section: "reloadable-plugin/EntrySettingsAdapterRegistryImpl/FramedReiPlugin of FramedReiPlugin [framedblocks]/" done in 5.664 μs
[20:34:57] [REI-ReloadPlugins/TRACE] [REI] [REIPlugin END] Reloading Section: "reloadable-plugin/EntrySettingsAdapterRegistryImpl/StorageReiClientPlugin of StorageReiClientPlugin [sophisticatedstorage]/"
[20:34:57] [REI-ReloadPlugins/TRACE] [REI] [REIPlugin END] Reloading Section: "reloadable-plugin/EntrySettingsAdapterRegistryImpl/StorageReiClientPlugin of StorageReiClientPlugin [sophisticatedstorage]/" done in 5.986 μs
[20:34:57] [REI-ReloadPlugins/TRACE] [REI] [REIPlugin END] Reloading Section: "reloadable-plugin/EntrySettingsAdapterRegistryImpl/BackpackReiClientPlugin of BackpackReiClientPlugin [sophisticatedbackpacks]/"
[20:34:57] [REI-ReloadPlugins/TRACE] [REI] [REIPlugin END] Reloading Section: "reloadable-plugin/EntrySettingsAdapterRegistryImpl/BackpackReiClientPlugin of BackpackReiClientPlugin [sophisticatedbackpacks]/" done in 5.971 μs
[20:34:57] [REI-ReloadPlugins/TRACE] [REI] [REIPlugin END] Reloading Section: "reloadable-plugin/EntrySettingsAdapterRegistryImpl/ReiIsDumbClientPlugin of ReiIsDumbClientPlugin [ad_astra]/"
[20:34:57] [REI-ReloadPlugins/TRACE] [REI] [REIPlugin END] Reloading Section: "reloadable-plugin/EntrySettingsAdapterRegistryImpl/ReiIsDumbClientPlugin of ReiIsDumbClientPlugin [ad_astra]/" done in 5.489 μs
[20:34:57] [REI-ReloadPlugins/TRACE] [REI] [REIPlugin END] Reloading Section: "reloadable-plugin/EntrySettingsAdapterRegistryImpl/almostunified.roughlyenoughitems of almostunified.roughlyenoughitems [almostunified]/"
[20:34:57] [REI-ReloadPlugins/TRACE] [REI] [REIPlugin END] Reloading Section: "reloadable-plugin/EntrySettingsAdapterRegistryImpl/almostunified.roughlyenoughitems of almostunified.roughlyenoughitems [almostunified]/" done in 5.646 μs
[20:34:57] [REI-ReloadPlugins/TRACE] [REI] [REIPlugin END] Reloading Section: "reloadable-plugin/EntrySettingsAdapterRegistryImpl/AdornReiClientForge of AdornReiClientForge [adorn]/"
[20:34:57] [REI-ReloadPlugins/TRACE] [REI] [REIPlugin END] Reloading Section: "reloadable-plugin/EntrySettingsAdapterRegistryImpl/AdornReiClientForge of AdornReiClientForge [adorn]/" done in 5.448 μs
[20:34:57] [REI-ReloadPlugins/TRACE] [REI] [REIPlugin END] Reloading Section: "reloadable-plugin/EntrySettingsAdapterRegistryImpl/REIPluginImpl of REIPluginImpl [ldlib]/"
[20:34:57] [REI-ReloadPlugins/TRACE] [REI] [REIPlugin END] Reloading Section: "reloadable-plugin/EntrySettingsAdapterRegistryImpl/REIPluginImpl of REIPluginImpl [ldlib]/" done in 5.231 μs
[20:34:57] [REI-ReloadPlugins/TRACE] [REI] [REIPlugin END] Reloading Section: "reloadable-plugin/EntrySettingsAdapterRegistryImpl/StorageReiCommonPlugin of StorageReiCommonPlugin [sophisticatedstorage]/"
[20:34:57] [REI-ReloadPlugins/TRACE] [REI] [REIPlugin END] Reloading Section: "reloadable-plugin/EntrySettingsAdapterRegistryImpl/StorageReiCommonPlugin of StorageReiCommonPlugin [sophisticatedstorage]/" done in 5.219 μs
[20:34:57] [REI-ReloadPlugins/TRACE] [REI] [REIPlugin END] Reloading Section: "reloadable-plugin/EntrySettingsAdapterRegistryImpl/ReiClientPlugin of ReiClientPlugin [craftingstation]/"
[20:34:57] [REI-ReloadPlugins/TRACE] [REI] [REIPlugin END] Reloading Section: "reloadable-plugin/EntrySettingsAdapterRegistryImpl/ReiClientPlugin of ReiClientPlugin [craftingstation]/" done in 6.267 μs
[20:34:57] [REI-ReloadPlugins/TRACE] [REI] [REIPlugin END] Reloading Section: "reloadable-plugin/EntrySettingsAdapterRegistryImpl/ReiPlugin of ReiPlugin [craftingstation]/"
[20:34:57] [REI-ReloadPlugins/TRACE] [REI] [REIPlugin END] Reloading Section: "reloadable-plugin/EntrySettingsAdapterRegistryImpl/ReiPlugin of ReiPlugin [craftingstation]/" done in 5.207 μs
[20:34:57] [REI-ReloadPlugins/TRACE] [REI] [REIPlugin END] Reloading Section: "reloadable-plugin/EntrySettingsAdapterRegistryImpl/REIForgePluginStub of REIForgePluginStub [ftblibrary]/"
[20:34:57] [REI-ReloadPlugins/TRACE] [REI] [REIPlugin END] Reloading Section: "reloadable-plugin/EntrySettingsAdapterRegistryImpl/REIForgePluginStub of REIForgePluginStub [ftblibrary]/" done in 5.676 μs
[20:34:57] [REI-ReloadPlugins/TRACE] [REI] [REIPlugin END] Reloading Section: "reloadable-plugin/EntrySettingsAdapterRegistryImpl/BackpackReiCommonPlugin of BackpackReiCommonPlugin [sophisticatedbackpacks]/"
[20:34:57] [REI-ReloadPlugins/TRACE] [REI] [REIPlugin END] Reloading Section: "reloadable-plugin/EntrySettingsAdapterRegistryImpl/BackpackReiCommonPlugin of BackpackReiCommonPlugin [sophisticatedbackpacks]/" done in 5.486 μs
[20:34:57] [REI-ReloadPlugins/TRACE] [REI] [REIPlugin END] Reloading Section: "reloadable-plugin/EntrySettingsAdapterRegistryImpl/CoreReiCommonPlugin of CoreReiCommonPlugin [sophisticatedcore]/"
[20:34:57] [REI-ReloadPlugins/TRACE] [REI] [REIPlugin END] Reloading Section: "reloadable-plugin/EntrySettingsAdapterRegistryImpl/CoreReiCommonPlugin of CoreReiCommonPlugin [sophisticatedcore]/" done in 5.571 μs
[20:34:57] [REI-ReloadPlugins/TRACE] [REI] [REIPlugin END] Reloading Section: "reloadable-plugin/EntrySettingsAdapterRegistryImpl/AdornReiServerForge of AdornReiServerForge [adorn]/"
[20:34:57] [REI-ReloadPlugins/TRACE] [REI] [REIPlugin END] Reloading Section: "reloadable-plugin/EntrySettingsAdapterRegistryImpl/AdornReiServerForge of AdornReiServerForge [adorn]/" done in 5.403 μs
[20:34:57] [REI-ReloadPlugins/TRACE] [REI] [REIPlugin END] Reloading Section: "reloadable-plugin/EntrySettingsAdapterRegistryImpl/AE2 of AE2 [ae2]/"
[20:34:57] [REI-ReloadPlugins/TRACE] [REI] [REIPlugin END] Reloading Section: "reloadable-plugin/EntrySettingsAdapterRegistryImpl/AE2 of AE2 [ae2]/" done in 5.583 μs
[20:34:57] [REI-ReloadPlugins/TRACE] [REI] [REIPlugin END] Reloading Section: "reloadable-plugin/EntrySettingsAdapterRegistryImpl/REIForgePluginStub of REIForgePluginStub [kubejs]/"
[20:34:57] [REI-ReloadPlugins/TRACE] [REI] [REIPlugin END] Reloading Section: "reloadable-plugin/EntrySettingsAdapterRegistryImpl/REIForgePluginStub of REIForgePluginStub [kubejs]/" done in 5.451 μs
[20:34:57] [REI-ReloadPlugins/TRACE] [REI] [REIPlugin END] Reloading Section: "reloadable-plugin/EntrySettingsAdapterRegistryImpl/" done in 2.533 ms
[20:34:57] [REI-ReloadPlugins/TRACE] [REI] [REIPlugin END] Reloading Section: "reloadable-plugin/RecipeManagerContextImpl/"
[20:34:57] [REI-ReloadPlugins/TRACE] [REI] [REIPlugin END] Reloading Section: "reloadable-plugin/RecipeManagerContextImpl/DefaultClientPluginImpl of DefaultClientPluginImpl [roughlyenoughitems]/"
[20:34:57] [REI-ReloadPlugins/TRACE] [REI] [REIPlugin END] Reloading Section: "reloadable-plugin/RecipeManagerContextImpl/DefaultClientPluginImpl of DefaultClientPluginImpl [roughlyenoughitems]/" done in 6.196 μs
[20:34:57] [REI-ReloadPlugins/TRACE] [REI] [REIPlugin END] Reloading Section: "reloadable-plugin/RecipeManagerContextImpl/DefaultPluginImpl of DefaultPluginImpl [roughlyenoughitems]/"
[20:34:57] [REI-ReloadPlugins/TRACE] [REI] [REIPlugin END] Reloading Section: "reloadable-plugin/RecipeManagerContextImpl/DefaultPluginImpl of DefaultPluginImpl [roughlyenoughitems]/" done in 5.053 μs
[20:34:57] [REI-ReloadPlugins/TRACE] [REI] [REIPlugin END] Reloading Section: "reloadable-plugin/RecipeManagerContextImpl/HideIngredientsFromTagsPlugin of HideIngredientsFromTagsPlugin [roughlyenoughitems]/"
[20:34:57] [REI-ReloadPlugins/TRACE] [REI] [REIPlugin END] Reloading Section: "reloadable-plugin/RecipeManagerContextImpl/HideIngredientsFromTagsPlugin of HideIngredientsFromTagsPlugin [roughlyenoughitems]/" done in 5.201 μs
[20:34:57] [REI-ReloadPlugins/TRACE] [REI] [REIPlugin END] Reloading Section: "reloadable-plugin/RecipeManagerContextImpl/DefaultClientRuntimePlugin of DefaultClientRuntimePlugin [roughlyenoughitems]/"
[20:34:57] [REI-ReloadPlugins/TRACE] [REI] [REIPlugin END] Reloading Section: "reloadable-plugin/RecipeManagerContextImpl/DefaultClientRuntimePlugin of DefaultClientRuntimePlugin [roughlyenoughitems]/" done in 5.342 μs
[20:34:57] [REI-ReloadPlugins/TRACE] [REI] [REIPlugin END] Reloading Section: "reloadable-plugin/RecipeManagerContextImpl/DefaultRuntimePlugin of DefaultRuntimePlugin [roughlyenoughitems]/"
[20:34:57] [REI-ReloadPlugins/TRACE] [REI] [REIPlugin END] Reloading Section: "reloadable-plugin/RecipeManagerContextImpl/DefaultRuntimePlugin of DefaultRuntimePlugin [roughlyenoughitems]/" done in 5.275 μs
[20:34:57] [REI-ReloadPlugins/TRACE] [REI] [REIPlugin END] Reloading Section: "reloadable-plugin/RecipeManagerContextImpl/REICompat of REICompat [supplementaries]/"
[20:34:57] [REI-ReloadPlugins/TRACE] [REI] [REIPlugin END] Reloading Section: "reloadable-plugin/RecipeManagerContextImpl/REICompat of REICompat [supplementaries]/" done in 5.438 μs
[20:34:57] [REI-ReloadPlugins/TRACE] [REI] [REIPlugin END] Reloading Section: "reloadable-plugin/RecipeManagerContextImpl/GTREIPlugin of GTREIPlugin [gtceu]/"
[20:34:57] [REI-ReloadPlugins/TRACE] [REI] [REIPlugin END] Reloading Section: "reloadable-plugin/RecipeManagerContextImpl/GTREIPlugin of GTREIPlugin [gtceu]/" done in 5.270 μs
[20:34:57] [REI-ReloadPlugins/TRACE] [REI] [REIPlugin END] Reloading Section: "reloadable-plugin/RecipeManagerContextImpl/FTBQuestsREIIntegrationForge of FTBQuestsREIIntegrationForge [ftbxmodcompat]/"
[20:34:57] [REI-ReloadPlugins/TRACE] [REI] [REIPlugin END] Reloading Section: "reloadable-plugin/RecipeManagerContextImpl/FTBQuestsREIIntegrationForge of FTBQuestsREIIntegrationForge [ftbxmodcompat]/" done in 5.280 μs
[20:34:57] [REI-ReloadPlugins/TRACE] [REI] [REIPlugin END] Reloading Section: "reloadable-plugin/RecipeManagerContextImpl/ExtendedAE of ExtendedAE [expatternprovider]/"
[20:34:57] [REI-ReloadPlugins/TRACE] [REI] [REIPlugin END] Reloading Section: "reloadable-plugin/RecipeManagerContextImpl/ExtendedAE of ExtendedAE [expatternprovider]/" done in 5.377 μs
[20:34:57] [REI-ReloadPlugins/TRACE] [REI] [REIPlugin END] Reloading Section: "reloadable-plugin/RecipeManagerContextImpl/FramedReiPlugin of FramedReiPlugin [framedblocks]/"
[20:34:57] [REI-ReloadPlugins/TRACE] [REI] [REIPlugin END] Reloading Section: "reloadable-plugin/RecipeManagerContextImpl/FramedReiPlugin of FramedReiPlugin [framedblocks]/" done in 5.495 μs
[20:34:57] [REI-ReloadPlugins/TRACE] [REI] [REIPlugin END] Reloading Section: "reloadable-plugin/RecipeManagerContextImpl/StorageReiClientPlugin of StorageReiClientPlugin [sophisticatedstorage]/"
[20:34:57] [REI-ReloadPlugins/TRACE] [REI] [REIPlugin END] Reloading Section: "reloadable-plugin/RecipeManagerContextImpl/StorageReiClientPlugin of StorageReiClientPlugin [sophisticatedstorage]/" done in 5.644 μs
[20:34:57] [REI-ReloadPlugins/TRACE] [REI] [REIPlugin END] Reloading Section: "reloadable-plugin/RecipeManagerContextImpl/BackpackReiClientPlugin of BackpackReiClientPlugin [sophisticatedbackpacks]/"
[20:34:57] [REI-ReloadPlugins/TRACE] [REI] [REIPlugin END] Reloading Section: "reloadable-plugin/RecipeManagerContextImpl/BackpackReiClientPlugin of BackpackReiClientPlugin [sophisticatedbackpacks]/" done in 5.338 μs
[20:34:57] [REI-ReloadPlugins/TRACE] [REI] [REIPlugin END] Reloading Section: "reloadable-plugin/RecipeManagerContextImpl/ReiIsDumbClientPlugin of ReiIsDumbClientPlugin [ad_astra]/"
[20:34:57] [REI-ReloadPlugins/TRACE] [REI] [REIPlugin END] Reloading Section: "reloadable-plugin/RecipeManagerContextImpl/ReiIsDumbClientPlugin of ReiIsDumbClientPlugin [ad_astra]/" done in 10.66 μs
[20:34:57] [REI-ReloadPlugins/TRACE] [REI] [REIPlugin END] Reloading Section: "reloadable-plugin/RecipeManagerContextImpl/almostunified.roughlyenoughitems of almostunified.roughlyenoughitems [almostunified]/"
[20:34:57] [REI-ReloadPlugins/TRACE] [REI] [REIPlugin END] Reloading Section: "reloadable-plugin/RecipeManagerContextImpl/almostunified.roughlyenoughitems of almostunified.roughlyenoughitems [almostunified]/" done in 6.420 μs
[20:34:57] [REI-ReloadPlugins/TRACE] [REI] [REIPlugin END] Reloading Section: "reloadable-plugin/RecipeManagerContextImpl/AdornReiClientForge of AdornReiClientForge [adorn]/"
[20:34:57] [REI-ReloadPlugins/TRACE] [REI] [REIPlugin END] Reloading Section: "reloadable-plugin/RecipeManagerContextImpl/AdornReiClientForge of AdornReiClientForge [adorn]/" done in 5.318 μs
[20:34:57] [REI-ReloadPlugins/TRACE] [REI] [REIPlugin END] Reloading Section: "reloadable-plugin/RecipeManagerContextImpl/REIPluginImpl of REIPluginImpl [ldlib]/"
[20:34:57] [REI-ReloadPlugins/TRACE] [REI] [REIPlugin END] Reloading Section: "reloadable-plugin/RecipeManagerContextImpl/REIPluginImpl of REIPluginImpl [ldlib]/" done in 5.188 μs
[20:34:57] [REI-ReloadPlugins/TRACE] [REI] [REIPlugin END] Reloading Section: "reloadable-plugin/RecipeManagerContextImpl/StorageReiCommonPlugin of StorageReiCommonPlugin [sophisticatedstorage]/"
[20:34:57] [REI-ReloadPlugins/TRACE] [REI] [REIPlugin END] Reloading Section: "reloadable-plugin/RecipeManagerContextImpl/StorageReiCommonPlugin of StorageReiCommonPlugin [sophisticatedstorage]/" done in 5.058 μs
[20:34:57] [REI-ReloadPlugins/TRACE] [REI] [REIPlugin END] Reloading Section: "reloadable-plugin/RecipeManagerContextImpl/ReiClientPlugin of ReiClientPlugin [craftingstation]/"
[20:34:57] [REI-ReloadPlugins/TRACE] [REI] [REIPlugin END] Reloading Section: "reloadable-plugin/RecipeManagerContextImpl/ReiClientPlugin of ReiClientPlugin [craftingstation]/" done in 4.882 μs
[20:34:57] [REI-ReloadPlugins/TRACE] [REI] [REIPlugin END] Reloading Section: "reloadable-plugin/RecipeManagerContextImpl/ReiPlugin of ReiPlugin [craftingstation]/"
[20:34:57] [REI-ReloadPlugins/TRACE] [REI] [REIPlugin END] Reloading Section: "reloadable-plugin/RecipeManagerContextImpl/ReiPlugin of ReiPlugin [craftingstation]/" done in 5.105 μs
[20:34:57] [REI-ReloadPlugins/TRACE] [REI] [REIPlugin END] Reloading Section: "reloadable-plugin/RecipeManagerContextImpl/REIForgePluginStub of REIForgePluginStub [ftblibrary]/"
[20:34:57] [REI-ReloadPlugins/TRACE] [REI] [REIPlugin END] Reloading Section: "reloadable-plugin/RecipeManagerContextImpl/REIForgePluginStub of REIForgePluginStub [ftblibrary]/" done in 5.644 μs
[20:34:57] [REI-ReloadPlugins/TRACE] [REI] [REIPlugin END] Reloading Section: "reloadable-plugin/RecipeManagerContextImpl/BackpackReiCommonPlugin of BackpackReiCommonPlugin [sophisticatedbackpacks]/"
[20:34:57] [REI-ReloadPlugins/TRACE] [REI] [REIPlugin END] Reloading Section: "reloadable-plugin/RecipeManagerContextImpl/BackpackReiCommonPlugin of BackpackReiCommonPlugin [sophisticatedbackpacks]/" done in 5.108 μs
[20:34:57] [REI-ReloadPlugins/TRACE] [REI] [REIPlugin END] Reloading Section: "reloadable-plugin/RecipeManagerContextImpl/CoreReiCommonPlugin of CoreReiCommonPlugin [sophisticatedcore]/"
[20:34:57] [REI-ReloadPlugins/TRACE] [REI] [REIPlugin END] Reloading Section: "reloadable-plugin/RecipeManagerContextImpl/CoreReiCommonPlugin of CoreReiCommonPlugin [sophisticatedcore]/" done in 5.488 μs
[20:34:57] [REI-ReloadPlugins/TRACE] [REI] [REIPlugin END] Reloading Section: "reloadable-plugin/RecipeManagerContextImpl/AdornReiServerForge of AdornReiServerForge [adorn]/"
[20:34:57] [REI-ReloadPlugins/TRACE] [REI] [REIPlugin END] Reloading Section: "reloadable-plugin/RecipeManagerContextImpl/AdornReiServerForge of AdornReiServerForge [adorn]/" done in 4.835 μs
[20:34:57] [REI-ReloadPlugins/TRACE] [REI] [REIPlugin END] Reloading Section: "reloadable-plugin/RecipeManagerContextImpl/AE2 of AE2 [ae2]/"
[20:34:57] [REI-ReloadPlugins/TRACE] [REI] [REIPlugin END] Reloading Section: "reloadable-plugin/RecipeManagerContextImpl/AE2 of AE2 [ae2]/" done in 5.377 μs
[20:34:57] [REI-ReloadPlugins/TRACE] [REI] [REIPlugin END] Reloading Section: "reloadable-plugin/RecipeManagerContextImpl/REIForgePluginStub of REIForgePluginStub [kubejs]/"
[20:34:57] [REI-ReloadPlugins/TRACE] [REI] [REIPlugin END] Reloading Section: "reloadable-plugin/RecipeManagerContextImpl/REIForgePluginStub of REIForgePluginStub [kubejs]/" done in 8.101 μs
[20:34:57] [REI-ReloadPlugins/TRACE] [REI] [REIPlugin END] Reloading Section: "reloadable-plugin/RecipeManagerContextImpl/" done in 430.5 μs
[20:34:57] [REI-ReloadPlugins/TRACE] [REI] [REIPlugin END] Reloading Section: "reloadable-plugin/ItemComparatorRegistryImpl/"
[20:34:57] [REI-ReloadPlugins/TRACE] [REI] [REIPlugin END] Reloading Section: "reloadable-plugin/ItemComparatorRegistryImpl/DefaultClientPluginImpl of DefaultClientPluginImpl [roughlyenoughitems]/"
[20:34:57] [REI-ReloadPlugins/TRACE] [REI] [REIPlugin END] Reloading Section: "reloadable-plugin/ItemComparatorRegistryImpl/DefaultClientPluginImpl of DefaultClientPluginImpl [roughlyenoughitems]/" done in 8.301 μs
[20:34:57] [REI-ReloadPlugins/TRACE] [REI] [REIPlugin END] Reloading Section: "reloadable-plugin/ItemComparatorRegistryImpl/DefaultPluginImpl of DefaultPluginImpl [roughlyenoughitems]/"
[20:34:57] [REI-ReloadPlugins/TRACE] [REI] [REIPlugin END] Reloading Section: "reloadable-plugin/ItemComparatorRegistryImpl/DefaultPluginImpl of DefaultPluginImpl [roughlyenoughitems]/" done in 4.533 μs
[20:34:57] [REI-ReloadPlugins/TRACE] [REI] [REIPlugin END] Reloading Section: "reloadable-plugin/ItemComparatorRegistryImpl/HideIngredientsFromTagsPlugin of HideIngredientsFromTagsPlugin [roughlyenoughitems]/"
[20:34:57] [REI-ReloadPlugins/TRACE] [REI] [REIPlugin END] Reloading Section: "reloadable-plugin/ItemComparatorRegistryImpl/HideIngredientsFromTagsPlugin of HideIngredientsFromTagsPlugin [roughlyenoughitems]/" done in 5.188 μs
[20:34:57] [REI-ReloadPlugins/TRACE] [REI] [REIPlugin END] Reloading Section: "reloadable-plugin/ItemComparatorRegistryImpl/DefaultClientRuntimePlugin of DefaultClientRuntimePlugin [roughlyenoughitems]/"
[20:34:57] [REI-ReloadPlugins/TRACE] [REI] [REIPlugin END] Reloading Section: "reloadable-plugin/ItemComparatorRegistryImpl/DefaultClientRuntimePlugin of DefaultClientRuntimePlugin [roughlyenoughitems]/" done in 5.455 μs
[20:34:57] [REI-ReloadPlugins/TRACE] [REI] [REIPlugin END] Reloading Section: "reloadable-plugin/ItemComparatorRegistryImpl/DefaultRuntimePlugin of DefaultRuntimePlugin [roughlyenoughitems]/"
[20:34:57] [REI-ReloadPlugins/TRACE] [REI] [REIPlugin END] Reloading Section: "reloadable-plugin/ItemComparatorRegistryImpl/DefaultRuntimePlugin of DefaultRuntimePlugin [roughlyenoughitems]/" done in 5.240 μs
[20:34:57] [REI-ReloadPlugins/TRACE] [REI] [REIPlugin END] Reloading Section: "reloadable-plugin/ItemComparatorRegistryImpl/REICompat of REICompat [supplementaries]/"
[20:34:57] [REI-ReloadPlugins/TRACE] [REI] [REIPlugin END] Reloading Section: "reloadable-plugin/ItemComparatorRegistryImpl/REICompat of REICompat [supplementaries]/" done in 5.489 μs
[20:34:57] [REI-ReloadPlugins/TRACE] [REI] [REIPlugin END] Reloading Section: "reloadable-plugin/ItemComparatorRegistryImpl/GTREIPlugin of GTREIPlugin [gtceu]/"
[20:34:57] [REI-ReloadPlugins/TRACE] [REI] [REIPlugin END] Reloading Section: "reloadable-plugin/ItemComparatorRegistryImpl/GTREIPlugin of GTREIPlugin [gtceu]/" done in 5.512 μs
[20:34:57] [REI-ReloadPlugins/TRACE] [REI] [REIPlugin END] Reloading Section: "reloadable-plugin/ItemComparatorRegistryImpl/FTBQuestsREIIntegrationForge of FTBQuestsREIIntegrationForge [ftbxmodcompat]/"
[20:34:57] [REI-ReloadPlugins/TRACE] [REI] [REIPlugin END] Reloading Section: "reloadable-plugin/ItemComparatorRegistryImpl/FTBQuestsREIIntegrationForge of FTBQuestsREIIntegrationForge [ftbxmodcompat]/" done in 5.181 μs
[20:34:57] [REI-ReloadPlugins/TRACE] [REI] [REIPlugin END] Reloading Section: "reloadable-plugin/ItemComparatorRegistryImpl/ExtendedAE of ExtendedAE [expatternprovider]/"
[20:34:57] [REI-ReloadPlugins/TRACE] [REI] [REIPlugin END] Reloading Section: "reloadable-plugin/ItemComparatorRegistryImpl/ExtendedAE of ExtendedAE [expatternprovider]/" done in 4.952 μs
[20:34:57] [REI-ReloadPlugins/TRACE] [REI] [REIPlugin END] Reloading Section: "reloadable-plugin/ItemComparatorRegistryImpl/FramedReiPlugin of FramedReiPlugin [framedblocks]/"
[20:34:57] [REI-ReloadPlugins/TRACE] [REI] [REIPlugin END] Reloading Section: "reloadable-plugin/ItemComparatorRegistryImpl/FramedReiPlugin of FramedReiPlugin [framedblocks]/" done in 5.120 μs
[20:34:57] [REI-ReloadPlugins/TRACE] [REI] [REIPlugin END] Reloading Section: "reloadable-plugin/ItemComparatorRegistryImpl/StorageReiClientPlugin of StorageReiClientPlugin [sophisticatedstorage]/"
[20:34:57] [REI-ReloadPlugins/TRACE] [REI] [REIPlugin END] Reloading Section: "reloadable-plugin/ItemComparatorRegistryImpl/StorageReiClientPlugin of StorageReiClientPlugin [sophisticatedstorage]/" done in 5.661 μs
[20:34:57] [REI-ReloadPlugins/TRACE] [REI] [REIPlugin END] Reloading Section: "reloadable-plugin/ItemComparatorRegistryImpl/BackpackReiClientPlugin of BackpackReiClientPlugin [sophisticatedbackpacks]/"
[20:34:57] [REI-ReloadPlugins/TRACE] [REI] [REIPlugin END] Reloading Section: "reloadable-plugin/ItemComparatorRegistryImpl/BackpackReiClientPlugin of BackpackReiClientPlugin [sophisticatedbackpacks]/" done in 5.534 μs
[20:34:57] [REI-ReloadPlugins/TRACE] [REI] [REIPlugin END] Reloading Section: "reloadable-plugin/ItemComparatorRegistryImpl/ReiIsDumbClientPlugin of ReiIsDumbClientPlugin [ad_astra]/"
[20:34:57] [REI-ReloadPlugins/TRACE] [REI] [REIPlugin END] Reloading Section: "reloadable-plugin/ItemComparatorRegistryImpl/ReiIsDumbClientPlugin of ReiIsDumbClientPlugin [ad_astra]/" done in 5.111 μs
[20:34:57] [REI-ReloadPlugins/TRACE] [REI] [REIPlugin END] Reloading Section: "reloadable-plugin/ItemComparatorRegistryImpl/almostunified.roughlyenoughitems of almostunified.roughlyenoughitems [almostunified]/"
[20:34:57] [REI-ReloadPlugins/TRACE] [REI] [REIPlugin END] Reloading Section: "reloadable-plugin/ItemComparatorRegistryImpl/almostunified.roughlyenoughitems of almostunified.roughlyenoughitems [almostunified]/" done in 7.057 μs
[20:34:57] [REI-ReloadPlugins/TRACE] [REI] [REIPlugin END] Reloading Section: "reloadable-plugin/ItemComparatorRegistryImpl/AdornReiClientForge of AdornReiClientForge [adorn]/"
[20:34:57] [REI-ReloadPlugins/TRACE] [REI] [REIPlugin END] Reloading Section: "reloadable-plugin/ItemComparatorRegistryImpl/AdornReiClientForge of AdornReiClientForge [adorn]/" done in 9.842 μs
[20:34:57] [REI-ReloadPlugins/TRACE] [REI] [REIPlugin END] Reloading Section: "reloadable-plugin/ItemComparatorRegistryImpl/REIPluginImpl of REIPluginImpl [ldlib]/"
[20:34:57] [REI-ReloadPlugins/TRACE] [REI] [REIPlugin END] Reloading Section: "reloadable-plugin/ItemComparatorRegistryImpl/REIPluginImpl of REIPluginImpl [ldlib]/" done in 5.540 μs
[20:34:57] [REI-ReloadPlugins/TRACE] [REI] [REIPlugin END] Reloading Section: "reloadable-plugin/ItemComparatorRegistryImpl/StorageReiCommonPlugin of StorageReiCommonPlugin [sophisticatedstorage]/"
[20:34:57] [REI-ReloadPlugins/TRACE] [REI] [REIPlugin END] Reloading Section: "reloadable-plugin/ItemComparatorRegistryImpl/StorageReiCommonPlugin of StorageReiCommonPlugin [sophisticatedstorage]/" done in 4.908 μs
[20:34:57] [REI-ReloadPlugins/TRACE] [REI] [REIPlugin END] Reloading Section: "reloadable-plugin/ItemComparatorRegistryImpl/ReiClientPlugin of ReiClientPlugin [craftingstation]/"
[20:34:57] [REI-ReloadPlugins/TRACE] [REI] [REIPlugin END] Reloading Section: "reloadable-plugin/ItemComparatorRegistryImpl/ReiClientPlugin of ReiClientPlugin [craftingstation]/" done in 5.187 μs
[20:34:57] [REI-ReloadPlugins/TRACE] [REI] [REIPlugin END] Reloading Section: "reloadable-plugin/ItemComparatorRegistryImpl/ReiPlugin of ReiPlugin [craftingstation]/"
[20:34:57] [REI-ReloadPlugins/TRACE] [REI] [REIPlugin END] Reloading Section: "reloadable-plugin/ItemComparatorRegistryImpl/ReiPlugin of ReiPlugin [craftingstation]/" done in 7.627 μs
[20:34:57] [REI-ReloadPlugins/TRACE] [REI] [REIPlugin END] Reloading Section: "reloadable-plugin/ItemComparatorRegistryImpl/REIForgePluginStub of REIForgePluginStub [ftblibrary]/"
[20:34:57] [REI-ReloadPlugins/TRACE] [REI] [REIPlugin END] Reloading Section: "reloadable-plugin/ItemComparatorRegistryImpl/REIForgePluginStub of REIForgePluginStub [ftblibrary]/" done in 5.703 μs
[20:34:57] [REI-ReloadPlugins/TRACE] [REI] [REIPlugin END] Reloading Section: "reloadable-plugin/ItemComparatorRegistryImpl/BackpackReiCommonPlugin of BackpackReiCommonPlugin [sophisticatedbackpacks]/"
[20:34:57] [REI-ReloadPlugins/TRACE] [REI] [REIPlugin END] Reloading Section: "reloadable-plugin/ItemComparatorRegistryImpl/BackpackReiCommonPlugin of BackpackReiCommonPlugin [sophisticatedbackpacks]/" done in 5.131 μs
[20:34:57] [REI-ReloadPlugins/TRACE] [REI] [REIPlugin END] Reloading Section: "reloadable-plugin/ItemComparatorRegistryImpl/CoreReiCommonPlugin of CoreReiCommonPlugin [sophisticatedcore]/"
[20:34:57] [REI-ReloadPlugins/TRACE] [REI] [REIPlugin END] Reloading Section: "reloadable-plugin/ItemComparatorRegistryImpl/CoreReiCommonPlugin of CoreReiCommonPlugin [sophisticatedcore]/" done in 5.670 μs
[20:34:57] [REI-ReloadPlugins/TRACE] [REI] [REIPlugin END] Reloading Section: "reloadable-plugin/ItemComparatorRegistryImpl/AdornReiServerForge of AdornReiServerForge [adorn]/"
[20:34:57] [REI-ReloadPlugins/TRACE] [REI] [REIPlugin END] Reloading Section: "reloadable-plugin/ItemComparatorRegistryImpl/AdornReiServerForge of AdornReiServerForge [adorn]/" done in 5.227 μs
[20:34:57] [REI-ReloadPlugins/TRACE] [REI] [REIPlugin END] Reloading Section: "reloadable-plugin/ItemComparatorRegistryImpl/AE2 of AE2 [ae2]/"
[20:34:57] [REI-ReloadPlugins/TRACE] [REI] [REIPlugin END] Reloading Section: "reloadable-plugin/ItemComparatorRegistryImpl/AE2 of AE2 [ae2]/" done in 6.499 μs
[20:34:57] [REI-ReloadPlugins/TRACE] [REI] [REIPlugin END] Reloading Section: "reloadable-plugin/ItemComparatorRegistryImpl/REIForgePluginStub of REIForgePluginStub [kubejs]/"
[20:34:57] [REI-ReloadPlugins/TRACE] [REI] [REIPlugin END] Reloading Section: "reloadable-plugin/ItemComparatorRegistryImpl/REIForgePluginStub of REIForgePluginStub [kubejs]/" done in 5.208 μs
[20:34:57] [REI-ReloadPlugins/TRACE] [REI] [REIPlugin END] Reloading Section: "reloadable-plugin/ItemComparatorRegistryImpl/" done in 424.2 μs
[20:34:57] [REI-ReloadPlugins/TRACE] [REI] [REIPlugin END] Reloading Section: "reloadable-plugin/FluidComparatorRegistryImpl/"
[20:34:57] [REI-ReloadPlugins/TRACE] [REI] [REIPlugin END] Reloading Section: "reloadable-plugin/FluidComparatorRegistryImpl/DefaultClientPluginImpl of DefaultClientPluginImpl [roughlyenoughitems]/"
[20:34:57] [REI-ReloadPlugins/TRACE] [REI] [REIPlugin END] Reloading Section: "reloadable-plugin/FluidComparatorRegistryImpl/DefaultClientPluginImpl of DefaultClientPluginImpl [roughlyenoughitems]/" done in 5.642 μs
[20:34:57] [REI-ReloadPlugins/TRACE] [REI] [REIPlugin END] Reloading Section: "reloadable-plugin/FluidComparatorRegistryImpl/DefaultPluginImpl of DefaultPluginImpl [roughlyenoughitems]/"
[20:34:57] [REI-ReloadPlugins/TRACE] [REI] [REIPlugin END] Reloading Section: "reloadable-plugin/FluidComparatorRegistryImpl/DefaultPluginImpl of DefaultPluginImpl [roughlyenoughitems]/" done in 5.594 μs
[20:34:57] [REI-ReloadPlugins/TRACE] [REI] [REIPlugin END] Reloading Section: "reloadable-plugin/FluidComparatorRegistryImpl/HideIngredientsFromTagsPlugin of HideIngredientsFromTagsPlugin [roughlyenoughitems]/"
[20:34:57] [REI-ReloadPlugins/TRACE] [REI] [REIPlugin END] Reloading Section: "reloadable-plugin/FluidComparatorRegistryImpl/HideIngredientsFromTagsPlugin of HideIngredientsFromTagsPlugin [roughlyenoughitems]/" done in 5.009 μs
[20:34:57] [REI-ReloadPlugins/TRACE] [REI] [REIPlugin END] Reloading Section: "reloadable-plugin/FluidComparatorRegistryImpl/DefaultClientRuntimePlugin of DefaultClientRuntimePlugin [roughlyenoughitems]/"
[20:34:57] [REI-ReloadPlugins/TRACE] [REI] [REIPlugin END] Reloading Section: "reloadable-plugin/FluidComparatorRegistryImpl/DefaultClientRuntimePlugin of DefaultClientRuntimePlugin [roughlyenoughitems]/" done in 7.120 μs
[20:34:57] [REI-ReloadPlugins/TRACE] [REI] [REIPlugin END] Reloading Section: "reloadable-plugin/FluidComparatorRegistryImpl/DefaultRuntimePlugin of DefaultRuntimePlugin [roughlyenoughitems]/"
[20:34:57] [REI-ReloadPlugins/TRACE] [REI] [REIPlugin END] Reloading Section: "reloadable-plugin/FluidComparatorRegistryImpl/DefaultRuntimePlugin of DefaultRuntimePlugin [roughlyenoughitems]/" done in 5.194 μs
[20:34:57] [REI-ReloadPlugins/TRACE] [REI] [REIPlugin END] Reloading Section: "reloadable-plugin/FluidComparatorRegistryImpl/REICompat of REICompat [supplementaries]/"
[20:34:57] [REI-ReloadPlugins/TRACE] [REI] [REIPlugin END] Reloading Section: "reloadable-plugin/FluidComparatorRegistryImpl/REICompat of REICompat [supplementaries]/" done in 5.269 μs
[20:34:57] [REI-ReloadPlugins/TRACE] [REI] [REIPlugin END] Reloading Section: "reloadable-plugin/FluidComparatorRegistryImpl/GTREIPlugin of GTREIPlugin [gtceu]/"
[20:34:57] [REI-ReloadPlugins/TRACE] [REI] [REIPlugin END] Reloading Section: "reloadable-plugin/FluidComparatorRegistryImpl/GTREIPlugin of GTREIPlugin [gtceu]/" done in 5.125 μs
[20:34:57] [REI-ReloadPlugins/TRACE] [REI] [REIPlugin END] Reloading Section: "reloadable-plugin/FluidComparatorRegistryImpl/FTBQuestsREIIntegrationForge of FTBQuestsREIIntegrationForge [ftbxmodcompat]/"
[20:34:57] [REI-ReloadPlugins/TRACE] [REI] [REIPlugin END] Reloading Section: "reloadable-plugin/FluidComparatorRegistryImpl/FTBQuestsREIIntegrationForge of FTBQuestsREIIntegrationForge [ftbxmodcompat]/" done in 4.992 μs
[20:34:57] [REI-ReloadPlugins/TRACE] [REI] [REIPlugin END] Reloading Section: "reloadable-plugin/FluidComparatorRegistryImpl/ExtendedAE of ExtendedAE [expatternprovider]/"
[20:34:57] [REI-ReloadPlugins/TRACE] [REI] [REIPlugin END] Reloading Section: "reloadable-plugin/FluidComparatorRegistryImpl/ExtendedAE of ExtendedAE [expatternprovider]/" done in 8.069 μs
[20:34:57] [REI-ReloadPlugins/TRACE] [REI] [REIPlugin END] Reloading Section: "reloadable-plugin/FluidComparatorRegistryImpl/FramedReiPlugin of FramedReiPlugin [framedblocks]/"
[20:34:57] [REI-ReloadPlugins/TRACE] [REI] [REIPlugin END] Reloading Section: "reloadable-plugin/FluidComparatorRegistryImpl/FramedReiPlugin of FramedReiPlugin [framedblocks]/" done in 6.203 μs
[20:34:57] [REI-ReloadPlugins/TRACE] [REI] [REIPlugin END] Reloading Section: "reloadable-plugin/FluidComparatorRegistryImpl/StorageReiClientPlugin of StorageReiClientPlugin [sophisticatedstorage]/"
[20:34:57] [REI-ReloadPlugins/TRACE] [REI] [REIPlugin END] Reloading Section: "reloadable-plugin/FluidComparatorRegistryImpl/StorageReiClientPlugin of StorageReiClientPlugin [sophisticatedstorage]/" done in 5.566 μs
[20:34:57] [REI-ReloadPlugins/TRACE] [REI] [REIPlugin END] Reloading Section: "reloadable-plugin/FluidComparatorRegistryImpl/BackpackReiClientPlugin of BackpackReiClientPlugin [sophisticatedbackpacks]/"
[20:34:57] [REI-ReloadPlugins/TRACE] [REI] [REIPlugin END] Reloading Section: "reloadable-plugin/FluidComparatorRegistryImpl/BackpackReiClientPlugin of BackpackReiClientPlugin [sophisticatedbackpacks]/" done in 5.276 μs
[20:34:57] [REI-ReloadPlugins/TRACE] [REI] [REIPlugin END] Reloading Section: "reloadable-plugin/FluidComparatorRegistryImpl/ReiIsDumbClientPlugin of ReiIsDumbClientPlugin [ad_astra]/"
[20:34:57] [REI-ReloadPlugins/TRACE] [REI] [REIPlugin END] Reloading Section: "reloadable-plugin/FluidComparatorRegistryImpl/ReiIsDumbClientPlugin of ReiIsDumbClientPlugin [ad_astra]/" done in 5.497 μs
[20:34:57] [REI-ReloadPlugins/TRACE] [REI] [REIPlugin END] Reloading Section: "reloadable-plugin/FluidComparatorRegistryImpl/almostunified.roughlyenoughitems of almostunified.roughlyenoughitems [almostunified]/"
[20:34:57] [REI-ReloadPlugins/TRACE] [REI] [REIPlugin END] Reloading Section: "reloadable-plugin/FluidComparatorRegistryImpl/almostunified.roughlyenoughitems of almostunified.roughlyenoughitems [almostunified]/" done in 5.636 μs
[20:34:57] [REI-ReloadPlugins/TRACE] [REI] [REIPlugin END] Reloading Section: "reloadable-plugin/FluidComparatorRegistryImpl/AdornReiClientForge of AdornReiClientForge [adorn]/"
[20:34:57] [REI-ReloadPlugins/TRACE] [REI] [REIPlugin END] Reloading Section: "reloadable-plugin/FluidComparatorRegistryImpl/AdornReiClientForge of AdornReiClientForge [adorn]/" done in 9.915 μs
[20:34:57] [REI-ReloadPlugins/TRACE] [REI] [REIPlugin END] Reloading Section: "reloadable-plugin/FluidComparatorRegistryImpl/REIPluginImpl of REIPluginImpl [ldlib]/"
[20:34:57] [REI-ReloadPlugins/TRACE] [REI] [REIPlugin END] Reloading Section: "reloadable-plugin/FluidComparatorRegistryImpl/REIPluginImpl of REIPluginImpl [ldlib]/" done in 6.047 μs
[20:34:57] [REI-ReloadPlugins/TRACE] [REI] [REIPlugin END] Reloading Section: "reloadable-plugin/FluidComparatorRegistryImpl/StorageReiCommonPlugin of StorageReiCommonPlugin [sophisticatedstorage]/"
[20:34:57] [REI-ReloadPlugins/TRACE] [REI] [REIPlugin END] Reloading Section: "reloadable-plugin/FluidComparatorRegistryImpl/StorageReiCommonPlugin of StorageReiCommonPlugin [sophisticatedstorage]/" done in 6.471 μs
[20:34:57] [REI-ReloadPlugins/TRACE] [REI] [REIPlugin END] Reloading Section: "reloadable-plugin/FluidComparatorRegistryImpl/ReiClientPlugin of ReiClientPlugin [craftingstation]/"
[20:34:57] [REI-ReloadPlugins/TRACE] [REI] [REIPlugin END] Reloading Section: "reloadable-plugin/FluidComparatorRegistryImpl/ReiClientPlugin of ReiClientPlugin [craftingstation]/" done in 5.286 μs
[20:34:57] [REI-ReloadPlugins/TRACE] [REI] [REIPlugin END] Reloading Section: "reloadable-plugin/FluidComparatorRegistryImpl/ReiPlugin of ReiPlugin [craftingstation]/"
[20:34:57] [REI-ReloadPlugins/TRACE] [REI] [REIPlugin END] Reloading Section: "reloadable-plugin/FluidComparatorRegistryImpl/ReiPlugin of ReiPlugin [craftingstation]/" done in 5.187 μs
[20:34:57] [REI-ReloadPlugins/TRACE] [REI] [REIPlugin END] Reloading Section: "reloadable-plugin/FluidComparatorRegistryImpl/REIForgePluginStub of REIForgePluginStub [ftblibrary]/"
[20:34:57] [REI-ReloadPlugins/TRACE] [REI] [REIPlugin END] Reloading Section: "reloadable-plugin/FluidComparatorRegistryImpl/REIForgePluginStub of REIForgePluginStub [ftblibrary]/" done in 5.678 μs
[20:34:57] [REI-ReloadPlugins/TRACE] [REI] [REIPlugin END] Reloading Section: "reloadable-plugin/FluidComparatorRegistryImpl/BackpackReiCommonPlugin of BackpackReiCommonPlugin [sophisticatedbackpacks]/"
[20:34:57] [REI-ReloadPlugins/TRACE] [REI] [REIPlugin END] Reloading Section: "reloadable-plugin/FluidComparatorRegistryImpl/BackpackReiCommonPlugin of BackpackReiCommonPlugin [sophisticatedbackpacks]/" done in 5.435 μs
[20:34:57] [REI-ReloadPlugins/TRACE] [REI] [REIPlugin END] Reloading Section: "reloadable-plugin/FluidComparatorRegistryImpl/CoreReiCommonPlugin of CoreReiCommonPlugin [sophisticatedcore]/"
[20:34:57] [REI-ReloadPlugins/TRACE] [REI] [REIPlugin END] Reloading Section: "reloadable-plugin/FluidComparatorRegistryImpl/CoreReiCommonPlugin of CoreReiCommonPlugin [sophisticatedcore]/" done in 5.589 μs
[20:34:57] [REI-ReloadPlugins/TRACE] [REI] [REIPlugin END] Reloading Section: "reloadable-plugin/FluidComparatorRegistryImpl/AdornReiServerForge of AdornReiServerForge [adorn]/"
[20:34:57] [REI-ReloadPlugins/TRACE] [REI] [REIPlugin END] Reloading Section: "reloadable-plugin/FluidComparatorRegistryImpl/AdornReiServerForge of AdornReiServerForge [adorn]/" done in 5.289 μs
[20:34:57] [REI-ReloadPlugins/TRACE] [REI] [REIPlugin END] Reloading Section: "reloadable-plugin/FluidComparatorRegistryImpl/AE2 of AE2 [ae2]/"
[20:34:57] [REI-ReloadPlugins/TRACE] [REI] [REIPlugin END] Reloading Section: "reloadable-plugin/FluidComparatorRegistryImpl/AE2 of AE2 [ae2]/" done in 15.77 μs
[20:34:57] [REI-ReloadPlugins/TRACE] [REI] [REIPlugin END] Reloading Section: "reloadable-plugin/FluidComparatorRegistryImpl/REIForgePluginStub of REIForgePluginStub [kubejs]/"
[20:34:57] [REI-ReloadPlugins/TRACE] [REI] [REIPlugin END] Reloading Section: "reloadable-plugin/FluidComparatorRegistryImpl/REIForgePluginStub of REIForgePluginStub [kubejs]/" done in 9.518 μs
[20:34:57] [REI-ReloadPlugins/TRACE] [REI] [REIPlugin END] Reloading Section: "reloadable-plugin/FluidComparatorRegistryImpl/" done in 454.7 μs
[20:34:57] [REI-ReloadPlugins/TRACE] [REI] [REIPlugin END] Reloading Section: "reloadable-plugin/DisplaySerializerRegistryImpl/"
[20:34:57] [REI-ReloadPlugins/TRACE] [REI] [REIPlugin END] Reloading Section: "reloadable-plugin/DisplaySerializerRegistryImpl/DefaultClientPluginImpl of DefaultClientPluginImpl [roughlyenoughitems]/"
[20:34:57] [REI-ReloadPlugins/TRACE] [REI] [REIPlugin END] Reloading Section: "reloadable-plugin/DisplaySerializerRegistryImpl/DefaultClientPluginImpl of DefaultClientPluginImpl [roughlyenoughitems]/" done in 16.74 μs
[20:34:57] [REI-ReloadPlugins/TRACE] [REI] [REIPlugin END] Reloading Section: "reloadable-plugin/DisplaySerializerRegistryImpl/DefaultPluginImpl of DefaultPluginImpl [roughlyenoughitems]/"
[20:34:57] [REI-ReloadPlugins/TRACE] [REI] [REIPlugin END] Reloading Section: "reloadable-plugin/DisplaySerializerRegistryImpl/DefaultPluginImpl of DefaultPluginImpl [roughlyenoughitems]/" done in 26.77 ms
[20:34:57] [REI-ReloadPlugins/TRACE] [REI] [REIPlugin END] Reloading Section: "reloadable-plugin/DisplaySerializerRegistryImpl/HideIngredientsFromTagsPlugin of HideIngredientsFromTagsPlugin [roughlyenoughitems]/"
[20:34:57] [REI-ReloadPlugins/TRACE] [REI] [REIPlugin END] Reloading Section: "reloadable-plugin/DisplaySerializerRegistryImpl/HideIngredientsFromTagsPlugin of HideIngredientsFromTagsPlugin [roughlyenoughitems]/" done in 23.79 μs
[20:34:57] [REI-ReloadPlugins/TRACE] [REI] [REIPlugin END] Reloading Section: "reloadable-plugin/DisplaySerializerRegistryImpl/DefaultClientRuntimePlugin of DefaultClientRuntimePlugin [roughlyenoughitems]/"
[20:34:57] [REI-ReloadPlugins/TRACE] [REI] [REIPlugin END] Reloading Section: "reloadable-plugin/DisplaySerializerRegistryImpl/DefaultClientRuntimePlugin of DefaultClientRuntimePlugin [roughlyenoughitems]/" done in 9.175 μs
[20:34:57] [REI-ReloadPlugins/TRACE] [REI] [REIPlugin END] Reloading Section: "reloadable-plugin/DisplaySerializerRegistryImpl/DefaultRuntimePlugin of DefaultRuntimePlugin [roughlyenoughitems]/"
[20:34:57] [REI-ReloadPlugins/TRACE] [REI] [REIPlugin END] Reloading Section: "reloadable-plugin/DisplaySerializerRegistryImpl/DefaultRuntimePlugin of DefaultRuntimePlugin [roughlyenoughitems]/" done in 5.831 μs
[20:34:57] [REI-ReloadPlugins/TRACE] [REI] [REIPlugin END] Reloading Section: "reloadable-plugin/DisplaySerializerRegistryImpl/REICompat of REICompat [supplementaries]/"
[20:34:57] [REI-ReloadPlugins/TRACE] [REI] [REIPlugin END] Reloading Section: "reloadable-plugin/DisplaySerializerRegistryImpl/REICompat of REICompat [supplementaries]/" done in 5.799 μs
[20:34:57] [REI-ReloadPlugins/TRACE] [REI] [REIPlugin END] Reloading Section: "reloadable-plugin/DisplaySerializerRegistryImpl/GTREIPlugin of GTREIPlugin [gtceu]/"
[20:34:57] [REI-ReloadPlugins/TRACE] [REI] [REIPlugin END] Reloading Section: "reloadable-plugin/DisplaySerializerRegistryImpl/GTREIPlugin of GTREIPlugin [gtceu]/" done in 5.812 μs
[20:34:57] [REI-ReloadPlugins/TRACE] [REI] [REIPlugin END] Reloading Section: "reloadable-plugin/DisplaySerializerRegistryImpl/FTBQuestsREIIntegrationForge of FTBQuestsREIIntegrationForge [ftbxmodcompat]/"
[20:34:57] [REI-ReloadPlugins/TRACE] [REI] [REIPlugin END] Reloading Section: "reloadable-plugin/DisplaySerializerRegistryImpl/FTBQuestsREIIntegrationForge of FTBQuestsREIIntegrationForge [ftbxmodcompat]/" done in 5.289 μs
[20:34:57] [REI-ReloadPlugins/TRACE] [REI] [REIPlugin END] Reloading Section: "reloadable-plugin/DisplaySerializerRegistryImpl/ExtendedAE of ExtendedAE [expatternprovider]/"
[20:34:57] [REI-ReloadPlugins/TRACE] [REI] [REIPlugin END] Reloading Section: "reloadable-plugin/DisplaySerializerRegistryImpl/ExtendedAE of ExtendedAE [expatternprovider]/" done in 5.649 μs
[20:34:57] [REI-ReloadPlugins/TRACE] [REI] [REIPlugin END] Reloading Section: "reloadable-plugin/DisplaySerializerRegistryImpl/FramedReiPlugin of FramedReiPlugin [framedblocks]/"
[20:34:57] [REI-ReloadPlugins/TRACE] [REI] [REIPlugin END] Reloading Section: "reloadable-plugin/DisplaySerializerRegistryImpl/FramedReiPlugin of FramedReiPlugin [framedblocks]/" done in 7.286 μs
[20:34:57] [REI-ReloadPlugins/TRACE] [REI] [REIPlugin END] Reloading Section: "reloadable-plugin/DisplaySerializerRegistryImpl/StorageReiClientPlugin of StorageReiClientPlugin [sophisticatedstorage]/"
[20:34:57] [REI-ReloadPlugins/TRACE] [REI] [REIPlugin END] Reloading Section: "reloadable-plugin/DisplaySerializerRegistryImpl/StorageReiClientPlugin of StorageReiClientPlugin [sophisticatedstorage]/" done in 6.495 μs
[20:34:57] [REI-ReloadPlugins/TRACE] [REI] [REIPlugin END] Reloading Section: "reloadable-plugin/DisplaySerializerRegistryImpl/BackpackReiClientPlugin of BackpackReiClientPlugin [sophisticatedbackpacks]/"
[20:34:57] [REI-ReloadPlugins/TRACE] [REI] [REIPlugin END] Reloading Section: "reloadable-plugin/DisplaySerializerRegistryImpl/BackpackReiClientPlugin of BackpackReiClientPlugin [sophisticatedbackpacks]/" done in 5.650 μs
[20:34:57] [REI-ReloadPlugins/TRACE] [REI] [REIPlugin END] Reloading Section: "reloadable-plugin/DisplaySerializerRegistryImpl/ReiIsDumbClientPlugin of ReiIsDumbClientPlugin [ad_astra]/"
[20:34:57] [REI-ReloadPlugins/TRACE] [REI] [REIPlugin END] Reloading Section: "reloadable-plugin/DisplaySerializerRegistryImpl/ReiIsDumbClientPlugin of ReiIsDumbClientPlugin [ad_astra]/" done in 5.638 μs
[20:34:57] [REI-ReloadPlugins/TRACE] [REI] [REIPlugin END] Reloading Section: "reloadable-plugin/DisplaySerializerRegistryImpl/almostunified.roughlyenoughitems of almostunified.roughlyenoughitems [almostunified]/"
[20:34:57] [REI-ReloadPlugins/TRACE] [REI] [REIPlugin END] Reloading Section: "reloadable-plugin/DisplaySerializerRegistryImpl/almostunified.roughlyenoughitems of almostunified.roughlyenoughitems [almostunified]/" done in 11.63 μs
[20:34:57] [REI-ReloadPlugins/TRACE] [REI] [REIPlugin END] Reloading Section: "reloadable-plugin/DisplaySerializerRegistryImpl/AdornReiClientForge of AdornReiClientForge [adorn]/"
[20:34:57] [REI-ReloadPlugins/TRACE] [REI] [REIPlugin END] Reloading Section: "reloadable-plugin/DisplaySerializerRegistryImpl/AdornReiClientForge of AdornReiClientForge [adorn]/" done in 6.235 μs
[20:34:57] [REI-ReloadPlugins/TRACE] [REI] [REIPlugin END] Reloading Section: "reloadable-plugin/DisplaySerializerRegistryImpl/REIPluginImpl of REIPluginImpl [ldlib]/"
[20:34:57] [REI-ReloadPlugins/TRACE] [REI] [REIPlugin END] Reloading Section: "reloadable-plugin/DisplaySerializerRegistryImpl/REIPluginImpl of REIPluginImpl [ldlib]/" done in 5.304 μs
[20:34:57] [REI-ReloadPlugins/TRACE] [REI] [REIPlugin END] Reloading Section: "reloadable-plugin/DisplaySerializerRegistryImpl/StorageReiCommonPlugin of StorageReiCommonPlugin [sophisticatedstorage]/"
[20:34:57] [REI-ReloadPlugins/TRACE] [REI] [REIPlugin END] Reloading Section: "reloadable-plugin/DisplaySerializerRegistryImpl/StorageReiCommonPlugin of StorageReiCommonPlugin [sophisticatedstorage]/" done in 5.701 μs
[20:34:57] [REI-ReloadPlugins/TRACE] [REI] [REIPlugin END] Reloading Section: "reloadable-plugin/DisplaySerializerRegistryImpl/ReiClientPlugin of ReiClientPlugin [craftingstation]/"
[20:34:57] [REI-ReloadPlugins/TRACE] [REI] [REIPlugin END] Reloading Section: "reloadable-plugin/DisplaySerializerRegistryImpl/ReiClientPlugin of ReiClientPlugin [craftingstation]/" done in 6.201 μs
[20:34:57] [REI-ReloadPlugins/TRACE] [REI] [REIPlugin END] Reloading Section: "reloadable-plugin/DisplaySerializerRegistryImpl/ReiPlugin of ReiPlugin [craftingstation]/"
[20:34:57] [REI-ReloadPlugins/TRACE] [REI] [REIPlugin END] Reloading Section: "reloadable-plugin/DisplaySerializerRegistryImpl/ReiPlugin of ReiPlugin [craftingstation]/" done in 5.010 μs
[20:34:57] [REI-ReloadPlugins/TRACE] [REI] [REIPlugin END] Reloading Section: "reloadable-plugin/DisplaySerializerRegistryImpl/REIForgePluginStub of REIForgePluginStub [ftblibrary]/"
[20:34:57] [REI-ReloadPlugins/TRACE] [REI] [REIPlugin END] Reloading Section: "reloadable-plugin/DisplaySerializerRegistryImpl/REIForgePluginStub of REIForgePluginStub [ftblibrary]/" done in 11.31 μs
[20:34:57] [REI-ReloadPlugins/TRACE] [REI] [REIPlugin END] Reloading Section: "reloadable-plugin/DisplaySerializerRegistryImpl/BackpackReiCommonPlugin of BackpackReiCommonPlugin [sophisticatedbackpacks]/"
[20:34:57] [REI-ReloadPlugins/TRACE] [REI] [REIPlugin END] Reloading Section: "reloadable-plugin/DisplaySerializerRegistryImpl/BackpackReiCommonPlugin of BackpackReiCommonPlugin [sophisticatedbackpacks]/" done in 5.839 μs
[20:34:57] [REI-ReloadPlugins/TRACE] [REI] [REIPlugin END] Reloading Section: "reloadable-plugin/DisplaySerializerRegistryImpl/CoreReiCommonPlugin of CoreReiCommonPlugin [sophisticatedcore]/"
[20:34:57] [REI-ReloadPlugins/TRACE] [REI] [REIPlugin END] Reloading Section: "reloadable-plugin/DisplaySerializerRegistryImpl/CoreReiCommonPlugin of CoreReiCommonPlugin [sophisticatedcore]/" done in 5.654 μs
[20:34:57] [REI-ReloadPlugins/TRACE] [REI] [REIPlugin END] Reloading Section: "reloadable-plugin/DisplaySerializerRegistryImpl/AdornReiServerForge of AdornReiServerForge [adorn]/"
[20:34:57] [REI-ReloadPlugins/TRACE] [REI] [REIPlugin END] Reloading Section: "reloadable-plugin/DisplaySerializerRegistryImpl/AdornReiServerForge of AdornReiServerForge [adorn]/" done in 424.4 μs
[20:34:57] [REI-ReloadPlugins/TRACE] [REI] [REIPlugin END] Reloading Section: "reloadable-plugin/DisplaySerializerRegistryImpl/AE2 of AE2 [ae2]/"
[20:34:57] [REI-ReloadPlugins/TRACE] [REI] [REIPlugin END] Reloading Section: "reloadable-plugin/DisplaySerializerRegistryImpl/AE2 of AE2 [ae2]/" done in 13.85 μs
[20:34:57] [REI-ReloadPlugins/TRACE] [REI] [REIPlugin END] Reloading Section: "reloadable-plugin/DisplaySerializerRegistryImpl/REIForgePluginStub of REIForgePluginStub [kubejs]/"
[20:34:57] [REI-ReloadPlugins/TRACE] [REI] [REIPlugin END] Reloading Section: "reloadable-plugin/DisplaySerializerRegistryImpl/REIForgePluginStub of REIForgePluginStub [kubejs]/" done in 5.912 μs
[20:34:57] [REI-ReloadPlugins/TRACE] [REI] [REIPlugin END] Reloading Section: "reloadable-plugin/DisplaySerializerRegistryImpl/" done in 27.95 ms
[20:34:57] [REI-ReloadPlugins/TRACE] [REI] [REIPlugin END] Reloading Section: "reloadable-plugin/FluidSupportProviderImpl/"
[20:34:57] [REI-ReloadPlugins/TRACE] [REI] [REIPlugin END] Reloading Section: "reloadable-plugin/FluidSupportProviderImpl/DefaultClientPluginImpl of DefaultClientPluginImpl [roughlyenoughitems]/"
[20:34:57] [REI-ReloadPlugins/TRACE] [REI] [REIPlugin END] Reloading Section: "reloadable-plugin/FluidSupportProviderImpl/DefaultClientPluginImpl of DefaultClientPluginImpl [roughlyenoughitems]/" done in 7.691 μs
[20:34:57] [REI-ReloadPlugins/TRACE] [REI] [REIPlugin END] Reloading Section: "reloadable-plugin/FluidSupportProviderImpl/DefaultPluginImpl of DefaultPluginImpl [roughlyenoughitems]/"
[20:34:57] [REI-ReloadPlugins/TRACE] [REI] [REIPlugin END] Reloading Section: "reloadable-plugin/FluidSupportProviderImpl/DefaultPluginImpl of DefaultPluginImpl [roughlyenoughitems]/" done in 5.329 μs
[20:34:57] [REI-ReloadPlugins/TRACE] [REI] [REIPlugin END] Reloading Section: "reloadable-plugin/FluidSupportProviderImpl/HideIngredientsFromTagsPlugin of HideIngredientsFromTagsPlugin [roughlyenoughitems]/"
[20:34:57] [REI-ReloadPlugins/TRACE] [REI] [REIPlugin END] Reloading Section: "reloadable-plugin/FluidSupportProviderImpl/HideIngredientsFromTagsPlugin of HideIngredientsFromTagsPlugin [roughlyenoughitems]/" done in 5.277 μs
[20:34:57] [REI-ReloadPlugins/TRACE] [REI] [REIPlugin END] Reloading Section: "reloadable-plugin/FluidSupportProviderImpl/DefaultClientRuntimePlugin of DefaultClientRuntimePlugin [roughlyenoughitems]/"
[20:34:57] [REI-ReloadPlugins/TRACE] [REI] [REIPlugin END] Reloading Section: "reloadable-plugin/FluidSupportProviderImpl/DefaultClientRuntimePlugin of DefaultClientRuntimePlugin [roughlyenoughitems]/" done in 5.098 μs
[20:34:57] [REI-ReloadPlugins/TRACE] [REI] [REIPlugin END] Reloading Section: "reloadable-plugin/FluidSupportProviderImpl/DefaultRuntimePlugin of DefaultRuntimePlugin [roughlyenoughitems]/"
[20:34:57] [REI-ReloadPlugins/TRACE] [REI] [REIPlugin END] Reloading Section: "reloadable-plugin/FluidSupportProviderImpl/DefaultRuntimePlugin of DefaultRuntimePlugin [roughlyenoughitems]/" done in 11.72 μs
[20:34:57] [REI-ReloadPlugins/TRACE] [REI] [REIPlugin END] Reloading Section: "reloadable-plugin/FluidSupportProviderImpl/REICompat of REICompat [supplementaries]/"
[20:34:57] [REI-ReloadPlugins/TRACE] [REI] [REIPlugin END] Reloading Section: "reloadable-plugin/FluidSupportProviderImpl/REICompat of REICompat [supplementaries]/" done in 5.228 μs
[20:34:57] [REI-ReloadPlugins/TRACE] [REI] [REIPlugin END] Reloading Section: "reloadable-plugin/FluidSupportProviderImpl/GTREIPlugin of GTREIPlugin [gtceu]/"
[20:34:57] [REI-ReloadPlugins/TRACE] [REI] [REIPlugin END] Reloading Section: "reloadable-plugin/FluidSupportProviderImpl/GTREIPlugin of GTREIPlugin [gtceu]/" done in 9.886 μs
[20:34:57] [REI-ReloadPlugins/TRACE] [REI] [REIPlugin END] Reloading Section: "reloadable-plugin/FluidSupportProviderImpl/FTBQuestsREIIntegrationForge of FTBQuestsREIIntegrationForge [ftbxmodcompat]/"
[20:34:57] [REI-ReloadPlugins/TRACE] [REI] [REIPlugin END] Reloading Section: "reloadable-plugin/FluidSupportProviderImpl/FTBQuestsREIIntegrationForge of FTBQuestsREIIntegrationForge [ftbxmodcompat]/" done in 5.079 μs
[20:34:57] [REI-ReloadPlugins/TRACE] [REI] [REIPlugin END] Reloading Section: "reloadable-plugin/FluidSupportProviderImpl/ExtendedAE of ExtendedAE [expatternprovider]/"
[20:34:57] [REI-ReloadPlugins/TRACE] [REI] [REIPlugin END] Reloading Section: "reloadable-plugin/FluidSupportProviderImpl/ExtendedAE of ExtendedAE [expatternprovider]/" done in 7.081 μs
[20:34:57] [REI-ReloadPlugins/TRACE] [REI] [REIPlugin END] Reloading Section: "reloadable-plugin/FluidSupportProviderImpl/FramedReiPlugin of FramedReiPlugin [framedblocks]/"
[20:34:57] [REI-ReloadPlugins/TRACE] [REI] [REIPlugin END] Reloading Section: "reloadable-plugin/FluidSupportProviderImpl/FramedReiPlugin of FramedReiPlugin [framedblocks]/" done in 5.030 μs
[20:34:57] [REI-ReloadPlugins/TRACE] [REI] [REIPlugin END] Reloading Section: "reloadable-plugin/FluidSupportProviderImpl/StorageReiClientPlugin of StorageReiClientPlugin [sophisticatedstorage]/"
[20:34:57] [REI-ReloadPlugins/TRACE] [REI] [REIPlugin END] Reloading Section: "reloadable-plugin/FluidSupportProviderImpl/StorageReiClientPlugin of StorageReiClientPlugin [sophisticatedstorage]/" done in 5.943 μs
[20:34:57] [REI-ReloadPlugins/TRACE] [REI] [REIPlugin END] Reloading Section: "reloadable-plugin/FluidSupportProviderImpl/BackpackReiClientPlugin of BackpackReiClientPlugin [sophisticatedbackpacks]/"
[20:34:57] [REI-ReloadPlugins/TRACE] [REI] [REIPlugin END] Reloading Section: "reloadable-plugin/FluidSupportProviderImpl/BackpackReiClientPlugin of BackpackReiClientPlugin [sophisticatedbackpacks]/" done in 4.983 μs
[20:34:57] [REI-ReloadPlugins/TRACE] [REI] [REIPlugin END] Reloading Section: "reloadable-plugin/FluidSupportProviderImpl/ReiIsDumbClientPlugin of ReiIsDumbClientPlugin [ad_astra]/"
[20:34:57] [REI-ReloadPlugins/TRACE] [REI] [REIPlugin END] Reloading Section: "reloadable-plugin/FluidSupportProviderImpl/ReiIsDumbClientPlugin of ReiIsDumbClientPlugin [ad_astra]/" done in 5.028 μs
[20:34:57] [REI-ReloadPlugins/TRACE] [REI] [REIPlugin END] Reloading Section: "reloadable-plugin/FluidSupportProviderImpl/almostunified.roughlyenoughitems of almostunified.roughlyenoughitems [almostunified]/"
[20:34:57] [REI-ReloadPlugins/TRACE] [REI] [REIPlugin END] Reloading Section: "reloadable-plugin/FluidSupportProviderImpl/almostunified.roughlyenoughitems of almostunified.roughlyenoughitems [almostunified]/" done in 5.349 μs
[20:34:57] [REI-ReloadPlugins/TRACE] [REI] [REIPlugin END] Reloading Section: "reloadable-plugin/FluidSupportProviderImpl/AdornReiClientForge of AdornReiClientForge [adorn]/"
[20:34:57] [REI-ReloadPlugins/TRACE] [REI] [REIPlugin END] Reloading Section: "reloadable-plugin/FluidSupportProviderImpl/AdornReiClientForge of AdornReiClientForge [adorn]/" done in 5.479 μs
[20:34:57] [REI-ReloadPlugins/TRACE] [REI] [REIPlugin END] Reloading Section: "reloadable-plugin/FluidSupportProviderImpl/REIPluginImpl of REIPluginImpl [ldlib]/"
[20:34:57] [REI-ReloadPlugins/TRACE] [REI] [REIPlugin END] Reloading Section: "reloadable-plugin/FluidSupportProviderImpl/REIPluginImpl of REIPluginImpl [ldlib]/" done in 5.226 μs
[20:34:57] [REI-ReloadPlugins/TRACE] [REI] [REIPlugin END] Reloading Section: "reloadable-plugin/FluidSupportProviderImpl/StorageReiCommonPlugin of StorageReiCommonPlugin [sophisticatedstorage]/"
[20:34:57] [REI-ReloadPlugins/TRACE] [REI] [REIPlugin END] Reloading Section: "reloadable-plugin/FluidSupportProviderImpl/StorageReiCommonPlugin of StorageReiCommonPlugin [sophisticatedstorage]/" done in 5.126 μs
[20:34:57] [REI-ReloadPlugins/TRACE] [REI] [REIPlugin END] Reloading Section: "reloadable-plugin/FluidSupportProviderImpl/ReiClientPlugin of ReiClientPlugin [craftingstation]/"
[20:34:57] [REI-ReloadPlugins/TRACE] [REI] [REIPlugin END] Reloading Section: "reloadable-plugin/FluidSupportProviderImpl/ReiClientPlugin of ReiClientPlugin [craftingstation]/" done in 4.940 μs
[20:34:57] [REI-ReloadPlugins/TRACE] [REI] [REIPlugin END] Reloading Section: "reloadable-plugin/FluidSupportProviderImpl/ReiPlugin of ReiPlugin [craftingstation]/"
[20:34:57] [REI-ReloadPlugins/TRACE] [REI] [REIPlugin END] Reloading Section: "reloadable-plugin/FluidSupportProviderImpl/ReiPlugin of ReiPlugin [craftingstation]/" done in 5.067 μs
[20:34:57] [REI-ReloadPlugins/TRACE] [REI] [REIPlugin END] Reloading Section: "reloadable-plugin/FluidSupportProviderImpl/REIForgePluginStub of REIForgePluginStub [ftblibrary]/"
[20:34:57] [REI-ReloadPlugins/TRACE] [REI] [REIPlugin END] Reloading Section: "reloadable-plugin/FluidSupportProviderImpl/REIForgePluginStub of REIForgePluginStub [ftblibrary]/" done in 6.292 μs
[20:34:57] [REI-ReloadPlugins/TRACE] [REI] [REIPlugin END] Reloading Section: "reloadable-plugin/FluidSupportProviderImpl/BackpackReiCommonPlugin of BackpackReiCommonPlugin [sophisticatedbackpacks]/"
[20:34:57] [REI-ReloadPlugins/TRACE] [REI] [REIPlugin END] Reloading Section: "reloadable-plugin/FluidSupportProviderImpl/BackpackReiCommonPlugin of BackpackReiCommonPlugin [sophisticatedbackpacks]/" done in 5.363 μs
[20:34:57] [REI-ReloadPlugins/TRACE] [REI] [REIPlugin END] Reloading Section: "reloadable-plugin/FluidSupportProviderImpl/CoreReiCommonPlugin of CoreReiCommonPlugin [sophisticatedcore]/"
[20:34:57] [REI-ReloadPlugins/TRACE] [REI] [REIPlugin END] Reloading Section: "reloadable-plugin/FluidSupportProviderImpl/CoreReiCommonPlugin of CoreReiCommonPlugin [sophisticatedcore]/" done in 5.366 μs
[20:34:57] [REI-ReloadPlugins/TRACE] [REI] [REIPlugin END] Reloading Section: "reloadable-plugin/FluidSupportProviderImpl/AdornReiServerForge of AdornReiServerForge [adorn]/"
[20:34:57] [REI-ReloadPlugins/TRACE] [REI] [REIPlugin END] Reloading Section: "reloadable-plugin/FluidSupportProviderImpl/AdornReiServerForge of AdornReiServerForge [adorn]/" done in 5.305 μs
[20:34:57] [REI-ReloadPlugins/TRACE] [REI] [REIPlugin END] Reloading Section: "reloadable-plugin/FluidSupportProviderImpl/AE2 of AE2 [ae2]/"
[20:34:57] [REI-ReloadPlugins/TRACE] [REI] [REIPlugin END] Reloading Section: "reloadable-plugin/FluidSupportProviderImpl/AE2 of AE2 [ae2]/" done in 5.533 μs
[20:34:57] [REI-ReloadPlugins/TRACE] [REI] [REIPlugin END] Reloading Section: "reloadable-plugin/FluidSupportProviderImpl/REIForgePluginStub of REIForgePluginStub [kubejs]/"
[20:34:57] [REI-ReloadPlugins/TRACE] [REI] [REIPlugin END] Reloading Section: "reloadable-plugin/FluidSupportProviderImpl/REIForgePluginStub of REIForgePluginStub [kubejs]/" done in 5.243 μs
[20:34:57] [REI-ReloadPlugins/TRACE] [REI] [REIPlugin END] Reloading Section: "reloadable-plugin/FluidSupportProviderImpl/" done in 457.6 μs
[20:34:57] [REI-ReloadPlugins/TRACE] [REI] [REIPlugin END] Reloading Section: "reloadable-plugin/me.shedaniel.rei.plugin.client.runtime.PluginStageExecutionWatcher$1/"
[20:34:57] [REI-ReloadPlugins/TRACE] [REI] [REIPlugin END] Reloading Section: "reloadable-plugin/me.shedaniel.rei.plugin.client.runtime.PluginStageExecutionWatcher$1/DefaultClientPluginImpl of DefaultClientPluginImpl [roughlyenoughitems]/"
[20:34:57] [REI-ReloadPlugins/TRACE] [REI] [REIPlugin END] Reloading Section: "reloadable-plugin/me.shedaniel.rei.plugin.client.runtime.PluginStageExecutionWatcher$1/DefaultClientPluginImpl of DefaultClientPluginImpl [roughlyenoughitems]/" done in 6.271 μs
[20:34:57] [REI-ReloadPlugins/TRACE] [REI] [REIPlugin END] Reloading Section: "reloadable-plugin/me.shedaniel.rei.plugin.client.runtime.PluginStageExecutionWatcher$1/DefaultPluginImpl of DefaultPluginImpl [roughlyenoughitems]/"
[20:34:57] [REI-ReloadPlugins/TRACE] [REI] [REIPlugin END] Reloading Section: "reloadable-plugin/me.shedaniel.rei.plugin.client.runtime.PluginStageExecutionWatcher$1/DefaultPluginImpl of DefaultPluginImpl [roughlyenoughitems]/" done in 5.332 μs
[20:34:57] [REI-ReloadPlugins/TRACE] [REI] [REIPlugin END] Reloading Section: "reloadable-plugin/me.shedaniel.rei.plugin.client.runtime.PluginStageExecutionWatcher$1/HideIngredientsFromTagsPlugin of HideIngredientsFromTagsPlugin [roughlyenoughitems]/"
[20:34:57] [REI-ReloadPlugins/TRACE] [REI] [REIPlugin END] Reloading Section: "reloadable-plugin/me.shedaniel.rei.plugin.client.runtime.PluginStageExecutionWatcher$1/HideIngredientsFromTagsPlugin of HideIngredientsFromTagsPlugin [roughlyenoughitems]/" done in 5.331 μs
[20:34:57] [REI-ReloadPlugins/TRACE] [REI] [REIPlugin END] Reloading Section: "reloadable-plugin/me.shedaniel.rei.plugin.client.runtime.PluginStageExecutionWatcher$1/DefaultClientRuntimePlugin of DefaultClientRuntimePlugin [roughlyenoughitems]/"
[20:34:57] [REI-ReloadPlugins/TRACE] [REI] [REIPlugin END] Reloading Section: "reloadable-plugin/me.shedaniel.rei.plugin.client.runtime.PluginStageExecutionWatcher$1/DefaultClientRuntimePlugin of DefaultClientRuntimePlugin [roughlyenoughitems]/" done in 5.116 μs
[20:34:57] [REI-ReloadPlugins/TRACE] [REI] [REIPlugin END] Reloading Section: "reloadable-plugin/me.shedaniel.rei.plugin.client.runtime.PluginStageExecutionWatcher$1/DefaultRuntimePlugin of DefaultRuntimePlugin [roughlyenoughitems]/"
[20:34:57] [REI-ReloadPlugins/TRACE] [REI] [REIPlugin END] Reloading Section: "reloadable-plugin/me.shedaniel.rei.plugin.client.runtime.PluginStageExecutionWatcher$1/DefaultRuntimePlugin of DefaultRuntimePlugin [roughlyenoughitems]/" done in 5.253 μs
[20:34:57] [REI-ReloadPlugins/TRACE] [REI] [REIPlugin END] Reloading Section: "reloadable-plugin/me.shedaniel.rei.plugin.client.runtime.PluginStageExecutionWatcher$1/REICompat of REICompat [supplementaries]/"
[20:34:57] [REI-ReloadPlugins/TRACE] [REI] [REIPlugin END] Reloading Section: "reloadable-plugin/me.shedaniel.rei.plugin.client.runtime.PluginStageExecutionWatcher$1/REICompat of REICompat [supplementaries]/" done in 5.505 μs
[20:34:57] [REI-ReloadPlugins/TRACE] [REI] [REIPlugin END] Reloading Section: "reloadable-plugin/me.shedaniel.rei.plugin.client.runtime.PluginStageExecutionWatcher$1/GTREIPlugin of GTREIPlugin [gtceu]/"
[20:34:57] [REI-ReloadPlugins/TRACE] [REI] [REIPlugin END] Reloading Section: "reloadable-plugin/me.shedaniel.rei.plugin.client.runtime.PluginStageExecutionWatcher$1/GTREIPlugin of GTREIPlugin [gtceu]/" done in 5.402 μs
[20:34:57] [REI-ReloadPlugins/TRACE] [REI] [REIPlugin END] Reloading Section: "reloadable-plugin/me.shedaniel.rei.plugin.client.runtime.PluginStageExecutionWatcher$1/FTBQuestsREIIntegrationForge of FTBQuestsREIIntegrationForge [ftbxmodcompat]/"
[20:34:57] [REI-ReloadPlugins/TRACE] [REI] [REIPlugin END] Reloading Section: "reloadable-plugin/me.shedaniel.rei.plugin.client.runtime.PluginStageExecutionWatcher$1/FTBQuestsREIIntegrationForge of FTBQuestsREIIntegrationForge [ftbxmodcompat]/" done in 5.212 μs
[20:34:57] [REI-ReloadPlugins/TRACE] [REI] [REIPlugin END] Reloading Section: "reloadable-plugin/me.shedaniel.rei.plugin.client.runtime.PluginStageExecutionWatcher$1/ExtendedAE of ExtendedAE [expatternprovider]/"
[20:34:57] [REI-ReloadPlugins/TRACE] [REI] [REIPlugin END] Reloading Section: "reloadable-plugin/me.shedaniel.rei.plugin.client.runtime.PluginStageExecutionWatcher$1/ExtendedAE of ExtendedAE [expatternprovider]/" done in 9.743 μs
[20:34:57] [REI-ReloadPlugins/TRACE] [REI] [REIPlugin END] Reloading Section: "reloadable-plugin/me.shedaniel.rei.plugin.client.runtime.PluginStageExecutionWatcher$1/FramedReiPlugin of FramedReiPlugin [framedblocks]/"
[20:34:57] [REI-ReloadPlugins/TRACE] [REI] [REIPlugin END] Reloading Section: "reloadable-plugin/me.shedaniel.rei.plugin.client.runtime.PluginStageExecutionWatcher$1/FramedReiPlugin of FramedReiPlugin [framedblocks]/" done in 4.963 μs
[20:34:57] [REI-ReloadPlugins/TRACE] [REI] [REIPlugin END] Reloading Section: "reloadable-plugin/me.shedaniel.rei.plugin.client.runtime.PluginStageExecutionWatcher$1/StorageReiClientPlugin of StorageReiClientPlugin [sophisticatedstorage]/"
[20:34:57] [REI-ReloadPlugins/TRACE] [REI] [REIPlugin END] Reloading Section: "reloadable-plugin/me.shedaniel.rei.plugin.client.runtime.PluginStageExecutionWatcher$1/StorageReiClientPlugin of StorageReiClientPlugin [sophisticatedstorage]/" done in 6.504 μs
[20:34:57] [REI-ReloadPlugins/TRACE] [REI] [REIPlugin END] Reloading Section: "reloadable-plugin/me.shedaniel.rei.plugin.client.runtime.PluginStageExecutionWatcher$1/BackpackReiClientPlugin of BackpackReiClientPlugin [sophisticatedbackpacks]/"
[20:34:57] [REI-ReloadPlugins/TRACE] [REI] [REIPlugin END] Reloading Section: "reloadable-plugin/me.shedaniel.rei.plugin.client.runtime.PluginStageExecutionWatcher$1/BackpackReiClientPlugin of BackpackReiClientPlugin [sophisticatedbackpacks]/" done in 7.055 μs
[20:34:57] [REI-ReloadPlugins/TRACE] [REI] [REIPlugin END] Reloading Section: "reloadable-plugin/me.shedaniel.rei.plugin.client.runtime.PluginStageExecutionWatcher$1/ReiIsDumbClientPlugin of ReiIsDumbClientPlugin [ad_astra]/"
[20:34:57] [REI-ReloadPlugins/TRACE] [REI] [REIPlugin END] Reloading Section: "reloadable-plugin/me.shedaniel.rei.plugin.client.runtime.PluginStageExecutionWatcher$1/ReiIsDumbClientPlugin of ReiIsDumbClientPlugin [ad_astra]/" done in 5.696 μs
[20:34:57] [REI-ReloadPlugins/TRACE] [REI] [REIPlugin END] Reloading Section: "reloadable-plugin/me.shedaniel.rei.plugin.client.runtime.PluginStageExecutionWatcher$1/almostunified.roughlyenoughitems of almostunified.roughlyenoughitems [almostunified]/"
[20:34:57] [REI-ReloadPlugins/TRACE] [REI] [REIPlugin END] Reloading Section: "reloadable-plugin/me.shedaniel.rei.plugin.client.runtime.PluginStageExecutionWatcher$1/almostunified.roughlyenoughitems of almostunified.roughlyenoughitems [almostunified]/" done in 5.689 μs
[20:34:57] [REI-ReloadPlugins/TRACE] [REI] [REIPlugin END] Reloading Section: "reloadable-plugin/me.shedaniel.rei.plugin.client.runtime.PluginStageExecutionWatcher$1/AdornReiClientForge of AdornReiClientForge [adorn]/"
[20:34:57] [REI-ReloadPlugins/TRACE] [REI] [REIPlugin END] Reloading Section: "reloadable-plugin/me.shedaniel.rei.plugin.client.runtime.PluginStageExecutionWatcher$1/AdornReiClientForge of AdornReiClientForge [adorn]/" done in 5.238 μs
[20:34:57] [REI-ReloadPlugins/TRACE] [REI] [REIPlugin END] Reloading Section: "reloadable-plugin/me.shedaniel.rei.plugin.client.runtime.PluginStageExecutionWatcher$1/REIPluginImpl of REIPluginImpl [ldlib]/"
[20:34:57] [REI-ReloadPlugins/TRACE] [REI] [REIPlugin END] Reloading Section: "reloadable-plugin/me.shedaniel.rei.plugin.client.runtime.PluginStageExecutionWatcher$1/REIPluginImpl of REIPluginImpl [ldlib]/" done in 114.7 μs
[20:34:57] [REI-ReloadPlugins/TRACE] [REI] [REIPlugin END] Reloading Section: "reloadable-plugin/me.shedaniel.rei.plugin.client.runtime.PluginStageExecutionWatcher$1/StorageReiCommonPlugin of StorageReiCommonPlugin [sophisticatedstorage]/"
[20:34:57] [REI-ReloadPlugins/TRACE] [REI] [REIPlugin END] Reloading Section: "reloadable-plugin/me.shedaniel.rei.plugin.client.runtime.PluginStageExecutionWatcher$1/StorageReiCommonPlugin of StorageReiCommonPlugin [sophisticatedstorage]/" done in 7.492 μs
[20:34:57] [REI-ReloadPlugins/TRACE] [REI] [REIPlugin END] Reloading Section: "reloadable-plugin/me.shedaniel.rei.plugin.client.runtime.PluginStageExecutionWatcher$1/ReiClientPlugin of ReiClientPlugin [craftingstation]/"
[20:34:57] [REI-ReloadPlugins/TRACE] [REI] [REIPlugin END] Reloading Section: "reloadable-plugin/me.shedaniel.rei.plugin.client.runtime.PluginStageExecutionWatcher$1/ReiClientPlugin of ReiClientPlugin [craftingstation]/" done in 8.757 μs
[20:34:57] [REI-ReloadPlugins/TRACE] [REI] [REIPlugin END] Reloading Section: "reloadable-plugin/me.shedaniel.rei.plugin.client.runtime.PluginStageExecutionWatcher$1/ReiPlugin of ReiPlugin [craftingstation]/"
[20:34:57] [REI-ReloadPlugins/TRACE] [REI] [REIPlugin END] Reloading Section: "reloadable-plugin/me.shedaniel.rei.plugin.client.runtime.PluginStageExecutionWatcher$1/ReiPlugin of ReiPlugin [craftingstation]/" done in 8.160 μs
[20:34:57] [REI-ReloadPlugins/TRACE] [REI] [REIPlugin END] Reloading Section: "reloadable-plugin/me.shedaniel.rei.plugin.client.runtime.PluginStageExecutionWatcher$1/REIForgePluginStub of REIForgePluginStub [ftblibrary]/"
[20:34:57] [REI-ReloadPlugins/TRACE] [REI] [REIPlugin END] Reloading Section: "reloadable-plugin/me.shedaniel.rei.plugin.client.runtime.PluginStageExecutionWatcher$1/REIForgePluginStub of REIForgePluginStub [ftblibrary]/" done in 5.615 μs
[20:34:57] [REI-ReloadPlugins/TRACE] [REI] [REIPlugin END] Reloading Section: "reloadable-plugin/me.shedaniel.rei.plugin.client.runtime.PluginStageExecutionWatcher$1/BackpackReiCommonPlugin of BackpackReiCommonPlugin [sophisticatedbackpacks]/"
[20:34:57] [REI-ReloadPlugins/TRACE] [REI] [REIPlugin END] Reloading Section: "reloadable-plugin/me.shedaniel.rei.plugin.client.runtime.PluginStageExecutionWatcher$1/BackpackReiCommonPlugin of BackpackReiCommonPlugin [sophisticatedbackpacks]/" done in 4.806 μs
[20:34:57] [REI-ReloadPlugins/TRACE] [REI] [REIPlugin END] Reloading Section: "reloadable-plugin/me.shedaniel.rei.plugin.client.runtime.PluginStageExecutionWatcher$1/CoreReiCommonPlugin of CoreReiCommonPlugin [sophisticatedcore]/"
[20:34:57] [REI-ReloadPlugins/TRACE] [REI] [REIPlugin END] Reloading Section: "reloadable-plugin/me.shedaniel.rei.plugin.client.runtime.PluginStageExecutionWatcher$1/CoreReiCommonPlugin of CoreReiCommonPlugin [sophisticatedcore]/" done in 5.654 μs
[20:34:57] [REI-ReloadPlugins/TRACE] [REI] [REIPlugin END] Reloading Section: "reloadable-plugin/me.shedaniel.rei.plugin.client.runtime.PluginStageExecutionWatcher$1/AdornReiServerForge of AdornReiServerForge [adorn]/"
[20:34:57] [REI-ReloadPlugins/TRACE] [REI] [REIPlugin END] Reloading Section: "reloadable-plugin/me.shedaniel.rei.plugin.client.runtime.PluginStageExecutionWatcher$1/AdornReiServerForge of AdornReiServerForge [adorn]/" done in 5.175 μs
[20:34:57] [REI-ReloadPlugins/TRACE] [REI] [REIPlugin END] Reloading Section: "reloadable-plugin/me.shedaniel.rei.plugin.client.runtime.PluginStageExecutionWatcher$1/AE2 of AE2 [ae2]/"
[20:34:57] [REI-ReloadPlugins/TRACE] [REI] [REIPlugin END] Reloading Section: "reloadable-plugin/me.shedaniel.rei.plugin.client.runtime.PluginStageExecutionWatcher$1/AE2 of AE2 [ae2]/" done in 5.292 μs
[20:34:57] [REI-ReloadPlugins/TRACE] [REI] [REIPlugin END] Reloading Section: "reloadable-plugin/me.shedaniel.rei.plugin.client.runtime.PluginStageExecutionWatcher$1/REIForgePluginStub of REIForgePluginStub [kubejs]/"
[20:34:57] [REI-ReloadPlugins/TRACE] [REI] [REIPlugin END] Reloading Section: "reloadable-plugin/me.shedaniel.rei.plugin.client.runtime.PluginStageExecutionWatcher$1/REIForgePluginStub of REIForgePluginStub [kubejs]/" done in 5.183 μs
[20:34:57] [REI-ReloadPlugins/TRACE] [REI] [REIPlugin END] Reloading Section: "reloadable-plugin/me.shedaniel.rei.plugin.client.runtime.PluginStageExecutionWatcher$1/" done in 567.1 μs
[20:34:57] [REI-ReloadPlugins/DEBUG] [REI] ========================================
[20:34:57] [REI-ReloadPlugins/DEBUG] [REI] REIPlugin ending main-reload for END.
[20:34:57] [REI-ReloadPlugins/DEBUG] [REI] ========================================
[20:34:57] [REI-ReloadPlugins/TRACE] [REI] [REIPlugin END] Reloading Section: "end-reload/"
[20:34:57] [REI-ReloadPlugins/TRACE] [REI] [REIPlugin END] Reloading Section: "end-reload/EntryTypeRegistryImpl/"
[20:34:57] [REI-ReloadPlugins/TRACE] [REI] [REIPlugin END] Reloading Section: "end-reload/EntryTypeRegistryImpl/" done in 7.288 μs
[20:34:57] [REI-ReloadPlugins/TRACE] [REI] [REIPlugin END] Reloading Section: "end-reload/EntrySettingsAdapterRegistryImpl/"
[20:34:57] [REI-ReloadPlugins/TRACE] [REI] [REIPlugin END] Reloading Section: "end-reload/EntrySettingsAdapterRegistryImpl/" done in 5.719 μs
[20:34:57] [REI-ReloadPlugins/TRACE] [REI] [REIPlugin END] Reloading Section: "end-reload/RecipeManagerContextImpl/"
[20:34:57] [REI-ReloadPlugins/TRACE] [REI] [REIPlugin END] Reloading Section: "end-reload/RecipeManagerContextImpl/" done in 5.384 μs
[20:34:57] [REI-ReloadPlugins/TRACE] [REI] [REIPlugin END] Reloading Section: "end-reload/ItemComparatorRegistryImpl/"
[20:34:57] [REI-ReloadPlugins/TRACE] [REI] [REIPlugin END] Reloading Section: "end-reload/ItemComparatorRegistryImpl/" done in 5.288 μs
[20:34:57] [REI-ReloadPlugins/TRACE] [REI] [REIPlugin END] Reloading Section: "end-reload/FluidComparatorRegistryImpl/"
[20:34:57] [REI-ReloadPlugins/TRACE] [REI] [REIPlugin END] Reloading Section: "end-reload/FluidComparatorRegistryImpl/" done in 5.155 μs
[20:34:57] [REI-ReloadPlugins/TRACE] [REI] [REIPlugin END] Reloading Section: "end-reload/DisplaySerializerRegistryImpl/"
[20:34:57] [REI-ReloadPlugins/TRACE] [REI] [REIPlugin END] Reloading Section: "end-reload/DisplaySerializerRegistryImpl/" done in 5.144 μs
[20:34:57] [REI-ReloadPlugins/TRACE] [REI] [REIPlugin END] Reloading Section: "end-reload/FluidSupportProviderImpl/"
[20:34:57] [REI-ReloadPlugins/TRACE] [REI] [REIPlugin END] Reloading Section: "end-reload/FluidSupportProviderImpl/" done in 5.805 μs
[20:34:57] [REI-ReloadPlugins/TRACE] [REI] [REIPlugin END] Reloading Section: "end-reload/me.shedaniel.rei.plugin.client.runtime.PluginStageExecutionWatcher$1/"
[20:34:57] [REI-ReloadPlugins/TRACE] [REI] [REIPlugin END] Reloading Section: "end-reload/me.shedaniel.rei.plugin.client.runtime.PluginStageExecutionWatcher$1/" done in 5.529 μs
[20:34:57] [REI-ReloadPlugins/TRACE] [REI] [REIPlugin END] Reloading Section: "end-reload/" done in 146.4 μs
[20:34:57] [REI-ReloadPlugins/DEBUG] [REI] ========================================
[20:34:57] [REI-ReloadPlugins/DEBUG] [REI] REIPlugin ended main-reload for END in 34.46 ms.
[20:34:57] [REI-ReloadPlugins/DEBUG] [REI] ========================================
[20:34:57] [REI-ReloadPlugins/INFO] [REI] ########################################
[20:34:57] [REI-ReloadPlugins/INFO] [REI] REIClientPlugin starting main-reload for END.
[20:34:57] [REI-ReloadPlugins/DEBUG] [REI] Reloadables (18):
[20:34:57] [REI-ReloadPlugins/DEBUG] [REI]  - EntryRendererRegistryImpl
[20:34:57] [REI-ReloadPlugins/DEBUG] [REI]  - ViewsImpl
[20:34:57] [REI-ReloadPlugins/DEBUG] [REI]  - InputMethodRegistryImpl
[20:34:57] [REI-ReloadPlugins/DEBUG] [REI]  - SearchProviderImpl
[20:34:57] [REI-ReloadPlugins/DEBUG] [REI]  - ConfigManagerImpl
[20:34:57] [REI-ReloadPlugins/DEBUG] [REI]  - EntryRegistryImpl
[20:34:57] [REI-ReloadPlugins/DEBUG] [REI]  - CollapsibleEntryRegistryImpl
[20:34:57] [REI-ReloadPlugins/DEBUG] [REI]  - BasicFilteringRuleImpl
[20:34:57] [REI-ReloadPlugins/DEBUG] [REI]  - CategoryRegistryImpl
[20:34:57] [REI-ReloadPlugins/DEBUG] [REI]  - DisplayRegistryImpl
[20:34:57] [REI-ReloadPlugins/DEBUG] [REI]  - ScreenRegistryImpl
[20:34:57] [REI-ReloadPlugins/DEBUG] [REI]  - FavoriteEntryTypeRegistryImpl
[20:34:57] [REI-ReloadPlugins/DEBUG] [REI]  - SubsetsRegistryImpl
[20:34:57] [REI-ReloadPlugins/DEBUG] [REI]  - TransferHandlerRegistryImpl
[20:34:57] [REI-ReloadPlugins/DEBUG] [REI]  - SearchRuntime
[20:34:57] [REI-ReloadPlugins/DEBUG] [REI]  - REIRuntimeImpl
[20:34:57] [REI-ReloadPlugins/DEBUG] [REI]  - ConfigAddonRegistryImpl
[20:34:57] [REI-ReloadPlugins/DEBUG] [REI]  - me.shedaniel.rei.plugin.client.runtime.PluginStageExecutionWatcher$1
[20:34:57] [REI-ReloadPlugins/INFO] [REI] Plugins (18):
[20:34:57] [REI-ReloadPlugins/INFO] [REI]  - (-100.00) DefaultClientPluginImpl of DefaultClientPluginImpl [roughlyenoughitems]
[20:34:57] [REI-ReloadPlugins/INFO] [REI]  - (0.00) REICompat of REICompat [supplementaries]
[20:34:57] [REI-ReloadPlugins/INFO] [REI]  - (0.00) GTREIPlugin of GTREIPlugin [gtceu]
[20:34:57] [REI-ReloadPlugins/INFO] [REI]  - (0.00) FTBQuestsREIIntegrationForge of FTBQuestsREIIntegrationForge [ftbxmodcompat]
[20:34:57] [REI-ReloadPlugins/INFO] [REI]  - (0.00) ExtendedAE of ExtendedAE [expatternprovider]
[20:34:57] [REI-ReloadPlugins/INFO] [REI]  - (0.00) FramedReiPlugin of FramedReiPlugin [framedblocks]
[20:34:57] [REI-ReloadPlugins/INFO] [REI]  - (0.00) StorageReiClientPlugin of StorageReiClientPlugin [sophisticatedstorage]
[20:34:57] [REI-ReloadPlugins/INFO] [REI]  - (0.00) BackpackReiClientPlugin of BackpackReiClientPlugin [sophisticatedbackpacks]
[20:34:57] [REI-ReloadPlugins/INFO] [REI]  - (0.00) ReiIsDumbClientPlugin of ReiIsDumbClientPlugin [ad_astra]
[20:34:57] [REI-ReloadPlugins/INFO] [REI]  - (0.00) almostunified.roughlyenoughitems of almostunified.roughlyenoughitems [almostunified]
[20:34:57] [REI-ReloadPlugins/INFO] [REI]  - (0.00) AdornReiClientForge of AdornReiClientForge [adorn]
[20:34:57] [REI-ReloadPlugins/INFO] [REI]  - (0.00) REIPluginImpl of REIPluginImpl [ldlib]
[20:34:57] [REI-ReloadPlugins/INFO] [REI]  - (0.00) ReiClientPlugin of ReiClientPlugin [craftingstation]
[20:34:57] [REI-ReloadPlugins/INFO] [REI]  - (0.00) REIForgePluginStub of REIForgePluginStub [ftblibrary]
[20:34:57] [REI-ReloadPlugins/INFO] [REI]  - (0.00) AE2 of AE2 [ae2]
[20:34:57] [REI-ReloadPlugins/INFO] [REI]  - (0.00) HideIngredientsFromTagsPlugin of HideIngredientsFromTagsPlugin [roughlyenoughitems]
[20:34:57] [REI-ReloadPlugins/INFO] [REI]  - (0.00) DefaultClientRuntimePlugin of DefaultClientRuntimePlugin [roughlyenoughitems]
[20:34:57] [REI-ReloadPlugins/INFO] [REI]  - (10000000.00) REIForgePluginStub of REIForgePluginStub [kubejs]
[20:34:57] [REI-ReloadPlugins/INFO] [REI] ########################################
[20:34:57] [REI-ReloadPlugins/TRACE] [REI] [REIClientPlugin END] Reloading Section: "start-reload/"
[20:34:57] [REI-ReloadPlugins/TRACE] [REI] [REIClientPlugin END] Reloading Section: "start-reload/EntryRendererRegistryImpl/"
[20:34:57] [REI-ReloadPlugins/TRACE] [REI] [REIClientPlugin END] Reloading Section: "start-reload/EntryRendererRegistryImpl/" done in 25.89 μs
[20:34:57] [REI-ReloadPlugins/TRACE] [REI] [REIClientPlugin END] Reloading Section: "start-reload/ViewsImpl/"
[20:34:57] [REI-ReloadPlugins/TRACE] [REI] [REIClientPlugin END] Reloading Section: "start-reload/ViewsImpl/" done in 7.196 μs
[20:34:57] [REI-ReloadPlugins/TRACE] [REI] [REIClientPlugin END] Reloading Section: "start-reload/InputMethodRegistryImpl/"
[20:34:57] [REI-ReloadPlugins/TRACE] [REI] [REIClientPlugin END] Reloading Section: "start-reload/InputMethodRegistryImpl/" done in 19.00 μs
[20:34:57] [REI-ReloadPlugins/TRACE] [REI] [REIClientPlugin END] Reloading Section: "start-reload/SearchProviderImpl/"
[20:34:57] [REI-ReloadPlugins/TRACE] [REI] [REIClientPlugin END] Reloading Section: "start-reload/SearchProviderImpl/" done in 6.055 μs
[20:34:57] [REI-ReloadPlugins/TRACE] [REI] [REIClientPlugin END] Reloading Section: "start-reload/ConfigManagerImpl/"
[20:34:57] [REI-ReloadPlugins/TRACE] [REI] [REIClientPlugin END] Reloading Section: "start-reload/ConfigManagerImpl/" done in 6.019 μs
[20:34:57] [REI-ReloadPlugins/TRACE] [REI] [REIClientPlugin END] Reloading Section: "start-reload/EntryRegistryImpl/"
[20:34:57] [REI-ReloadPlugins/TRACE] [REI] [REIClientPlugin END] Reloading Section: "start-reload/EntryRegistryImpl/" done in 5.737 μs
[20:34:57] [REI-ReloadPlugins/TRACE] [REI] [REIClientPlugin END] Reloading Section: "start-reload/CollapsibleEntryRegistryImpl/"
[20:34:57] [REI-ReloadPlugins/TRACE] [REI] [REIClientPlugin END] Reloading Section: "start-reload/CollapsibleEntryRegistryImpl/" done in 8.509 μs
[20:34:57] [REI-ReloadPlugins/TRACE] [REI] [REIClientPlugin END] Reloading Section: "start-reload/BasicFilteringRuleImpl/"
[20:34:57] [REI-ReloadPlugins/TRACE] [REI] [REIClientPlugin END] Reloading Section: "start-reload/BasicFilteringRuleImpl/" done in 9.004 μs
[20:34:57] [REI-ReloadPlugins/TRACE] [REI] [REIClientPlugin END] Reloading Section: "start-reload/CategoryRegistryImpl/"
[20:34:57] [REI-ReloadPlugins/DEBUG] [REI] Added category visibility predicate: me.shedaniel.rei.impl.client.registry.category.CategoryRegistryImpl$$Lambda$45143/0x0000000804727b90@916c9a7 [0.00 priority]
[20:34:57] [REI-ReloadPlugins/TRACE] [REI] [REIClientPlugin END] Reloading Section: "start-reload/CategoryRegistryImpl/" done in 684.6 μs
[20:34:57] [REI-ReloadPlugins/TRACE] [REI] [REIClientPlugin END] Reloading Section: "start-reload/DisplayRegistryImpl/"
[20:34:57] [REI-ReloadPlugins/TRACE] [REI] [REIClientPlugin END] Reloading Section: "start-reload/DisplayRegistryImpl/" done in 65.32 μs
[20:34:57] [REI-ReloadPlugins/TRACE] [REI] [REIClientPlugin END] Reloading Section: "start-reload/ScreenRegistryImpl/"
[20:34:57] [REI-ReloadPlugins/TRACE] [REI] [REIClientPlugin END] Reloading Section: "start-reload/ScreenRegistryImpl/" done in 8.305 μs
[20:34:57] [REI-ReloadPlugins/TRACE] [REI] [REIClientPlugin END] Reloading Section: "start-reload/FavoriteEntryTypeRegistryImpl/"
[20:34:57] [REI-ReloadPlugins/TRACE] [REI] [REIClientPlugin END] Reloading Section: "start-reload/FavoriteEntryTypeRegistryImpl/" done in 6.065 μs
[20:34:57] [REI-ReloadPlugins/TRACE] [REI] [REIClientPlugin END] Reloading Section: "start-reload/SubsetsRegistryImpl/"
[20:34:57] [REI-ReloadPlugins/TRACE] [REI] [REIClientPlugin END] Reloading Section: "start-reload/SubsetsRegistryImpl/" done in 6.530 μs
[20:34:57] [REI-ReloadPlugins/TRACE] [REI] [REIClientPlugin END] Reloading Section: "start-reload/TransferHandlerRegistryImpl/"
[20:34:57] [REI-ReloadPlugins/TRACE] [REI] [REIClientPlugin END] Reloading Section: "start-reload/TransferHandlerRegistryImpl/" done in 9.010 μs
[20:34:57] [REI-ReloadPlugins/TRACE] [REI] [REIClientPlugin END] Reloading Section: "start-reload/SearchRuntime/"
[20:34:57] [REI-ReloadPlugins/DEBUG] [REI] Preparing collapsed entry groups cache with 0 entries and 28404 stacks
[20:34:57] [REI-ReloadPlugins/DEBUG] [REI] Prepared collapsed entry groups cache with 0 entries and 28404 stacks
[20:34:57] [REI-ReloadPlugins/TRACE] [REI] [REIClientPlugin END] Reloading Section: "start-reload/SearchRuntime/" done in 3.979 ms
[20:34:57] [REI-ReloadPlugins/TRACE] [REI] [REIClientPlugin END] Reloading Section: "start-reload/REIRuntimeImpl/"
[20:34:57] [REI-ReloadPlugins/TRACE] [REI] [REIClientPlugin END] Reloading Section: "start-reload/REIRuntimeImpl/" done in 18.61 μs
[20:34:57] [REI-ReloadPlugins/TRACE] [REI] [REIClientPlugin END] Reloading Section: "start-reload/ConfigAddonRegistryImpl/"
[20:34:57] [REI-ReloadPlugins/TRACE] [REI] [REIClientPlugin END] Reloading Section: "start-reload/ConfigAddonRegistryImpl/" done in 17.58 μs
[20:34:57] [REI-ReloadPlugins/TRACE] [REI] [REIClientPlugin END] Reloading Section: "start-reload/me.shedaniel.rei.plugin.client.runtime.PluginStageExecutionWatcher$1/"
[20:34:57] [REI-ReloadPlugins/TRACE] [REI] [REIClientPlugin END] Reloading Section: "start-reload/me.shedaniel.rei.plugin.client.runtime.PluginStageExecutionWatcher$1/" done in 6.852 μs
[20:34:57] [REI-ReloadPlugins/TRACE] [REI] [REIClientPlugin END] Reloading Section: "start-reload/" done in 5.215 ms
[20:34:57] [REI-ReloadPlugins/DEBUG] [REI] ========================================
[20:34:57] [REI-ReloadPlugins/DEBUG] [REI] REIClientPlugin started main-reload for END.
[20:34:57] [REI-ReloadPlugins/DEBUG] [REI] ========================================
[20:34:57] [REI-ReloadPlugins/TRACE] [REI] [REIClientPlugin END] Reloading Section: "reloadable-plugin/EntryRendererRegistryImpl/"
[20:34:57] [REI-ReloadPlugins/TRACE] [REI] [REIClientPlugin END] Reloading Section: "reloadable-plugin/EntryRendererRegistryImpl/DefaultClientPluginImpl of DefaultClientPluginImpl [roughlyenoughitems]/"
[20:34:57] [REI-ReloadPlugins/TRACE] [REI] [REIClientPlugin END] Reloading Section: "reloadable-plugin/EntryRendererRegistryImpl/DefaultClientPluginImpl of DefaultClientPluginImpl [roughlyenoughitems]/" done in 31.95 μs
[20:34:57] [REI-ReloadPlugins/TRACE] [REI] [REIClientPlugin END] Reloading Section: "reloadable-plugin/EntryRendererRegistryImpl/REICompat of REICompat [supplementaries]/"
[20:34:57] [REI-ReloadPlugins/TRACE] [REI] [REIClientPlugin END] Reloading Section: "reloadable-plugin/EntryRendererRegistryImpl/REICompat of REICompat [supplementaries]/" done in 10.09 μs
[20:34:57] [REI-ReloadPlugins/TRACE] [REI] [REIClientPlugin END] Reloading Section: "reloadable-plugin/EntryRendererRegistryImpl/GTREIPlugin of GTREIPlugin [gtceu]/"
[20:34:57] [REI-ReloadPlugins/TRACE] [REI] [REIClientPlugin END] Reloading Section: "reloadable-plugin/EntryRendererRegistryImpl/GTREIPlugin of GTREIPlugin [gtceu]/" done in 8.355 μs
[20:34:57] [REI-ReloadPlugins/TRACE] [REI] [REIClientPlugin END] Reloading Section: "reloadable-plugin/EntryRendererRegistryImpl/FTBQuestsREIIntegrationForge of FTBQuestsREIIntegrationForge [ftbxmodcompat]/"
[20:34:57] [REI-ReloadPlugins/TRACE] [REI] [REIClientPlugin END] Reloading Section: "reloadable-plugin/EntryRendererRegistryImpl/FTBQuestsREIIntegrationForge of FTBQuestsREIIntegrationForge [ftbxmodcompat]/" done in 51.14 μs
[20:34:57] [REI-ReloadPlugins/TRACE] [REI] [REIClientPlugin END] Reloading Section: "reloadable-plugin/EntryRendererRegistryImpl/ExtendedAE of ExtendedAE [expatternprovider]/"
[20:34:57] [REI-ReloadPlugins/TRACE] [REI] [REIClientPlugin END] Reloading Section: "reloadable-plugin/EntryRendererRegistryImpl/ExtendedAE of ExtendedAE [expatternprovider]/" done in 9.836 μs
[20:34:57] [REI-ReloadPlugins/TRACE] [REI] [REIClientPlugin END] Reloading Section: "reloadable-plugin/EntryRendererRegistryImpl/FramedReiPlugin of FramedReiPlugin [framedblocks]/"
[20:34:57] [REI-ReloadPlugins/TRACE] [REI] [REIClientPlugin END] Reloading Section: "reloadable-plugin/EntryRendererRegistryImpl/FramedReiPlugin of FramedReiPlugin [framedblocks]/" done in 6.519 μs
[20:34:57] [REI-ReloadPlugins/TRACE] [REI] [REIClientPlugin END] Reloading Section: "reloadable-plugin/EntryRendererRegistryImpl/StorageReiClientPlugin of StorageReiClientPlugin [sophisticatedstorage]/"
[20:34:57] [REI-ReloadPlugins/TRACE] [REI] [REIClientPlugin END] Reloading Section: "reloadable-plugin/EntryRendererRegistryImpl/StorageReiClientPlugin of StorageReiClientPlugin [sophisticatedstorage]/" done in 6.033 μs
[20:34:57] [REI-ReloadPlugins/TRACE] [REI] [REIClientPlugin END] Reloading Section: "reloadable-plugin/EntryRendererRegistryImpl/BackpackReiClientPlugin of BackpackReiClientPlugin [sophisticatedbackpacks]/"
[20:34:57] [REI-ReloadPlugins/TRACE] [REI] [REIClientPlugin END] Reloading Section: "reloadable-plugin/EntryRendererRegistryImpl/BackpackReiClientPlugin of BackpackReiClientPlugin [sophisticatedbackpacks]/" done in 6.765 μs
[20:34:57] [REI-ReloadPlugins/TRACE] [REI] [REIClientPlugin END] Reloading Section: "reloadable-plugin/EntryRendererRegistryImpl/ReiIsDumbClientPlugin of ReiIsDumbClientPlugin [ad_astra]/"
[20:34:57] [REI-ReloadPlugins/TRACE] [REI] [REIClientPlugin END] Reloading Section: "reloadable-plugin/EntryRendererRegistryImpl/ReiIsDumbClientPlugin of ReiIsDumbClientPlugin [ad_astra]/" done in 6.978 μs
[20:34:57] [REI-ReloadPlugins/TRACE] [REI] [REIClientPlugin END] Reloading Section: "reloadable-plugin/EntryRendererRegistryImpl/almostunified.roughlyenoughitems of almostunified.roughlyenoughitems [almostunified]/"
[20:34:57] [REI-ReloadPlugins/TRACE] [REI] [REIClientPlugin END] Reloading Section: "reloadable-plugin/EntryRendererRegistryImpl/almostunified.roughlyenoughitems of almostunified.roughlyenoughitems [almostunified]/" done in 7.604 μs
[20:34:57] [REI-ReloadPlugins/TRACE] [REI] [REIClientPlugin END] Reloading Section: "reloadable-plugin/EntryRendererRegistryImpl/AdornReiClientForge of AdornReiClientForge [adorn]/"
[20:34:57] [REI-ReloadPlugins/TRACE] [REI] [REIClientPlugin END] Reloading Section: "reloadable-plugin/EntryRendererRegistryImpl/AdornReiClientForge of AdornReiClientForge [adorn]/" done in 6.307 μs
[20:34:57] [REI-ReloadPlugins/TRACE] [REI] [REIClientPlugin END] Reloading Section: "reloadable-plugin/EntryRendererRegistryImpl/REIPluginImpl of REIPluginImpl [ldlib]/"
[20:34:57] [REI-ReloadPlugins/TRACE] [REI] [REIClientPlugin END] Reloading Section: "reloadable-plugin/EntryRendererRegistryImpl/REIPluginImpl of REIPluginImpl [ldlib]/" done in 6.297 μs
[20:34:57] [REI-ReloadPlugins/TRACE] [REI] [REIClientPlugin END] Reloading Section: "reloadable-plugin/EntryRendererRegistryImpl/ReiClientPlugin of ReiClientPlugin [craftingstation]/"
[20:34:57] [REI-ReloadPlugins/TRACE] [REI] [REIClientPlugin END] Reloading Section: "reloadable-plugin/EntryRendererRegistryImpl/ReiClientPlugin of ReiClientPlugin [craftingstation]/" done in 5.794 μs
[20:34:57] [REI-ReloadPlugins/TRACE] [REI] [REIClientPlugin END] Reloading Section: "reloadable-plugin/EntryRendererRegistryImpl/REIForgePluginStub of REIForgePluginStub [ftblibrary]/"
[20:34:57] [REI-ReloadPlugins/TRACE] [REI] [REIClientPlugin END] Reloading Section: "reloadable-plugin/EntryRendererRegistryImpl/REIForgePluginStub of REIForgePluginStub [ftblibrary]/" done in 5.793 μs
[20:34:57] [REI-ReloadPlugins/TRACE] [REI] [REIClientPlugin END] Reloading Section: "reloadable-plugin/EntryRendererRegistryImpl/AE2 of AE2 [ae2]/"
[20:34:57] [REI-ReloadPlugins/TRACE] [REI] [REIClientPlugin END] Reloading Section: "reloadable-plugin/EntryRendererRegistryImpl/AE2 of AE2 [ae2]/" done in 5.517 μs
[20:34:57] [REI-ReloadPlugins/TRACE] [REI] [REIClientPlugin END] Reloading Section: "reloadable-plugin/EntryRendererRegistryImpl/HideIngredientsFromTagsPlugin of HideIngredientsFromTagsPlugin [roughlyenoughitems]/"
[20:34:57] [REI-ReloadPlugins/TRACE] [REI] [REIClientPlugin END] Reloading Section: "reloadable-plugin/EntryRendererRegistryImpl/HideIngredientsFromTagsPlugin of HideIngredientsFromTagsPlugin [roughlyenoughitems]/" done in 5.945 μs
[20:34:57] [REI-ReloadPlugins/TRACE] [REI] [REIClientPlugin END] Reloading Section: "reloadable-plugin/EntryRendererRegistryImpl/DefaultClientRuntimePlugin of DefaultClientRuntimePlugin [roughlyenoughitems]/"
[20:34:57] [REI-ReloadPlugins/TRACE] [REI] [REIClientPlugin END] Reloading Section: "reloadable-plugin/EntryRendererRegistryImpl/DefaultClientRuntimePlugin of DefaultClientRuntimePlugin [roughlyenoughitems]/" done in 6.156 μs
[20:34:57] [REI-ReloadPlugins/TRACE] [REI] [REIClientPlugin END] Reloading Section: "reloadable-plugin/EntryRendererRegistryImpl/REIForgePluginStub of REIForgePluginStub [kubejs]/"
[20:34:57] [REI-ReloadPlugins/TRACE] [REI] [REIClientPlugin END] Reloading Section: "reloadable-plugin/EntryRendererRegistryImpl/REIForgePluginStub of REIForgePluginStub [kubejs]/" done in 6.591 μs
[20:34:57] [REI-ReloadPlugins/TRACE] [REI] [REIClientPlugin END] Reloading Section: "reloadable-plugin/EntryRendererRegistryImpl/" done in 2.768 ms
[20:34:57] [REI-ReloadPlugins/TRACE] [REI] [REIClientPlugin END] Reloading Section: "reloadable-plugin/ViewsImpl/"
[20:34:57] [REI-ReloadPlugins/TRACE] [REI] [REIClientPlugin END] Reloading Section: "reloadable-plugin/ViewsImpl/DefaultClientPluginImpl of DefaultClientPluginImpl [roughlyenoughitems]/"
[20:34:57] [REI-ReloadPlugins/TRACE] [REI] [REIClientPlugin END] Reloading Section: "reloadable-plugin/ViewsImpl/DefaultClientPluginImpl of DefaultClientPluginImpl [roughlyenoughitems]/" done in 9.486 μs
[20:34:57] [REI-ReloadPlugins/TRACE] [REI] [REIClientPlugin END] Reloading Section: "reloadable-plugin/ViewsImpl/REICompat of REICompat [supplementaries]/"
[20:34:57] [REI-ReloadPlugins/TRACE] [REI] [REIClientPlugin END] Reloading Section: "reloadable-plugin/ViewsImpl/REICompat of REICompat [supplementaries]/" done in 5.628 μs
[20:34:57] [REI-ReloadPlugins/TRACE] [REI] [REIClientPlugin END] Reloading Section: "reloadable-plugin/ViewsImpl/GTREIPlugin of GTREIPlugin [gtceu]/"
[20:34:57] [REI-ReloadPlugins/TRACE] [REI] [REIClientPlugin END] Reloading Section: "reloadable-plugin/ViewsImpl/GTREIPlugin of GTREIPlugin [gtceu]/" done in 5.908 μs
[20:34:57] [REI-ReloadPlugins/TRACE] [REI] [REIClientPlugin END] Reloading Section: "reloadable-plugin/ViewsImpl/FTBQuestsREIIntegrationForge of FTBQuestsREIIntegrationForge [ftbxmodcompat]/"
[20:34:57] [REI-ReloadPlugins/TRACE] [REI] [REIClientPlugin END] Reloading Section: "reloadable-plugin/ViewsImpl/FTBQuestsREIIntegrationForge of FTBQuestsREIIntegrationForge [ftbxmodcompat]/" done in 10.37 μs
[20:34:57] [REI-ReloadPlugins/TRACE] [REI] [REIClientPlugin END] Reloading Section: "reloadable-plugin/ViewsImpl/ExtendedAE of ExtendedAE [expatternprovider]/"
[20:34:57] [REI-ReloadPlugins/TRACE] [REI] [REIClientPlugin END] Reloading Section: "reloadable-plugin/ViewsImpl/ExtendedAE of ExtendedAE [expatternprovider]/" done in 5.904 μs
[20:34:57] [REI-ReloadPlugins/TRACE] [REI] [REIClientPlugin END] Reloading Section: "reloadable-plugin/ViewsImpl/FramedReiPlugin of FramedReiPlugin [framedblocks]/"
[20:34:57] [REI-ReloadPlugins/TRACE] [REI] [REIClientPlugin END] Reloading Section: "reloadable-plugin/ViewsImpl/FramedReiPlugin of FramedReiPlugin [framedblocks]/" done in 5.787 μs
[20:34:57] [REI-ReloadPlugins/TRACE] [REI] [REIClientPlugin END] Reloading Section: "reloadable-plugin/ViewsImpl/StorageReiClientPlugin of StorageReiClientPlugin [sophisticatedstorage]/"
[20:34:57] [REI-ReloadPlugins/TRACE] [REI] [REIClientPlugin END] Reloading Section: "reloadable-plugin/ViewsImpl/StorageReiClientPlugin of StorageReiClientPlugin [sophisticatedstorage]/" done in 6.165 μs
[20:34:57] [REI-ReloadPlugins/TRACE] [REI] [REIClientPlugin END] Reloading Section: "reloadable-plugin/ViewsImpl/BackpackReiClientPlugin of BackpackReiClientPlugin [sophisticatedbackpacks]/"
[20:34:57] [REI-ReloadPlugins/TRACE] [REI] [REIClientPlugin END] Reloading Section: "reloadable-plugin/ViewsImpl/BackpackReiClientPlugin of BackpackReiClientPlugin [sophisticatedbackpacks]/" done in 5.679 μs
[20:34:57] [REI-ReloadPlugins/TRACE] [REI] [REIClientPlugin END] Reloading Section: "reloadable-plugin/ViewsImpl/ReiIsDumbClientPlugin of ReiIsDumbClientPlugin [ad_astra]/"
[20:34:57] [REI-ReloadPlugins/TRACE] [REI] [REIClientPlugin END] Reloading Section: "reloadable-plugin/ViewsImpl/ReiIsDumbClientPlugin of ReiIsDumbClientPlugin [ad_astra]/" done in 5.660 μs
[20:34:57] [REI-ReloadPlugins/TRACE] [REI] [REIClientPlugin END] Reloading Section: "reloadable-plugin/ViewsImpl/almostunified.roughlyenoughitems of almostunified.roughlyenoughitems [almostunified]/"
[20:34:57] [REI-ReloadPlugins/TRACE] [REI] [REIClientPlugin END] Reloading Section: "reloadable-plugin/ViewsImpl/almostunified.roughlyenoughitems of almostunified.roughlyenoughitems [almostunified]/" done in 6.429 μs
[20:34:57] [REI-ReloadPlugins/TRACE] [REI] [REIClientPlugin END] Reloading Section: "reloadable-plugin/ViewsImpl/AdornReiClientForge of AdornReiClientForge [adorn]/"
[20:34:57] [REI-ReloadPlugins/TRACE] [REI] [REIClientPlugin END] Reloading Section: "reloadable-plugin/ViewsImpl/AdornReiClientForge of AdornReiClientForge [adorn]/" done in 5.894 μs
[20:34:57] [REI-ReloadPlugins/TRACE] [REI] [REIClientPlugin END] Reloading Section: "reloadable-plugin/ViewsImpl/REIPluginImpl of REIPluginImpl [ldlib]/"
[20:34:57] [REI-ReloadPlugins/TRACE] [REI] [REIClientPlugin END] Reloading Section: "reloadable-plugin/ViewsImpl/REIPluginImpl of REIPluginImpl [ldlib]/" done in 5.740 μs
[20:34:57] [REI-ReloadPlugins/TRACE] [REI] [REIClientPlugin END] Reloading Section: "reloadable-plugin/ViewsImpl/ReiClientPlugin of ReiClientPlugin [craftingstation]/"
[20:34:57] [REI-ReloadPlugins/TRACE] [REI] [REIClientPlugin END] Reloading Section: "reloadable-plugin/ViewsImpl/ReiClientPlugin of ReiClientPlugin [craftingstation]/" done in 6.735 μs
[20:34:57] [REI-ReloadPlugins/TRACE] [REI] [REIClientPlugin END] Reloading Section: "reloadable-plugin/ViewsImpl/REIForgePluginStub of REIForgePluginStub [ftblibrary]/"
[20:34:57] [REI-ReloadPlugins/TRACE] [REI] [REIClientPlugin END] Reloading Section: "reloadable-plugin/ViewsImpl/REIForgePluginStub of REIForgePluginStub [ftblibrary]/" done in 5.631 μs
[20:34:57] [REI-ReloadPlugins/TRACE] [REI] [REIClientPlugin END] Reloading Section: "reloadable-plugin/ViewsImpl/AE2 of AE2 [ae2]/"
[20:34:57] [REI-ReloadPlugins/TRACE] [REI] [REIClientPlugin END] Reloading Section: "reloadable-plugin/ViewsImpl/AE2 of AE2 [ae2]/" done in 9.577 μs
[20:34:57] [REI-ReloadPlugins/TRACE] [REI] [REIClientPlugin END] Reloading Section: "reloadable-plugin/ViewsImpl/HideIngredientsFromTagsPlugin of HideIngredientsFromTagsPlugin [roughlyenoughitems]/"
[20:34:57] [REI-ReloadPlugins/TRACE] [REI] [REIClientPlugin END] Reloading Section: "reloadable-plugin/ViewsImpl/HideIngredientsFromTagsPlugin of HideIngredientsFromTagsPlugin [roughlyenoughitems]/" done in 6.121 μs
[20:34:57] [REI-ReloadPlugins/TRACE] [REI] [REIClientPlugin END] Reloading Section: "reloadable-plugin/ViewsImpl/DefaultClientRuntimePlugin of DefaultClientRuntimePlugin [roughlyenoughitems]/"
[20:34:57] [REI-ReloadPlugins/TRACE] [REI] [REIClientPlugin END] Reloading Section: "reloadable-plugin/ViewsImpl/DefaultClientRuntimePlugin of DefaultClientRuntimePlugin [roughlyenoughitems]/" done in 5.619 μs
[20:34:57] [REI-ReloadPlugins/TRACE] [REI] [REIClientPlugin END] Reloading Section: "reloadable-plugin/ViewsImpl/REIForgePluginStub of REIForgePluginStub [kubejs]/"
[20:34:57] [REI-ReloadPlugins/TRACE] [REI] [REIClientPlugin END] Reloading Section: "reloadable-plugin/ViewsImpl/REIForgePluginStub of REIForgePluginStub [kubejs]/" done in 5.764 μs
[20:34:57] [REI-ReloadPlugins/TRACE] [REI] [REIClientPlugin END] Reloading Section: "reloadable-plugin/ViewsImpl/" done in 377.1 μs
[20:34:57] [REI-ReloadPlugins/TRACE] [REI] [REIClientPlugin END] Reloading Section: "reloadable-plugin/InputMethodRegistryImpl/"
[20:34:57] [REI-ReloadPlugins/TRACE] [REI] [REIClientPlugin END] Reloading Section: "reloadable-plugin/InputMethodRegistryImpl/DefaultClientPluginImpl of DefaultClientPluginImpl [roughlyenoughitems]/"
[20:34:57] [REI-ReloadPlugins/TRACE] [REI] [REIClientPlugin END] Reloading Section: "reloadable-plugin/InputMethodRegistryImpl/DefaultClientPluginImpl of DefaultClientPluginImpl [roughlyenoughitems]/" done in 18.11 μs
[20:34:57] [REI-ReloadPlugins/TRACE] [REI] [REIClientPlugin END] Reloading Section: "reloadable-plugin/InputMethodRegistryImpl/REICompat of REICompat [supplementaries]/"
[20:34:57] [REI-ReloadPlugins/TRACE] [REI] [REIClientPlugin END] Reloading Section: "reloadable-plugin/InputMethodRegistryImpl/REICompat of REICompat [supplementaries]/" done in 6.032 μs
[20:34:57] [REI-ReloadPlugins/TRACE] [REI] [REIClientPlugin END] Reloading Section: "reloadable-plugin/InputMethodRegistryImpl/GTREIPlugin of GTREIPlugin [gtceu]/"
[20:34:57] [REI-ReloadPlugins/TRACE] [REI] [REIClientPlugin END] Reloading Section: "reloadable-plugin/InputMethodRegistryImpl/GTREIPlugin of GTREIPlugin [gtceu]/" done in 5.837 μs
[20:34:57] [REI-ReloadPlugins/TRACE] [REI] [REIClientPlugin END] Reloading Section: "reloadable-plugin/InputMethodRegistryImpl/FTBQuestsREIIntegrationForge of FTBQuestsREIIntegrationForge [ftbxmodcompat]/"
[20:34:57] [REI-ReloadPlugins/TRACE] [REI] [REIClientPlugin END] Reloading Section: "reloadable-plugin/InputMethodRegistryImpl/FTBQuestsREIIntegrationForge of FTBQuestsREIIntegrationForge [ftbxmodcompat]/" done in 6.016 μs
[20:34:57] [REI-ReloadPlugins/TRACE] [REI] [REIClientPlugin END] Reloading Section: "reloadable-plugin/InputMethodRegistryImpl/ExtendedAE of ExtendedAE [expatternprovider]/"
[20:34:57] [REI-ReloadPlugins/TRACE] [REI] [REIClientPlugin END] Reloading Section: "reloadable-plugin/InputMethodRegistryImpl/ExtendedAE of ExtendedAE [expatternprovider]/" done in 5.832 μs
[20:34:57] [REI-ReloadPlugins/TRACE] [REI] [REIClientPlugin END] Reloading Section: "reloadable-plugin/InputMethodRegistryImpl/FramedReiPlugin of FramedReiPlugin [framedblocks]/"
[20:34:57] [REI-ReloadPlugins/TRACE] [REI] [REIClientPlugin END] Reloading Section: "reloadable-plugin/InputMethodRegistryImpl/FramedReiPlugin of FramedReiPlugin [framedblocks]/" done in 5.907 μs
[20:34:57] [REI-ReloadPlugins/TRACE] [REI] [REIClientPlugin END] Reloading Section: "reloadable-plugin/InputMethodRegistryImpl/StorageReiClientPlugin of StorageReiClientPlugin [sophisticatedstorage]/"
[20:34:57] [REI-ReloadPlugins/TRACE] [REI] [REIClientPlugin END] Reloading Section: "reloadable-plugin/InputMethodRegistryImpl/StorageReiClientPlugin of StorageReiClientPlugin [sophisticatedstorage]/" done in 5.528 μs
[20:34:57] [REI-ReloadPlugins/TRACE] [REI] [REIClientPlugin END] Reloading Section: "reloadable-plugin/InputMethodRegistryImpl/BackpackReiClientPlugin of BackpackReiClientPlugin [sophisticatedbackpacks]/"
[20:34:57] [REI-ReloadPlugins/TRACE] [REI] [REIClientPlugin END] Reloading Section: "reloadable-plugin/InputMethodRegistryImpl/BackpackReiClientPlugin of BackpackReiClientPlugin [sophisticatedbackpacks]/" done in 6.425 μs
[20:34:57] [REI-ReloadPlugins/TRACE] [REI] [REIClientPlugin END] Reloading Section: "reloadable-plugin/InputMethodRegistryImpl/ReiIsDumbClientPlugin of ReiIsDumbClientPlugin [ad_astra]/"
[20:34:57] [REI-ReloadPlugins/TRACE] [REI] [REIClientPlugin END] Reloading Section: "reloadable-plugin/InputMethodRegistryImpl/ReiIsDumbClientPlugin of ReiIsDumbClientPlugin [ad_astra]/" done in 5.603 μs
[20:34:57] [REI-ReloadPlugins/TRACE] [REI] [REIClientPlugin END] Reloading Section: "reloadable-plugin/InputMethodRegistryImpl/almostunified.roughlyenoughitems of almostunified.roughlyenoughitems [almostunified]/"
[20:34:57] [REI-ReloadPlugins/TRACE] [REI] [REIClientPlugin END] Reloading Section: "reloadable-plugin/InputMethodRegistryImpl/almostunified.roughlyenoughitems of almostunified.roughlyenoughitems [almostunified]/" done in 6.140 μs
[20:34:57] [REI-ReloadPlugins/TRACE] [REI] [REIClientPlugin END] Reloading Section: "reloadable-plugin/InputMethodRegistryImpl/AdornReiClientForge of AdornReiClientForge [adorn]/"
[20:34:57] [REI-ReloadPlugins/TRACE] [REI] [REIClientPlugin END] Reloading Section: "reloadable-plugin/InputMethodRegistryImpl/AdornReiClientForge of AdornReiClientForge [adorn]/" done in 5.703 μs
[20:34:57] [REI-ReloadPlugins/TRACE] [REI] [REIClientPlugin END] Reloading Section: "reloadable-plugin/InputMethodRegistryImpl/REIPluginImpl of REIPluginImpl [ldlib]/"
[20:34:57] [REI-ReloadPlugins/TRACE] [REI] [REIClientPlugin END] Reloading Section: "reloadable-plugin/InputMethodRegistryImpl/REIPluginImpl of REIPluginImpl [ldlib]/" done in 5.974 μs
[20:34:57] [REI-ReloadPlugins/TRACE] [REI] [REIClientPlugin END] Reloading Section: "reloadable-plugin/InputMethodRegistryImpl/ReiClientPlugin of ReiClientPlugin [craftingstation]/"
[20:34:57] [REI-ReloadPlugins/TRACE] [REI] [REIClientPlugin END] Reloading Section: "reloadable-plugin/InputMethodRegistryImpl/ReiClientPlugin of ReiClientPlugin [craftingstation]/" done in 5.919 μs
[20:34:57] [REI-ReloadPlugins/TRACE] [REI] [REIClientPlugin END] Reloading Section: "reloadable-plugin/InputMethodRegistryImpl/REIForgePluginStub of REIForgePluginStub [ftblibrary]/"
[20:34:57] [REI-ReloadPlugins/TRACE] [REI] [REIClientPlugin END] Reloading Section: "reloadable-plugin/InputMethodRegistryImpl/REIForgePluginStub of REIForgePluginStub [ftblibrary]/" done in 5.751 μs
[20:34:57] [REI-ReloadPlugins/TRACE] [REI] [REIClientPlugin END] Reloading Section: "reloadable-plugin/InputMethodRegistryImpl/AE2 of AE2 [ae2]/"
[20:34:57] [REI-ReloadPlugins/TRACE] [REI] [REIClientPlugin END] Reloading Section: "reloadable-plugin/InputMethodRegistryImpl/AE2 of AE2 [ae2]/" done in 5.705 μs
[20:34:57] [REI-ReloadPlugins/TRACE] [REI] [REIClientPlugin END] Reloading Section: "reloadable-plugin/InputMethodRegistryImpl/HideIngredientsFromTagsPlugin of HideIngredientsFromTagsPlugin [roughlyenoughitems]/"
[20:34:57] [REI-ReloadPlugins/TRACE] [REI] [REIClientPlugin END] Reloading Section: "reloadable-plugin/InputMethodRegistryImpl/HideIngredientsFromTagsPlugin of HideIngredientsFromTagsPlugin [roughlyenoughitems]/" done in 5.866 μs
[20:34:57] [REI-ReloadPlugins/TRACE] [REI] [REIClientPlugin END] Reloading Section: "reloadable-plugin/InputMethodRegistryImpl/DefaultClientRuntimePlugin of DefaultClientRuntimePlugin [roughlyenoughitems]/"
[20:34:57] [REI-ReloadPlugins/DEBUG] [REI] Added input method [rei:default]: Default
[20:34:57] [REI-ReloadPlugins/DEBUG] [REI] Added input method [rei:pinyin]: Pinyin (Mandarin)
[20:34:57] [REI-ReloadPlugins/DEBUG] [REI] Added input method [rei:jyutping]: Jyutping (Cantonese)
[20:34:57] [REI-ReloadPlugins/DEBUG] [REI] Added input method [rei:bomopofo]: Bopomofo (Mandarin)
[20:34:57] [REI-ReloadPlugins/DEBUG] [REI] Added input method [rei:double_pinyin]: Double Pinyin (Mandarin)
[20:34:57] [REI-ReloadPlugins/TRACE] [REI] [REIClientPlugin END] Reloading Section: "reloadable-plugin/InputMethodRegistryImpl/DefaultClientRuntimePlugin of DefaultClientRuntimePlugin [roughlyenoughitems]/" done in 29.28 ms
[20:34:57] [REI-ReloadPlugins/TRACE] [REI] [REIClientPlugin END] Reloading Section: "reloadable-plugin/InputMethodRegistryImpl/REIForgePluginStub of REIForgePluginStub [kubejs]/"
[20:34:57] [REI-ReloadPlugins/TRACE] [REI] [REIClientPlugin END] Reloading Section: "reloadable-plugin/InputMethodRegistryImpl/REIForgePluginStub of REIForgePluginStub [kubejs]/" done in 12.18 μs
[20:34:57] [REI-ReloadPlugins/TRACE] [REI] [REIClientPlugin END] Reloading Section: "reloadable-plugin/InputMethodRegistryImpl/" done in 29.70 ms
[20:34:57] [REI-ReloadPlugins/TRACE] [REI] [REIClientPlugin END] Reloading Section: "reloadable-plugin/SearchProviderImpl/"
[20:34:57] [REI-ReloadPlugins/TRACE] [REI] [REIClientPlugin END] Reloading Section: "reloadable-plugin/SearchProviderImpl/DefaultClientPluginImpl of DefaultClientPluginImpl [roughlyenoughitems]/"
[20:34:57] [REI-ReloadPlugins/TRACE] [REI] [REIClientPlugin END] Reloading Section: "reloadable-plugin/SearchProviderImpl/DefaultClientPluginImpl of DefaultClientPluginImpl [roughlyenoughitems]/" done in 4.744 μs
[20:34:57] [REI-ReloadPlugins/TRACE] [REI] [REIClientPlugin END] Reloading Section: "reloadable-plugin/SearchProviderImpl/REICompat of REICompat [supplementaries]/"
[20:34:57] [REI-ReloadPlugins/TRACE] [REI] [REIClientPlugin END] Reloading Section: "reloadable-plugin/SearchProviderImpl/REICompat of REICompat [supplementaries]/" done in 4.497 μs
[20:34:57] [REI-ReloadPlugins/TRACE] [REI] [REIClientPlugin END] Reloading Section: "reloadable-plugin/SearchProviderImpl/GTREIPlugin of GTREIPlugin [gtceu]/"
[20:34:57] [REI-ReloadPlugins/TRACE] [REI] [REIClientPlugin END] Reloading Section: "reloadable-plugin/SearchProviderImpl/GTREIPlugin of GTREIPlugin [gtceu]/" done in 3.702 μs
[20:34:57] [REI-ReloadPlugins/TRACE] [REI] [REIClientPlugin END] Reloading Section: "reloadable-plugin/SearchProviderImpl/FTBQuestsREIIntegrationForge of FTBQuestsREIIntegrationForge [ftbxmodcompat]/"
[20:34:57] [REI-ReloadPlugins/TRACE] [REI] [REIClientPlugin END] Reloading Section: "reloadable-plugin/SearchProviderImpl/FTBQuestsREIIntegrationForge of FTBQuestsREIIntegrationForge [ftbxmodcompat]/" done in 3.630 μs
[20:34:57] [REI-ReloadPlugins/TRACE] [REI] [REIClientPlugin END] Reloading Section: "reloadable-plugin/SearchProviderImpl/ExtendedAE of ExtendedAE [expatternprovider]/"
[20:34:57] [REI-ReloadPlugins/TRACE] [REI] [REIClientPlugin END] Reloading Section: "reloadable-plugin/SearchProviderImpl/ExtendedAE of ExtendedAE [expatternprovider]/" done in 3.678 μs
[20:34:57] [REI-ReloadPlugins/TRACE] [REI] [REIClientPlugin END] Reloading Section: "reloadable-plugin/SearchProviderImpl/FramedReiPlugin of FramedReiPlugin [framedblocks]/"
[20:34:57] [REI-ReloadPlugins/TRACE] [REI] [REIClientPlugin END] Reloading Section: "reloadable-plugin/SearchProviderImpl/FramedReiPlugin of FramedReiPlugin [framedblocks]/" done in 3.739 μs
[20:34:57] [REI-ReloadPlugins/TRACE] [REI] [REIClientPlugin END] Reloading Section: "reloadable-plugin/SearchProviderImpl/StorageReiClientPlugin of StorageReiClientPlugin [sophisticatedstorage]/"
[20:34:57] [REI-ReloadPlugins/TRACE] [REI] [REIClientPlugin END] Reloading Section: "reloadable-plugin/SearchProviderImpl/StorageReiClientPlugin of StorageReiClientPlugin [sophisticatedstorage]/" done in 3.784 μs
[20:34:57] [REI-ReloadPlugins/TRACE] [REI] [REIClientPlugin END] Reloading Section: "reloadable-plugin/SearchProviderImpl/BackpackReiClientPlugin of BackpackReiClientPlugin [sophisticatedbackpacks]/"
[20:34:57] [REI-ReloadPlugins/TRACE] [REI] [REIClientPlugin END] Reloading Section: "reloadable-plugin/SearchProviderImpl/BackpackReiClientPlugin of BackpackReiClientPlugin [sophisticatedbackpacks]/" done in 3.603 μs
[20:34:57] [REI-ReloadPlugins/TRACE] [REI] [REIClientPlugin END] Reloading Section: "reloadable-plugin/SearchProviderImpl/ReiIsDumbClientPlugin of ReiIsDumbClientPlugin [ad_astra]/"
[20:34:57] [REI-ReloadPlugins/TRACE] [REI] [REIClientPlugin END] Reloading Section: "reloadable-plugin/SearchProviderImpl/ReiIsDumbClientPlugin of ReiIsDumbClientPlugin [ad_astra]/" done in 3.755 μs
[20:34:57] [REI-ReloadPlugins/TRACE] [REI] [REIClientPlugin END] Reloading Section: "reloadable-plugin/SearchProviderImpl/almostunified.roughlyenoughitems of almostunified.roughlyenoughitems [almostunified]/"
[20:34:57] [REI-ReloadPlugins/TRACE] [REI] [REIClientPlugin END] Reloading Section: "reloadable-plugin/SearchProviderImpl/almostunified.roughlyenoughitems of almostunified.roughlyenoughitems [almostunified]/" done in 3.772 μs
[20:34:57] [REI-ReloadPlugins/TRACE] [REI] [REIClientPlugin END] Reloading Section: "reloadable-plugin/SearchProviderImpl/AdornReiClientForge of AdornReiClientForge [adorn]/"
[20:34:57] [REI-ReloadPlugins/TRACE] [REI] [REIClientPlugin END] Reloading Section: "reloadable-plugin/SearchProviderImpl/AdornReiClientForge of AdornReiClientForge [adorn]/" done in 5.064 μs
[20:34:57] [REI-ReloadPlugins/TRACE] [REI] [REIClientPlugin END] Reloading Section: "reloadable-plugin/SearchProviderImpl/REIPluginImpl of REIPluginImpl [ldlib]/"
[20:34:57] [REI-ReloadPlugins/TRACE] [REI] [REIClientPlugin END] Reloading Section: "reloadable-plugin/SearchProviderImpl/REIPluginImpl of REIPluginImpl [ldlib]/" done in 3.571 μs
[20:34:57] [REI-ReloadPlugins/TRACE] [REI] [REIClientPlugin END] Reloading Section: "reloadable-plugin/SearchProviderImpl/ReiClientPlugin of ReiClientPlugin [craftingstation]/"
[20:34:57] [REI-ReloadPlugins/TRACE] [REI] [REIClientPlugin END] Reloading Section: "reloadable-plugin/SearchProviderImpl/ReiClientPlugin of ReiClientPlugin [craftingstation]/" done in 3.506 μs
[20:34:57] [REI-ReloadPlugins/TRACE] [REI] [REIClientPlugin END] Reloading Section: "reloadable-plugin/SearchProviderImpl/REIForgePluginStub of REIForgePluginStub [ftblibrary]/"
[20:34:57] [REI-ReloadPlugins/TRACE] [REI] [REIClientPlugin END] Reloading Section: "reloadable-plugin/SearchProviderImpl/REIForgePluginStub of REIForgePluginStub [ftblibrary]/" done in 3.462 μs
[20:34:57] [REI-ReloadPlugins/TRACE] [REI] [REIClientPlugin END] Reloading Section: "reloadable-plugin/SearchProviderImpl/AE2 of AE2 [ae2]/"
[20:34:57] [REI-ReloadPlugins/TRACE] [REI] [REIClientPlugin END] Reloading Section: "reloadable-plugin/SearchProviderImpl/AE2 of AE2 [ae2]/" done in 3.659 μs
[20:34:57] [REI-ReloadPlugins/TRACE] [REI] [REIClientPlugin END] Reloading Section: "reloadable-plugin/SearchProviderImpl/HideIngredientsFromTagsPlugin of HideIngredientsFromTagsPlugin [roughlyenoughitems]/"
[20:34:57] [REI-ReloadPlugins/TRACE] [REI] [REIClientPlugin END] Reloading Section: "reloadable-plugin/SearchProviderImpl/HideIngredientsFromTagsPlugin of HideIngredientsFromTagsPlugin [roughlyenoughitems]/" done in 3.671 μs
[20:34:57] [REI-ReloadPlugins/TRACE] [REI] [REIClientPlugin END] Reloading Section: "reloadable-plugin/SearchProviderImpl/DefaultClientRuntimePlugin of DefaultClientRuntimePlugin [roughlyenoughitems]/"
[20:34:57] [REI-ReloadPlugins/TRACE] [REI] [REIClientPlugin END] Reloading Section: "reloadable-plugin/SearchProviderImpl/DefaultClientRuntimePlugin of DefaultClientRuntimePlugin [roughlyenoughitems]/" done in 3.566 μs
[20:34:57] [REI-ReloadPlugins/TRACE] [REI] [REIClientPlugin END] Reloading Section: "reloadable-plugin/SearchProviderImpl/REIForgePluginStub of REIForgePluginStub [kubejs]/"
[20:34:57] [REI-ReloadPlugins/TRACE] [REI] [REIClientPlugin END] Reloading Section: "reloadable-plugin/SearchProviderImpl/REIForgePluginStub of REIForgePluginStub [kubejs]/" done in 3.677 μs
[20:34:57] [REI-ReloadPlugins/TRACE] [REI] [REIClientPlugin END] Reloading Section: "reloadable-plugin/SearchProviderImpl/" done in 229.0 μs
[20:34:57] [REI-ReloadPlugins/TRACE] [REI] [REIClientPlugin END] Reloading Section: "reloadable-plugin/ConfigManagerImpl/"
[20:34:57] [REI-ReloadPlugins/TRACE] [REI] [REIClientPlugin END] Reloading Section: "reloadable-plugin/ConfigManagerImpl/DefaultClientPluginImpl of DefaultClientPluginImpl [roughlyenoughitems]/"
[20:34:57] [REI-ReloadPlugins/TRACE] [REI] [REIClientPlugin END] Reloading Section: "reloadable-plugin/ConfigManagerImpl/DefaultClientPluginImpl of DefaultClientPluginImpl [roughlyenoughitems]/" done in 3.784 μs
[20:34:57] [REI-ReloadPlugins/TRACE] [REI] [REIClientPlugin END] Reloading Section: "reloadable-plugin/ConfigManagerImpl/REICompat of REICompat [supplementaries]/"
[20:34:57] [REI-ReloadPlugins/TRACE] [REI] [REIClientPlugin END] Reloading Section: "reloadable-plugin/ConfigManagerImpl/REICompat of REICompat [supplementaries]/" done in 10.99 μs
[20:34:57] [REI-ReloadPlugins/TRACE] [REI] [REIClientPlugin END] Reloading Section: "reloadable-plugin/ConfigManagerImpl/GTREIPlugin of GTREIPlugin [gtceu]/"
[20:34:57] [REI-ReloadPlugins/TRACE] [REI] [REIClientPlugin END] Reloading Section: "reloadable-plugin/ConfigManagerImpl/GTREIPlugin of GTREIPlugin [gtceu]/" done in 5.631 μs
[20:34:57] [REI-ReloadPlugins/TRACE] [REI] [REIClientPlugin END] Reloading Section: "reloadable-plugin/ConfigManagerImpl/FTBQuestsREIIntegrationForge of FTBQuestsREIIntegrationForge [ftbxmodcompat]/"
[20:34:57] [REI-ReloadPlugins/TRACE] [REI] [REIClientPlugin END] Reloading Section: "reloadable-plugin/ConfigManagerImpl/FTBQuestsREIIntegrationForge of FTBQuestsREIIntegrationForge [ftbxmodcompat]/" done in 5.694 μs
[20:34:57] [REI-ReloadPlugins/TRACE] [REI] [REIClientPlugin END] Reloading Section: "reloadable-plugin/ConfigManagerImpl/ExtendedAE of ExtendedAE [expatternprovider]/"
[20:34:57] [REI-ReloadPlugins/TRACE] [REI] [REIClientPlugin END] Reloading Section: "reloadable-plugin/ConfigManagerImpl/ExtendedAE of ExtendedAE [expatternprovider]/" done in 5.872 μs
[20:34:57] [REI-ReloadPlugins/TRACE] [REI] [REIClientPlugin END] Reloading Section: "reloadable-plugin/ConfigManagerImpl/FramedReiPlugin of FramedReiPlugin [framedblocks]/"
[20:34:57] [REI-ReloadPlugins/TRACE] [REI] [REIClientPlugin END] Reloading Section: "reloadable-plugin/ConfigManagerImpl/FramedReiPlugin of FramedReiPlugin [framedblocks]/" done in 4.780 μs
[20:34:57] [REI-ReloadPlugins/TRACE] [REI] [REIClientPlugin END] Reloading Section: "reloadable-plugin/ConfigManagerImpl/StorageReiClientPlugin of StorageReiClientPlugin [sophisticatedstorage]/"
[20:34:57] [REI-ReloadPlugins/TRACE] [REI] [REIClientPlugin END] Reloading Section: "reloadable-plugin/ConfigManagerImpl/StorageReiClientPlugin of StorageReiClientPlugin [sophisticatedstorage]/" done in 4.976 μs
[20:34:57] [REI-ReloadPlugins/TRACE] [REI] [REIClientPlugin END] Reloading Section: "reloadable-plugin/ConfigManagerImpl/BackpackReiClientPlugin of BackpackReiClientPlugin [sophisticatedbackpacks]/"
[20:34:57] [REI-ReloadPlugins/TRACE] [REI] [REIClientPlugin END] Reloading Section: "reloadable-plugin/ConfigManagerImpl/BackpackReiClientPlugin of BackpackReiClientPlugin [sophisticatedbackpacks]/" done in 5.063 μs
[20:34:57] [REI-ReloadPlugins/TRACE] [REI] [REIClientPlugin END] Reloading Section: "reloadable-plugin/ConfigManagerImpl/ReiIsDumbClientPlugin of ReiIsDumbClientPlugin [ad_astra]/"
[20:34:57] [REI-ReloadPlugins/TRACE] [REI] [REIClientPlugin END] Reloading Section: "reloadable-plugin/ConfigManagerImpl/ReiIsDumbClientPlugin of ReiIsDumbClientPlugin [ad_astra]/" done in 4.708 μs
[20:34:57] [REI-ReloadPlugins/TRACE] [REI] [REIClientPlugin END] Reloading Section: "reloadable-plugin/ConfigManagerImpl/almostunified.roughlyenoughitems of almostunified.roughlyenoughitems [almostunified]/"
[20:34:57] [REI-ReloadPlugins/TRACE] [REI] [REIClientPlugin END] Reloading Section: "reloadable-plugin/ConfigManagerImpl/almostunified.roughlyenoughitems of almostunified.roughlyenoughitems [almostunified]/" done in 4.920 μs
[20:34:57] [REI-ReloadPlugins/TRACE] [REI] [REIClientPlugin END] Reloading Section: "reloadable-plugin/ConfigManagerImpl/AdornReiClientForge of AdornReiClientForge [adorn]/"
[20:34:57] [REI-ReloadPlugins/TRACE] [REI] [REIClientPlugin END] Reloading Section: "reloadable-plugin/ConfigManagerImpl/AdornReiClientForge of AdornReiClientForge [adorn]/" done in 7.587 μs
[20:34:57] [REI-ReloadPlugins/TRACE] [REI] [REIClientPlugin END] Reloading Section: "reloadable-plugin/ConfigManagerImpl/REIPluginImpl of REIPluginImpl [ldlib]/"
[20:34:57] [REI-ReloadPlugins/TRACE] [REI] [REIClientPlugin END] Reloading Section: "reloadable-plugin/ConfigManagerImpl/REIPluginImpl of REIPluginImpl [ldlib]/" done in 4.685 μs
[20:34:57] [REI-ReloadPlugins/TRACE] [REI] [REIClientPlugin END] Reloading Section: "reloadable-plugin/ConfigManagerImpl/ReiClientPlugin of ReiClientPlugin [craftingstation]/"
[20:34:57] [REI-ReloadPlugins/TRACE] [REI] [REIClientPlugin END] Reloading Section: "reloadable-plugin/ConfigManagerImpl/ReiClientPlugin of ReiClientPlugin [craftingstation]/" done in 3.896 μs
[20:34:57] [REI-ReloadPlugins/TRACE] [REI] [REIClientPlugin END] Reloading Section: "reloadable-plugin/ConfigManagerImpl/REIForgePluginStub of REIForgePluginStub [ftblibrary]/"
[20:34:57] [REI-ReloadPlugins/TRACE] [REI] [REIClientPlugin END] Reloading Section: "reloadable-plugin/ConfigManagerImpl/REIForgePluginStub of REIForgePluginStub [ftblibrary]/" done in 3.447 μs
[20:34:57] [REI-ReloadPlugins/TRACE] [REI] [REIClientPlugin END] Reloading Section: "reloadable-plugin/ConfigManagerImpl/AE2 of AE2 [ae2]/"
[20:34:57] [REI-ReloadPlugins/TRACE] [REI] [REIClientPlugin END] Reloading Section: "reloadable-plugin/ConfigManagerImpl/AE2 of AE2 [ae2]/" done in 3.520 μs
[20:34:57] [REI-ReloadPlugins/TRACE] [REI] [REIClientPlugin END] Reloading Section: "reloadable-plugin/ConfigManagerImpl/HideIngredientsFromTagsPlugin of HideIngredientsFromTagsPlugin [roughlyenoughitems]/"
[20:34:57] [REI-ReloadPlugins/TRACE] [REI] [REIClientPlugin END] Reloading Section: "reloadable-plugin/ConfigManagerImpl/HideIngredientsFromTagsPlugin of HideIngredientsFromTagsPlugin [roughlyenoughitems]/" done in 3.496 μs
[20:34:57] [REI-ReloadPlugins/TRACE] [REI] [REIClientPlugin END] Reloading Section: "reloadable-plugin/ConfigManagerImpl/DefaultClientRuntimePlugin of DefaultClientRuntimePlugin [roughlyenoughitems]/"
[20:34:57] [REI-ReloadPlugins/TRACE] [REI] [REIClientPlugin END] Reloading Section: "reloadable-plugin/ConfigManagerImpl/DefaultClientRuntimePlugin of DefaultClientRuntimePlugin [roughlyenoughitems]/" done in 3.495 μs
[20:34:57] [REI-ReloadPlugins/TRACE] [REI] [REIClientPlugin END] Reloading Section: "reloadable-plugin/ConfigManagerImpl/REIForgePluginStub of REIForgePluginStub [kubejs]/"
[20:34:57] [REI-ReloadPlugins/TRACE] [REI] [REIClientPlugin END] Reloading Section: "reloadable-plugin/ConfigManagerImpl/REIForgePluginStub of REIForgePluginStub [kubejs]/" done in 4.577 μs
[20:34:57] [REI-ReloadPlugins/TRACE] [REI] [REIClientPlugin END] Reloading Section: "reloadable-plugin/ConfigManagerImpl/" done in 272.3 μs
[20:34:57] [REI-ReloadPlugins/TRACE] [REI] [REIClientPlugin END] Reloading Section: "reloadable-plugin/EntryRegistryImpl/"
[20:34:57] [REI-ReloadPlugins/TRACE] [REI] [REIClientPlugin END] Reloading Section: "reloadable-plugin/EntryRegistryImpl/DefaultClientPluginImpl of DefaultClientPluginImpl [roughlyenoughitems]/"
[20:34:57] [REI-ReloadPlugins/TRACE] [REI] [REIClientPlugin END] Reloading Section: "reloadable-plugin/EntryRegistryImpl/DefaultClientPluginImpl of DefaultClientPluginImpl [roughlyenoughitems]/" done in 4.954 μs
[20:34:57] [REI-ReloadPlugins/TRACE] [REI] [REIClientPlugin END] Reloading Section: "reloadable-plugin/EntryRegistryImpl/REICompat of REICompat [supplementaries]/"
[20:34:57] [REI-ReloadPlugins/TRACE] [REI] [REIClientPlugin END] Reloading Section: "reloadable-plugin/EntryRegistryImpl/REICompat of REICompat [supplementaries]/" done in 3.490 μs
[20:34:57] [REI-ReloadPlugins/TRACE] [REI] [REIClientPlugin END] Reloading Section: "reloadable-plugin/EntryRegistryImpl/GTREIPlugin of GTREIPlugin [gtceu]/"
[20:34:57] [REI-ReloadPlugins/TRACE] [REI] [REIClientPlugin END] Reloading Section: "reloadable-plugin/EntryRegistryImpl/GTREIPlugin of GTREIPlugin [gtceu]/" done in 3.548 μs
[20:34:57] [REI-ReloadPlugins/TRACE] [REI] [REIClientPlugin END] Reloading Section: "reloadable-plugin/EntryRegistryImpl/FTBQuestsREIIntegrationForge of FTBQuestsREIIntegrationForge [ftbxmodcompat]/"
[20:34:57] [REI-ReloadPlugins/TRACE] [REI] [REIClientPlugin END] Reloading Section: "reloadable-plugin/EntryRegistryImpl/FTBQuestsREIIntegrationForge of FTBQuestsREIIntegrationForge [ftbxmodcompat]/" done in 3.565 μs
[20:34:57] [REI-ReloadPlugins/TRACE] [REI] [REIClientPlugin END] Reloading Section: "reloadable-plugin/EntryRegistryImpl/ExtendedAE of ExtendedAE [expatternprovider]/"
[20:34:57] [REI-ReloadPlugins/TRACE] [REI] [REIClientPlugin END] Reloading Section: "reloadable-plugin/EntryRegistryImpl/ExtendedAE of ExtendedAE [expatternprovider]/" done in 3.529 μs
[20:34:57] [REI-ReloadPlugins/TRACE] [REI] [REIClientPlugin END] Reloading Section: "reloadable-plugin/EntryRegistryImpl/FramedReiPlugin of FramedReiPlugin [framedblocks]/"
[20:34:57] [REI-ReloadPlugins/TRACE] [REI] [REIClientPlugin END] Reloading Section: "reloadable-plugin/EntryRegistryImpl/FramedReiPlugin of FramedReiPlugin [framedblocks]/" done in 3.570 μs
[20:34:57] [REI-ReloadPlugins/TRACE] [REI] [REIClientPlugin END] Reloading Section: "reloadable-plugin/EntryRegistryImpl/StorageReiClientPlugin of StorageReiClientPlugin [sophisticatedstorage]/"
[20:34:57] [REI-ReloadPlugins/TRACE] [REI] [REIClientPlugin END] Reloading Section: "reloadable-plugin/EntryRegistryImpl/StorageReiClientPlugin of StorageReiClientPlugin [sophisticatedstorage]/" done in 3.431 μs
[20:34:57] [REI-ReloadPlugins/TRACE] [REI] [REIClientPlugin END] Reloading Section: "reloadable-plugin/EntryRegistryImpl/BackpackReiClientPlugin of BackpackReiClientPlugin [sophisticatedbackpacks]/"
[20:34:57] [REI-ReloadPlugins/TRACE] [REI] [REIClientPlugin END] Reloading Section: "reloadable-plugin/EntryRegistryImpl/BackpackReiClientPlugin of BackpackReiClientPlugin [sophisticatedbackpacks]/" done in 3.477 μs
[20:34:57] [REI-ReloadPlugins/TRACE] [REI] [REIClientPlugin END] Reloading Section: "reloadable-plugin/EntryRegistryImpl/ReiIsDumbClientPlugin of ReiIsDumbClientPlugin [ad_astra]/"
[20:34:57] [REI-ReloadPlugins/TRACE] [REI] [REIClientPlugin END] Reloading Section: "reloadable-plugin/EntryRegistryImpl/ReiIsDumbClientPlugin of ReiIsDumbClientPlugin [ad_astra]/" done in 3.454 μs
[20:34:57] [REI-ReloadPlugins/TRACE] [REI] [REIClientPlugin END] Reloading Section: "reloadable-plugin/EntryRegistryImpl/almostunified.roughlyenoughitems of almostunified.roughlyenoughitems [almostunified]/"
[20:34:57] [REI-ReloadPlugins/TRACE] [REI] [REIClientPlugin END] Reloading Section: "reloadable-plugin/EntryRegistryImpl/almostunified.roughlyenoughitems of almostunified.roughlyenoughitems [almostunified]/" done in 4.121 μs
[20:34:57] [REI-ReloadPlugins/TRACE] [REI] [REIClientPlugin END] Reloading Section: "reloadable-plugin/EntryRegistryImpl/AdornReiClientForge of AdornReiClientForge [adorn]/"
[20:34:57] [REI-ReloadPlugins/TRACE] [REI] [REIClientPlugin END] Reloading Section: "reloadable-plugin/EntryRegistryImpl/AdornReiClientForge of AdornReiClientForge [adorn]/" done in 3.851 μs
[20:34:57] [REI-ReloadPlugins/TRACE] [REI] [REIClientPlugin END] Reloading Section: "reloadable-plugin/EntryRegistryImpl/REIPluginImpl of REIPluginImpl [ldlib]/"
[20:34:57] [REI-ReloadPlugins/TRACE] [REI] [REIClientPlugin END] Reloading Section: "reloadable-plugin/EntryRegistryImpl/REIPluginImpl of REIPluginImpl [ldlib]/" done in 4.239 μs
[20:34:57] [REI-ReloadPlugins/TRACE] [REI] [REIClientPlugin END] Reloading Section: "reloadable-plugin/EntryRegistryImpl/ReiClientPlugin of ReiClientPlugin [craftingstation]/"
[20:34:57] [REI-ReloadPlugins/TRACE] [REI] [REIClientPlugin END] Reloading Section: "reloadable-plugin/EntryRegistryImpl/ReiClientPlugin of ReiClientPlugin [craftingstation]/" done in 3.483 μs
[20:34:57] [REI-ReloadPlugins/TRACE] [REI] [REIClientPlugin END] Reloading Section: "reloadable-plugin/EntryRegistryImpl/REIForgePluginStub of REIForgePluginStub [ftblibrary]/"
[20:34:57] [REI-ReloadPlugins/TRACE] [REI] [REIClientPlugin END] Reloading Section: "reloadable-plugin/EntryRegistryImpl/REIForgePluginStub of REIForgePluginStub [ftblibrary]/" done in 4.635 μs
[20:34:57] [REI-ReloadPlugins/TRACE] [REI] [REIClientPlugin END] Reloading Section: "reloadable-plugin/EntryRegistryImpl/AE2 of AE2 [ae2]/"
[20:34:57] [REI-ReloadPlugins/TRACE] [REI] [REIClientPlugin END] Reloading Section: "reloadable-plugin/EntryRegistryImpl/AE2 of AE2 [ae2]/" done in 5.140 μs
[20:34:57] [REI-ReloadPlugins/TRACE] [REI] [REIClientPlugin END] Reloading Section: "reloadable-plugin/EntryRegistryImpl/HideIngredientsFromTagsPlugin of HideIngredientsFromTagsPlugin [roughlyenoughitems]/"
[20:34:57] [REI-ReloadPlugins/TRACE] [REI] [REIClientPlugin END] Reloading Section: "reloadable-plugin/EntryRegistryImpl/HideIngredientsFromTagsPlugin of HideIngredientsFromTagsPlugin [roughlyenoughitems]/" done in 3.528 μs
[20:34:57] [REI-ReloadPlugins/TRACE] [REI] [REIClientPlugin END] Reloading Section: "reloadable-plugin/EntryRegistryImpl/DefaultClientRuntimePlugin of DefaultClientRuntimePlugin [roughlyenoughitems]/"
[20:34:57] [REI-ReloadPlugins/TRACE] [REI] [REIClientPlugin END] Reloading Section: "reloadable-plugin/EntryRegistryImpl/DefaultClientRuntimePlugin of DefaultClientRuntimePlugin [roughlyenoughitems]/" done in 3.483 μs
[20:34:57] [REI-ReloadPlugins/TRACE] [REI] [REIClientPlugin END] Reloading Section: "reloadable-plugin/EntryRegistryImpl/REIForgePluginStub of REIForgePluginStub [kubejs]/"
[20:34:57] [REI-ReloadPlugins/TRACE] [REI] [REIClientPlugin END] Reloading Section: "reloadable-plugin/EntryRegistryImpl/REIForgePluginStub of REIForgePluginStub [kubejs]/" done in 3.407 μs
[20:34:57] [REI-ReloadPlugins/TRACE] [REI] [REIClientPlugin END] Reloading Section: "reloadable-plugin/EntryRegistryImpl/" done in 200.1 μs
[20:34:57] [REI-ReloadPlugins/TRACE] [REI] [REIClientPlugin END] Reloading Section: "reloadable-plugin/CollapsibleEntryRegistryImpl/"
[20:34:57] [REI-ReloadPlugins/TRACE] [REI] [REIClientPlugin END] Reloading Section: "reloadable-plugin/CollapsibleEntryRegistryImpl/DefaultClientPluginImpl of DefaultClientPluginImpl [roughlyenoughitems]/"
[20:34:57] [REI-ReloadPlugins/DEBUG] [REI] Added collapsible entry group [roughlyenoughitems:enchanted_book] Enchanted Book with dynamic predicate
[20:34:57] [REI-ReloadPlugins/DEBUG] [REI] Added collapsible entry group [roughlyenoughitems:potion] Potion with dynamic predicate
[20:34:57] [REI-ReloadPlugins/DEBUG] [REI] Added collapsible entry group [roughlyenoughitems:splash_potion] Splash Potion with dynamic predicate
[20:34:57] [REI-ReloadPlugins/DEBUG] [REI] Added collapsible entry group [roughlyenoughitems:lingering_potion] Lingering Potion with dynamic predicate
[20:34:57] [REI-ReloadPlugins/DEBUG] [REI] Added collapsible entry group [roughlyenoughitems:spawn_egg] Spawn Egg with dynamic predicate
[20:34:57] [REI-ReloadPlugins/DEBUG] [REI] Added collapsible entry group [roughlyenoughitems:tipped_arrow] Tipped Arrow with dynamic predicate
[20:34:57] [REI-ReloadPlugins/DEBUG] [REI] Added collapsible entry group [roughlyenoughitems:music_disc] Music Disc with dynamic predicate
[20:34:57] [REI-ReloadPlugins/TRACE] [REI] [REIClientPlugin END] Reloading Section: "reloadable-plugin/CollapsibleEntryRegistryImpl/DefaultClientPluginImpl of DefaultClientPluginImpl [roughlyenoughitems]/" done in 1.011 ms
[20:34:57] [REI-ReloadPlugins/TRACE] [REI] [REIClientPlugin END] Reloading Section: "reloadable-plugin/CollapsibleEntryRegistryImpl/REICompat of REICompat [supplementaries]/"
[20:34:57] [REI-ReloadPlugins/TRACE] [REI] [REIClientPlugin END] Reloading Section: "reloadable-plugin/CollapsibleEntryRegistryImpl/REICompat of REICompat [supplementaries]/" done in 9.202 μs
[20:34:57] [REI-ReloadPlugins/TRACE] [REI] [REIClientPlugin END] Reloading Section: "reloadable-plugin/CollapsibleEntryRegistryImpl/GTREIPlugin of GTREIPlugin [gtceu]/"
[20:34:57] [REI-ReloadPlugins/DEBUG] [REI] Added collapsible entry group [gtceu:tool/iv_drill] gtceu.tool.class.iv_drill with 120 entries
[20:34:57] [REI-ReloadPlugins/DEBUG] [REI] Added collapsible entry group [gtceu:tool/ev_drill] gtceu.tool.class.ev_drill with 120 entries
[20:34:57] [REI-ReloadPlugins/DEBUG] [REI] Added collapsible entry group [gtceu:tool/hv_drill] gtceu.tool.class.hv_drill with 120 entries
[20:34:57] [REI-ReloadPlugins/DEBUG] [REI] Added collapsible entry group [gtceu:tool/shovel] Shovel with 158 entries
[20:34:57] [REI-ReloadPlugins/DEBUG] [REI] Added collapsible entry group [gtceu:tool/ev_screwdriver] gtceu.tool.class.ev_screwdriver with 97 entries
[20:34:57] [REI-ReloadPlugins/DEBUG] [REI] Added collapsible entry group [gtceu:tool/buzzsaw] gtceu.tool.class.buzzsaw with 49 entries
[20:34:57] [REI-ReloadPlugins/DEBUG] [REI] Added collapsible entry group [gtceu:tool/axe] Axe with 110 entries
[20:34:57] [REI-ReloadPlugins/DEBUG] [REI] Added collapsible entry group [gtceu:tool/luv_drill] gtceu.tool.class.luv_drill with 120 entries
[20:34:57] [REI-ReloadPlugins/DEBUG] [REI] Added collapsible entry group [gtceu:tool/shears] Shears with 0 entries
[20:34:57] [REI-ReloadPlugins/WARN] [REI] Collapsible entry group [gtceu:tool/shears] Shears has no entries, ignoring.
[20:34:57] [REI-ReloadPlugins/DEBUG] [REI] Added collapsible entry group [gtceu:tool/lv_drill] gtceu.tool.class.lv_drill with 120 entries
[20:34:57] [REI-ReloadPlugins/DEBUG] [REI] Added collapsible entry group [gtceu:tool/mv_drill] gtceu.tool.class.mv_drill with 120 entries
[20:34:57] [REI-ReloadPlugins/DEBUG] [REI] Added collapsible entry group [gtceu:tool/luv_wrench] gtceu.tool.class.luv_wrench with 97 entries
[20:34:57] [REI-ReloadPlugins/DEBUG] [REI] Added collapsible entry group [gtceu:tool/mv_wrench] gtceu.tool.class.mv_wrench with 97 entries
[20:34:57] [REI-ReloadPlugins/DEBUG] [REI] Added collapsible entry group [gtceu:tool/luv_screwdriver] gtceu.tool.class.luv_screwdriver with 97 entries
[20:34:57] [REI-ReloadPlugins/DEBUG] [REI] Added collapsible entry group [gtceu:tool/iv_wrench] gtceu.tool.class.iv_wrench with 97 entries
[20:34:57] [REI-ReloadPlugins/DEBUG] [REI] Added collapsible entry group [gtceu:tool/spade] Spade with 24 entries
[20:34:57] [REI-ReloadPlugins/DEBUG] [REI] Added collapsible entry group [gtceu:tool/luv_chainsaw] gtceu.tool.class.luv_chainsaw with 110 entries
[20:34:57] [REI-ReloadPlugins/DEBUG] [REI] Added collapsible entry group [gtceu:tool/wrench] Wrench with 97 entries
[20:34:57] [REI-ReloadPlugins/DEBUG] [REI] Added collapsible entry group [gtceu:tool/zpm_chainsaw] gtceu.tool.class.zpm_chainsaw with 110 entries
[20:34:57] [REI-ReloadPlugins/DEBUG] [REI] Added collapsible entry group [gtceu:tool/hv_buzzsaw] gtceu.tool.class.hv_buzzsaw with 49 entries
[20:34:57] [REI-ReloadPlugins/DEBUG] [REI] Added collapsible entry group [gtceu:tool/lv_screwdriver] gtceu.tool.class.lv_screwdriver with 97 entries
[20:34:57] [REI-ReloadPlugins/DEBUG] [REI] Added collapsible entry group [gtceu:tool/knife] Knife with 26 entries
[20:34:57] [REI-ReloadPlugins/DEBUG] [REI] Added collapsible entry group [gtceu:tool/mv_screwdriver] gtceu.tool.class.mv_screwdriver with 97 entries
[20:34:57] [REI-ReloadPlugins/DEBUG] [REI] Added collapsible entry group [gtceu:tool/iv_screwdriver] gtceu.tool.class.iv_screwdriver with 97 entries
[20:34:57] [REI-ReloadPlugins/DEBUG] [REI] Added collapsible entry group [gtceu:tool/plunger] Plunger with 6 entries
[20:34:57] [REI-ReloadPlugins/DEBUG] [REI] Added collapsible entry group [gtceu:tool/ev_wrench] gtceu.tool.class.ev_wrench with 97 entries
[20:34:57] [REI-ReloadPlugins/DEBUG] [REI] Added collapsible entry group [gtceu:tool/zpm_wrench] gtceu.tool.class.zpm_wrench with 97 entries
[20:34:57] [REI-ReloadPlugins/DEBUG] [REI] Added collapsible entry group [gtceu:tool/mv_buzzsaw] gtceu.tool.class.mv_buzzsaw with 49 entries
[20:34:57] [REI-ReloadPlugins/DEBUG] [REI] Added collapsible entry group [gtceu:tool/hoe] Hoe with 156 entries
[20:34:57] [REI-ReloadPlugins/DEBUG] [REI] Added collapsible entry group [gtceu:tool/scythe] Scythe with 24 entries
[20:34:57] [REI-ReloadPlugins/DEBUG] [REI] Added collapsible entry group [gtceu:tool/ev_chainsaw] gtceu.tool.class.ev_chainsaw with 110 entries
[20:34:57] [REI-ReloadPlugins/DEBUG] [REI] Added collapsible entry group [gtceu:tool/zpm_wirecutter] gtceu.tool.class.zpm_wirecutter with 97 entries
[20:34:57] [REI-ReloadPlugins/DEBUG] [REI] Added collapsible entry group [gtceu:tool/hammer] Hammer with 25 entries
[20:34:57] [REI-ReloadPlugins/DEBUG] [REI] Added collapsible entry group [gtceu:tool/mortar] Mortar with 9 entries
[20:34:57] [REI-ReloadPlugins/DEBUG] [REI] Added collapsible entry group [gtceu:tool/lv_chainsaw] gtceu.tool.class.lv_chainsaw with 110 entries
[20:34:57] [REI-ReloadPlugins/DEBUG] [REI] Added collapsible entry group [gtceu:tool/pickaxe] Pickaxe with 160 entries
[20:34:57] [REI-ReloadPlugins/DEBUG] [REI] Added collapsible entry group [gtceu:tool/mallet] Soft Mallet with 8 entries
[20:34:57] [REI-ReloadPlugins/DEBUG] [REI] Added collapsible entry group [gtceu:tool/hv_screwdriver] gtceu.tool.class.hv_screwdriver with 97 entries
[20:34:57] [REI-ReloadPlugins/DEBUG] [REI] Added collapsible entry group [gtceu:tool/mv_wirecutter] gtceu.tool.class.mv_wirecutter with 97 entries
[20:34:57] [REI-ReloadPlugins/DEBUG] [REI] Added collapsible entry group [gtceu:tool/luv_wirecutter] gtceu.tool.class.luv_wirecutter with 97 entries
[20:34:57] [REI-ReloadPlugins/DEBUG] [REI] Added collapsible entry group [gtceu:tool/zpm_screwdriver] gtceu.tool.class.zpm_screwdriver with 97 entries
[20:34:57] [REI-ReloadPlugins/DEBUG] [REI] Added collapsible entry group [gtceu:tool/iv_buzzsaw] gtceu.tool.class.iv_buzzsaw with 49 entries
[20:34:57] [REI-ReloadPlugins/DEBUG] [REI] Added collapsible entry group [gtceu:tool/file] File with 25 entries
[20:34:57] [REI-ReloadPlugins/DEBUG] [REI] Added collapsible entry group [gtceu:tool/iv_wirecutter] gtceu.tool.class.iv_wirecutter with 97 entries
[20:34:57] [REI-ReloadPlugins/DEBUG] [REI] Added collapsible entry group [gtceu:tool/lv_wirecutter] gtceu.tool.class.lv_wirecutter with 97 entries
[20:34:57] [REI-ReloadPlugins/DEBUG] [REI] Added collapsible entry group [gtceu:tool/hv_wirecutter] gtceu.tool.class.hv_wirecutter with 97 entries
[20:34:57] [REI-ReloadPlugins/DEBUG] [REI] Added collapsible entry group [gtceu:tool/wire_cutter] Wire Cutter with 97 entries
[20:34:57] [REI-ReloadPlugins/DEBUG] [REI] Added collapsible entry group [gtceu:tool/hv_chainsaw] gtceu.tool.class.hv_chainsaw with 110 entries
[20:34:57] [REI-ReloadPlugins/DEBUG] [REI] Added collapsible entry group [gtceu:tool/lv_wrench] gtceu.tool.class.lv_wrench with 97 entries
[20:34:57] [REI-ReloadPlugins/DEBUG] [REI] Added collapsible entry group [gtceu:tool/mv_chainsaw] gtceu.tool.class.mv_chainsaw with 110 entries
[20:34:57] [REI-ReloadPlugins/DEBUG] [REI] Added collapsible entry group [gtceu:tool/luv_buzzsaw] gtceu.tool.class.luv_buzzsaw with 49 entries
[20:34:57] [REI-ReloadPlugins/DEBUG] [REI] Added collapsible entry group [gtceu:tool/zpm_buzzsaw] gtceu.tool.class.zpm_buzzsaw with 49 entries
[20:34:57] [REI-ReloadPlugins/DEBUG] [REI] Added collapsible entry group [gtceu:tool/ev_buzzsaw] gtceu.tool.class.ev_buzzsaw with 49 entries
[20:34:57] [REI-ReloadPlugins/DEBUG] [REI] Added collapsible entry group [gtceu:tool/mining_hammer] Mining Hammer with 24 entries
[20:34:57] [REI-ReloadPlugins/DEBUG] [REI] Added collapsible entry group [gtceu:tool/saw] Saw with 49 entries
[20:34:57] [REI-ReloadPlugins/DEBUG] [REI] Added collapsible entry group [gtceu:tool/screwdriver] Screwdriver with 97 entries
[20:34:57] [REI-ReloadPlugins/DEBUG] [REI] Added collapsible entry group [gtceu:tool/zpm_drill] gtceu.tool.class.zpm_drill with 120 entries
[20:34:57] [REI-ReloadPlugins/DEBUG] [REI] Added collapsible entry group [gtceu:tool/ev_wirecutter] gtceu.tool.class.ev_wirecutter with 97 entries
[20:34:57] [REI-ReloadPlugins/DEBUG] [REI] Added collapsible entry group [gtceu:tool/iv_chainsaw] gtceu.tool.class.iv_chainsaw with 110 entries
[20:34:57] [REI-ReloadPlugins/DEBUG] [REI] Added collapsible entry group [gtceu:tool/sword] Sword with 38 entries
[20:34:57] [REI-ReloadPlugins/DEBUG] [REI] Added collapsible entry group [gtceu:tool/hv_wrench] gtceu.tool.class.hv_wrench with 97 entries
[20:34:57] [REI-ReloadPlugins/DEBUG] [REI] Added collapsible entry group [gtceu:tool/butchery_knife] Butchery Knife with 25 entries
[20:34:57] [REI-ReloadPlugins/DEBUG] [REI] Added collapsible entry group [gtceu:tool/crowbar] Crowbar with 25 entries
[20:34:57] [REI-ReloadPlugins/DEBUG] [REI] Added collapsible entry group [gtceu:ore/yellow_garnet] Yellow Garnet Ore with 15 entries
[20:34:57] [REI-ReloadPlugins/DEBUG] [REI] Added collapsible entry group [gtceu:ore/sapphire] Sapphire Ore with 15 entries
[20:34:57] [REI-ReloadPlugins/DEBUG] [REI] Added collapsible entry group [gtceu:ore/hssg] Hssg Ore with 0 entries
[20:34:57] [REI-ReloadPlugins/WARN] [REI] Collapsible entry group [gtceu:ore/hssg] Hssg Ore has no entries, ignoring.
[20:34:57] [REI-ReloadPlugins/DEBUG] [REI] Added collapsible entry group [gtceu:ore/thorium] Thorium Ore with 15 entries
[20:34:57] [REI-ReloadPlugins/DEBUG] [REI] Added collapsible entry group [gtceu:ore/naquadah] Naquadah Ore with 15 entries
[20:34:57] [REI-ReloadPlugins/DEBUG] [REI] Added collapsible entry group [gtceu:ore/stainless_steel] Stainless Steel Ore with 0 entries
[20:34:57] [REI-ReloadPlugins/WARN] [REI] Collapsible entry group [gtceu:ore/stainless_steel] Stainless Steel Ore has no entries, ignoring.
[20:34:57] [REI-ReloadPlugins/DEBUG] [REI] Added collapsible entry group [gtceu:ore/monazite] Monazite Ore with 15 entries
[20:34:57] [REI-ReloadPlugins/DEBUG] [REI] Added collapsible entry group [gtceu:ore/hsse] Hsse Ore with 0 entries
[20:34:57] [REI-ReloadPlugins/WARN] [REI] Collapsible entry group [gtceu:ore/hsse] Hsse Ore has no entries, ignoring.
[20:34:57] [REI-ReloadPlugins/DEBUG] [REI] Added collapsible entry group [gtceu:ore/black_steel] Black Steel Ore with 0 entries
[20:34:57] [REI-ReloadPlugins/WARN] [REI] Collapsible entry group [gtceu:ore/black_steel] Black Steel Ore has no entries, ignoring.
[20:34:57] [REI-ReloadPlugins/DEBUG] [REI] Added collapsible entry group [gtceu:ore/platinum] Platinum Ore with 15 entries
[20:34:57] [REI-ReloadPlugins/DEBUG] [REI] Added collapsible entry group [gtceu:ore/ultimet] Ultimet Ore with 0 entries
[20:34:57] [REI-ReloadPlugins/WARN] [REI] Collapsible entry group [gtceu:ore/ultimet] Ultimet Ore has no entries, ignoring.
[20:34:57] [REI-ReloadPlugins/DEBUG] [REI] Added collapsible entry group [gtceu:ore/tungsten] Tungsten Ore with 0 entries
[20:34:57] [REI-ReloadPlugins/WARN] [REI] Collapsible entry group [gtceu:ore/tungsten] Tungsten Ore has no entries, ignoring.
[20:34:57] [REI-ReloadPlugins/DEBUG] [REI] Added collapsible entry group [gtceu:ore/grossular] Grossular Ore with 15 entries
[20:34:57] [REI-ReloadPlugins/DEBUG] [REI] Added collapsible entry group [gtceu:ore/naquadah_alloy] Naquadah Alloy Ore with 0 entries
[20:34:57] [REI-ReloadPlugins/WARN] [REI] Collapsible entry group [gtceu:ore/naquadah_alloy] Naquadah Alloy Ore has no entries, ignoring.
[20:34:57] [REI-ReloadPlugins/DEBUG] [REI] Added collapsible entry group [gtceu:ore/realgar] Realgar Ore with 15 entries
[20:34:57] [REI-ReloadPlugins/DEBUG] [REI] Added collapsible entry group [gtceu:ore/spessartine] Spessartine Ore with 15 entries
[20:34:57] [REI-ReloadPlugins/DEBUG] [REI] Added collapsible entry group [gtceu:ore/titanium] Titanium Ore with 0 entries
[20:34:57] [REI-ReloadPlugins/WARN] [REI] Collapsible entry group [gtceu:ore/titanium] Titanium Ore has no entries, ignoring.
[20:34:57] [REI-ReloadPlugins/DEBUG] [REI] Added collapsible entry group [gtceu:ore/aluminium] Aluminium Ore with 15 entries
[20:34:57] [REI-ReloadPlugins/DEBUG] [REI] Added collapsible entry group [gtceu:ore/silver] Silver Ore with 15 entries
[20:34:57] [REI-ReloadPlugins/DEBUG] [REI] Added collapsible entry group [gtceu:ore/malachite] Malachite Ore with 15 entries
[20:34:57] [REI-ReloadPlugins/DEBUG] [REI] Added collapsible entry group [gtceu:ore/almandine] Almandine Ore with 15 entries
[20:34:57] [REI-ReloadPlugins/DEBUG] [REI] Added collapsible entry group [gtceu:ore/steel] Steel Ore with 0 entries
[20:34:57] [REI-ReloadPlugins/WARN] [REI] Collapsible entry group [gtceu:ore/steel] Steel Ore has no entries, ignoring.
[20:34:57] [REI-ReloadPlugins/DEBUG] [REI] Added collapsible entry group [gtceu:ore/lazurite] Lazurite Ore with 15 entries
[20:34:57] [REI-ReloadPlugins/DEBUG] [REI] Added collapsible entry group [gtceu:ore/neutronium] Neutronium Ore with 0 entries
[20:34:57] [REI-ReloadPlugins/WARN] [REI] Collapsible entry group [gtceu:ore/neutronium] Neutronium Ore has no entries, ignoring.
[20:34:57] [REI-ReloadPlugins/DEBUG] [REI] Added collapsible entry group [gtceu:ore/bronze] Bronze Ore with 0 entries
[20:34:57] [REI-ReloadPlugins/WARN] [REI] Collapsible entry group [gtceu:ore/bronze] Bronze Ore has no entries, ignoring.
[20:34:57] [REI-ReloadPlugins/DEBUG] [REI] Added collapsible entry group [gtceu:ore/hastelloy_x] Hastelloy X Ore with 0 entries
[20:34:57] [REI-ReloadPlugins/WARN] [REI] Collapsible entry group [gtceu:ore/hastelloy_x] Hastelloy X Ore has no entries, ignoring.
[20:34:57] [REI-ReloadPlugins/DEBUG] [REI] Added collapsible entry group [gtceu:ore/rock_salt] Rock Salt Ore with 15 entries
[20:34:57] [REI-ReloadPlugins/DEBUG] [REI] Added collapsible entry group [gtceu:ore/red_garnet] Red Garnet Ore with 15 entries
[20:34:57] [REI-ReloadPlugins/DEBUG] [REI] Added collapsible entry group [gtceu:ore/tungsten_carbide] Tungsten Carbide Ore with 0 entries
[20:34:57] [REI-ReloadPlugins/WARN] [REI] Collapsible entry group [gtceu:ore/tungsten_carbide] Tungsten Carbide Ore has no entries, ignoring.
[20:34:57] [REI-ReloadPlugins/DEBUG] [REI] Added collapsible entry group [gtceu:ore/olivine] Olivine Ore with 15 entries
[20:34:57] [REI-ReloadPlugins/DEBUG] [REI] Added collapsible entry group [gtceu:ore/incoloy_ma_956] Incoloy Ma 956 Ore with 0 entries
[20:34:57] [REI-ReloadPlugins/WARN] [REI] Collapsible entry group [gtceu:ore/incoloy_ma_956] Incoloy Ma 956 Ore has no entries, ignoring.
[20:34:57] [REI-ReloadPlugins/DEBUG] [REI] Added collapsible entry group [gtceu:ore/tungsten_steel] Tungsten Steel Ore with 0 entries
[20:34:57] [REI-ReloadPlugins/WARN] [REI] Collapsible entry group [gtceu:ore/tungsten_steel] Tungsten Steel Ore has no entries, ignoring.
[20:34:57] [REI-ReloadPlugins/DEBUG] [REI] Added collapsible entry group [gtceu:ore/beryllium] Beryllium Ore with 15 entries
[20:34:57] [REI-ReloadPlugins/DEBUG] [REI] Added collapsible entry group [gtceu:ore/tritanium] Tritanium Ore with 0 entries
[20:34:57] [REI-ReloadPlugins/WARN] [REI] Collapsible entry group [gtceu:ore/tritanium] Tritanium Ore has no entries, ignoring.
[20:34:57] [REI-ReloadPlugins/DEBUG] [REI] Added collapsible entry group [gtceu:ore/cobalt] Cobalt Ore with 15 entries
[20:34:57] [REI-ReloadPlugins/DEBUG] [REI] Added collapsible entry group [gtceu:ore/pyrope] Pyrope Ore with 15 entries
[20:34:57] [REI-ReloadPlugins/DEBUG] [REI] Added collapsible entry group [gtceu:ore/palladium] Palladium Ore with 15 entries
[20:34:57] [REI-ReloadPlugins/DEBUG] [REI] Added collapsible entry group [gtceu:ore/sodalite] Sodalite Ore with 15 entries
[20:34:57] [REI-ReloadPlugins/DEBUG] [REI] Added collapsible entry group [gtceu:ore/hastelloy_c_276] Hastelloy C 276 Ore with 0 entries
[20:34:57] [REI-ReloadPlugins/WARN] [REI] Collapsible entry group [gtceu:ore/hastelloy_c_276] Hastelloy C 276 Ore has no entries, ignoring.
[20:34:57] [REI-ReloadPlugins/DEBUG] [REI] Added collapsible entry group [gtceu:ore/watertight_steel] Watertight Steel Ore with 0 entries
[20:34:57] [REI-ReloadPlugins/WARN] [REI] Collapsible entry group [gtceu:ore/watertight_steel] Watertight Steel Ore has no entries, ignoring.
[20:34:57] [REI-ReloadPlugins/DEBUG] [REI] Added collapsible entry group [gtceu:ore/blue_topaz] Blue Topaz Ore with 15 entries
[20:34:57] [REI-ReloadPlugins/DEBUG] [REI] Added collapsible entry group [gtceu:ore/topaz] Topaz Ore with 15 entries
[20:34:57] [REI-ReloadPlugins/DEBUG] [REI] Added collapsible entry group [gtceu:ore/polytetrafluoroethylene] Polytetrafluoroethylene Ore with 0 entries
[20:34:57] [REI-ReloadPlugins/WARN] [REI] Collapsible entry group [gtceu:ore/polytetrafluoroethylene] Polytetrafluoroethylene Ore has no entries, ignoring.
[20:34:57] [REI-ReloadPlugins/DEBUG] [REI] Added collapsible entry group [gtceu:ore/certus_quartz] Certus Quartz Ore with 15 entries
[20:34:57] [REI-ReloadPlugins/DEBUG] [REI] Added collapsible entry group [gtceu:ore/cinnabar] Cinnabar Ore with 15 entries
[20:34:57] [REI-ReloadPlugins/DEBUG] [REI] Added collapsible entry group [gtceu:ore/plutonium] Plutonium Ore with 15 entries
[20:34:57] [REI-ReloadPlugins/DEBUG] [REI] Added collapsible entry group [gtceu:ore/nickel] Nickel Ore with 15 entries
[20:34:57] [REI-ReloadPlugins/DEBUG] [REI] Added collapsible entry group [gtceu:ore/salt] Salt Ore with 15 entries
[20:34:57] [REI-ReloadPlugins/DEBUG] [REI] Added collapsible entry group [gtceu:ore/opal] Opal Ore with 15 entries
[20:34:57] [REI-ReloadPlugins/DEBUG] [REI] Added collapsible entry group [gtceu:ore/molybdenum] Molybdenum Ore with 15 entries
[20:34:57] [REI-ReloadPlugins/DEBUG] [REI] Added collapsible entry group [gtceu:ore/hsla_steel] Hsla Steel Ore with 0 entries
[20:34:57] [REI-ReloadPlugins/WARN] [REI] Collapsible entry group [gtceu:ore/hsla_steel] Hsla Steel Ore has no entries, ignoring.
[20:34:57] [REI-ReloadPlugins/DEBUG] [REI] Added collapsible entry group [gtceu:ore/tin] Tin Ore with 15 entries
[20:34:57] [REI-ReloadPlugins/DEBUG] [REI] Added collapsible entry group [gtceu:ore/quartzite] Quartzite Ore with 15 entries
[20:34:57] [REI-ReloadPlugins/DEBUG] [REI] Added collapsible entry group [gtceu:ore/green_sapphire] Green Sapphire Ore with 15 entries
[20:34:57] [REI-ReloadPlugins/DEBUG] [REI] Added collapsible entry group [gtceu:ore/europium] Europium Ore with 0 entries
[20:34:57] [REI-ReloadPlugins/WARN] [REI] Collapsible entry group [gtceu:ore/europium] Europium Ore has no entries, ignoring.
[20:34:57] [REI-ReloadPlugins/DEBUG] [REI] Added collapsible entry group [gtceu:ore/iridium] Iridium Ore with 0 entries
[20:34:57] [REI-ReloadPlugins/WARN] [REI] Collapsible entry group [gtceu:ore/iridium] Iridium Ore has no entries, ignoring.
[20:34:57] [REI-ReloadPlugins/DEBUG] [REI] Added collapsible entry group [gtceu:ore/maraging_steel_300] Maraging Steel 300 Ore with 0 entries
[20:34:57] [REI-ReloadPlugins/WARN] [REI] Collapsible entry group [gtceu:ore/maraging_steel_300] Maraging Steel 300 Ore has no entries, ignoring.
[20:34:57] [REI-ReloadPlugins/DEBUG] [REI] Added collapsible entry group [gtceu:ore/blue_steel] Blue Steel Ore with 0 entries
[20:34:57] [REI-ReloadPlugins/WARN] [REI] Collapsible entry group [gtceu:ore/blue_steel] Blue Steel Ore has no entries, ignoring.
[20:34:57] [REI-ReloadPlugins/DEBUG] [REI] Added collapsible entry group [gtceu:ore/hsss] Hsss Ore with 0 entries
[20:34:57] [REI-ReloadPlugins/WARN] [REI] Collapsible entry group [gtceu:ore/hsss] Hsss Ore has no entries, ignoring.
[20:34:57] [REI-ReloadPlugins/DEBUG] [REI] Added collapsible entry group [gtceu:ore/invar] Invar Ore with 0 entries
[20:34:57] [REI-ReloadPlugins/WARN] [REI] Collapsible entry group [gtceu:ore/invar] Invar Ore has no entries, ignoring.
[20:34:57] [REI-ReloadPlugins/DEBUG] [REI] Added collapsible entry group [gtceu:ore/apatite] Apatite Ore with 15 entries
[20:34:57] [REI-ReloadPlugins/DEBUG] [REI] Added collapsible entry group [gtceu:ore/ruridit] Ruridit Ore with 0 entries
[20:34:57] [REI-ReloadPlugins/WARN] [REI] Collapsible entry group [gtceu:ore/ruridit] Ruridit Ore has no entries, ignoring.
[20:34:57] [REI-ReloadPlugins/DEBUG] [REI] Added collapsible entry group [gtceu:ore/ruby] Ruby Ore with 15 entries
[20:34:57] [REI-ReloadPlugins/DEBUG] [REI] Added collapsible entry group [gtceu:ore/neodymium] Neodymium Ore with 15 entries
[20:34:57] [REI-ReloadPlugins/DEBUG] [REI] Added collapsible entry group [gtceu:ore/lead] Lead Ore with 15 entries
[20:34:57] [REI-ReloadPlugins/DEBUG] [REI] Added collapsible entry group [gtceu:ore/wulfenite] Wulfenite Ore with 15 entries
[20:34:57] [REI-ReloadPlugins/DEBUG] [REI] Added collapsible entry group [gtceu:ore/pentlandite] Pentlandite Ore with 15 entries
[20:34:57] [REI-ReloadPlugins/DEBUG] [REI] Added collapsible entry group [gtceu:ore/cobaltite] Cobaltite Ore with 15 entries
[20:34:57] [REI-ReloadPlugins/DEBUG] [REI] Added collapsible entry group [gtceu:ore/diamond] Diamond Ore with 15 entries
[20:34:57] [REI-ReloadPlugins/DEBUG] [REI] Added collapsible entry group [gtceu:ore/goethite] Goethite Ore with 15 entries
[20:34:57] [REI-ReloadPlugins/DEBUG] [REI] Added collapsible entry group [gtceu:ore/coal] Coal Ore with 15 entries
[20:34:57] [REI-ReloadPlugins/DEBUG] [REI] Added collapsible entry group [gtceu:ore/stibnite] Stibnite Ore with 15 entries
[20:34:57] [REI-ReloadPlugins/DEBUG] [REI] Added collapsible entry group [gtceu:ore/magnesite] Magnesite Ore with 15 entries
[20:34:57] [REI-ReloadPlugins/DEBUG] [REI] Added collapsible entry group [gtceu:ore/tricalcium_phosphate] Tricalcium Phosphate Ore with 15 entries
[20:34:57] [REI-ReloadPlugins/DEBUG] [REI] Added collapsible entry group [gtceu:ore/cassiterite] Cassiterite Ore with 15 entries
[20:34:57] [REI-ReloadPlugins/DEBUG] [REI] Added collapsible entry group [gtceu:ore/vanadium_magnetite] Vanadium Magnetite Ore with 15 entries
[20:34:57] [REI-ReloadPlugins/DEBUG] [REI] Added collapsible entry group [gtceu:ore/tungstate] Tungstate Ore with 15 entries
[20:34:57] [REI-ReloadPlugins/DEBUG] [REI] Added collapsible entry group [gtceu:ore/glauconite_sand] Glauconite Sand Ore with 15 entries
[20:34:57] [REI-ReloadPlugins/DEBUG] [REI] Added collapsible entry group [gtceu:ore/mica] Mica Ore with 15 entries
[20:34:57] [REI-ReloadPlugins/DEBUG] [REI] Added collapsible entry group [gtceu:ore/bastnasite] Bastnasite Ore with 15 entries
[20:34:57] [REI-ReloadPlugins/DEBUG] [REI] Added collapsible entry group [gtceu:ore/oilsands] Oilsands Ore with 15 entries
[20:34:57] [REI-ReloadPlugins/DEBUG] [REI] Added collapsible entry group [gtceu:ore/garnierite] Garnierite Ore with 15 entries
[20:34:57] [REI-ReloadPlugins/DEBUG] [REI] Added collapsible entry group [gtceu:ore/uraninite] Uraninite Ore with 15 entries
[20:34:57] [REI-ReloadPlugins/DEBUG] [REI] Added collapsible entry group [gtceu:ore/diatomite] Diatomite Ore with 15 entries
[20:34:57] [REI-ReloadPlugins/DEBUG] [REI] Added collapsible entry group [gtceu:ore/bauxite] Bauxite Ore with 15 entries
[20:34:57] [REI-ReloadPlugins/DEBUG] [REI] Added collapsible entry group [gtceu:ore/molybdenite] Molybdenite Ore with 15 entries
[20:34:57] [REI-ReloadPlugins/DEBUG] [REI] Added collapsible entry group [gtceu:ore/graphite] Graphite Ore with 15 entries
[20:34:57] [REI-ReloadPlugins/DEBUG] [REI] Added collapsible entry group [gtceu:ore/basaltic_mineral_sand] Basaltic Mineral Sand Ore with 15 entries
[20:34:57] [REI-ReloadPlugins/DEBUG] [REI] Added collapsible entry group [gtceu:ore/zeolite] Zeolite Ore with 15 entries
[20:34:57] [REI-ReloadPlugins/DEBUG] [REI] Added collapsible entry group [gtceu:ore/nether_quartz] Nether Quartz Ore with 15 entries
[20:34:57] [REI-ReloadPlugins/DEBUG] [REI] Added collapsible entry group [gtceu:ore/trona] Trona Ore with 15 entries
[20:34:57] [REI-ReloadPlugins/DEBUG] [REI] Added collapsible entry group [gtceu:ore/kyanite] Kyanite Ore with 15 entries
[20:34:57] [REI-ReloadPlugins/DEBUG] [REI] Added collapsible entry group [gtceu:ore/pollucite] Pollucite Ore with 15 entries
[20:34:57] [REI-ReloadPlugins/DEBUG] [REI] Added collapsible entry group [gtceu:ore/tantalite] Tantalite Ore with 15 entries
[20:34:57] [REI-ReloadPlugins/DEBUG] [REI] Added collapsible entry group [gtceu:ore/saltpeter] Saltpeter Ore with 15 entries
[20:34:57] [REI-ReloadPlugins/DEBUG] [REI] Added collapsible entry group [gtceu:ore/galena] Galena Ore with 15 entries
[20:34:57] [REI-ReloadPlugins/DEBUG] [REI] Added collapsible entry group [gtceu:ore/cassiterite_sand] Cassiterite Sand Ore with 15 entries
[20:34:57] [REI-ReloadPlugins/DEBUG] [REI] Added collapsible entry group [gtceu:ore/pyrochlore] Pyrochlore Ore with 15 entries
[20:34:57] [REI-ReloadPlugins/DEBUG] [REI] Added collapsible entry group [gtceu:ore/electrotine] Electrotine Ore with 15 entries
[20:34:57] [REI-ReloadPlugins/DEBUG] [REI] Added collapsible entry group [gtceu:ore/spodumene] Spodumene Ore with 15 entries
[20:34:57] [REI-ReloadPlugins/DEBUG] [REI] Added collapsible entry group [gtceu:ore/asbestos] Asbestos Ore with 15 entries
[20:34:57] [REI-ReloadPlugins/DEBUG] [REI] Added collapsible entry group [gtceu:ore/lapis] Lapis Ore with 15 entries
[20:34:57] [REI-ReloadPlugins/DEBUG] [REI] Added collapsible entry group [gtceu:ore/redstone] Redstone Ore with 15 entries
[20:34:57] [REI-ReloadPlugins/DEBUG] [REI] Added collapsible entry group [gtceu:ore/chalcocite] Chalcocite Ore with 15 entries
[20:34:57] [REI-ReloadPlugins/DEBUG] [REI] Added collapsible entry group [gtceu:ore/barite] Barite Ore with 15 entries
[20:34:57] [REI-ReloadPlugins/DEBUG] [REI] Added collapsible entry group [gtceu:ore/gypsum] Gypsum Ore with 15 entries
[20:34:57] [REI-ReloadPlugins/DEBUG] [REI] Added collapsible entry group [gtceu:ore/chalcopyrite] Chalcopyrite Ore with 15 entries
[20:34:57] [REI-ReloadPlugins/DEBUG] [REI] Added collapsible entry group [gtceu:ore/sphalerite] Sphalerite Ore with 15 entries
[20:34:57] [REI-ReloadPlugins/DEBUG] [REI] Added collapsible entry group [gtceu:ore/fullers_earth] Fullers Earth Ore with 15 entries
[20:34:57] [REI-ReloadPlugins/DEBUG] [REI] Added collapsible entry group [gtceu:ore/calcite] Calcite Ore with 15 entries
[20:34:57] [REI-ReloadPlugins/DEBUG] [REI] Added collapsible entry group [gtceu:ore/magnetite] Magnetite Ore with 15 entries
[20:34:57] [REI-ReloadPlugins/DEBUG] [REI] Added collapsible entry group [gtceu:ore/bentonite] Bentonite Ore with 15 entries
[20:34:57] [REI-ReloadPlugins/DEBUG] [REI] Added collapsible entry group [gtceu:ore/cooperite] Cooperite Ore with 15 entries
[20:34:57] [REI-ReloadPlugins/DEBUG] [REI] Added collapsible entry group [gtceu:ore/hematite] Hematite Ore with 15 entries
[20:34:57] [REI-ReloadPlugins/DEBUG] [REI] Added collapsible entry group [gtceu:ore/chromite] Chromite Ore with 15 entries
[20:34:57] [REI-ReloadPlugins/DEBUG] [REI] Added collapsible entry group [gtceu:ore/emerald] Emerald Ore with 15 entries
[20:34:57] [REI-ReloadPlugins/DEBUG] [REI] Added collapsible entry group [gtceu:ore/alunite] Alunite Ore with 15 entries
[20:34:57] [REI-ReloadPlugins/DEBUG] [REI] Added collapsible entry group [gtceu:ore/pitchblende] Pitchblende Ore with 15 entries
[20:34:57] [REI-ReloadPlugins/DEBUG] [REI] Added collapsible entry group [gtceu:ore/bornite] Bornite Ore with 15 entries
[20:34:57] [REI-ReloadPlugins/DEBUG] [REI] Added collapsible entry group [gtceu:ore/amethyst] Amethyst Ore with 15 entries
[20:34:57] [REI-ReloadPlugins/DEBUG] [REI] Added collapsible entry group [gtceu:ore/yellow_limonite] Yellow Limonite Ore with 15 entries
[20:34:57] [REI-ReloadPlugins/DEBUG] [REI] Added collapsible entry group [gtceu:ore/talc] Talc Ore with 15 entries
[20:34:57] [REI-ReloadPlugins/DEBUG] [REI] Added collapsible entry group [gtceu:ore/soapstone] Soapstone Ore with 15 entries
[20:34:57] [REI-ReloadPlugins/DEBUG] [REI] Added collapsible entry group [gtceu:ore/ilmenite] Ilmenite Ore with 15 entries
[20:34:57] [REI-ReloadPlugins/DEBUG] [REI] Added collapsible entry group [gtceu:ore/pyrolusite] Pyrolusite Ore with 15 entries
[20:34:57] [REI-ReloadPlugins/DEBUG] [REI] Added collapsible entry group [gtceu:ore/powellite] Powellite Ore with 15 entries
[20:34:57] [REI-ReloadPlugins/DEBUG] [REI] Added collapsible entry group [gtceu:ore/sulfur] Sulfur Ore with 15 entries
[20:34:57] [REI-ReloadPlugins/DEBUG] [REI] Added collapsible entry group [gtceu:ore/granitic_mineral_sand] Granitic Mineral Sand Ore with 15 entries
[20:34:57] [REI-ReloadPlugins/DEBUG] [REI] Added collapsible entry group [gtceu:ore/lithium] Lithium Ore with 15 entries
[20:34:57] [REI-ReloadPlugins/DEBUG] [REI] Added collapsible entry group [gtceu:ore/scheelite] Scheelite Ore with 15 entries
[20:34:57] [REI-ReloadPlugins/DEBUG] [REI] Added collapsible entry group [gtceu:ore/pyrite] Pyrite Ore with 15 entries
[20:34:57] [REI-ReloadPlugins/DEBUG] [REI] Added collapsible entry group [gtceu:ore/tetrahedrite] Tetrahedrite Ore with 15 entries
[20:34:57] [REI-ReloadPlugins/DEBUG] [REI] Added collapsible entry group [gtceu:ore/lepidolite] Lepidolite Ore with 15 entries
[20:34:57] [REI-ReloadPlugins/DEBUG] [REI] Added collapsible entry group [gtceu:ore/garnet_sand] Garnet Sand Ore with 15 entries
[20:34:57] [REI-ReloadPlugins/DEBUG] [REI] Added collapsible entry group [gtceu:ore/gold] Gold Ore with 15 entries
[20:34:57] [REI-ReloadPlugins/DEBUG] [REI] Added collapsible entry group [gtceu:ore/copper] Copper Ore with 15 entries
[20:34:57] [REI-ReloadPlugins/DEBUG] [REI] Added collapsible entry group [gtceu:ore/iron] Iron Ore with 15 entries
[20:34:57] [REI-ReloadPlugins/DEBUG] [REI] Added collapsible entry group [gtceu:potion_fluids] Potion Fluids with 57 entries
[20:34:57] [REI-ReloadPlugins/TRACE] [REI] [REIClientPlugin END] Reloading Section: "reloadable-plugin/CollapsibleEntryRegistryImpl/GTREIPlugin of GTREIPlugin [gtceu]/" done in 18.94 ms
[20:34:57] [REI-ReloadPlugins/TRACE] [REI] [REIClientPlugin END] Reloading Section: "reloadable-plugin/CollapsibleEntryRegistryImpl/FTBQuestsREIIntegrationForge of FTBQuestsREIIntegrationForge [ftbxmodcompat]/"
[20:34:57] [REI-ReloadPlugins/TRACE] [REI] [REIClientPlugin END] Reloading Section: "reloadable-plugin/CollapsibleEntryRegistryImpl/FTBQuestsREIIntegrationForge of FTBQuestsREIIntegrationForge [ftbxmodcompat]/" done in 17.02 μs
[20:34:57] [REI-ReloadPlugins/TRACE] [REI] [REIClientPlugin END] Reloading Section: "reloadable-plugin/CollapsibleEntryRegistryImpl/ExtendedAE of ExtendedAE [expatternprovider]/"
[20:34:57] [REI-ReloadPlugins/TRACE] [REI] [REIClientPlugin END] Reloading Section: "reloadable-plugin/CollapsibleEntryRegistryImpl/ExtendedAE of ExtendedAE [expatternprovider]/" done in 6.903 μs
[20:34:57] [REI-ReloadPlugins/TRACE] [REI] [REIClientPlugin END] Reloading Section: "reloadable-plugin/CollapsibleEntryRegistryImpl/FramedReiPlugin of FramedReiPlugin [framedblocks]/"
[20:34:57] [REI-ReloadPlugins/TRACE] [REI] [REIClientPlugin END] Reloading Section: "reloadable-plugin/CollapsibleEntryRegistryImpl/FramedReiPlugin of FramedReiPlugin [framedblocks]/" done in 6.117 μs
[20:34:57] [REI-ReloadPlugins/TRACE] [REI] [REIClientPlugin END] Reloading Section: "reloadable-plugin/CollapsibleEntryRegistryImpl/StorageReiClientPlugin of StorageReiClientPlugin [sophisticatedstorage]/"
[20:34:57] [REI-ReloadPlugins/DEBUG] [REI] Added collapsible entry group [sophisticatedstorage:rei_group/barrel] Barrel with 29 entries
[20:34:57] [REI-ReloadPlugins/DEBUG] [REI] Added collapsible entry group [sophisticatedstorage:rei_group/copper_barrel] Copper Barrel with 11 entries
[20:34:57] [REI-ReloadPlugins/DEBUG] [REI] Added collapsible entry group [sophisticatedstorage:rei_group/iron_barrel] Iron Barrel with 11 entries
[20:34:57] [REI-ReloadPlugins/DEBUG] [REI] Added collapsible entry group [sophisticatedstorage:rei_group/gold_barrel] Gold Barrel with 11 entries
[20:34:57] [REI-ReloadPlugins/DEBUG] [REI] Added collapsible entry group [sophisticatedstorage:rei_group/diamond_barrel] Diamond Barrel with 11 entries
[20:34:57] [REI-ReloadPlugins/DEBUG] [REI] Added collapsible entry group [sophisticatedstorage:rei_group/netherite_barrel] Netherite Barrel with 11 entries
[20:34:57] [REI-ReloadPlugins/DEBUG] [REI] Added collapsible entry group [sophisticatedstorage:rei_group/limited_barrel_1] Limited Barrel I with 28 entries
[20:34:57] [REI-ReloadPlugins/DEBUG] [REI] Added collapsible entry group [sophisticatedstorage:rei_group/limited_iron_barrel_1] Limited Iron Barrel I with 11 entries
[20:34:57] [REI-ReloadPlugins/DEBUG] [REI] Added collapsible entry group [sophisticatedstorage:rei_group/limited_copper_barrel_1] Limited Copper Barrel I with 11 entries
[20:34:57] [REI-ReloadPlugins/DEBUG] [REI] Added collapsible entry group [sophisticatedstorage:rei_group/limited_gold_barrel_1] Limited Gold Barrel I with 11 entries
[20:34:57] [REI-ReloadPlugins/DEBUG] [REI] Added collapsible entry group [sophisticatedstorage:rei_group/limited_diamond_barrel_1] Limited Diamond Barrel I with 11 entries
[20:34:57] [REI-ReloadPlugins/DEBUG] [REI] Added collapsible entry group [sophisticatedstorage:rei_group/limited_netherite_barrel_1] Limited Netherite Barrel I with 11 entries
[20:34:57] [REI-ReloadPlugins/DEBUG] [REI] Added collapsible entry group [sophisticatedstorage:rei_group/limited_barrel_2] Limited Barrel II with 28 entries
[20:34:57] [REI-ReloadPlugins/DEBUG] [REI] Added collapsible entry group [sophisticatedstorage:rei_group/limited_copper_barrel_2] Limited Copper Barrel II with 11 entries
[20:34:57] [REI-ReloadPlugins/DEBUG] [REI] Added collapsible entry group [sophisticatedstorage:rei_group/limited_iron_barrel_2] Limited Iron Barrel II with 11 entries
[20:34:57] [REI-ReloadPlugins/DEBUG] [REI] Added collapsible entry group [sophisticatedstorage:rei_group/limited_gold_barrel_2] Limited Gold Barrel II with 11 entries
[20:34:57] [REI-ReloadPlugins/DEBUG] [REI] Added collapsible entry group [sophisticatedstorage:rei_group/limited_diamond_barrel_2] Limited Diamond Barrel II with 11 entries
[20:34:57] [REI-ReloadPlugins/DEBUG] [REI] Added collapsible entry group [sophisticatedstorage:rei_group/limited_netherite_barrel_2] Limited Netherite Barrel II with 11 entries
[20:34:57] [REI-ReloadPlugins/DEBUG] [REI] Added collapsible entry group [sophisticatedstorage:rei_group/limited_barrel_3] Limited Barrel III with 28 entries
[20:34:57] [REI-ReloadPlugins/DEBUG] [REI] Added collapsible entry group [sophisticatedstorage:rei_group/limited_copper_barrel_3] Limited Copper Barrel III with 11 entries
[20:34:57] [REI-ReloadPlugins/DEBUG] [REI] Added collapsible entry group [sophisticatedstorage:rei_group/limited_iron_barrel_3] Limited Iron Barrel III with 11 entries
[20:34:57] [REI-ReloadPlugins/DEBUG] [REI] Added collapsible entry group [sophisticatedstorage:rei_group/limited_gold_barrel_3] Limited Gold Barrel III with 11 entries
[20:34:57] [REI-ReloadPlugins/DEBUG] [REI] Added collapsible entry group [sophisticatedstorage:rei_group/limited_diamond_barrel_3] Limited Diamond Barrel III with 11 entries
[20:34:57] [REI-ReloadPlugins/DEBUG] [REI] Added collapsible entry group [sophisticatedstorage:rei_group/limited_netherite_barrel_3] Limited Netherite Barrel III with 11 entries
[20:34:57] [REI-ReloadPlugins/DEBUG] [REI] Added collapsible entry group [sophisticatedstorage:rei_group/limited_barrel_4] Limited Barrel IV with 28 entries
[20:34:57] [REI-ReloadPlugins/DEBUG] [REI] Added collapsible entry group [sophisticatedstorage:rei_group/limited_copper_barrel_4] Limited Copper Barrel IV with 11 entries
[20:34:57] [REI-ReloadPlugins/DEBUG] [REI] Added collapsible entry group [sophisticatedstorage:rei_group/limited_iron_barrel_4] Limited Iron Barrel IV with 11 entries
[20:34:57] [REI-ReloadPlugins/DEBUG] [REI] Added collapsible entry group [sophisticatedstorage:rei_group/limited_gold_barrel_4] Limited Gold Barrel IV with 11 entries
[20:34:57] [REI-ReloadPlugins/DEBUG] [REI] Added collapsible entry group [sophisticatedstorage:rei_group/limited_diamond_barrel_4] Limited Diamond Barrel IV with 11 entries
[20:34:57] [REI-ReloadPlugins/DEBUG] [REI] Added collapsible entry group [sophisticatedstorage:rei_group/limited_netherite_barrel_4] Limited Netherite Barrel IV with 11 entries
[20:34:57] [REI-ReloadPlugins/DEBUG] [REI] Added collapsible entry group [sophisticatedstorage:rei_group/chest] Chest with 28 entries
[20:34:57] [REI-ReloadPlugins/DEBUG] [REI] Added collapsible entry group [sophisticatedstorage:rei_group/copper_chest] Copper Chest with 11 entries
[20:34:57] [REI-ReloadPlugins/DEBUG] [REI] Added collapsible entry group [sophisticatedstorage:rei_group/iron_chest] Iron Chest with 11 entries
[20:34:57] [REI-ReloadPlugins/DEBUG] [REI] Added collapsible entry group [sophisticatedstorage:rei_group/gold_chest] Gold Chest with 11 entries
[20:34:57] [REI-ReloadPlugins/DEBUG] [REI] Added collapsible entry group [sophisticatedstorage:rei_group/diamond_chest] Diamond Chest with 11 entries
[20:34:57] [REI-ReloadPlugins/DEBUG] [REI] Added collapsible entry group [sophisticatedstorage:rei_group/netherite_chest] Netherite Chest with 11 entries
[20:34:57] [REI-ReloadPlugins/DEBUG] [REI] Added collapsible entry group [sophisticatedstorage:rei_group/shulker_box] Shulker Box with 18 entries
[20:34:57] [REI-ReloadPlugins/TRACE] [REI] [REIClientPlugin END] Reloading Section: "reloadable-plugin/CollapsibleEntryRegistryImpl/StorageReiClientPlugin of StorageReiClientPlugin [sophisticatedstorage]/" done in 9.880 ms
[20:34:57] [REI-ReloadPlugins/TRACE] [REI] [REIClientPlugin END] Reloading Section: "reloadable-plugin/CollapsibleEntryRegistryImpl/BackpackReiClientPlugin of BackpackReiClientPlugin [sophisticatedbackpacks]/"
[20:34:57] [REI-ReloadPlugins/DEBUG] [REI] Added collapsible entry group [sophisticatedbackpacks:rei_group/backpack] Wrought Iron Backpack with 18 entries
[20:34:57] [REI-ReloadPlugins/TRACE] [REI] [REIClientPlugin END] Reloading Section: "reloadable-plugin/CollapsibleEntryRegistryImpl/BackpackReiClientPlugin of BackpackReiClientPlugin [sophisticatedbackpacks]/" done in 975.9 μs
[20:34:57] [REI-ReloadPlugins/TRACE] [REI] [REIClientPlugin END] Reloading Section: "reloadable-plugin/CollapsibleEntryRegistryImpl/ReiIsDumbClientPlugin of ReiIsDumbClientPlugin [ad_astra]/"
[20:34:57] [REI-ReloadPlugins/TRACE] [REI] [REIClientPlugin END] Reloading Section: "reloadable-plugin/CollapsibleEntryRegistryImpl/ReiIsDumbClientPlugin of ReiIsDumbClientPlugin [ad_astra]/" done in 11.67 μs
[20:34:57] [REI-ReloadPlugins/TRACE] [REI] [REIClientPlugin END] Reloading Section: "reloadable-plugin/CollapsibleEntryRegistryImpl/almostunified.roughlyenoughitems of almostunified.roughlyenoughitems [almostunified]/"
[20:34:57] [REI-ReloadPlugins/TRACE] [REI] [REIClientPlugin END] Reloading Section: "reloadable-plugin/CollapsibleEntryRegistryImpl/almostunified.roughlyenoughitems of almostunified.roughlyenoughitems [almostunified]/" done in 7.018 μs
[20:34:57] [REI-ReloadPlugins/TRACE] [REI] [REIClientPlugin END] Reloading Section: "reloadable-plugin/CollapsibleEntryRegistryImpl/AdornReiClientForge of AdornReiClientForge [adorn]/"
[20:34:57] [REI-ReloadPlugins/DEBUG] [REI] Added collapsible entry group [adorn:sofas] Sofas with 16 entries
[20:34:57] [REI-ReloadPlugins/DEBUG] [REI] Added collapsible entry group [adorn:chairs] Chairs with 23 entries
[20:34:57] [REI-ReloadPlugins/DEBUG] [REI] Added collapsible entry group [adorn:tables] Tables with 23 entries
[20:34:57] [REI-ReloadPlugins/DEBUG] [REI] Added collapsible entry group [adorn:drawers] Drawers with 23 entries
[20:34:57] [REI-ReloadPlugins/DEBUG] [REI] Added collapsible entry group [adorn:kitchen_counters] Kitchen Counters with 23 entries
[20:34:57] [REI-ReloadPlugins/DEBUG] [REI] Added collapsible entry group [adorn:kitchen_cupboards] Kitchen Cupboards with 23 entries
[20:34:57] [REI-ReloadPlugins/DEBUG] [REI] Added collapsible entry group [adorn:kitchen_sinks] Kitchen Sinks with 23 entries
[20:34:57] [REI-ReloadPlugins/DEBUG] [REI] Added collapsible entry group [adorn:posts] Posts with 71 entries
[20:34:57] [REI-ReloadPlugins/DEBUG] [REI] Added collapsible entry group [adorn:platforms] Platforms with 71 entries
[20:34:57] [REI-ReloadPlugins/DEBUG] [REI] Added collapsible entry group [adorn:steps] Steps with 71 entries
[20:34:57] [REI-ReloadPlugins/DEBUG] [REI] Added collapsible entry group [adorn:shelves] Shelves with 24 entries
[20:34:57] [REI-ReloadPlugins/DEBUG] [REI] Added collapsible entry group [adorn:chimneys] Chimneys with 8 entries
[20:34:57] [REI-ReloadPlugins/DEBUG] [REI] Added collapsible entry group [adorn:coffee_tables] Coffee Tables with 23 entries
[20:34:57] [REI-ReloadPlugins/DEBUG] [REI] Added collapsible entry group [adorn:benches] Benches with 23 entries
[20:34:57] [REI-ReloadPlugins/DEBUG] [REI] Added collapsible entry group [adorn:crates] Crates with 18 entries
[20:34:57] [REI-ReloadPlugins/DEBUG] [REI] Added collapsible entry group [adorn:table_lamps] Table Lamps with 16 entries
[20:34:57] [REI-ReloadPlugins/DEBUG] [REI] Added collapsible entry group [adorn:candlelit_lanterns] Candlelit Lanterns with 17 entries
[20:34:57] [REI-ReloadPlugins/TRACE] [REI] [REIClientPlugin END] Reloading Section: "reloadable-plugin/CollapsibleEntryRegistryImpl/AdornReiClientForge of AdornReiClientForge [adorn]/" done in 765.6 μs
[20:34:57] [REI-ReloadPlugins/TRACE] [REI] [REIClientPlugin END] Reloading Section: "reloadable-plugin/CollapsibleEntryRegistryImpl/REIPluginImpl of REIPluginImpl [ldlib]/"
[20:34:57] [REI-ReloadPlugins/TRACE] [REI] [REIClientPlugin END] Reloading Section: "reloadable-plugin/CollapsibleEntryRegistryImpl/REIPluginImpl of REIPluginImpl [ldlib]/" done in 13.31 μs
[20:34:57] [REI-ReloadPlugins/TRACE] [REI] [REIClientPlugin END] Reloading Section: "reloadable-plugin/CollapsibleEntryRegistryImpl/ReiClientPlugin of ReiClientPlugin [craftingstation]/"
[20:34:57] [REI-ReloadPlugins/TRACE] [REI] [REIClientPlugin END] Reloading Section: "reloadable-plugin/CollapsibleEntryRegistryImpl/ReiClientPlugin of ReiClientPlugin [craftingstation]/" done in 6.134 μs
[20:34:57] [REI-ReloadPlugins/TRACE] [REI] [REIClientPlugin END] Reloading Section: "reloadable-plugin/CollapsibleEntryRegistryImpl/REIForgePluginStub of REIForgePluginStub [ftblibrary]/"
[20:34:57] [REI-ReloadPlugins/TRACE] [REI] [REIClientPlugin END] Reloading Section: "reloadable-plugin/CollapsibleEntryRegistryImpl/REIForgePluginStub of REIForgePluginStub [ftblibrary]/" done in 5.952 μs
[20:34:57] [REI-ReloadPlugins/TRACE] [REI] [REIClientPlugin END] Reloading Section: "reloadable-plugin/CollapsibleEntryRegistryImpl/AE2 of AE2 [ae2]/"
[20:34:57] [REI-ReloadPlugins/TRACE] [REI] [REIClientPlugin END] Reloading Section: "reloadable-plugin/CollapsibleEntryRegistryImpl/AE2 of AE2 [ae2]/" done in 8.830 μs
[20:34:57] [REI-ReloadPlugins/TRACE] [REI] [REIClientPlugin END] Reloading Section: "reloadable-plugin/CollapsibleEntryRegistryImpl/HideIngredientsFromTagsPlugin of HideIngredientsFromTagsPlugin [roughlyenoughitems]/"
[20:34:57] [REI-ReloadPlugins/TRACE] [REI] [REIClientPlugin END] Reloading Section: "reloadable-plugin/CollapsibleEntryRegistryImpl/HideIngredientsFromTagsPlugin of HideIngredientsFromTagsPlugin [roughlyenoughitems]/" done in 6.050 μs
[20:34:57] [REI-ReloadPlugins/TRACE] [REI] [REIClientPlugin END] Reloading Section: "reloadable-plugin/CollapsibleEntryRegistryImpl/DefaultClientRuntimePlugin of DefaultClientRuntimePlugin [roughlyenoughitems]/"
[20:34:57] [REI-ReloadPlugins/TRACE] [REI] [REIClientPlugin END] Reloading Section: "reloadable-plugin/CollapsibleEntryRegistryImpl/DefaultClientRuntimePlugin of DefaultClientRuntimePlugin [roughlyenoughitems]/" done in 6.367 μs
[20:34:57] [REI-ReloadPlugins/TRACE] [REI] [REIClientPlugin END] Reloading Section: "reloadable-plugin/CollapsibleEntryRegistryImpl/REIForgePluginStub of REIForgePluginStub [kubejs]/"
[20:34:57] [REI-ReloadPlugins/TRACE] [REI] [REIClientPlugin END] Reloading Section: "reloadable-plugin/CollapsibleEntryRegistryImpl/REIForgePluginStub of REIForgePluginStub [kubejs]/" done in 10.52 μs
[20:34:57] [REI-ReloadPlugins/TRACE] [REI] [REIClientPlugin END] Reloading Section: "reloadable-plugin/CollapsibleEntryRegistryImpl/" done in 32.10 ms
[20:34:57] [REI-ReloadPlugins/TRACE] [REI] [REIClientPlugin END] Reloading Section: "reloadable-plugin/BasicFilteringRuleImpl/"
[20:34:57] [REI-ReloadPlugins/TRACE] [REI] [REIClientPlugin END] Reloading Section: "reloadable-plugin/BasicFilteringRuleImpl/DefaultClientPluginImpl of DefaultClientPluginImpl [roughlyenoughitems]/"
[20:34:57] [REI-ReloadPlugins/TRACE] [REI] [REIClientPlugin END] Reloading Section: "reloadable-plugin/BasicFilteringRuleImpl/DefaultClientPluginImpl of DefaultClientPluginImpl [roughlyenoughitems]/" done in 7.858 μs
[20:34:57] [REI-ReloadPlugins/TRACE] [REI] [REIClientPlugin END] Reloading Section: "reloadable-plugin/BasicFilteringRuleImpl/REICompat of REICompat [supplementaries]/"
[20:34:57] [REI-ReloadPlugins/TRACE] [REI] [REIClientPlugin END] Reloading Section: "reloadable-plugin/BasicFilteringRuleImpl/REICompat of REICompat [supplementaries]/" done in 5.882 μs
[20:34:57] [REI-ReloadPlugins/TRACE] [REI] [REIClientPlugin END] Reloading Section: "reloadable-plugin/BasicFilteringRuleImpl/GTREIPlugin of GTREIPlugin [gtceu]/"
[20:34:57] [REI-ReloadPlugins/TRACE] [REI] [REIClientPlugin END] Reloading Section: "reloadable-plugin/BasicFilteringRuleImpl/GTREIPlugin of GTREIPlugin [gtceu]/" done in 4.896 μs
[20:34:57] [REI-ReloadPlugins/TRACE] [REI] [REIClientPlugin END] Reloading Section: "reloadable-plugin/BasicFilteringRuleImpl/FTBQuestsREIIntegrationForge of FTBQuestsREIIntegrationForge [ftbxmodcompat]/"
[20:34:57] [REI-ReloadPlugins/TRACE] [REI] [REIClientPlugin END] Reloading Section: "reloadable-plugin/BasicFilteringRuleImpl/FTBQuestsREIIntegrationForge of FTBQuestsREIIntegrationForge [ftbxmodcompat]/" done in 8.627 μs
[20:34:57] [REI-ReloadPlugins/TRACE] [REI] [REIClientPlugin END] Reloading Section: "reloadable-plugin/BasicFilteringRuleImpl/ExtendedAE of ExtendedAE [expatternprovider]/"
[20:34:57] [REI-ReloadPlugins/TRACE] [REI] [REIClientPlugin END] Reloading Section: "reloadable-plugin/BasicFilteringRuleImpl/ExtendedAE of ExtendedAE [expatternprovider]/" done in 5.700 μs
[20:34:57] [REI-ReloadPlugins/TRACE] [REI] [REIClientPlugin END] Reloading Section: "reloadable-plugin/BasicFilteringRuleImpl/FramedReiPlugin of FramedReiPlugin [framedblocks]/"
[20:34:57] [REI-ReloadPlugins/TRACE] [REI] [REIClientPlugin END] Reloading Section: "reloadable-plugin/BasicFilteringRuleImpl/FramedReiPlugin of FramedReiPlugin [framedblocks]/" done in 5.939 μs
[20:34:57] [REI-ReloadPlugins/TRACE] [REI] [REIClientPlugin END] Reloading Section: "reloadable-plugin/BasicFilteringRuleImpl/StorageReiClientPlugin of StorageReiClientPlugin [sophisticatedstorage]/"
[20:34:57] [REI-ReloadPlugins/TRACE] [REI] [REIClientPlugin END] Reloading Section: "reloadable-plugin/BasicFilteringRuleImpl/StorageReiClientPlugin of StorageReiClientPlugin [sophisticatedstorage]/" done in 5.444 μs
[20:34:57] [REI-ReloadPlugins/TRACE] [REI] [REIClientPlugin END] Reloading Section: "reloadable-plugin/BasicFilteringRuleImpl/BackpackReiClientPlugin of BackpackReiClientPlugin [sophisticatedbackpacks]/"
[20:34:57] [REI-ReloadPlugins/TRACE] [REI] [REIClientPlugin END] Reloading Section: "reloadable-plugin/BasicFilteringRuleImpl/BackpackReiClientPlugin of BackpackReiClientPlugin [sophisticatedbackpacks]/" done in 5.782 μs
[20:34:57] [REI-ReloadPlugins/TRACE] [REI] [REIClientPlugin END] Reloading Section: "reloadable-plugin/BasicFilteringRuleImpl/ReiIsDumbClientPlugin of ReiIsDumbClientPlugin [ad_astra]/"
[20:34:57] [REI-ReloadPlugins/TRACE] [REI] [REIClientPlugin END] Reloading Section: "reloadable-plugin/BasicFilteringRuleImpl/ReiIsDumbClientPlugin of ReiIsDumbClientPlugin [ad_astra]/" done in 5.873 μs
[20:34:57] [REI-ReloadPlugins/TRACE] [REI] [REIClientPlugin END] Reloading Section: "reloadable-plugin/BasicFilteringRuleImpl/almostunified.roughlyenoughitems of almostunified.roughlyenoughitems [almostunified]/"
[20:34:57] [REI-ReloadPlugins/TRACE] [REI] [REIClientPlugin END] Reloading Section: "reloadable-plugin/BasicFilteringRuleImpl/almostunified.roughlyenoughitems of almostunified.roughlyenoughitems [almostunified]/" done in 6.026 μs
[20:34:57] [REI-ReloadPlugins/TRACE] [REI] [REIClientPlugin END] Reloading Section: "reloadable-plugin/BasicFilteringRuleImpl/AdornReiClientForge of AdornReiClientForge [adorn]/"
[20:34:57] [REI-ReloadPlugins/TRACE] [REI] [REIClientPlugin END] Reloading Section: "reloadable-plugin/BasicFilteringRuleImpl/AdornReiClientForge of AdornReiClientForge [adorn]/" done in 6.032 μs
[20:34:57] [REI-ReloadPlugins/TRACE] [REI] [REIClientPlugin END] Reloading Section: "reloadable-plugin/BasicFilteringRuleImpl/REIPluginImpl of REIPluginImpl [ldlib]/"
[20:34:57] [REI-ReloadPlugins/TRACE] [REI] [REIClientPlugin END] Reloading Section: "reloadable-plugin/BasicFilteringRuleImpl/REIPluginImpl of REIPluginImpl [ldlib]/" done in 5.938 μs
[20:34:57] [REI-ReloadPlugins/TRACE] [REI] [REIClientPlugin END] Reloading Section: "reloadable-plugin/BasicFilteringRuleImpl/ReiClientPlugin of ReiClientPlugin [craftingstation]/"
[20:34:57] [REI-ReloadPlugins/TRACE] [REI] [REIClientPlugin END] Reloading Section: "reloadable-plugin/BasicFilteringRuleImpl/ReiClientPlugin of ReiClientPlugin [craftingstation]/" done in 5.931 μs
[20:34:57] [REI-ReloadPlugins/TRACE] [REI] [REIClientPlugin END] Reloading Section: "reloadable-plugin/BasicFilteringRuleImpl/REIForgePluginStub of REIForgePluginStub [ftblibrary]/"
[20:34:57] [REI-ReloadPlugins/TRACE] [REI] [REIClientPlugin END] Reloading Section: "reloadable-plugin/BasicFilteringRuleImpl/REIForgePluginStub of REIForgePluginStub [ftblibrary]/" done in 8.974 μs
[20:34:57] [REI-ReloadPlugins/TRACE] [REI] [REIClientPlugin END] Reloading Section: "reloadable-plugin/BasicFilteringRuleImpl/AE2 of AE2 [ae2]/"
[20:34:57] [REI-ReloadPlugins/TRACE] [REI] [REIClientPlugin END] Reloading Section: "reloadable-plugin/BasicFilteringRuleImpl/AE2 of AE2 [ae2]/" done in 5.782 μs
[20:34:57] [REI-ReloadPlugins/TRACE] [REI] [REIClientPlugin END] Reloading Section: "reloadable-plugin/BasicFilteringRuleImpl/HideIngredientsFromTagsPlugin of HideIngredientsFromTagsPlugin [roughlyenoughitems]/"
[20:34:57] [REI-ReloadPlugins/TRACE] [REI] [REIClientPlugin END] Reloading Section: "reloadable-plugin/BasicFilteringRuleImpl/HideIngredientsFromTagsPlugin of HideIngredientsFromTagsPlugin [roughlyenoughitems]/" done in 5.784 μs
[20:34:57] [REI-ReloadPlugins/TRACE] [REI] [REIClientPlugin END] Reloading Section: "reloadable-plugin/BasicFilteringRuleImpl/DefaultClientRuntimePlugin of DefaultClientRuntimePlugin [roughlyenoughitems]/"
[20:34:57] [REI-ReloadPlugins/TRACE] [REI] [REIClientPlugin END] Reloading Section: "reloadable-plugin/BasicFilteringRuleImpl/DefaultClientRuntimePlugin of DefaultClientRuntimePlugin [roughlyenoughitems]/" done in 6.048 μs
[20:34:57] [REI-ReloadPlugins/TRACE] [REI] [REIClientPlugin END] Reloading Section: "reloadable-plugin/BasicFilteringRuleImpl/REIForgePluginStub of REIForgePluginStub [kubejs]/"
[20:34:57] [REI-ReloadPlugins/TRACE] [REI] [REIClientPlugin END] Reloading Section: "reloadable-plugin/BasicFilteringRuleImpl/REIForgePluginStub of REIForgePluginStub [kubejs]/" done in 5.674 μs
[20:34:57] [REI-ReloadPlugins/TRACE] [REI] [REIClientPlugin END] Reloading Section: "reloadable-plugin/BasicFilteringRuleImpl/" done in 333.0 μs
[20:34:57] [REI-ReloadPlugins/TRACE] [REI] [REIClientPlugin END] Reloading Section: "reloadable-plugin/CategoryRegistryImpl/"
[20:34:57] [REI-ReloadPlugins/TRACE] [REI] [REIClientPlugin END] Reloading Section: "reloadable-plugin/CategoryRegistryImpl/DefaultClientPluginImpl of DefaultClientPluginImpl [roughlyenoughitems]/"
[20:34:57] [REI-ReloadPlugins/DEBUG] [REI] Added category [minecraft:plugins/crafting]: Crafting
[20:34:57] [REI-ReloadPlugins/DEBUG] [REI] Added category [minecraft:plugins/smelting]: Smelting
[20:34:57] [REI-ReloadPlugins/DEBUG] [REI] Added category [minecraft:plugins/smoking]: Smoking
[20:34:57] [REI-ReloadPlugins/DEBUG] [REI] Added category [minecraft:plugins/blasting]: Blasting
[20:34:57] [REI-ReloadPlugins/DEBUG] [REI] Added category [minecraft:plugins/campfire]: Campfire
[20:34:57] [REI-ReloadPlugins/DEBUG] [REI] Added category [minecraft:plugins/stone_cutting]: Stone Cutting
[20:34:57] [REI-ReloadPlugins/DEBUG] [REI] Added category [minecraft:plugins/fuel]: Fuel
[20:34:57] [REI-ReloadPlugins/DEBUG] [REI] Added category [minecraft:plugins/brewing]: Brewing
[20:34:57] [REI-ReloadPlugins/DEBUG] [REI] Added category [minecraft:plugins/composting]: Composting
[20:34:57] [REI-ReloadPlugins/DEBUG] [REI] Added category [minecraft:plugins/stripping]: Stripping
[20:34:57] [REI-ReloadPlugins/DEBUG] [REI] Added category [minecraft:plugins/smithing]: Smithing
[20:34:57] [REI-ReloadPlugins/DEBUG] [REI] Added category [minecraft:plugins/anvil]: Anvil
[20:34:57] [REI-ReloadPlugins/DEBUG] [REI] Added category [minecraft:plugins/beacon_base]: Beacon Base
[20:34:57] [REI-ReloadPlugins/DEBUG] [REI] Added category [minecraft:plugins/beacon_payment]: Beacon Payment
[20:34:57] [REI-ReloadPlugins/DEBUG] [REI] Added category [minecraft:plugins/tilling]: Tilling
[20:34:57] [REI-ReloadPlugins/DEBUG] [REI] Added category [minecraft:plugins/pathing]: Pathing
[20:34:57] [REI-ReloadPlugins/DEBUG] [REI] Added category [minecraft:plugins/waxing]: Waxing
[20:34:57] [REI-ReloadPlugins/DEBUG] [REI] Added category [minecraft:plugins/wax_scraping]: Wax Scraping
[20:34:57] [REI-ReloadPlugins/DEBUG] [REI] Added category [minecraft:plugins/oxidizing]: Oxidizing
[20:34:57] [REI-ReloadPlugins/DEBUG] [REI] Added category [minecraft:plugins/oxidation_scraping]: Oxidation Scraping
[20:34:57] [REI-ReloadPlugins/DEBUG] [REI] Added category visibility predicate: me.shedaniel.rei.plugin.client.DefaultClientPlugin$$Lambda$45172/0x0000000804738230@104a1eeb [0.00 priority]
[20:34:57] [REI-ReloadPlugins/TRACE] [REI] [REIClientPlugin END] Reloading Section: "reloadable-plugin/CategoryRegistryImpl/DefaultClientPluginImpl of DefaultClientPluginImpl [roughlyenoughitems]/" done in 50.96 ms
[20:34:57] [REI-ReloadPlugins/TRACE] [REI] [REIClientPlugin END] Reloading Section: "reloadable-plugin/CategoryRegistryImpl/REICompat of REICompat [supplementaries]/"
[20:34:57] [REI-ReloadPlugins/TRACE] [REI] [REIClientPlugin END] Reloading Section: "reloadable-plugin/CategoryRegistryImpl/REICompat of REICompat [supplementaries]/" done in 20.41 μs
[20:34:57] [REI-ReloadPlugins/TRACE] [REI] [REIClientPlugin END] Reloading Section: "reloadable-plugin/CategoryRegistryImpl/GTREIPlugin of GTREIPlugin [gtceu]/"
[20:34:57] [REI-ReloadPlugins/DEBUG] [REI] Added category [gtceu:multiblock_info]: Multiblock Info
[20:34:57] [REI-ReloadPlugins/DEBUG] [REI] Added category [gtceu:ore_processing_diagram]: Ore Processing Diagram
[20:34:57] [REI-ReloadPlugins/DEBUG] [REI] Added category [gtceu:ore_vein_diagram]: Ore Vein Diagram
[20:34:57] [REI-ReloadPlugins/DEBUG] [REI] Added category [gtceu:bedrock_fluid_diagram]: Bedrock Fluid Diagram
[20:34:57] [REI-ReloadPlugins/DEBUG] [REI] Added category [gtceu:steam_turbine]: Steam Turbine
[20:34:57] [REI-ReloadPlugins/DEBUG] [REI] Added category [gtceu:fusion_reactor]: Fusion Reactor
[20:34:57] [REI-ReloadPlugins/DEBUG] [REI] Added category [gtceu:mixer]: Mixer
[20:34:57] [REI-ReloadPlugins/DEBUG] [REI] Added category [gtceu:assembler]: Assembler
[20:34:57] [REI-ReloadPlugins/DEBUG] [REI] Added category [gtceu:macerator_recycling]: Part Grinding
[20:34:57] [REI-ReloadPlugins/DEBUG] [REI] Added category [gtceu:centrifuge]: Centrifuge
[20:34:57] [REI-ReloadPlugins/DEBUG] [REI] Added category [gtceu:research_station]: Research Station
[20:34:57] [REI-ReloadPlugins/DEBUG] [REI] Added category [gtceu:ore_washer]: Ore Washer
[20:34:57] [REI-ReloadPlugins/DEBUG] [REI] Added category [gtceu:cracker]: Cracker
[20:34:57] [REI-ReloadPlugins/DEBUG] [REI] Added category [gtceu:canner]: Canner
[20:34:57] [REI-ReloadPlugins/DEBUG] [REI] Added category [gtceu:gas_turbine]: Gas Turbine
[20:34:57] [REI-ReloadPlugins/DEBUG] [REI] Added category [gtceu:combustion_generator]: Combustion Generator
[20:34:57] [REI-ReloadPlugins/DEBUG] [REI] Added category [gtceu:electrolyzer]: Electrolyzer
[20:34:57] [REI-ReloadPlugins/DEBUG] [REI] Added category [gtceu:extractor_recycling]: Scrap Remelting
[20:34:57] [REI-ReloadPlugins/DEBUG] [REI] Added category [gtceu:primitive_blast_furnace]: Primitive Blast Furnace
[20:34:57] [REI-ReloadPlugins/DEBUG] [REI] Added category [gtceu:rock_breaker]: Rock Breaker
[20:34:57] [REI-ReloadPlugins/DEBUG] [REI] Added category [gtceu:vacuum_freezer]: Vacuum Freezer
[20:34:57] [REI-ReloadPlugins/DEBUG] [REI] Added category [gtceu:large_boiler]: Large Boiler
[20:34:57] [REI-ReloadPlugins/DEBUG] [REI] Added category [gtceu:distillery]: Distillery
[20:34:57] [REI-ReloadPlugins/DEBUG] [REI] Added category [gtceu:lathe]: Lathe
[20:34:57] [REI-ReloadPlugins/DEBUG] [REI] Added category [gtceu:wiremill]: Wiremill
[20:34:57] [REI-ReloadPlugins/DEBUG] [REI] Added category [gtceu:construction_core]: Construction Core
[20:34:57] [REI-ReloadPlugins/DEBUG] [REI] Added category [gtceu:steam_boiler]: Steam Boiler
[20:34:57] [REI-ReloadPlugins/DEBUG] [REI] Added category [gtceu:ore_crushing]: Ore Grinding
[20:34:57] [REI-ReloadPlugins/DEBUG] [REI] Added category [gtceu:chem_dyes]: Chemical Dyeing
[20:34:57] [REI-ReloadPlugins/DEBUG] [REI] Added category [gtceu:macerator]: Macerator
[20:34:57] [REI-ReloadPlugins/DEBUG] [REI] Added category [gtceu:electric_blast_furnace]: Electric Blast Furnace
[20:34:57] [REI-ReloadPlugins/DEBUG] [REI] Added category [gtceu:air_scrubber]: Air Scrubber
[20:34:57] [REI-ReloadPlugins/DEBUG] [REI] Added category [gtceu:chemical_bath]: Chemical Bath
[20:34:57] [REI-ReloadPlugins/DEBUG] [REI] Added category [gtceu:gas_collector]: Gas Collector
[20:34:57] [REI-ReloadPlugins/DEBUG] [REI] Added category [gtceu:arc_furnace_recycling]: Arc Scrapping
[20:34:57] [REI-ReloadPlugins/DEBUG] [REI] Added category [gtceu:forming_press]: Forming Press
[20:34:57] [REI-ReloadPlugins/DEBUG] [REI] Added category [gtceu:sifter]: Sifter
[20:34:57] [REI-ReloadPlugins/DEBUG] [REI] Added category [gtceu:laser_engraver]: Laser Engraver
[20:34:57] [REI-ReloadPlugins/DEBUG] [REI] Added category [gtceu:scanner]: Scanner
[20:34:57] [REI-ReloadPlugins/DEBUG] [REI] Added category [gtceu:large_chemical_reactor]: Large Chemical Reactor
[20:34:57] [REI-ReloadPlugins/DEBUG] [REI] Added category [gtceu:fluid_solidifier]: Fluid Solidifier
[20:34:57] [REI-ReloadPlugins/DEBUG] [REI] Added category [gtceu:electromagnetic_separator]: Electromagnetic Separator
[20:34:57] [REI-ReloadPlugins/DEBUG] [REI] Added category [gtceu:chemical_reactor]: Chemical Reactor
[20:34:57] [REI-ReloadPlugins/DEBUG] [REI] Added category [gtceu:alloy_smelter]: Alloy Smelter
[20:34:57] [REI-ReloadPlugins/DEBUG] [REI] Added category [gtceu:polarizer]: Polarizer
[20:34:57] [REI-ReloadPlugins/DEBUG] [REI] Added category [gtceu:ore_bathing]: Ore Treating
[20:34:57] [REI-ReloadPlugins/DEBUG] [REI] Added category [gtceu:plasma_generator]: Plasma Generator
[20:34:57] [REI-ReloadPlugins/DEBUG] [REI] Added category [gtceu:forge_hammer]: Forge Hammer
[20:34:57] [REI-ReloadPlugins/DEBUG] [REI] Added category [gtceu:coke_oven]: Coke Oven
[20:34:57] [REI-ReloadPlugins/DEBUG] [REI] Added category [gtceu:implosion_compressor]: Implosion Compressor
[20:34:57] [REI-ReloadPlugins/DEBUG] [REI] Added category [gtceu:wire_coating]: Wire Coating
[20:34:57] [REI-ReloadPlugins/DEBUG] [REI] Added category [gtceu:extractor]: Extractor
[20:34:57] [REI-ReloadPlugins/DEBUG] [REI] Added category [gtceu:greenhouse]: Greenhouse
[20:34:57] [REI-ReloadPlugins/DEBUG] [REI] Added category [gtceu:ore_forging]: Ore Crushing
[20:34:57] [REI-ReloadPlugins/DEBUG] [REI] Added category [gtceu:fermenter]: Fermenter
[20:34:57] [REI-ReloadPlugins/DEBUG] [REI] Added category [gtceu:extruder]: Extruder
[20:34:57] [REI-ReloadPlugins/DEBUG] [REI] Added category [gtceu:brewery]: Brewery
[20:34:57] [REI-ReloadPlugins/DEBUG] [REI] Added category [gtceu:alloy_blast_smelter]: Alloy Blast Smelter
[20:34:57] [REI-ReloadPlugins/DEBUG] [REI] Added category [gtceu:ingot_molding]: Metal Molding
[20:34:57] [REI-ReloadPlugins/DEBUG] [REI] Added category [gtceu:compressor]: Compressor
[20:34:57] [REI-ReloadPlugins/DEBUG] [REI] Added category [gtceu:bender]: Bender
[20:34:57] [REI-ReloadPlugins/DEBUG] [REI] Added category [gtceu:cutter]: Cutter
[20:34:57] [REI-ReloadPlugins/DEBUG] [REI] Added category [gtceu:pyrolyse_oven]: Pyrolyse Oven
[20:34:57] [REI-ReloadPlugins/DEBUG] [REI] Added category [gtceu:distillation_tower]: Distillation Tower
[20:34:57] [REI-ReloadPlugins/DEBUG] [REI] Added category [gtceu:arc_furnace]: Arc Furnace
[20:34:57] [REI-ReloadPlugins/DEBUG] [REI] Added category [gtceu:fluid_heater]: Fluid Heater
[20:34:57] [REI-ReloadPlugins/DEBUG] [REI] Added category [gtceu:packer]: Packer
[20:34:57] [REI-ReloadPlugins/DEBUG] [REI] Added category [gtceu:circuit_assembler]: Circuit Assembler
[20:34:57] [REI-ReloadPlugins/DEBUG] [REI] Added category [gtceu:assembly_line]: Assembly Line
[20:34:57] [REI-ReloadPlugins/DEBUG] [REI] Added category [gtceu:autoclave]: Autoclave
[20:34:57] [REI-ReloadPlugins/DEBUG] [REI] Added category [gtceu:thermal_centrifuge]: Thermal Centrifuge
[20:34:57] [REI-ReloadPlugins/DEBUG] [REI] Added category [gtceu:programmed_circuit]: Programmed Circuit Page
[20:34:57] [REI-ReloadPlugins/TRACE] [REI] [REIClientPlugin END] Reloading Section: "reloadable-plugin/CategoryRegistryImpl/GTREIPlugin of GTREIPlugin [gtceu]/" done in 86.60 ms
[20:34:57] [REI-ReloadPlugins/TRACE] [REI] [REIClientPlugin END] Reloading Section: "reloadable-plugin/CategoryRegistryImpl/FTBQuestsREIIntegrationForge of FTBQuestsREIIntegrationForge [ftbxmodcompat]/"
[20:34:57] [REI-ReloadPlugins/DEBUG] [REI] Added category [ftbquests:quest]: Quests
[20:34:57] [REI-ReloadPlugins/DEBUG] [REI] Added category [ftbquests:loot_crate]: Loot Crates
[20:34:57] [REI-ReloadPlugins/TRACE] [REI] [REIClientPlugin END] Reloading Section: "reloadable-plugin/CategoryRegistryImpl/FTBQuestsREIIntegrationForge of FTBQuestsREIIntegrationForge [ftbxmodcompat]/" done in 1.818 ms
[20:34:57] [REI-ReloadPlugins/TRACE] [REI] [REIClientPlugin END] Reloading Section: "reloadable-plugin/CategoryRegistryImpl/ExtendedAE of ExtendedAE [expatternprovider]/"
[20:34:57] [REI-ReloadPlugins/TRACE] [REI] [REIClientPlugin END] Reloading Section: "reloadable-plugin/CategoryRegistryImpl/ExtendedAE of ExtendedAE [expatternprovider]/" done in 418.4 μs
[20:34:57] [REI-ReloadPlugins/TRACE] [REI] [REIClientPlugin END] Reloading Section: "reloadable-plugin/CategoryRegistryImpl/FramedReiPlugin of FramedReiPlugin [framedblocks]/"
[20:34:57] [REI-ReloadPlugins/DEBUG] [REI] Added category [framedblocks:framing_saw]: Framing Saw
[20:34:57] [REI-ReloadPlugins/TRACE] [REI] [REIClientPlugin END] Reloading Section: "reloadable-plugin/CategoryRegistryImpl/FramedReiPlugin of FramedReiPlugin [framedblocks]/" done in 98.13 μs
[20:34:57] [REI-ReloadPlugins/TRACE] [REI] [REIClientPlugin END] Reloading Section: "reloadable-plugin/CategoryRegistryImpl/StorageReiClientPlugin of StorageReiClientPlugin [sophisticatedstorage]/"
[20:34:57] [REI-ReloadPlugins/TRACE] [REI] [REIClientPlugin END] Reloading Section: "reloadable-plugin/CategoryRegistryImpl/StorageReiClientPlugin of StorageReiClientPlugin [sophisticatedstorage]/" done in 79.20 μs
[20:34:57] [REI-ReloadPlugins/TRACE] [REI] [REIClientPlugin END] Reloading Section: "reloadable-plugin/CategoryRegistryImpl/BackpackReiClientPlugin of BackpackReiClientPlugin [sophisticatedbackpacks]/"
[20:34:57] [REI-ReloadPlugins/TRACE] [REI] [REIClientPlugin END] Reloading Section: "reloadable-plugin/CategoryRegistryImpl/BackpackReiClientPlugin of BackpackReiClientPlugin [sophisticatedbackpacks]/" done in 60.52 μs
[20:34:57] [REI-ReloadPlugins/TRACE] [REI] [REIClientPlugin END] Reloading Section: "reloadable-plugin/CategoryRegistryImpl/ReiIsDumbClientPlugin of ReiIsDumbClientPlugin [ad_astra]/"
[20:34:57] [REI-ReloadPlugins/DEBUG] [REI] Added category [ad_astra:compressing]: Compressor
[20:34:57] [REI-ReloadPlugins/DEBUG] [REI] Added category [ad_astra:alloying]: Etrionic Blast Furnace
[20:34:57] [REI-ReloadPlugins/DEBUG] [REI] Added category [ad_astra:oxygen_loading]: Oxygen Loader
[20:34:57] [REI-ReloadPlugins/DEBUG] [REI] Added category [ad_astra:fuel_refining]: Fuel Refinery
[20:34:57] [REI-ReloadPlugins/DEBUG] [REI] Added category [ad_astra:cryo_freezing]: Cryo Freezer
[20:34:57] [REI-ReloadPlugins/DEBUG] [REI] Added category [ad_astra:nasa_workbench]: Nasa Workbench
[20:34:57] [REI-ReloadPlugins/TRACE] [REI] [REIClientPlugin END] Reloading Section: "reloadable-plugin/CategoryRegistryImpl/ReiIsDumbClientPlugin of ReiIsDumbClientPlugin [ad_astra]/" done in 190.4 μs
[20:34:57] [REI-ReloadPlugins/TRACE] [REI] [REIClientPlugin END] Reloading Section: "reloadable-plugin/CategoryRegistryImpl/almostunified.roughlyenoughitems of almostunified.roughlyenoughitems [almostunified]/"
[20:34:57] [REI-ReloadPlugins/TRACE] [REI] [REIClientPlugin END] Reloading Section: "reloadable-plugin/CategoryRegistryImpl/almostunified.roughlyenoughitems of almostunified.roughlyenoughitems [almostunified]/" done in 7.705 μs
[20:34:57] [REI-ReloadPlugins/TRACE] [REI] [REIClientPlugin END] Reloading Section: "reloadable-plugin/CategoryRegistryImpl/AdornReiClientForge of AdornReiClientForge [adorn]/"
[20:34:57] [REI-ReloadPlugins/DEBUG] [REI] Added category [adorn:brewer]: Brewer
[20:34:57] [REI-ReloadPlugins/TRACE] [REI] [REIClientPlugin END] Reloading Section: "reloadable-plugin/CategoryRegistryImpl/AdornReiClientForge of AdornReiClientForge [adorn]/" done in 864.1 μs
[20:34:57] [REI-ReloadPlugins/TRACE] [REI] [REIClientPlugin END] Reloading Section: "reloadable-plugin/CategoryRegistryImpl/REIPluginImpl of REIPluginImpl [ldlib]/"
[20:34:57] [REI-ReloadPlugins/TRACE] [REI] [REIClientPlugin END] Reloading Section: "reloadable-plugin/CategoryRegistryImpl/REIPluginImpl of REIPluginImpl [ldlib]/" done in 26.55 μs
[20:34:57] [REI-ReloadPlugins/TRACE] [REI] [REIClientPlugin END] Reloading Section: "reloadable-plugin/CategoryRegistryImpl/ReiClientPlugin of ReiClientPlugin [craftingstation]/"
[20:34:57] [REI-ReloadPlugins/TRACE] [REI] [REIClientPlugin END] Reloading Section: "reloadable-plugin/CategoryRegistryImpl/ReiClientPlugin of ReiClientPlugin [craftingstation]/" done in 20.21 μs
[20:34:57] [REI-ReloadPlugins/TRACE] [REI] [REIClientPlugin END] Reloading Section: "reloadable-plugin/CategoryRegistryImpl/REIForgePluginStub of REIForgePluginStub [ftblibrary]/"
[20:34:57] [REI-ReloadPlugins/TRACE] [REI] [REIClientPlugin END] Reloading Section: "reloadable-plugin/CategoryRegistryImpl/REIForgePluginStub of REIForgePluginStub [ftblibrary]/" done in 6.418 μs
[20:34:57] [REI-ReloadPlugins/TRACE] [REI] [REIClientPlugin END] Reloading Section: "reloadable-plugin/CategoryRegistryImpl/AE2 of AE2 [ae2]/"
[20:34:57] [REI-ReloadPlugins/DEBUG] [REI] Added category [ae2:item_transformation]: In-World Transformation
[20:34:57] [REI-ReloadPlugins/DEBUG] [REI] Added category [ae2:condenser]: Matter Condenser
[20:34:57] [REI-ReloadPlugins/DEBUG] [REI] Added category [ae2:ae2.inscriber]: Inscriber
[20:34:57] [REI-ReloadPlugins/DEBUG] [REI] Added category [ae2:attunement]: P2P Tunnel Attunement
[20:34:57] [REI-ReloadPlugins/DEBUG] [REI] Added category [ae2:charger]: Charger
[20:34:57] [REI-ReloadPlugins/TRACE] [REI] [REIClientPlugin END] Reloading Section: "reloadable-plugin/CategoryRegistryImpl/AE2 of AE2 [ae2]/" done in 2.855 ms
[20:34:57] [REI-ReloadPlugins/TRACE] [REI] [REIClientPlugin END] Reloading Section: "reloadable-plugin/CategoryRegistryImpl/HideIngredientsFromTagsPlugin of HideIngredientsFromTagsPlugin [roughlyenoughitems]/"
[20:34:57] [REI-ReloadPlugins/TRACE] [REI] [REIClientPlugin END] Reloading Section: "reloadable-plugin/CategoryRegistryImpl/HideIngredientsFromTagsPlugin of HideIngredientsFromTagsPlugin [roughlyenoughitems]/" done in 15.24 μs
[20:34:57] [REI-ReloadPlugins/TRACE] [REI] [REIClientPlugin END] Reloading Section: "reloadable-plugin/CategoryRegistryImpl/DefaultClientRuntimePlugin of DefaultClientRuntimePlugin [roughlyenoughitems]/"
[20:34:57] [REI-ReloadPlugins/TRACE] [REI] [REIClientPlugin END] Reloading Section: "reloadable-plugin/CategoryRegistryImpl/DefaultClientRuntimePlugin of DefaultClientRuntimePlugin [roughlyenoughitems]/" done in 7.322 μs
[20:34:57] [REI-ReloadPlugins/TRACE] [REI] [REIClientPlugin END] Reloading Section: "reloadable-plugin/CategoryRegistryImpl/REIForgePluginStub of REIForgePluginStub [kubejs]/"
[20:34:57] [REI-ReloadPlugins/DEBUG] [REI] Added category visibility predicate: dev.latvian.mods.kubejs.integration.rei.KubeJSREIPlugin$$Lambda$45210/0x000000080474c858@1dcfafa5 [0.00 priority]
[20:34:57] [REI-ReloadPlugins/TRACE] [REI] [REIClientPlugin END] Reloading Section: "reloadable-plugin/CategoryRegistryImpl/REIForgePluginStub of REIForgePluginStub [kubejs]/" done in 233.9 μs
[20:34:57] [REI-ReloadPlugins/TRACE] [REI] [REIClientPlugin END] Reloading Section: "reloadable-plugin/CategoryRegistryImpl/" done in 144.9 ms
[20:34:57] [REI-ReloadPlugins/TRACE] [REI] [REIClientPlugin END] Reloading Section: "reloadable-plugin/DisplayRegistryImpl/"
[20:34:57] [REI-ReloadPlugins/TRACE] [REI] [REIClientPlugin END] Reloading Section: "reloadable-plugin/DisplayRegistryImpl/DefaultClientPluginImpl of DefaultClientPluginImpl [roughlyenoughitems]/"
[20:34:57] [REI-ReloadPlugins/DEBUG] [REI] Added category [roughlyenoughitems:plugins/information]: Information
[20:34:57] [REI-ReloadPlugins/DEBUG] [REI] Added category [minecraft:plugins/tag]: Tag
[20:34:57] [REI-ReloadPlugins/DEBUG] [REI] Added display filter: me.shedaniel.rei.impl.client.registry.display.DisplayRegistryImpl$$Lambda$45215/0x000000080474e568@1c6e8070
[20:34:57] [REI-ReloadPlugins/DEBUG] [REI] Added display filter: me.shedaniel.rei.impl.client.registry.display.DisplayRegistryImpl$$Lambda$45215/0x000000080474e568@60a36452
[20:34:57] [REI-ReloadPlugins/DEBUG] [REI] Added display filter: me.shedaniel.rei.impl.client.registry.display.DisplayRegistryImpl$$Lambda$45215/0x000000080474e568@7de1ace0
[20:34:57] [REI-ReloadPlugins/DEBUG] [REI] Added display filter: me.shedaniel.rei.impl.client.registry.display.DisplayRegistryImpl$$Lambda$45215/0x000000080474e568@594f23ef
[20:34:57] [REI-ReloadPlugins/DEBUG] [REI] Added display filter: me.shedaniel.rei.impl.client.registry.display.DisplayRegistryImpl$$Lambda$45215/0x000000080474e568@1af7d1c5
[20:34:57] [REI-ReloadPlugins/DEBUG] [REI] Added display filter: me.shedaniel.rei.impl.client.registry.display.DisplayRegistryImpl$$Lambda$45215/0x000000080474e568@32aac441
[20:34:57] [REI-ReloadPlugins/DEBUG] [REI] Added display filter: me.shedaniel.rei.impl.client.registry.display.DisplayRegistryImpl$$Lambda$45215/0x000000080474e568@7325c1a0
[20:34:57] [REI-ReloadPlugins/DEBUG] [REI] Added display filter: me.shedaniel.rei.impl.client.registry.display.DisplayRegistryImpl$$Lambda$45228/0x000000080474a708@3c46b867
[20:34:57] [REI-ReloadPlugins/DEBUG] [REI] Added display filter: me.shedaniel.rei.impl.client.registry.display.DisplayRegistryImpl$$Lambda$45215/0x000000080474e568@600126b3
[20:34:57] [REI-ReloadPlugins/DEBUG] [REI] Added display filter: me.shedaniel.rei.impl.client.registry.display.DisplayRegistryImpl$$Lambda$45215/0x000000080474e568@3f551451
[20:34:57] [REI-ReloadPlugins/DEBUG] [REI] Added display filter: me.shedaniel.rei.impl.client.registry.display.DisplayRegistryImpl$$Lambda$45215/0x000000080474e568@2034a669
[20:34:57] [REI-ReloadPlugins/DEBUG] [REI] Added display filter: me.shedaniel.rei.impl.client.registry.display.DisplayRegistryImpl$$Lambda$45228/0x000000080474a708@7a09af50
[20:34:57] [REI-ReloadPlugins/DEBUG] [REI] Added display filter: me.shedaniel.rei.impl.client.registry.display.DisplayRegistryImpl$$Lambda$45228/0x000000080474a708@5a83df9a
[20:34:57] [REI-ReloadPlugins/DEBUG] [REI] Added display filter: me.shedaniel.rei.impl.client.registry.display.DisplayRegistryImpl$$Lambda$45228/0x000000080474a708@3ba02dba
[20:34:57] [REI-ReloadPlugins/DEBUG] [REI] Added display filter: me.shedaniel.rei.impl.client.registry.display.DisplayRegistryImpl$$Lambda$45228/0x000000080474a708@7508416d
[20:34:57] [REI-ReloadPlugins/DEBUG] [REI] Added display filter: me.shedaniel.rei.impl.client.registry.display.DisplayRegistryImpl$$Lambda$45228/0x000000080474a708@424c13b3
[20:34:57] [REI-ReloadPlugins/DEBUG] [REI] Added display filter: me.shedaniel.rei.impl.client.registry.display.DisplayRegistryImpl$$Lambda$45228/0x000000080474a708@6f76b6f
[20:34:57] [REI-ReloadPlugins/DEBUG] [REI] Added display filter: me.shedaniel.rei.impl.client.registry.display.DisplayRegistryImpl$$Lambda$45228/0x000000080474a708@3c004bf6
[20:34:57] [REI-ReloadPlugins/DEBUG] [REI] Added display filter: me.shedaniel.rei.impl.client.registry.display.DisplayRegistryImpl$$Lambda$45228/0x000000080474a708@b347632
[20:34:57] [REI-ReloadPlugins/DEBUG] [REI] Added display filter: me.shedaniel.rei.impl.client.registry.display.DisplayRegistryImpl$$Lambda$45228/0x000000080474a708@29c73d6c
[20:34:57] [REI-ReloadPlugins/DEBUG] [REI] Added display filter: me.shedaniel.rei.impl.client.registry.display.DisplayRegistryImpl$$Lambda$45228/0x000000080474a708@14569728
[20:35:00] [REI-ReloadPlugins/TRACE] [REI] [REIClientPlugin END] Reloading Section: "reloadable-plugin/DisplayRegistryImpl/DefaultClientPluginImpl of DefaultClientPluginImpl [roughlyenoughitems]/" done in 2.661 s
[20:35:00] [REI-ReloadPlugins/TRACE] [REI] [REIClientPlugin END] Reloading Section: "reloadable-plugin/DisplayRegistryImpl/REICompat of REICompat [supplementaries]/"
[20:35:00] [REI-ReloadPlugins/TRACE] [REI] [REIClientPlugin END] Reloading Section: "reloadable-plugin/DisplayRegistryImpl/REICompat of REICompat [supplementaries]/" done in 7.617 ms
[20:35:00] [REI-ReloadPlugins/TRACE] [REI] [REIClientPlugin END] Reloading Section: "reloadable-plugin/DisplayRegistryImpl/GTREIPlugin of GTREIPlugin [gtceu]/"
[20:35:06] [REI-ReloadPlugins/TRACE] [REI] [REIClientPlugin END] Reloading Section: "reloadable-plugin/DisplayRegistryImpl/GTREIPlugin of GTREIPlugin [gtceu]/" done in 5.841 s
[20:35:06] [REI-ReloadPlugins/TRACE] [REI] [REIClientPlugin END] Reloading Section: "reloadable-plugin/DisplayRegistryImpl/FTBQuestsREIIntegrationForge of FTBQuestsREIIntegrationForge [ftbxmodcompat]/"
[20:35:06] [REI-ReloadPlugins/DEBUG] [REI] Added display filter: me.shedaniel.rei.impl.client.registry.display.DisplayRegistryImpl$$Lambda$45215/0x000000080474e568@183df50b
[20:35:06] [REI-ReloadPlugins/DEBUG] [REI] Added display filter: me.shedaniel.rei.impl.client.registry.display.DisplayRegistryImpl$$Lambda$45215/0x000000080474e568@4a82b570
[20:35:06] [REI-ReloadPlugins/DEBUG] [REI] Added display generator for category [ftbquests:quest]: INSTANCE
[20:35:06] [REI-ReloadPlugins/DEBUG] [REI] Added display generator for category [ftbquests:loot_crate]: INSTANCE
[20:35:06] [REI-ReloadPlugins/TRACE] [REI] [REIClientPlugin END] Reloading Section: "reloadable-plugin/DisplayRegistryImpl/FTBQuestsREIIntegrationForge of FTBQuestsREIIntegrationForge [ftbxmodcompat]/" done in 1.377 ms
[20:35:06] [REI-ReloadPlugins/TRACE] [REI] [REIClientPlugin END] Reloading Section: "reloadable-plugin/DisplayRegistryImpl/ExtendedAE of ExtendedAE [expatternprovider]/"
[20:35:06] [REI-ReloadPlugins/TRACE] [REI] [REIClientPlugin END] Reloading Section: "reloadable-plugin/DisplayRegistryImpl/ExtendedAE of ExtendedAE [expatternprovider]/" done in 9.995 μs
[20:35:06] [REI-ReloadPlugins/TRACE] [REI] [REIClientPlugin END] Reloading Section: "reloadable-plugin/DisplayRegistryImpl/FramedReiPlugin of FramedReiPlugin [framedblocks]/"
[20:35:06] [REI-ReloadPlugins/DEBUG] [REI] Added display generator for category [framedblocks:framing_saw]: xfacthd.framedblocks.common.compat.rei.FramingSawDisplayGenerator@7797166b
[20:35:06] [REI-ReloadPlugins/TRACE] [REI] [REIClientPlugin END] Reloading Section: "reloadable-plugin/DisplayRegistryImpl/FramedReiPlugin of FramedReiPlugin [framedblocks]/" done in 484.4 μs
[20:35:06] [REI-ReloadPlugins/TRACE] [REI] [REIClientPlugin END] Reloading Section: "reloadable-plugin/DisplayRegistryImpl/StorageReiClientPlugin of StorageReiClientPlugin [sophisticatedstorage]/"
[20:35:06] [REI-ReloadPlugins/DEBUG] [REI] Added global display generator: net.p3pp3rf1y.sophisticatedcore.compat.recipeviewers.rei.GroupedCraftingReiDisplayGenerator@24082a6b
[20:35:06] [REI-ReloadPlugins/DEBUG] [REI] Added global display generator: net.p3pp3rf1y.sophisticatedcore.compat.recipeviewers.rei.CraftingSpecReiDisplayGenerator@1588c8c
[20:35:06] [REI-ReloadPlugins/DEBUG] [REI] Added display visibility predicate: net.p3pp3rf1y.sophisticatedstorage.compat.recipeviewers.rei.StorageReiClientPlugin$$Lambda$45911/0x00000008047d3948@15c7e317 [0.00 priority]
[20:35:06] [REI-ReloadPlugins/TRACE] [REI] [REIClientPlugin END] Reloading Section: "reloadable-plugin/DisplayRegistryImpl/StorageReiClientPlugin of StorageReiClientPlugin [sophisticatedstorage]/" done in 48.45 ms
[20:35:06] [REI-ReloadPlugins/TRACE] [REI] [REIClientPlugin END] Reloading Section: "reloadable-plugin/DisplayRegistryImpl/BackpackReiClientPlugin of BackpackReiClientPlugin [sophisticatedbackpacks]/"
[20:35:06] [REI-ReloadPlugins/DEBUG] [REI] Added global display generator: net.p3pp3rf1y.sophisticatedcore.compat.recipeviewers.rei.GroupedCraftingReiDisplayGenerator@1c42627
[20:35:06] [REI-ReloadPlugins/DEBUG] [REI] Added global display generator: net.p3pp3rf1y.sophisticatedcore.compat.recipeviewers.rei.CraftingSpecReiDisplayGenerator@4cd95e63
[20:35:06] [REI-ReloadPlugins/DEBUG] [REI] Added global display generator: net.p3pp3rf1y.sophisticatedcore.compat.recipeviewers.rei.SmithingSpecReiDisplayGenerator@5c37d453
[20:35:06] [REI-ReloadPlugins/DEBUG] [REI] Added display visibility predicate: net.p3pp3rf1y.sophisticatedbackpacks.compat.recipeviewers.rei.BackpackReiClientPlugin$$Lambda$45979/0x00000008047e3328@39bc5e92 [0.00 priority]
[20:35:06] [REI-ReloadPlugins/TRACE] [REI] [REIClientPlugin END] Reloading Section: "reloadable-plugin/DisplayRegistryImpl/BackpackReiClientPlugin of BackpackReiClientPlugin [sophisticatedbackpacks]/" done in 20.03 ms
[20:35:06] [REI-ReloadPlugins/TRACE] [REI] [REIClientPlugin END] Reloading Section: "reloadable-plugin/DisplayRegistryImpl/ReiIsDumbClientPlugin of ReiIsDumbClientPlugin [ad_astra]/"
[20:35:06] [REI-ReloadPlugins/DEBUG] [REI] Added display filter: me.shedaniel.rei.impl.client.registry.display.DisplayRegistryImpl$$Lambda$45215/0x000000080474e568@30753c41
[20:35:06] [REI-ReloadPlugins/DEBUG] [REI] Added display filter: me.shedaniel.rei.impl.client.registry.display.DisplayRegistryImpl$$Lambda$45215/0x000000080474e568@2ddf8be2
[20:35:06] [REI-ReloadPlugins/DEBUG] [REI] Added display filter: me.shedaniel.rei.impl.client.registry.display.DisplayRegistryImpl$$Lambda$45215/0x000000080474e568@475aba3f
[20:35:06] [REI-ReloadPlugins/DEBUG] [REI] Added display filter: me.shedaniel.rei.impl.client.registry.display.DisplayRegistryImpl$$Lambda$45215/0x000000080474e568@615ff559
[20:35:06] [REI-ReloadPlugins/DEBUG] [REI] Added display filter: me.shedaniel.rei.impl.client.registry.display.DisplayRegistryImpl$$Lambda$45215/0x000000080474e568@328db58b
[20:35:06] [REI-ReloadPlugins/DEBUG] [REI] Added display filter: me.shedaniel.rei.impl.client.registry.display.DisplayRegistryImpl$$Lambda$45215/0x000000080474e568@4f14f19d
[20:35:06] [REI-ReloadPlugins/TRACE] [REI] [REIClientPlugin END] Reloading Section: "reloadable-plugin/DisplayRegistryImpl/ReiIsDumbClientPlugin of ReiIsDumbClientPlugin [ad_astra]/" done in 2.401 ms
[20:35:06] [REI-ReloadPlugins/TRACE] [REI] [REIClientPlugin END] Reloading Section: "reloadable-plugin/DisplayRegistryImpl/almostunified.roughlyenoughitems of almostunified.roughlyenoughitems [almostunified]/"
[20:35:06] [REI-ReloadPlugins/TRACE] [REI] [REIClientPlugin END] Reloading Section: "reloadable-plugin/DisplayRegistryImpl/almostunified.roughlyenoughitems of almostunified.roughlyenoughitems [almostunified]/" done in 15.09 μs
[20:35:06] [REI-ReloadPlugins/TRACE] [REI] [REIClientPlugin END] Reloading Section: "reloadable-plugin/DisplayRegistryImpl/AdornReiClientForge of AdornReiClientForge [adorn]/"
[20:35:06] [REI-ReloadPlugins/DEBUG] [REI] Added display filter: me.shedaniel.rei.impl.client.registry.display.DisplayRegistryImpl$$Lambda$45215/0x000000080474e568@3137a578
[20:35:06] [REI-ReloadPlugins/DEBUG] [REI] Added display filter: me.shedaniel.rei.impl.client.registry.display.DisplayRegistryImpl$$Lambda$45215/0x000000080474e568@96d95e6
[20:35:06] [REI-ReloadPlugins/TRACE] [REI] [REIClientPlugin END] Reloading Section: "reloadable-plugin/DisplayRegistryImpl/AdornReiClientForge of AdornReiClientForge [adorn]/" done in 708.7 μs
[20:35:06] [REI-ReloadPlugins/TRACE] [REI] [REIClientPlugin END] Reloading Section: "reloadable-plugin/DisplayRegistryImpl/REIPluginImpl of REIPluginImpl [ldlib]/"
[20:35:06] [REI-ReloadPlugins/TRACE] [REI] [REIClientPlugin END] Reloading Section: "reloadable-plugin/DisplayRegistryImpl/REIPluginImpl of REIPluginImpl [ldlib]/" done in 14.54 μs
[20:35:06] [REI-ReloadPlugins/TRACE] [REI] [REIClientPlugin END] Reloading Section: "reloadable-plugin/DisplayRegistryImpl/ReiClientPlugin of ReiClientPlugin [craftingstation]/"
[20:35:06] [REI-ReloadPlugins/TRACE] [REI] [REIClientPlugin END] Reloading Section: "reloadable-plugin/DisplayRegistryImpl/ReiClientPlugin of ReiClientPlugin [craftingstation]/" done in 6.198 μs
[20:35:06] [REI-ReloadPlugins/TRACE] [REI] [REIClientPlugin END] Reloading Section: "reloadable-plugin/DisplayRegistryImpl/REIForgePluginStub of REIForgePluginStub [ftblibrary]/"
[20:35:06] [REI-ReloadPlugins/TRACE] [REI] [REIClientPlugin END] Reloading Section: "reloadable-plugin/DisplayRegistryImpl/REIForgePluginStub of REIForgePluginStub [ftblibrary]/" done in 5.621 μs
[20:35:06] [REI-ReloadPlugins/TRACE] [REI] [REIClientPlugin END] Reloading Section: "reloadable-plugin/DisplayRegistryImpl/AE2 of AE2 [ae2]/"
[20:35:06] [REI-ReloadPlugins/DEBUG] [REI] Added display filter: me.shedaniel.rei.impl.client.registry.display.DisplayRegistryImpl$$Lambda$45215/0x000000080474e568@494c9119
[20:35:06] [REI-ReloadPlugins/DEBUG] [REI] Added display filter: me.shedaniel.rei.impl.client.registry.display.DisplayRegistryImpl$$Lambda$45215/0x000000080474e568@5e38650
[20:35:06] [REI-ReloadPlugins/DEBUG] [REI] Added display filter: me.shedaniel.rei.impl.client.registry.display.DisplayRegistryImpl$$Lambda$45215/0x000000080474e568@665dc536
[20:35:06] [REI-ReloadPlugins/TRACE] [REI] [REIClientPlugin END] Reloading Section: "reloadable-plugin/DisplayRegistryImpl/AE2 of AE2 [ae2]/" done in 123.7 ms
[20:35:06] [REI-ReloadPlugins/TRACE] [REI] [REIClientPlugin END] Reloading Section: "reloadable-plugin/DisplayRegistryImpl/HideIngredientsFromTagsPlugin of HideIngredientsFromTagsPlugin [roughlyenoughitems]/"
[20:35:06] [REI-ReloadPlugins/TRACE] [REI] [REIClientPlugin END] Reloading Section: "reloadable-plugin/DisplayRegistryImpl/HideIngredientsFromTagsPlugin of HideIngredientsFromTagsPlugin [roughlyenoughitems]/" done in 22.59 μs
[20:35:06] [REI-ReloadPlugins/TRACE] [REI] [REIClientPlugin END] Reloading Section: "reloadable-plugin/DisplayRegistryImpl/DefaultClientRuntimePlugin of DefaultClientRuntimePlugin [roughlyenoughitems]/"
[20:35:07] [REI-ReloadPlugins/DEBUG] [REI] Computed existing filtered displays with 3 rules in 843.8 ms
[20:35:07] [REI-ReloadPlugins/DEBUG] [REI] Added display visibility predicate: me.shedaniel.rei.plugin.client.runtime.FilteredStacksVisibilityHandler@39925913 [0.00 priority]
[20:35:07] [REI-ReloadPlugins/TRACE] [REI] [REIClientPlugin END] Reloading Section: "reloadable-plugin/DisplayRegistryImpl/DefaultClientRuntimePlugin of DefaultClientRuntimePlugin [roughlyenoughitems]/" done in 844.2 ms
[20:35:07] [REI-ReloadPlugins/TRACE] [REI] [REIClientPlugin END] Reloading Section: "reloadable-plugin/DisplayRegistryImpl/REIForgePluginStub of REIForgePluginStub [kubejs]/"
[20:35:07] [REI-ReloadPlugins/DEBUG] [REI] Added display visibility predicate: dev.latvian.mods.kubejs.integration.rei.KubeJSREIPlugin$$Lambda$46105/0x0000000804806af0@62192aa8 [0.00 priority]
[20:35:07] [REI-ReloadPlugins/TRACE] [REI] [REIClientPlugin END] Reloading Section: "reloadable-plugin/DisplayRegistryImpl/REIForgePluginStub of REIForgePluginStub [kubejs]/" done in 330.2 μs
[20:35:07] [REI-ReloadPlugins/TRACE] [REI] [REIClientPlugin END] Reloading Section: "reloadable-plugin/DisplayRegistryImpl/" done in 9.552 s
[20:35:07] [REI-ReloadPlugins/TRACE] [REI] [REIClientPlugin END] Reloading Section: "reloadable-plugin/ScreenRegistryImpl/"
[20:35:07] [REI-ReloadPlugins/TRACE] [REI] [REIClientPlugin END] Reloading Section: "reloadable-plugin/ScreenRegistryImpl/DefaultClientPluginImpl of DefaultClientPluginImpl [roughlyenoughitems]/"
[20:35:07] [REI-ReloadPlugins/TRACE] [REI] [REIClientPlugin END] Reloading Section: "reloadable-plugin/ScreenRegistryImpl/DefaultClientPluginImpl of DefaultClientPluginImpl [roughlyenoughitems]/" done in 10.32 μs
[20:35:07] [REI-ReloadPlugins/TRACE] [REI] [REIClientPlugin END] Reloading Section: "reloadable-plugin/ScreenRegistryImpl/REICompat of REICompat [supplementaries]/"
[20:35:07] [REI-ReloadPlugins/TRACE] [REI] [REIClientPlugin END] Reloading Section: "reloadable-plugin/ScreenRegistryImpl/REICompat of REICompat [supplementaries]/" done in 6.202 μs
[20:35:07] [REI-ReloadPlugins/TRACE] [REI] [REIClientPlugin END] Reloading Section: "reloadable-plugin/ScreenRegistryImpl/GTREIPlugin of GTREIPlugin [gtceu]/"
[20:35:07] [REI-ReloadPlugins/TRACE] [REI] [REIClientPlugin END] Reloading Section: "reloadable-plugin/ScreenRegistryImpl/GTREIPlugin of GTREIPlugin [gtceu]/" done in 5.809 μs
[20:35:07] [REI-ReloadPlugins/TRACE] [REI] [REIClientPlugin END] Reloading Section: "reloadable-plugin/ScreenRegistryImpl/FTBQuestsREIIntegrationForge of FTBQuestsREIIntegrationForge [ftbxmodcompat]/"
[20:35:07] [REI-ReloadPlugins/TRACE] [REI] [REIClientPlugin END] Reloading Section: "reloadable-plugin/ScreenRegistryImpl/FTBQuestsREIIntegrationForge of FTBQuestsREIIntegrationForge [ftbxmodcompat]/" done in 5.877 μs
[20:35:07] [REI-ReloadPlugins/TRACE] [REI] [REIClientPlugin END] Reloading Section: "reloadable-plugin/ScreenRegistryImpl/ExtendedAE of ExtendedAE [expatternprovider]/"
[20:35:07] [REI-ReloadPlugins/TRACE] [REI] [REIClientPlugin END] Reloading Section: "reloadable-plugin/ScreenRegistryImpl/ExtendedAE of ExtendedAE [expatternprovider]/" done in 21.91 μs
[20:35:07] [REI-ReloadPlugins/TRACE] [REI] [REIClientPlugin END] Reloading Section: "reloadable-plugin/ScreenRegistryImpl/FramedReiPlugin of FramedReiPlugin [framedblocks]/"
[20:35:07] [REI-ReloadPlugins/TRACE] [REI] [REIClientPlugin END] Reloading Section: "reloadable-plugin/ScreenRegistryImpl/FramedReiPlugin of FramedReiPlugin [framedblocks]/" done in 5.750 μs
[20:35:07] [REI-ReloadPlugins/TRACE] [REI] [REIClientPlugin END] Reloading Section: "reloadable-plugin/ScreenRegistryImpl/StorageReiClientPlugin of StorageReiClientPlugin [sophisticatedstorage]/"
[20:35:07] [REI-ReloadPlugins/TRACE] [REI] [REIClientPlugin END] Reloading Section: "reloadable-plugin/ScreenRegistryImpl/StorageReiClientPlugin of StorageReiClientPlugin [sophisticatedstorage]/" done in 5.646 μs
[20:35:07] [REI-ReloadPlugins/TRACE] [REI] [REIClientPlugin END] Reloading Section: "reloadable-plugin/ScreenRegistryImpl/BackpackReiClientPlugin of BackpackReiClientPlugin [sophisticatedbackpacks]/"
[20:35:07] [REI-ReloadPlugins/TRACE] [REI] [REIClientPlugin END] Reloading Section: "reloadable-plugin/ScreenRegistryImpl/BackpackReiClientPlugin of BackpackReiClientPlugin [sophisticatedbackpacks]/" done in 5.748 μs
[20:35:07] [REI-ReloadPlugins/TRACE] [REI] [REIClientPlugin END] Reloading Section: "reloadable-plugin/ScreenRegistryImpl/ReiIsDumbClientPlugin of ReiIsDumbClientPlugin [ad_astra]/"
[20:35:07] [REI-ReloadPlugins/TRACE] [REI] [REIClientPlugin END] Reloading Section: "reloadable-plugin/ScreenRegistryImpl/ReiIsDumbClientPlugin of ReiIsDumbClientPlugin [ad_astra]/" done in 5.516 μs
[20:35:07] [REI-ReloadPlugins/TRACE] [REI] [REIClientPlugin END] Reloading Section: "reloadable-plugin/ScreenRegistryImpl/almostunified.roughlyenoughitems of almostunified.roughlyenoughitems [almostunified]/"
[20:35:07] [REI-ReloadPlugins/TRACE] [REI] [REIClientPlugin END] Reloading Section: "reloadable-plugin/ScreenRegistryImpl/almostunified.roughlyenoughitems of almostunified.roughlyenoughitems [almostunified]/" done in 6.173 μs
[20:35:07] [REI-ReloadPlugins/TRACE] [REI] [REIClientPlugin END] Reloading Section: "reloadable-plugin/ScreenRegistryImpl/AdornReiClientForge of AdornReiClientForge [adorn]/"
[20:35:07] [REI-ReloadPlugins/TRACE] [REI] [REIClientPlugin END] Reloading Section: "reloadable-plugin/ScreenRegistryImpl/AdornReiClientForge of AdornReiClientForge [adorn]/" done in 5.525 μs
[20:35:07] [REI-ReloadPlugins/TRACE] [REI] [REIClientPlugin END] Reloading Section: "reloadable-plugin/ScreenRegistryImpl/REIPluginImpl of REIPluginImpl [ldlib]/"
[20:35:07] [REI-ReloadPlugins/TRACE] [REI] [REIClientPlugin END] Reloading Section: "reloadable-plugin/ScreenRegistryImpl/REIPluginImpl of REIPluginImpl [ldlib]/" done in 5.839 μs
[20:35:07] [REI-ReloadPlugins/TRACE] [REI] [REIClientPlugin END] Reloading Section: "reloadable-plugin/ScreenRegistryImpl/ReiClientPlugin of ReiClientPlugin [craftingstation]/"
[20:35:07] [REI-ReloadPlugins/TRACE] [REI] [REIClientPlugin END] Reloading Section: "reloadable-plugin/ScreenRegistryImpl/ReiClientPlugin of ReiClientPlugin [craftingstation]/" done in 5.757 μs
[20:35:07] [REI-ReloadPlugins/TRACE] [REI] [REIClientPlugin END] Reloading Section: "reloadable-plugin/ScreenRegistryImpl/REIForgePluginStub of REIForgePluginStub [ftblibrary]/"
[20:35:07] [REI-ReloadPlugins/TRACE] [REI] [REIClientPlugin END] Reloading Section: "reloadable-plugin/ScreenRegistryImpl/REIForgePluginStub of REIForgePluginStub [ftblibrary]/" done in 5.642 μs
[20:35:07] [REI-ReloadPlugins/TRACE] [REI] [REIClientPlugin END] Reloading Section: "reloadable-plugin/ScreenRegistryImpl/AE2 of AE2 [ae2]/"
[20:35:07] [REI-ReloadPlugins/TRACE] [REI] [REIClientPlugin END] Reloading Section: "reloadable-plugin/ScreenRegistryImpl/AE2 of AE2 [ae2]/" done in 6.013 μs
[20:35:07] [REI-ReloadPlugins/TRACE] [REI] [REIClientPlugin END] Reloading Section: "reloadable-plugin/ScreenRegistryImpl/HideIngredientsFromTagsPlugin of HideIngredientsFromTagsPlugin [roughlyenoughitems]/"
[20:35:07] [REI-ReloadPlugins/TRACE] [REI] [REIClientPlugin END] Reloading Section: "reloadable-plugin/ScreenRegistryImpl/HideIngredientsFromTagsPlugin of HideIngredientsFromTagsPlugin [roughlyenoughitems]/" done in 15.05 μs
[20:35:07] [REI-ReloadPlugins/TRACE] [REI] [REIClientPlugin END] Reloading Section: "reloadable-plugin/ScreenRegistryImpl/DefaultClientRuntimePlugin of DefaultClientRuntimePlugin [roughlyenoughitems]/"
[20:35:07] [REI-ReloadPlugins/TRACE] [REI] [REIClientPlugin END] Reloading Section: "reloadable-plugin/ScreenRegistryImpl/DefaultClientRuntimePlugin of DefaultClientRuntimePlugin [roughlyenoughitems]/" done in 5.720 μs
[20:35:07] [REI-ReloadPlugins/TRACE] [REI] [REIClientPlugin END] Reloading Section: "reloadable-plugin/ScreenRegistryImpl/REIForgePluginStub of REIForgePluginStub [kubejs]/"
[20:35:07] [REI-ReloadPlugins/TRACE] [REI] [REIClientPlugin END] Reloading Section: "reloadable-plugin/ScreenRegistryImpl/REIForgePluginStub of REIForgePluginStub [kubejs]/" done in 5.791 μs
[20:35:07] [REI-ReloadPlugins/TRACE] [REI] [REIClientPlugin END] Reloading Section: "reloadable-plugin/ScreenRegistryImpl/" done in 371.4 μs
[20:35:07] [REI-ReloadPlugins/TRACE] [REI] [REIClientPlugin END] Reloading Section: "reloadable-plugin/FavoriteEntryTypeRegistryImpl/"
[20:35:07] [REI-ReloadPlugins/TRACE] [REI] [REIClientPlugin END] Reloading Section: "reloadable-plugin/FavoriteEntryTypeRegistryImpl/DefaultClientPluginImpl of DefaultClientPluginImpl [roughlyenoughitems]/"
[20:35:07] [REI-ReloadPlugins/TRACE] [REI] [REIClientPlugin END] Reloading Section: "reloadable-plugin/FavoriteEntryTypeRegistryImpl/DefaultClientPluginImpl of DefaultClientPluginImpl [roughlyenoughitems]/" done in 6.169 μs
[20:35:07] [REI-ReloadPlugins/TRACE] [REI] [REIClientPlugin END] Reloading Section: "reloadable-plugin/FavoriteEntryTypeRegistryImpl/REICompat of REICompat [supplementaries]/"
[20:35:07] [REI-ReloadPlugins/TRACE] [REI] [REIClientPlugin END] Reloading Section: "reloadable-plugin/FavoriteEntryTypeRegistryImpl/REICompat of REICompat [supplementaries]/" done in 5.741 μs
[20:35:07] [REI-ReloadPlugins/TRACE] [REI] [REIClientPlugin END] Reloading Section: "reloadable-plugin/FavoriteEntryTypeRegistryImpl/GTREIPlugin of GTREIPlugin [gtceu]/"
[20:35:07] [REI-ReloadPlugins/TRACE] [REI] [REIClientPlugin END] Reloading Section: "reloadable-plugin/FavoriteEntryTypeRegistryImpl/GTREIPlugin of GTREIPlugin [gtceu]/" done in 5.687 μs
[20:35:07] [REI-ReloadPlugins/TRACE] [REI] [REIClientPlugin END] Reloading Section: "reloadable-plugin/FavoriteEntryTypeRegistryImpl/FTBQuestsREIIntegrationForge of FTBQuestsREIIntegrationForge [ftbxmodcompat]/"
[20:35:07] [REI-ReloadPlugins/TRACE] [REI] [REIClientPlugin END] Reloading Section: "reloadable-plugin/FavoriteEntryTypeRegistryImpl/FTBQuestsREIIntegrationForge of FTBQuestsREIIntegrationForge [ftbxmodcompat]/" done in 5.773 μs
[20:35:07] [REI-ReloadPlugins/TRACE] [REI] [REIClientPlugin END] Reloading Section: "reloadable-plugin/FavoriteEntryTypeRegistryImpl/ExtendedAE of ExtendedAE [expatternprovider]/"
[20:35:07] [REI-ReloadPlugins/TRACE] [REI] [REIClientPlugin END] Reloading Section: "reloadable-plugin/FavoriteEntryTypeRegistryImpl/ExtendedAE of ExtendedAE [expatternprovider]/" done in 5.504 μs
[20:35:07] [REI-ReloadPlugins/TRACE] [REI] [REIClientPlugin END] Reloading Section: "reloadable-plugin/FavoriteEntryTypeRegistryImpl/FramedReiPlugin of FramedReiPlugin [framedblocks]/"
[20:35:07] [REI-ReloadPlugins/TRACE] [REI] [REIClientPlugin END] Reloading Section: "reloadable-plugin/FavoriteEntryTypeRegistryImpl/FramedReiPlugin of FramedReiPlugin [framedblocks]/" done in 5.470 μs
[20:35:07] [REI-ReloadPlugins/TRACE] [REI] [REIClientPlugin END] Reloading Section: "reloadable-plugin/FavoriteEntryTypeRegistryImpl/StorageReiClientPlugin of StorageReiClientPlugin [sophisticatedstorage]/"
[20:35:07] [REI-ReloadPlugins/TRACE] [REI] [REIClientPlugin END] Reloading Section: "reloadable-plugin/FavoriteEntryTypeRegistryImpl/StorageReiClientPlugin of StorageReiClientPlugin [sophisticatedstorage]/" done in 5.422 μs
[20:35:07] [REI-ReloadPlugins/TRACE] [REI] [REIClientPlugin END] Reloading Section: "reloadable-plugin/FavoriteEntryTypeRegistryImpl/BackpackReiClientPlugin of BackpackReiClientPlugin [sophisticatedbackpacks]/"
[20:35:07] [REI-ReloadPlugins/TRACE] [REI] [REIClientPlugin END] Reloading Section: "reloadable-plugin/FavoriteEntryTypeRegistryImpl/BackpackReiClientPlugin of BackpackReiClientPlugin [sophisticatedbackpacks]/" done in 5.530 μs
[20:35:07] [REI-ReloadPlugins/TRACE] [REI] [REIClientPlugin END] Reloading Section: "reloadable-plugin/FavoriteEntryTypeRegistryImpl/ReiIsDumbClientPlugin of ReiIsDumbClientPlugin [ad_astra]/"
[20:35:07] [REI-ReloadPlugins/TRACE] [REI] [REIClientPlugin END] Reloading Section: "reloadable-plugin/FavoriteEntryTypeRegistryImpl/ReiIsDumbClientPlugin of ReiIsDumbClientPlugin [ad_astra]/" done in 5.521 μs
[20:35:07] [REI-ReloadPlugins/TRACE] [REI] [REIClientPlugin END] Reloading Section: "reloadable-plugin/FavoriteEntryTypeRegistryImpl/almostunified.roughlyenoughitems of almostunified.roughlyenoughitems [almostunified]/"
[20:35:07] [REI-ReloadPlugins/TRACE] [REI] [REIClientPlugin END] Reloading Section: "reloadable-plugin/FavoriteEntryTypeRegistryImpl/almostunified.roughlyenoughitems of almostunified.roughlyenoughitems [almostunified]/" done in 5.927 μs
[20:35:07] [REI-ReloadPlugins/TRACE] [REI] [REIClientPlugin END] Reloading Section: "reloadable-plugin/FavoriteEntryTypeRegistryImpl/AdornReiClientForge of AdornReiClientForge [adorn]/"
[20:35:07] [REI-ReloadPlugins/TRACE] [REI] [REIClientPlugin END] Reloading Section: "reloadable-plugin/FavoriteEntryTypeRegistryImpl/AdornReiClientForge of AdornReiClientForge [adorn]/" done in 5.644 μs
[20:35:07] [REI-ReloadPlugins/TRACE] [REI] [REIClientPlugin END] Reloading Section: "reloadable-plugin/FavoriteEntryTypeRegistryImpl/REIPluginImpl of REIPluginImpl [ldlib]/"
[20:35:07] [REI-ReloadPlugins/TRACE] [REI] [REIClientPlugin END] Reloading Section: "reloadable-plugin/FavoriteEntryTypeRegistryImpl/REIPluginImpl of REIPluginImpl [ldlib]/" done in 5.507 μs
[20:35:07] [REI-ReloadPlugins/TRACE] [REI] [REIClientPlugin END] Reloading Section: "reloadable-plugin/FavoriteEntryTypeRegistryImpl/ReiClientPlugin of ReiClientPlugin [craftingstation]/"
[20:35:07] [REI-ReloadPlugins/TRACE] [REI] [REIClientPlugin END] Reloading Section: "reloadable-plugin/FavoriteEntryTypeRegistryImpl/ReiClientPlugin of ReiClientPlugin [craftingstation]/" done in 5.516 μs
[20:35:07] [REI-ReloadPlugins/TRACE] [REI] [REIClientPlugin END] Reloading Section: "reloadable-plugin/FavoriteEntryTypeRegistryImpl/REIForgePluginStub of REIForgePluginStub [ftblibrary]/"
[20:35:07] [REI-ReloadPlugins/TRACE] [REI] [REIClientPlugin END] Reloading Section: "reloadable-plugin/FavoriteEntryTypeRegistryImpl/REIForgePluginStub of REIForgePluginStub [ftblibrary]/" done in 5.421 μs
[20:35:07] [REI-ReloadPlugins/TRACE] [REI] [REIClientPlugin END] Reloading Section: "reloadable-plugin/FavoriteEntryTypeRegistryImpl/AE2 of AE2 [ae2]/"
[20:35:07] [REI-ReloadPlugins/TRACE] [REI] [REIClientPlugin END] Reloading Section: "reloadable-plugin/FavoriteEntryTypeRegistryImpl/AE2 of AE2 [ae2]/" done in 5.445 μs
[20:35:07] [REI-ReloadPlugins/TRACE] [REI] [REIClientPlugin END] Reloading Section: "reloadable-plugin/FavoriteEntryTypeRegistryImpl/HideIngredientsFromTagsPlugin of HideIngredientsFromTagsPlugin [roughlyenoughitems]/"
[20:35:07] [REI-ReloadPlugins/TRACE] [REI] [REIClientPlugin END] Reloading Section: "reloadable-plugin/FavoriteEntryTypeRegistryImpl/HideIngredientsFromTagsPlugin of HideIngredientsFromTagsPlugin [roughlyenoughitems]/" done in 5.565 μs
[20:35:07] [REI-ReloadPlugins/TRACE] [REI] [REIClientPlugin END] Reloading Section: "reloadable-plugin/FavoriteEntryTypeRegistryImpl/DefaultClientRuntimePlugin of DefaultClientRuntimePlugin [roughlyenoughitems]/"
[20:35:07] [REI-ReloadPlugins/TRACE] [REI] [REIClientPlugin END] Reloading Section: "reloadable-plugin/FavoriteEntryTypeRegistryImpl/DefaultClientRuntimePlugin of DefaultClientRuntimePlugin [roughlyenoughitems]/" done in 7.674 μs
[20:35:07] [REI-ReloadPlugins/TRACE] [REI] [REIClientPlugin END] Reloading Section: "reloadable-plugin/FavoriteEntryTypeRegistryImpl/REIForgePluginStub of REIForgePluginStub [kubejs]/"
[20:35:07] [REI-ReloadPlugins/TRACE] [REI] [REIClientPlugin END] Reloading Section: "reloadable-plugin/FavoriteEntryTypeRegistryImpl/REIForgePluginStub of REIForgePluginStub [kubejs]/" done in 5.585 μs
[20:35:07] [REI-ReloadPlugins/TRACE] [REI] [REIClientPlugin END] Reloading Section: "reloadable-plugin/FavoriteEntryTypeRegistryImpl/" done in 322.7 μs
[20:35:07] [REI-ReloadPlugins/TRACE] [REI] [REIClientPlugin END] Reloading Section: "reloadable-plugin/SubsetsRegistryImpl/"
[20:35:07] [REI-ReloadPlugins/TRACE] [REI] [REIClientPlugin END] Reloading Section: "reloadable-plugin/SubsetsRegistryImpl/DefaultClientPluginImpl of DefaultClientPluginImpl [roughlyenoughitems]/"
[20:35:07] [REI-ReloadPlugins/TRACE] [REI] [REIClientPlugin END] Reloading Section: "reloadable-plugin/SubsetsRegistryImpl/DefaultClientPluginImpl of DefaultClientPluginImpl [roughlyenoughitems]/" done in 6.209 μs
[20:35:07] [REI-ReloadPlugins/TRACE] [REI] [REIClientPlugin END] Reloading Section: "reloadable-plugin/SubsetsRegistryImpl/REICompat of REICompat [supplementaries]/"
[20:35:07] [REI-ReloadPlugins/TRACE] [REI] [REIClientPlugin END] Reloading Section: "reloadable-plugin/SubsetsRegistryImpl/REICompat of REICompat [supplementaries]/" done in 7.269 μs
[20:35:07] [REI-ReloadPlugins/TRACE] [REI] [REIClientPlugin END] Reloading Section: "reloadable-plugin/SubsetsRegistryImpl/GTREIPlugin of GTREIPlugin [gtceu]/"
[20:35:07] [REI-ReloadPlugins/TRACE] [REI] [REIClientPlugin END] Reloading Section: "reloadable-plugin/SubsetsRegistryImpl/GTREIPlugin of GTREIPlugin [gtceu]/" done in 5.328 μs
[20:35:07] [REI-ReloadPlugins/TRACE] [REI] [REIClientPlugin END] Reloading Section: "reloadable-plugin/SubsetsRegistryImpl/FTBQuestsREIIntegrationForge of FTBQuestsREIIntegrationForge [ftbxmodcompat]/"
[20:35:07] [REI-ReloadPlugins/TRACE] [REI] [REIClientPlugin END] Reloading Section: "reloadable-plugin/SubsetsRegistryImpl/FTBQuestsREIIntegrationForge of FTBQuestsREIIntegrationForge [ftbxmodcompat]/" done in 5.568 μs
[20:35:07] [REI-ReloadPlugins/TRACE] [REI] [REIClientPlugin END] Reloading Section: "reloadable-plugin/SubsetsRegistryImpl/ExtendedAE of ExtendedAE [expatternprovider]/"
[20:35:07] [REI-ReloadPlugins/TRACE] [REI] [REIClientPlugin END] Reloading Section: "reloadable-plugin/SubsetsRegistryImpl/ExtendedAE of ExtendedAE [expatternprovider]/" done in 5.780 μs
[20:35:07] [REI-ReloadPlugins/TRACE] [REI] [REIClientPlugin END] Reloading Section: "reloadable-plugin/SubsetsRegistryImpl/FramedReiPlugin of FramedReiPlugin [framedblocks]/"
[20:35:07] [REI-ReloadPlugins/TRACE] [REI] [REIClientPlugin END] Reloading Section: "reloadable-plugin/SubsetsRegistryImpl/FramedReiPlugin of FramedReiPlugin [framedblocks]/" done in 5.431 μs
[20:35:07] [REI-ReloadPlugins/TRACE] [REI] [REIClientPlugin END] Reloading Section: "reloadable-plugin/SubsetsRegistryImpl/StorageReiClientPlugin of StorageReiClientPlugin [sophisticatedstorage]/"
[20:35:07] [REI-ReloadPlugins/TRACE] [REI] [REIClientPlugin END] Reloading Section: "reloadable-plugin/SubsetsRegistryImpl/StorageReiClientPlugin of StorageReiClientPlugin [sophisticatedstorage]/" done in 5.600 μs
[20:35:07] [REI-ReloadPlugins/TRACE] [REI] [REIClientPlugin END] Reloading Section: "reloadable-plugin/SubsetsRegistryImpl/BackpackReiClientPlugin of BackpackReiClientPlugin [sophisticatedbackpacks]/"
[20:35:07] [REI-ReloadPlugins/TRACE] [REI] [REIClientPlugin END] Reloading Section: "reloadable-plugin/SubsetsRegistryImpl/BackpackReiClientPlugin of BackpackReiClientPlugin [sophisticatedbackpacks]/" done in 5.143 μs
[20:35:07] [REI-ReloadPlugins/TRACE] [REI] [REIClientPlugin END] Reloading Section: "reloadable-plugin/SubsetsRegistryImpl/ReiIsDumbClientPlugin of ReiIsDumbClientPlugin [ad_astra]/"
[20:35:07] [REI-ReloadPlugins/TRACE] [REI] [REIClientPlugin END] Reloading Section: "reloadable-plugin/SubsetsRegistryImpl/ReiIsDumbClientPlugin of ReiIsDumbClientPlugin [ad_astra]/" done in 5.274 μs
[20:35:07] [REI-ReloadPlugins/TRACE] [REI] [REIClientPlugin END] Reloading Section: "reloadable-plugin/SubsetsRegistryImpl/almostunified.roughlyenoughitems of almostunified.roughlyenoughitems [almostunified]/"
[20:35:07] [REI-ReloadPlugins/TRACE] [REI] [REIClientPlugin END] Reloading Section: "reloadable-plugin/SubsetsRegistryImpl/almostunified.roughlyenoughitems of almostunified.roughlyenoughitems [almostunified]/" done in 5.913 μs
[20:35:07] [REI-ReloadPlugins/TRACE] [REI] [REIClientPlugin END] Reloading Section: "reloadable-plugin/SubsetsRegistryImpl/AdornReiClientForge of AdornReiClientForge [adorn]/"
[20:35:07] [REI-ReloadPlugins/TRACE] [REI] [REIClientPlugin END] Reloading Section: "reloadable-plugin/SubsetsRegistryImpl/AdornReiClientForge of AdornReiClientForge [adorn]/" done in 14.39 μs
[20:35:07] [REI-ReloadPlugins/TRACE] [REI] [REIClientPlugin END] Reloading Section: "reloadable-plugin/SubsetsRegistryImpl/REIPluginImpl of REIPluginImpl [ldlib]/"
[20:35:07] [REI-ReloadPlugins/TRACE] [REI] [REIClientPlugin END] Reloading Section: "reloadable-plugin/SubsetsRegistryImpl/REIPluginImpl of REIPluginImpl [ldlib]/" done in 5.405 μs
[20:35:07] [REI-ReloadPlugins/TRACE] [REI] [REIClientPlugin END] Reloading Section: "reloadable-plugin/SubsetsRegistryImpl/ReiClientPlugin of ReiClientPlugin [craftingstation]/"
[20:35:07] [REI-ReloadPlugins/TRACE] [REI] [REIClientPlugin END] Reloading Section: "reloadable-plugin/SubsetsRegistryImpl/ReiClientPlugin of ReiClientPlugin [craftingstation]/" done in 5.006 μs
[20:35:07] [REI-ReloadPlugins/TRACE] [REI] [REIClientPlugin END] Reloading Section: "reloadable-plugin/SubsetsRegistryImpl/REIForgePluginStub of REIForgePluginStub [ftblibrary]/"
[20:35:07] [REI-ReloadPlugins/TRACE] [REI] [REIClientPlugin END] Reloading Section: "reloadable-plugin/SubsetsRegistryImpl/REIForgePluginStub of REIForgePluginStub [ftblibrary]/" done in 5.296 μs
[20:35:07] [REI-ReloadPlugins/TRACE] [REI] [REIClientPlugin END] Reloading Section: "reloadable-plugin/SubsetsRegistryImpl/AE2 of AE2 [ae2]/"
[20:35:07] [REI-ReloadPlugins/TRACE] [REI] [REIClientPlugin END] Reloading Section: "reloadable-plugin/SubsetsRegistryImpl/AE2 of AE2 [ae2]/" done in 5.372 μs
[20:35:07] [REI-ReloadPlugins/TRACE] [REI] [REIClientPlugin END] Reloading Section: "reloadable-plugin/SubsetsRegistryImpl/HideIngredientsFromTagsPlugin of HideIngredientsFromTagsPlugin [roughlyenoughitems]/"
[20:35:07] [REI-ReloadPlugins/TRACE] [REI] [REIClientPlugin END] Reloading Section: "reloadable-plugin/SubsetsRegistryImpl/HideIngredientsFromTagsPlugin of HideIngredientsFromTagsPlugin [roughlyenoughitems]/" done in 5.209 μs
[20:35:07] [REI-ReloadPlugins/TRACE] [REI] [REIClientPlugin END] Reloading Section: "reloadable-plugin/SubsetsRegistryImpl/DefaultClientRuntimePlugin of DefaultClientRuntimePlugin [roughlyenoughitems]/"
[20:35:07] [REI-ReloadPlugins/TRACE] [REI] [REIClientPlugin END] Reloading Section: "reloadable-plugin/SubsetsRegistryImpl/DefaultClientRuntimePlugin of DefaultClientRuntimePlugin [roughlyenoughitems]/" done in 4.781 μs
[20:35:07] [REI-ReloadPlugins/TRACE] [REI] [REIClientPlugin END] Reloading Section: "reloadable-plugin/SubsetsRegistryImpl/REIForgePluginStub of REIForgePluginStub [kubejs]/"
[20:35:07] [REI-ReloadPlugins/TRACE] [REI] [REIClientPlugin END] Reloading Section: "reloadable-plugin/SubsetsRegistryImpl/REIForgePluginStub of REIForgePluginStub [kubejs]/" done in 5.355 μs
[20:35:07] [REI-ReloadPlugins/TRACE] [REI] [REIClientPlugin END] Reloading Section: "reloadable-plugin/SubsetsRegistryImpl/" done in 356.6 μs
[20:35:07] [REI-ReloadPlugins/TRACE] [REI] [REIClientPlugin END] Reloading Section: "reloadable-plugin/TransferHandlerRegistryImpl/"
[20:35:07] [REI-ReloadPlugins/TRACE] [REI] [REIClientPlugin END] Reloading Section: "reloadable-plugin/TransferHandlerRegistryImpl/DefaultClientPluginImpl of DefaultClientPluginImpl [roughlyenoughitems]/"
[20:35:07] [REI-ReloadPlugins/DEBUG] [REI] Added transfer handler: me.shedaniel.rei.api.client.registry.transfer.simple.SimpleTransferHandler$1@4ce8b9f [0.00 priority]
[20:35:07] [REI-ReloadPlugins/DEBUG] [REI] Added transfer handler: me.shedaniel.rei.plugin.autocrafting.InventoryCraftingTransferHandler@15a4fe54 [0.00 priority]
[20:35:07] [REI-ReloadPlugins/DEBUG] [REI] Added transfer handler: me.shedaniel.rei.api.client.registry.transfer.simple.SimpleTransferHandler$1@c0e1600 [0.00 priority]
[20:35:07] [REI-ReloadPlugins/DEBUG] [REI] Added transfer handler: me.shedaniel.rei.api.client.registry.transfer.simple.SimpleTransferHandler$1@538b25b7 [0.00 priority]
[20:35:07] [REI-ReloadPlugins/DEBUG] [REI] Added transfer handler: me.shedaniel.rei.api.client.registry.transfer.simple.SimpleTransferHandler$1@6006245 [0.00 priority]
[20:35:07] [REI-ReloadPlugins/DEBUG] [REI] Added transfer handler: me.shedaniel.rei.plugin.autocrafting.recipebook.DefaultRecipeBookHandler@479da665 [-20.00 priority]
[20:35:07] [REI-ReloadPlugins/TRACE] [REI] [REIClientPlugin END] Reloading Section: "reloadable-plugin/TransferHandlerRegistryImpl/DefaultClientPluginImpl of DefaultClientPluginImpl [roughlyenoughitems]/" done in 3.220 ms
[20:35:07] [REI-ReloadPlugins/TRACE] [REI] [REIClientPlugin END] Reloading Section: "reloadable-plugin/TransferHandlerRegistryImpl/REICompat of REICompat [supplementaries]/"
[20:35:07] [REI-ReloadPlugins/TRACE] [REI] [REIClientPlugin END] Reloading Section: "reloadable-plugin/TransferHandlerRegistryImpl/REICompat of REICompat [supplementaries]/" done in 16.07 μs
[20:35:07] [REI-ReloadPlugins/TRACE] [REI] [REIClientPlugin END] Reloading Section: "reloadable-plugin/TransferHandlerRegistryImpl/GTREIPlugin of GTREIPlugin [gtceu]/"
[20:35:07] [REI-ReloadPlugins/TRACE] [REI] [REIClientPlugin END] Reloading Section: "reloadable-plugin/TransferHandlerRegistryImpl/GTREIPlugin of GTREIPlugin [gtceu]/" done in 7.840 μs
[20:35:07] [REI-ReloadPlugins/TRACE] [REI] [REIClientPlugin END] Reloading Section: "reloadable-plugin/TransferHandlerRegistryImpl/FTBQuestsREIIntegrationForge of FTBQuestsREIIntegrationForge [ftbxmodcompat]/"
[20:35:07] [REI-ReloadPlugins/TRACE] [REI] [REIClientPlugin END] Reloading Section: "reloadable-plugin/TransferHandlerRegistryImpl/FTBQuestsREIIntegrationForge of FTBQuestsREIIntegrationForge [ftbxmodcompat]/" done in 6.740 μs
[20:35:07] [REI-ReloadPlugins/TRACE] [REI] [REIClientPlugin END] Reloading Section: "reloadable-plugin/TransferHandlerRegistryImpl/ExtendedAE of ExtendedAE [expatternprovider]/"
[20:35:07] [REI-ReloadPlugins/TRACE] [REI] [REIClientPlugin END] Reloading Section: "reloadable-plugin/TransferHandlerRegistryImpl/ExtendedAE of ExtendedAE [expatternprovider]/" done in 5.980 μs
[20:35:07] [REI-ReloadPlugins/TRACE] [REI] [REIClientPlugin END] Reloading Section: "reloadable-plugin/TransferHandlerRegistryImpl/FramedReiPlugin of FramedReiPlugin [framedblocks]/"
[20:35:07] [REI-ReloadPlugins/DEBUG] [REI] Added transfer handler: xfacthd.framedblocks.common.compat.rei.FramingSawTransferHandler@11e85b2e [0.00 priority]
[20:35:07] [REI-ReloadPlugins/TRACE] [REI] [REIClientPlugin END] Reloading Section: "reloadable-plugin/TransferHandlerRegistryImpl/FramedReiPlugin of FramedReiPlugin [framedblocks]/" done in 414.9 μs
[20:35:07] [REI-ReloadPlugins/TRACE] [REI] [REIClientPlugin END] Reloading Section: "reloadable-plugin/TransferHandlerRegistryImpl/StorageReiClientPlugin of StorageReiClientPlugin [sophisticatedstorage]/"
[20:35:07] [REI-ReloadPlugins/DEBUG] [REI] Added transfer handler: net.p3pp3rf1y.sophisticatedcore.compat.recipeviewers.rei.ReiCraftingContainerTransferHandler@279d0450 [0.00 priority]
[20:35:07] [REI-ReloadPlugins/TRACE] [REI] [REIClientPlugin END] Reloading Section: "reloadable-plugin/TransferHandlerRegistryImpl/StorageReiClientPlugin of StorageReiClientPlugin [sophisticatedstorage]/" done in 914.6 μs
[20:35:07] [REI-ReloadPlugins/TRACE] [REI] [REIClientPlugin END] Reloading Section: "reloadable-plugin/TransferHandlerRegistryImpl/BackpackReiClientPlugin of BackpackReiClientPlugin [sophisticatedbackpacks]/"
[20:35:07] [REI-ReloadPlugins/DEBUG] [REI] Added transfer handler: net.p3pp3rf1y.sophisticatedcore.compat.recipeviewers.rei.ReiCraftingContainerTransferHandler@4b62f48 [0.00 priority]
[20:35:07] [REI-ReloadPlugins/DEBUG] [REI] Added transfer handler: net.p3pp3rf1y.sophisticatedcore.compat.recipeviewers.rei.ReiCraftingContainerTransferHandler@59c3ef6d [0.00 priority]
[20:35:07] [REI-ReloadPlugins/TRACE] [REI] [REIClientPlugin END] Reloading Section: "reloadable-plugin/TransferHandlerRegistryImpl/BackpackReiClientPlugin of BackpackReiClientPlugin [sophisticatedbackpacks]/" done in 85.35 μs
[20:35:07] [REI-ReloadPlugins/TRACE] [REI] [REIClientPlugin END] Reloading Section: "reloadable-plugin/TransferHandlerRegistryImpl/ReiIsDumbClientPlugin of ReiIsDumbClientPlugin [ad_astra]/"
[20:35:07] [REI-ReloadPlugins/TRACE] [REI] [REIClientPlugin END] Reloading Section: "reloadable-plugin/TransferHandlerRegistryImpl/ReiIsDumbClientPlugin of ReiIsDumbClientPlugin [ad_astra]/" done in 8.607 μs
[20:35:07] [REI-ReloadPlugins/TRACE] [REI] [REIClientPlugin END] Reloading Section: "reloadable-plugin/TransferHandlerRegistryImpl/almostunified.roughlyenoughitems of almostunified.roughlyenoughitems [almostunified]/"
[20:35:07] [REI-ReloadPlugins/TRACE] [REI] [REIClientPlugin END] Reloading Section: "reloadable-plugin/TransferHandlerRegistryImpl/almostunified.roughlyenoughitems of almostunified.roughlyenoughitems [almostunified]/" done in 7.272 μs
[20:35:07] [REI-ReloadPlugins/TRACE] [REI] [REIClientPlugin END] Reloading Section: "reloadable-plugin/TransferHandlerRegistryImpl/AdornReiClientForge of AdornReiClientForge [adorn]/"
[20:35:07] [REI-ReloadPlugins/TRACE] [REI] [REIClientPlugin END] Reloading Section: "reloadable-plugin/TransferHandlerRegistryImpl/AdornReiClientForge of AdornReiClientForge [adorn]/" done in 6.136 μs
[20:35:07] [REI-ReloadPlugins/TRACE] [REI] [REIClientPlugin END] Reloading Section: "reloadable-plugin/TransferHandlerRegistryImpl/REIPluginImpl of REIPluginImpl [ldlib]/"
[20:35:07] [REI-ReloadPlugins/TRACE] [REI] [REIClientPlugin END] Reloading Section: "reloadable-plugin/TransferHandlerRegistryImpl/REIPluginImpl of REIPluginImpl [ldlib]/" done in 5.785 μs
[20:35:07] [REI-ReloadPlugins/TRACE] [REI] [REIClientPlugin END] Reloading Section: "reloadable-plugin/TransferHandlerRegistryImpl/ReiClientPlugin of ReiClientPlugin [craftingstation]/"
[20:35:07] [REI-ReloadPlugins/DEBUG] [REI] Added transfer handler: tfar.craftingstation.recipeviewers.rei.ReiTransferHandler@2774a06b [0.00 priority]
[20:35:07] [REI-ReloadPlugins/TRACE] [REI] [REIClientPlugin END] Reloading Section: "reloadable-plugin/TransferHandlerRegistryImpl/ReiClientPlugin of ReiClientPlugin [craftingstation]/" done in 757.6 μs
[20:35:07] [REI-ReloadPlugins/TRACE] [REI] [REIClientPlugin END] Reloading Section: "reloadable-plugin/TransferHandlerRegistryImpl/REIForgePluginStub of REIForgePluginStub [ftblibrary]/"
[20:35:07] [REI-ReloadPlugins/TRACE] [REI] [REIClientPlugin END] Reloading Section: "reloadable-plugin/TransferHandlerRegistryImpl/REIForgePluginStub of REIForgePluginStub [ftblibrary]/" done in 10.07 μs
[20:35:07] [REI-ReloadPlugins/TRACE] [REI] [REIClientPlugin END] Reloading Section: "reloadable-plugin/TransferHandlerRegistryImpl/AE2 of AE2 [ae2]/"
[20:35:07] [REI-ReloadPlugins/DEBUG] [REI] Added transfer handler: appeng.integration.modules.rei.transfer.EncodePatternTransferHandler@4c0534d6 [0.00 priority]
[20:35:07] [REI-ReloadPlugins/DEBUG] [REI] Added transfer handler: appeng.integration.modules.rei.transfer.UseCraftingRecipeTransfer@5463a7a7 [0.00 priority]
[20:35:07] [REI-ReloadPlugins/TRACE] [REI] [REIClientPlugin END] Reloading Section: "reloadable-plugin/TransferHandlerRegistryImpl/AE2 of AE2 [ae2]/" done in 2.261 ms
[20:35:07] [REI-ReloadPlugins/TRACE] [REI] [REIClientPlugin END] Reloading Section: "reloadable-plugin/TransferHandlerRegistryImpl/HideIngredientsFromTagsPlugin of HideIngredientsFromTagsPlugin [roughlyenoughitems]/"
[20:35:07] [REI-ReloadPlugins/TRACE] [REI] [REIClientPlugin END] Reloading Section: "reloadable-plugin/TransferHandlerRegistryImpl/HideIngredientsFromTagsPlugin of HideIngredientsFromTagsPlugin [roughlyenoughitems]/" done in 13.13 μs
[20:35:07] [REI-ReloadPlugins/TRACE] [REI] [REIClientPlugin END] Reloading Section: "reloadable-plugin/TransferHandlerRegistryImpl/DefaultClientRuntimePlugin of DefaultClientRuntimePlugin [roughlyenoughitems]/"
[20:35:07] [REI-ReloadPlugins/DEBUG] [REI] Added transfer handler: me.shedaniel.rei.plugin.autocrafting.DefaultCategoryHandler@25c8d93b [-10.00 priority]
[20:35:07] [REI-ReloadPlugins/TRACE] [REI] [REIClientPlugin END] Reloading Section: "reloadable-plugin/TransferHandlerRegistryImpl/DefaultClientRuntimePlugin of DefaultClientRuntimePlugin [roughlyenoughitems]/" done in 1.713 ms
[20:35:07] [REI-ReloadPlugins/TRACE] [REI] [REIClientPlugin END] Reloading Section: "reloadable-plugin/TransferHandlerRegistryImpl/REIForgePluginStub of REIForgePluginStub [kubejs]/"
[20:35:07] [REI-ReloadPlugins/TRACE] [REI] [REIClientPlugin END] Reloading Section: "reloadable-plugin/TransferHandlerRegistryImpl/REIForgePluginStub of REIForgePluginStub [kubejs]/" done in 22.93 μs
[20:35:07] [REI-ReloadPlugins/TRACE] [REI] [REIClientPlugin END] Reloading Section: "reloadable-plugin/TransferHandlerRegistryImpl/" done in 9.904 ms
[20:35:07] [REI-ReloadPlugins/TRACE] [REI] [REIClientPlugin END] Reloading Section: "reloadable-plugin/SearchRuntime/"
[20:35:07] [REI-ReloadPlugins/TRACE] [REI] [REIClientPlugin END] Reloading Section: "reloadable-plugin/SearchRuntime/DefaultClientPluginImpl of DefaultClientPluginImpl [roughlyenoughitems]/"
[20:35:07] [REI-ReloadPlugins/TRACE] [REI] [REIClientPlugin END] Reloading Section: "reloadable-plugin/SearchRuntime/DefaultClientPluginImpl of DefaultClientPluginImpl [roughlyenoughitems]/" done in 7.786 μs
[20:35:07] [REI-ReloadPlugins/TRACE] [REI] [REIClientPlugin END] Reloading Section: "reloadable-plugin/SearchRuntime/REICompat of REICompat [supplementaries]/"
[20:35:07] [REI-ReloadPlugins/TRACE] [REI] [REIClientPlugin END] Reloading Section: "reloadable-plugin/SearchRuntime/REICompat of REICompat [supplementaries]/" done in 5.878 μs
[20:35:07] [REI-ReloadPlugins/TRACE] [REI] [REIClientPlugin END] Reloading Section: "reloadable-plugin/SearchRuntime/GTREIPlugin of GTREIPlugin [gtceu]/"
[20:35:07] [REI-ReloadPlugins/TRACE] [REI] [REIClientPlugin END] Reloading Section: "reloadable-plugin/SearchRuntime/GTREIPlugin of GTREIPlugin [gtceu]/" done in 5.646 μs
[20:35:07] [REI-ReloadPlugins/TRACE] [REI] [REIClientPlugin END] Reloading Section: "reloadable-plugin/SearchRuntime/FTBQuestsREIIntegrationForge of FTBQuestsREIIntegrationForge [ftbxmodcompat]/"
[20:35:07] [REI-ReloadPlugins/TRACE] [REI] [REIClientPlugin END] Reloading Section: "reloadable-plugin/SearchRuntime/FTBQuestsREIIntegrationForge of FTBQuestsREIIntegrationForge [ftbxmodcompat]/" done in 5.740 μs
[20:35:07] [REI-ReloadPlugins/TRACE] [REI] [REIClientPlugin END] Reloading Section: "reloadable-plugin/SearchRuntime/ExtendedAE of ExtendedAE [expatternprovider]/"
[20:35:07] [REI-ReloadPlugins/TRACE] [REI] [REIClientPlugin END] Reloading Section: "reloadable-plugin/SearchRuntime/ExtendedAE of ExtendedAE [expatternprovider]/" done in 5.685 μs
[20:35:07] [REI-ReloadPlugins/TRACE] [REI] [REIClientPlugin END] Reloading Section: "reloadable-plugin/SearchRuntime/FramedReiPlugin of FramedReiPlugin [framedblocks]/"
[20:35:07] [REI-ReloadPlugins/TRACE] [REI] [REIClientPlugin END] Reloading Section: "reloadable-plugin/SearchRuntime/FramedReiPlugin of FramedReiPlugin [framedblocks]/" done in 17.34 μs
[20:35:07] [REI-ReloadPlugins/TRACE] [REI] [REIClientPlugin END] Reloading Section: "reloadable-plugin/SearchRuntime/StorageReiClientPlugin of StorageReiClientPlugin [sophisticatedstorage]/"
[20:35:07] [REI-ReloadPlugins/TRACE] [REI] [REIClientPlugin END] Reloading Section: "reloadable-plugin/SearchRuntime/StorageReiClientPlugin of StorageReiClientPlugin [sophisticatedstorage]/" done in 5.859 μs
[20:35:07] [REI-ReloadPlugins/TRACE] [REI] [REIClientPlugin END] Reloading Section: "reloadable-plugin/SearchRuntime/BackpackReiClientPlugin of BackpackReiClientPlugin [sophisticatedbackpacks]/"
[20:35:07] [REI-ReloadPlugins/TRACE] [REI] [REIClientPlugin END] Reloading Section: "reloadable-plugin/SearchRuntime/BackpackReiClientPlugin of BackpackReiClientPlugin [sophisticatedbackpacks]/" done in 14.37 μs
[20:35:07] [REI-ReloadPlugins/TRACE] [REI] [REIClientPlugin END] Reloading Section: "reloadable-plugin/SearchRuntime/ReiIsDumbClientPlugin of ReiIsDumbClientPlugin [ad_astra]/"
[20:35:07] [REI-ReloadPlugins/TRACE] [REI] [REIClientPlugin END] Reloading Section: "reloadable-plugin/SearchRuntime/ReiIsDumbClientPlugin of ReiIsDumbClientPlugin [ad_astra]/" done in 5.456 μs
[20:35:07] [REI-ReloadPlugins/TRACE] [REI] [REIClientPlugin END] Reloading Section: "reloadable-plugin/SearchRuntime/almostunified.roughlyenoughitems of almostunified.roughlyenoughitems [almostunified]/"
[20:35:07] [REI-ReloadPlugins/TRACE] [REI] [REIClientPlugin END] Reloading Section: "reloadable-plugin/SearchRuntime/almostunified.roughlyenoughitems of almostunified.roughlyenoughitems [almostunified]/" done in 6.002 μs
[20:35:07] [REI-ReloadPlugins/TRACE] [REI] [REIClientPlugin END] Reloading Section: "reloadable-plugin/SearchRuntime/AdornReiClientForge of AdornReiClientForge [adorn]/"
[20:35:07] [REI-ReloadPlugins/TRACE] [REI] [REIClientPlugin END] Reloading Section: "reloadable-plugin/SearchRuntime/AdornReiClientForge of AdornReiClientForge [adorn]/" done in 5.558 μs
[20:35:07] [REI-ReloadPlugins/TRACE] [REI] [REIClientPlugin END] Reloading Section: "reloadable-plugin/SearchRuntime/REIPluginImpl of REIPluginImpl [ldlib]/"
[20:35:07] [REI-ReloadPlugins/TRACE] [REI] [REIClientPlugin END] Reloading Section: "reloadable-plugin/SearchRuntime/REIPluginImpl of REIPluginImpl [ldlib]/" done in 6.055 μs
[20:35:07] [REI-ReloadPlugins/TRACE] [REI] [REIClientPlugin END] Reloading Section: "reloadable-plugin/SearchRuntime/ReiClientPlugin of ReiClientPlugin [craftingstation]/"
[20:35:07] [REI-ReloadPlugins/TRACE] [REI] [REIClientPlugin END] Reloading Section: "reloadable-plugin/SearchRuntime/ReiClientPlugin of ReiClientPlugin [craftingstation]/" done in 5.374 μs
[20:35:07] [REI-ReloadPlugins/TRACE] [REI] [REIClientPlugin END] Reloading Section: "reloadable-plugin/SearchRuntime/REIForgePluginStub of REIForgePluginStub [ftblibrary]/"
[20:35:07] [REI-ReloadPlugins/TRACE] [REI] [REIClientPlugin END] Reloading Section: "reloadable-plugin/SearchRuntime/REIForgePluginStub of REIForgePluginStub [ftblibrary]/" done in 5.513 μs
[20:35:07] [REI-ReloadPlugins/TRACE] [REI] [REIClientPlugin END] Reloading Section: "reloadable-plugin/SearchRuntime/AE2 of AE2 [ae2]/"
[20:35:07] [REI-ReloadPlugins/TRACE] [REI] [REIClientPlugin END] Reloading Section: "reloadable-plugin/SearchRuntime/AE2 of AE2 [ae2]/" done in 5.798 μs
[20:35:07] [REI-ReloadPlugins/TRACE] [REI] [REIClientPlugin END] Reloading Section: "reloadable-plugin/SearchRuntime/HideIngredientsFromTagsPlugin of HideIngredientsFromTagsPlugin [roughlyenoughitems]/"
[20:35:07] [REI-ReloadPlugins/TRACE] [REI] [REIClientPlugin END] Reloading Section: "reloadable-plugin/SearchRuntime/HideIngredientsFromTagsPlugin of HideIngredientsFromTagsPlugin [roughlyenoughitems]/" done in 5.404 μs
[20:35:07] [REI-ReloadPlugins/TRACE] [REI] [REIClientPlugin END] Reloading Section: "reloadable-plugin/SearchRuntime/DefaultClientRuntimePlugin of DefaultClientRuntimePlugin [roughlyenoughitems]/"
[20:35:07] [REI-ReloadPlugins/TRACE] [REI] [REIClientPlugin END] Reloading Section: "reloadable-plugin/SearchRuntime/DefaultClientRuntimePlugin of DefaultClientRuntimePlugin [roughlyenoughitems]/" done in 5.670 μs
[20:35:07] [REI-ReloadPlugins/TRACE] [REI] [REIClientPlugin END] Reloading Section: "reloadable-plugin/SearchRuntime/REIForgePluginStub of REIForgePluginStub [kubejs]/"
[20:35:07] [REI-ReloadPlugins/TRACE] [REI] [REIClientPlugin END] Reloading Section: "reloadable-plugin/SearchRuntime/REIForgePluginStub of REIForgePluginStub [kubejs]/" done in 5.523 μs
[20:35:07] [REI-ReloadPlugins/TRACE] [REI] [REIClientPlugin END] Reloading Section: "reloadable-plugin/SearchRuntime/" done in 359.5 μs
[20:35:07] [REI-ReloadPlugins/TRACE] [REI] [REIClientPlugin END] Reloading Section: "reloadable-plugin/REIRuntimeImpl/"
[20:35:07] [REI-ReloadPlugins/TRACE] [REI] [REIClientPlugin END] Reloading Section: "reloadable-plugin/REIRuntimeImpl/DefaultClientPluginImpl of DefaultClientPluginImpl [roughlyenoughitems]/"
[20:35:07] [REI-ReloadPlugins/TRACE] [REI] [REIClientPlugin END] Reloading Section: "reloadable-plugin/REIRuntimeImpl/DefaultClientPluginImpl of DefaultClientPluginImpl [roughlyenoughitems]/" done in 6.992 μs
[20:35:07] [REI-ReloadPlugins/TRACE] [REI] [REIClientPlugin END] Reloading Section: "reloadable-plugin/REIRuntimeImpl/REICompat of REICompat [supplementaries]/"
[20:35:07] [REI-ReloadPlugins/TRACE] [REI] [REIClientPlugin END] Reloading Section: "reloadable-plugin/REIRuntimeImpl/REICompat of REICompat [supplementaries]/" done in 10.44 μs
[20:35:07] [REI-ReloadPlugins/TRACE] [REI] [REIClientPlugin END] Reloading Section: "reloadable-plugin/REIRuntimeImpl/GTREIPlugin of GTREIPlugin [gtceu]/"
[20:35:07] [REI-ReloadPlugins/TRACE] [REI] [REIClientPlugin END] Reloading Section: "reloadable-plugin/REIRuntimeImpl/GTREIPlugin of GTREIPlugin [gtceu]/" done in 5.691 μs
[20:35:07] [REI-ReloadPlugins/TRACE] [REI] [REIClientPlugin END] Reloading Section: "reloadable-plugin/REIRuntimeImpl/FTBQuestsREIIntegrationForge of FTBQuestsREIIntegrationForge [ftbxmodcompat]/"
[20:35:07] [REI-ReloadPlugins/TRACE] [REI] [REIClientPlugin END] Reloading Section: "reloadable-plugin/REIRuntimeImpl/FTBQuestsREIIntegrationForge of FTBQuestsREIIntegrationForge [ftbxmodcompat]/" done in 5.287 μs
[20:35:07] [REI-ReloadPlugins/TRACE] [REI] [REIClientPlugin END] Reloading Section: "reloadable-plugin/REIRuntimeImpl/ExtendedAE of ExtendedAE [expatternprovider]/"
[20:35:07] [REI-ReloadPlugins/TRACE] [REI] [REIClientPlugin END] Reloading Section: "reloadable-plugin/REIRuntimeImpl/ExtendedAE of ExtendedAE [expatternprovider]/" done in 5.333 μs
[20:35:07] [REI-ReloadPlugins/TRACE] [REI] [REIClientPlugin END] Reloading Section: "reloadable-plugin/REIRuntimeImpl/FramedReiPlugin of FramedReiPlugin [framedblocks]/"
[20:35:07] [REI-ReloadPlugins/TRACE] [REI] [REIClientPlugin END] Reloading Section: "reloadable-plugin/REIRuntimeImpl/FramedReiPlugin of FramedReiPlugin [framedblocks]/" done in 5.295 μs
[20:35:07] [REI-ReloadPlugins/TRACE] [REI] [REIClientPlugin END] Reloading Section: "reloadable-plugin/REIRuntimeImpl/StorageReiClientPlugin of StorageReiClientPlugin [sophisticatedstorage]/"
[20:35:07] [REI-ReloadPlugins/TRACE] [REI] [REIClientPlugin END] Reloading Section: "reloadable-plugin/REIRuntimeImpl/StorageReiClientPlugin of StorageReiClientPlugin [sophisticatedstorage]/" done in 5.478 μs
[20:35:07] [REI-ReloadPlugins/TRACE] [REI] [REIClientPlugin END] Reloading Section: "reloadable-plugin/REIRuntimeImpl/BackpackReiClientPlugin of BackpackReiClientPlugin [sophisticatedbackpacks]/"
[20:35:07] [REI-ReloadPlugins/TRACE] [REI] [REIClientPlugin END] Reloading Section: "reloadable-plugin/REIRuntimeImpl/BackpackReiClientPlugin of BackpackReiClientPlugin [sophisticatedbackpacks]/" done in 5.384 μs
[20:35:07] [REI-ReloadPlugins/TRACE] [REI] [REIClientPlugin END] Reloading Section: "reloadable-plugin/REIRuntimeImpl/ReiIsDumbClientPlugin of ReiIsDumbClientPlugin [ad_astra]/"
[20:35:07] [REI-ReloadPlugins/TRACE] [REI] [REIClientPlugin END] Reloading Section: "reloadable-plugin/REIRuntimeImpl/ReiIsDumbClientPlugin of ReiIsDumbClientPlugin [ad_astra]/" done in 5.470 μs
[20:35:07] [REI-ReloadPlugins/TRACE] [REI] [REIClientPlugin END] Reloading Section: "reloadable-plugin/REIRuntimeImpl/almostunified.roughlyenoughitems of almostunified.roughlyenoughitems [almostunified]/"
[20:35:07] [REI-ReloadPlugins/TRACE] [REI] [REIClientPlugin END] Reloading Section: "reloadable-plugin/REIRuntimeImpl/almostunified.roughlyenoughitems of almostunified.roughlyenoughitems [almostunified]/" done in 5.808 μs
[20:35:07] [REI-ReloadPlugins/TRACE] [REI] [REIClientPlugin END] Reloading Section: "reloadable-plugin/REIRuntimeImpl/AdornReiClientForge of AdornReiClientForge [adorn]/"
[20:35:07] [REI-ReloadPlugins/TRACE] [REI] [REIClientPlugin END] Reloading Section: "reloadable-plugin/REIRuntimeImpl/AdornReiClientForge of AdornReiClientForge [adorn]/" done in 5.347 μs
[20:35:07] [REI-ReloadPlugins/TRACE] [REI] [REIClientPlugin END] Reloading Section: "reloadable-plugin/REIRuntimeImpl/REIPluginImpl of REIPluginImpl [ldlib]/"
[20:35:07] [REI-ReloadPlugins/TRACE] [REI] [REIClientPlugin END] Reloading Section: "reloadable-plugin/REIRuntimeImpl/REIPluginImpl of REIPluginImpl [ldlib]/" done in 5.441 μs
[20:35:07] [REI-ReloadPlugins/TRACE] [REI] [REIClientPlugin END] Reloading Section: "reloadable-plugin/REIRuntimeImpl/ReiClientPlugin of ReiClientPlugin [craftingstation]/"
[20:35:07] [REI-ReloadPlugins/TRACE] [REI] [REIClientPlugin END] Reloading Section: "reloadable-plugin/REIRuntimeImpl/ReiClientPlugin of ReiClientPlugin [craftingstation]/" done in 5.294 μs
[20:35:07] [REI-ReloadPlugins/TRACE] [REI] [REIClientPlugin END] Reloading Section: "reloadable-plugin/REIRuntimeImpl/REIForgePluginStub of REIForgePluginStub [ftblibrary]/"
[20:35:07] [REI-ReloadPlugins/TRACE] [REI] [REIClientPlugin END] Reloading Section: "reloadable-plugin/REIRuntimeImpl/REIForgePluginStub of REIForgePluginStub [ftblibrary]/" done in 6.749 μs
[20:35:07] [REI-ReloadPlugins/TRACE] [REI] [REIClientPlugin END] Reloading Section: "reloadable-plugin/REIRuntimeImpl/AE2 of AE2 [ae2]/"
[20:35:07] [REI-ReloadPlugins/TRACE] [REI] [REIClientPlugin END] Reloading Section: "reloadable-plugin/REIRuntimeImpl/AE2 of AE2 [ae2]/" done in 5.397 μs
[20:35:07] [REI-ReloadPlugins/TRACE] [REI] [REIClientPlugin END] Reloading Section: "reloadable-plugin/REIRuntimeImpl/HideIngredientsFromTagsPlugin of HideIngredientsFromTagsPlugin [roughlyenoughitems]/"
[20:35:07] [REI-ReloadPlugins/TRACE] [REI] [REIClientPlugin END] Reloading Section: "reloadable-plugin/REIRuntimeImpl/HideIngredientsFromTagsPlugin of HideIngredientsFromTagsPlugin [roughlyenoughitems]/" done in 5.423 μs
[20:35:07] [REI-ReloadPlugins/TRACE] [REI] [REIClientPlugin END] Reloading Section: "reloadable-plugin/REIRuntimeImpl/DefaultClientRuntimePlugin of DefaultClientRuntimePlugin [roughlyenoughitems]/"
[20:35:07] [REI-ReloadPlugins/TRACE] [REI] [REIClientPlugin END] Reloading Section: "reloadable-plugin/REIRuntimeImpl/DefaultClientRuntimePlugin of DefaultClientRuntimePlugin [roughlyenoughitems]/" done in 5.794 μs
[20:35:07] [REI-ReloadPlugins/TRACE] [REI] [REIClientPlugin END] Reloading Section: "reloadable-plugin/REIRuntimeImpl/REIForgePluginStub of REIForgePluginStub [kubejs]/"
[20:35:07] [REI-ReloadPlugins/TRACE] [REI] [REIClientPlugin END] Reloading Section: "reloadable-plugin/REIRuntimeImpl/REIForgePluginStub of REIForgePluginStub [kubejs]/" done in 5.617 μs
[20:35:07] [REI-ReloadPlugins/TRACE] [REI] [REIClientPlugin END] Reloading Section: "reloadable-plugin/REIRuntimeImpl/" done in 320.1 μs
[20:35:07] [REI-ReloadPlugins/TRACE] [REI] [REIClientPlugin END] Reloading Section: "reloadable-plugin/ConfigAddonRegistryImpl/"
[20:35:07] [REI-ReloadPlugins/TRACE] [REI] [REIClientPlugin END] Reloading Section: "reloadable-plugin/ConfigAddonRegistryImpl/DefaultClientPluginImpl of DefaultClientPluginImpl [roughlyenoughitems]/"
[20:35:07] [REI-ReloadPlugins/TRACE] [REI] [REIClientPlugin END] Reloading Section: "reloadable-plugin/ConfigAddonRegistryImpl/DefaultClientPluginImpl of DefaultClientPluginImpl [roughlyenoughitems]/" done in 14.45 μs
[20:35:07] [REI-ReloadPlugins/TRACE] [REI] [REIClientPlugin END] Reloading Section: "reloadable-plugin/ConfigAddonRegistryImpl/REICompat of REICompat [supplementaries]/"
[20:35:07] [REI-ReloadPlugins/TRACE] [REI] [REIClientPlugin END] Reloading Section: "reloadable-plugin/ConfigAddonRegistryImpl/REICompat of REICompat [supplementaries]/" done in 5.963 μs
[20:35:07] [REI-ReloadPlugins/TRACE] [REI] [REIClientPlugin END] Reloading Section: "reloadable-plugin/ConfigAddonRegistryImpl/GTREIPlugin of GTREIPlugin [gtceu]/"
[20:35:07] [REI-ReloadPlugins/TRACE] [REI] [REIClientPlugin END] Reloading Section: "reloadable-plugin/ConfigAddonRegistryImpl/GTREIPlugin of GTREIPlugin [gtceu]/" done in 6.229 μs
[20:35:07] [REI-ReloadPlugins/TRACE] [REI] [REIClientPlugin END] Reloading Section: "reloadable-plugin/ConfigAddonRegistryImpl/FTBQuestsREIIntegrationForge of FTBQuestsREIIntegrationForge [ftbxmodcompat]/"
[20:35:07] [REI-ReloadPlugins/TRACE] [REI] [REIClientPlugin END] Reloading Section: "reloadable-plugin/ConfigAddonRegistryImpl/FTBQuestsREIIntegrationForge of FTBQuestsREIIntegrationForge [ftbxmodcompat]/" done in 7.439 μs
[20:35:07] [REI-ReloadPlugins/TRACE] [REI] [REIClientPlugin END] Reloading Section: "reloadable-plugin/ConfigAddonRegistryImpl/ExtendedAE of ExtendedAE [expatternprovider]/"
[20:35:07] [REI-ReloadPlugins/TRACE] [REI] [REIClientPlugin END] Reloading Section: "reloadable-plugin/ConfigAddonRegistryImpl/ExtendedAE of ExtendedAE [expatternprovider]/" done in 5.517 μs
[20:35:07] [REI-ReloadPlugins/TRACE] [REI] [REIClientPlugin END] Reloading Section: "reloadable-plugin/ConfigAddonRegistryImpl/FramedReiPlugin of FramedReiPlugin [framedblocks]/"
[20:35:07] [REI-ReloadPlugins/TRACE] [REI] [REIClientPlugin END] Reloading Section: "reloadable-plugin/ConfigAddonRegistryImpl/FramedReiPlugin of FramedReiPlugin [framedblocks]/" done in 5.448 μs
[20:35:07] [REI-ReloadPlugins/TRACE] [REI] [REIClientPlugin END] Reloading Section: "reloadable-plugin/ConfigAddonRegistryImpl/StorageReiClientPlugin of StorageReiClientPlugin [sophisticatedstorage]/"
[20:35:07] [REI-ReloadPlugins/TRACE] [REI] [REIClientPlugin END] Reloading Section: "reloadable-plugin/ConfigAddonRegistryImpl/StorageReiClientPlugin of StorageReiClientPlugin [sophisticatedstorage]/" done in 5.502 μs
[20:35:07] [REI-ReloadPlugins/TRACE] [REI] [REIClientPlugin END] Reloading Section: "reloadable-plugin/ConfigAddonRegistryImpl/BackpackReiClientPlugin of BackpackReiClientPlugin [sophisticatedbackpacks]/"
[20:35:07] [REI-ReloadPlugins/TRACE] [REI] [REIClientPlugin END] Reloading Section: "reloadable-plugin/ConfigAddonRegistryImpl/BackpackReiClientPlugin of BackpackReiClientPlugin [sophisticatedbackpacks]/" done in 5.381 μs
[20:35:07] [REI-ReloadPlugins/TRACE] [REI] [REIClientPlugin END] Reloading Section: "reloadable-plugin/ConfigAddonRegistryImpl/ReiIsDumbClientPlugin of ReiIsDumbClientPlugin [ad_astra]/"
[20:35:07] [REI-ReloadPlugins/TRACE] [REI] [REIClientPlugin END] Reloading Section: "reloadable-plugin/ConfigAddonRegistryImpl/ReiIsDumbClientPlugin of ReiIsDumbClientPlugin [ad_astra]/" done in 5.155 μs
[20:35:07] [REI-ReloadPlugins/TRACE] [REI] [REIClientPlugin END] Reloading Section: "reloadable-plugin/ConfigAddonRegistryImpl/almostunified.roughlyenoughitems of almostunified.roughlyenoughitems [almostunified]/"
[20:35:07] [REI-ReloadPlugins/TRACE] [REI] [REIClientPlugin END] Reloading Section: "reloadable-plugin/ConfigAddonRegistryImpl/almostunified.roughlyenoughitems of almostunified.roughlyenoughitems [almostunified]/" done in 5.858 μs
[20:35:07] [REI-ReloadPlugins/TRACE] [REI] [REIClientPlugin END] Reloading Section: "reloadable-plugin/ConfigAddonRegistryImpl/AdornReiClientForge of AdornReiClientForge [adorn]/"
[20:35:07] [REI-ReloadPlugins/TRACE] [REI] [REIClientPlugin END] Reloading Section: "reloadable-plugin/ConfigAddonRegistryImpl/AdornReiClientForge of AdornReiClientForge [adorn]/" done in 9.605 μs
[20:35:07] [REI-ReloadPlugins/TRACE] [REI] [REIClientPlugin END] Reloading Section: "reloadable-plugin/ConfigAddonRegistryImpl/REIPluginImpl of REIPluginImpl [ldlib]/"
[20:35:07] [REI-ReloadPlugins/TRACE] [REI] [REIClientPlugin END] Reloading Section: "reloadable-plugin/ConfigAddonRegistryImpl/REIPluginImpl of REIPluginImpl [ldlib]/" done in 5.643 μs
[20:35:07] [REI-ReloadPlugins/TRACE] [REI] [REIClientPlugin END] Reloading Section: "reloadable-plugin/ConfigAddonRegistryImpl/ReiClientPlugin of ReiClientPlugin [craftingstation]/"
[20:35:07] [REI-ReloadPlugins/TRACE] [REI] [REIClientPlugin END] Reloading Section: "reloadable-plugin/ConfigAddonRegistryImpl/ReiClientPlugin of ReiClientPlugin [craftingstation]/" done in 5.557 μs
[20:35:07] [REI-ReloadPlugins/TRACE] [REI] [REIClientPlugin END] Reloading Section: "reloadable-plugin/ConfigAddonRegistryImpl/REIForgePluginStub of REIForgePluginStub [ftblibrary]/"
[20:35:07] [REI-ReloadPlugins/TRACE] [REI] [REIClientPlugin END] Reloading Section: "reloadable-plugin/ConfigAddonRegistryImpl/REIForgePluginStub of REIForgePluginStub [ftblibrary]/" done in 17.05 μs
[20:35:07] [REI-ReloadPlugins/TRACE] [REI] [REIClientPlugin END] Reloading Section: "reloadable-plugin/ConfigAddonRegistryImpl/AE2 of AE2 [ae2]/"
[20:35:07] [REI-ReloadPlugins/TRACE] [REI] [REIClientPlugin END] Reloading Section: "reloadable-plugin/ConfigAddonRegistryImpl/AE2 of AE2 [ae2]/" done in 6.338 μs
[20:35:07] [REI-ReloadPlugins/TRACE] [REI] [REIClientPlugin END] Reloading Section: "reloadable-plugin/ConfigAddonRegistryImpl/HideIngredientsFromTagsPlugin of HideIngredientsFromTagsPlugin [roughlyenoughitems]/"
[20:35:07] [REI-ReloadPlugins/TRACE] [REI] [REIClientPlugin END] Reloading Section: "reloadable-plugin/ConfigAddonRegistryImpl/HideIngredientsFromTagsPlugin of HideIngredientsFromTagsPlugin [roughlyenoughitems]/" done in 5.844 μs
[20:35:07] [REI-ReloadPlugins/TRACE] [REI] [REIClientPlugin END] Reloading Section: "reloadable-plugin/ConfigAddonRegistryImpl/DefaultClientRuntimePlugin of DefaultClientRuntimePlugin [roughlyenoughitems]/"
[20:35:07] [REI-ReloadPlugins/TRACE] [REI] [REIClientPlugin END] Reloading Section: "reloadable-plugin/ConfigAddonRegistryImpl/DefaultClientRuntimePlugin of DefaultClientRuntimePlugin [roughlyenoughitems]/" done in 5.499 μs
[20:35:07] [REI-ReloadPlugins/TRACE] [REI] [REIClientPlugin END] Reloading Section: "reloadable-plugin/ConfigAddonRegistryImpl/REIForgePluginStub of REIForgePluginStub [kubejs]/"
[20:35:07] [REI-ReloadPlugins/TRACE] [REI] [REIClientPlugin END] Reloading Section: "reloadable-plugin/ConfigAddonRegistryImpl/REIForgePluginStub of REIForgePluginStub [kubejs]/" done in 5.572 μs
[20:35:07] [REI-ReloadPlugins/TRACE] [REI] [REIClientPlugin END] Reloading Section: "reloadable-plugin/ConfigAddonRegistryImpl/" done in 328.4 μs
[20:35:07] [REI-ReloadPlugins/TRACE] [REI] [REIClientPlugin END] Reloading Section: "reloadable-plugin/me.shedaniel.rei.plugin.client.runtime.PluginStageExecutionWatcher$1/"
[20:35:07] [REI-ReloadPlugins/TRACE] [REI] [REIClientPlugin END] Reloading Section: "reloadable-plugin/me.shedaniel.rei.plugin.client.runtime.PluginStageExecutionWatcher$1/DefaultClientPluginImpl of DefaultClientPluginImpl [roughlyenoughitems]/"
[20:35:07] [REI-ReloadPlugins/TRACE] [REI] [REIClientPlugin END] Reloading Section: "reloadable-plugin/me.shedaniel.rei.plugin.client.runtime.PluginStageExecutionWatcher$1/DefaultClientPluginImpl of DefaultClientPluginImpl [roughlyenoughitems]/" done in 6.106 μs
[20:35:07] [REI-ReloadPlugins/TRACE] [REI] [REIClientPlugin END] Reloading Section: "reloadable-plugin/me.shedaniel.rei.plugin.client.runtime.PluginStageExecutionWatcher$1/REICompat of REICompat [supplementaries]/"
[20:35:07] [REI-ReloadPlugins/TRACE] [REI] [REIClientPlugin END] Reloading Section: "reloadable-plugin/me.shedaniel.rei.plugin.client.runtime.PluginStageExecutionWatcher$1/REICompat of REICompat [supplementaries]/" done in 5.776 μs
[20:35:07] [REI-ReloadPlugins/TRACE] [REI] [REIClientPlugin END] Reloading Section: "reloadable-plugin/me.shedaniel.rei.plugin.client.runtime.PluginStageExecutionWatcher$1/GTREIPlugin of GTREIPlugin [gtceu]/"
[20:35:07] [REI-ReloadPlugins/TRACE] [REI] [REIClientPlugin END] Reloading Section: "reloadable-plugin/me.shedaniel.rei.plugin.client.runtime.PluginStageExecutionWatcher$1/GTREIPlugin of GTREIPlugin [gtceu]/" done in 5.478 μs
[20:35:07] [REI-ReloadPlugins/TRACE] [REI] [REIClientPlugin END] Reloading Section: "reloadable-plugin/me.shedaniel.rei.plugin.client.runtime.PluginStageExecutionWatcher$1/FTBQuestsREIIntegrationForge of FTBQuestsREIIntegrationForge [ftbxmodcompat]/"
[20:35:07] [REI-ReloadPlugins/TRACE] [REI] [REIClientPlugin END] Reloading Section: "reloadable-plugin/me.shedaniel.rei.plugin.client.runtime.PluginStageExecutionWatcher$1/FTBQuestsREIIntegrationForge of FTBQuestsREIIntegrationForge [ftbxmodcompat]/" done in 5.776 μs
[20:35:07] [REI-ReloadPlugins/TRACE] [REI] [REIClientPlugin END] Reloading Section: "reloadable-plugin/me.shedaniel.rei.plugin.client.runtime.PluginStageExecutionWatcher$1/ExtendedAE of ExtendedAE [expatternprovider]/"
[20:35:07] [REI-ReloadPlugins/TRACE] [REI] [REIClientPlugin END] Reloading Section: "reloadable-plugin/me.shedaniel.rei.plugin.client.runtime.PluginStageExecutionWatcher$1/ExtendedAE of ExtendedAE [expatternprovider]/" done in 9.315 μs
[20:35:07] [REI-ReloadPlugins/TRACE] [REI] [REIClientPlugin END] Reloading Section: "reloadable-plugin/me.shedaniel.rei.plugin.client.runtime.PluginStageExecutionWatcher$1/FramedReiPlugin of FramedReiPlugin [framedblocks]/"
[20:35:07] [REI-ReloadPlugins/TRACE] [REI] [REIClientPlugin END] Reloading Section: "reloadable-plugin/me.shedaniel.rei.plugin.client.runtime.PluginStageExecutionWatcher$1/FramedReiPlugin of FramedReiPlugin [framedblocks]/" done in 6.450 μs
[20:35:07] [REI-ReloadPlugins/TRACE] [REI] [REIClientPlugin END] Reloading Section: "reloadable-plugin/me.shedaniel.rei.plugin.client.runtime.PluginStageExecutionWatcher$1/StorageReiClientPlugin of StorageReiClientPlugin [sophisticatedstorage]/"
[20:35:07] [REI-ReloadPlugins/TRACE] [REI] [REIClientPlugin END] Reloading Section: "reloadable-plugin/me.shedaniel.rei.plugin.client.runtime.PluginStageExecutionWatcher$1/StorageReiClientPlugin of StorageReiClientPlugin [sophisticatedstorage]/" done in 5.797 μs
[20:35:07] [REI-ReloadPlugins/TRACE] [REI] [REIClientPlugin END] Reloading Section: "reloadable-plugin/me.shedaniel.rei.plugin.client.runtime.PluginStageExecutionWatcher$1/BackpackReiClientPlugin of BackpackReiClientPlugin [sophisticatedbackpacks]/"
[20:35:07] [REI-ReloadPlugins/TRACE] [REI] [REIClientPlugin END] Reloading Section: "reloadable-plugin/me.shedaniel.rei.plugin.client.runtime.PluginStageExecutionWatcher$1/BackpackReiClientPlugin of BackpackReiClientPlugin [sophisticatedbackpacks]/" done in 5.413 μs
[20:35:07] [REI-ReloadPlugins/TRACE] [REI] [REIClientPlugin END] Reloading Section: "reloadable-plugin/me.shedaniel.rei.plugin.client.runtime.PluginStageExecutionWatcher$1/ReiIsDumbClientPlugin of ReiIsDumbClientPlugin [ad_astra]/"
[20:35:07] [REI-ReloadPlugins/TRACE] [REI] [REIClientPlugin END] Reloading Section: "reloadable-plugin/me.shedaniel.rei.plugin.client.runtime.PluginStageExecutionWatcher$1/ReiIsDumbClientPlugin of ReiIsDumbClientPlugin [ad_astra]/" done in 5.935 μs
[20:35:07] [REI-ReloadPlugins/TRACE] [REI] [REIClientPlugin END] Reloading Section: "reloadable-plugin/me.shedaniel.rei.plugin.client.runtime.PluginStageExecutionWatcher$1/almostunified.roughlyenoughitems of almostunified.roughlyenoughitems [almostunified]/"
[20:35:07] [REI-ReloadPlugins/TRACE] [REI] [REIClientPlugin END] Reloading Section: "reloadable-plugin/me.shedaniel.rei.plugin.client.runtime.PluginStageExecutionWatcher$1/almostunified.roughlyenoughitems of almostunified.roughlyenoughitems [almostunified]/" done in 5.991 μs
[20:35:07] [REI-ReloadPlugins/TRACE] [REI] [REIClientPlugin END] Reloading Section: "reloadable-plugin/me.shedaniel.rei.plugin.client.runtime.PluginStageExecutionWatcher$1/AdornReiClientForge of AdornReiClientForge [adorn]/"
[20:35:07] [REI-ReloadPlugins/TRACE] [REI] [REIClientPlugin END] Reloading Section: "reloadable-plugin/me.shedaniel.rei.plugin.client.runtime.PluginStageExecutionWatcher$1/AdornReiClientForge of AdornReiClientForge [adorn]/" done in 5.603 μs
[20:35:07] [REI-ReloadPlugins/TRACE] [REI] [REIClientPlugin END] Reloading Section: "reloadable-plugin/me.shedaniel.rei.plugin.client.runtime.PluginStageExecutionWatcher$1/REIPluginImpl of REIPluginImpl [ldlib]/"
[20:35:07] [REI-ReloadPlugins/TRACE] [REI] [REIClientPlugin END] Reloading Section: "reloadable-plugin/me.shedaniel.rei.plugin.client.runtime.PluginStageExecutionWatcher$1/REIPluginImpl of REIPluginImpl [ldlib]/" done in 5.844 μs
[20:35:07] [REI-ReloadPlugins/TRACE] [REI] [REIClientPlugin END] Reloading Section: "reloadable-plugin/me.shedaniel.rei.plugin.client.runtime.PluginStageExecutionWatcher$1/ReiClientPlugin of ReiClientPlugin [craftingstation]/"
[20:35:07] [REI-ReloadPlugins/TRACE] [REI] [REIClientPlugin END] Reloading Section: "reloadable-plugin/me.shedaniel.rei.plugin.client.runtime.PluginStageExecutionWatcher$1/ReiClientPlugin of ReiClientPlugin [craftingstation]/" done in 7.830 μs
[20:35:07] [REI-ReloadPlugins/TRACE] [REI] [REIClientPlugin END] Reloading Section: "reloadable-plugin/me.shedaniel.rei.plugin.client.runtime.PluginStageExecutionWatcher$1/REIForgePluginStub of REIForgePluginStub [ftblibrary]/"
[20:35:07] [REI-ReloadPlugins/TRACE] [REI] [REIClientPlugin END] Reloading Section: "reloadable-plugin/me.shedaniel.rei.plugin.client.runtime.PluginStageExecutionWatcher$1/REIForgePluginStub of REIForgePluginStub [ftblibrary]/" done in 5.741 μs
[20:35:07] [REI-ReloadPlugins/TRACE] [REI] [REIClientPlugin END] Reloading Section: "reloadable-plugin/me.shedaniel.rei.plugin.client.runtime.PluginStageExecutionWatcher$1/AE2 of AE2 [ae2]/"
[20:35:07] [REI-ReloadPlugins/TRACE] [REI] [REIClientPlugin END] Reloading Section: "reloadable-plugin/me.shedaniel.rei.plugin.client.runtime.PluginStageExecutionWatcher$1/AE2 of AE2 [ae2]/" done in 6.054 μs
[20:35:07] [REI-ReloadPlugins/TRACE] [REI] [REIClientPlugin END] Reloading Section: "reloadable-plugin/me.shedaniel.rei.plugin.client.runtime.PluginStageExecutionWatcher$1/HideIngredientsFromTagsPlugin of HideIngredientsFromTagsPlugin [roughlyenoughitems]/"
[20:35:07] [REI-ReloadPlugins/TRACE] [REI] [REIClientPlugin END] Reloading Section: "reloadable-plugin/me.shedaniel.rei.plugin.client.runtime.PluginStageExecutionWatcher$1/HideIngredientsFromTagsPlugin of HideIngredientsFromTagsPlugin [roughlyenoughitems]/" done in 5.428 μs
[20:35:07] [REI-ReloadPlugins/TRACE] [REI] [REIClientPlugin END] Reloading Section: "reloadable-plugin/me.shedaniel.rei.plugin.client.runtime.PluginStageExecutionWatcher$1/DefaultClientRuntimePlugin of DefaultClientRuntimePlugin [roughlyenoughitems]/"
[20:35:07] [REI-ReloadPlugins/TRACE] [REI] [REIClientPlugin END] Reloading Section: "reloadable-plugin/me.shedaniel.rei.plugin.client.runtime.PluginStageExecutionWatcher$1/DefaultClientRuntimePlugin of DefaultClientRuntimePlugin [roughlyenoughitems]/" done in 5.531 μs
[20:35:07] [REI-ReloadPlugins/TRACE] [REI] [REIClientPlugin END] Reloading Section: "reloadable-plugin/me.shedaniel.rei.plugin.client.runtime.PluginStageExecutionWatcher$1/REIForgePluginStub of REIForgePluginStub [kubejs]/"
[20:35:07] [REI-ReloadPlugins/TRACE] [REI] [REIClientPlugin END] Reloading Section: "reloadable-plugin/me.shedaniel.rei.plugin.client.runtime.PluginStageExecutionWatcher$1/REIForgePluginStub of REIForgePluginStub [kubejs]/" done in 5.931 μs
[20:35:07] [REI-ReloadPlugins/TRACE] [REI] [REIClientPlugin END] Reloading Section: "reloadable-plugin/me.shedaniel.rei.plugin.client.runtime.PluginStageExecutionWatcher$1/" done in 322.6 μs
[20:35:07] [REI-ReloadPlugins/DEBUG] [REI] ========================================
[20:35:07] [REI-ReloadPlugins/DEBUG] [REI] REIClientPlugin ending main-reload for END.
[20:35:07] [REI-ReloadPlugins/DEBUG] [REI] ========================================
[20:35:07] [REI-ReloadPlugins/TRACE] [REI] [REIClientPlugin END] Reloading Section: "end-reload/"
[20:35:07] [REI-ReloadPlugins/TRACE] [REI] [REIClientPlugin END] Reloading Section: "end-reload/EntryRendererRegistryImpl/"
[20:35:07] [REI-ReloadPlugins/TRACE] [REI] [REIClientPlugin END] Reloading Section: "end-reload/EntryRendererRegistryImpl/" done in 6.352 μs
[20:35:07] [REI-ReloadPlugins/TRACE] [REI] [REIClientPlugin END] Reloading Section: "end-reload/ViewsImpl/"
[20:35:07] [REI-ReloadPlugins/TRACE] [REI] [REIClientPlugin END] Reloading Section: "end-reload/ViewsImpl/" done in 5.129 μs
[20:35:07] [REI-ReloadPlugins/TRACE] [REI] [REIClientPlugin END] Reloading Section: "end-reload/InputMethodRegistryImpl/"
[20:35:07] [REI-ReloadPlugins/DEBUG] [REI] Registered 5 input methods: Default, Jyutping (Cantonese), Pinyin (Mandarin), Bopomofo (Mandarin), Double Pinyin (Mandarin)
[20:35:07] [REI-ReloadPlugins/TRACE] [REI] [REIClientPlugin END] Reloading Section: "end-reload/InputMethodRegistryImpl/" done in 1.625 ms
[20:35:07] [REI-ReloadPlugins/TRACE] [REI] [REIClientPlugin END] Reloading Section: "end-reload/SearchProviderImpl/"
[20:35:07] [REI-ReloadPlugins/TRACE] [REI] [REIClientPlugin END] Reloading Section: "end-reload/SearchProviderImpl/" done in 8.867 μs
[20:35:07] [REI-ReloadPlugins/TRACE] [REI] [REIClientPlugin END] Reloading Section: "end-reload/ConfigManagerImpl/"
[20:35:07] [REI-ReloadPlugins/TRACE] [REI] [REIClientPlugin END] Reloading Section: "end-reload/ConfigManagerImpl/" done in 5.170 μs
[20:35:07] [REI-ReloadPlugins/TRACE] [REI] [REIClientPlugin END] Reloading Section: "end-reload/EntryRegistryImpl/"
[20:35:07] [REI-ReloadPlugins/TRACE] [REI] [REIClientPlugin END] Reloading Section: "end-reload/EntryRegistryImpl/" done in 5.934 μs
[20:35:07] [REI-ReloadPlugins/TRACE] [REI] [REIClientPlugin END] Reloading Section: "end-reload/CollapsibleEntryRegistryImpl/"
[20:35:07] [REI-ReloadPlugins/DEBUG] [REI] Recollecting custom collapsible entry groups
[20:35:07] [REI-ReloadPlugins/DEBUG] [REI] Registered 0 custom collapsible entry groups: 
[20:35:07] [REI-ReloadPlugins/DEBUG] [REI] Registered 235 collapsible entry groups: Enchanted Book, Potion, Splash Potion, Lingering Potion, Spawn Egg, Tipped Arrow, Music Disc, gtceu.tool.class.iv_drill, gtceu.tool.class.ev_drill, gtceu.tool.class.hv_drill, Shovel, gtceu.tool.class.ev_screwdriver, gtceu.tool.class.buzzsaw, Axe, gtceu.tool.class.luv_drill, gtceu.tool.class.lv_drill, gtceu.tool.class.mv_drill, gtceu.tool.class.luv_wrench, gtceu.tool.class.mv_wrench, gtceu.tool.class.luv_screwdriver, gtceu.tool.class.iv_wrench, Spade, gtceu.tool.class.luv_chainsaw, Wrench, gtceu.tool.class.zpm_chainsaw, gtceu.tool.class.hv_buzzsaw, gtceu.tool.class.lv_screwdriver, Knife, gtceu.tool.class.mv_screwdriver, gtceu.tool.class.iv_screwdriver, Plunger, gtceu.tool.class.ev_wrench, gtceu.tool.class.zpm_wrench, gtceu.tool.class.mv_buzzsaw, Hoe, Scythe, gtceu.tool.class.ev_chainsaw, gtceu.tool.class.zpm_wirecutter, Hammer, Mortar, gtceu.tool.class.lv_chainsaw, Pickaxe, Soft Mallet, gtceu.tool.class.hv_screwdriver, gtceu.tool.class.mv_wirecutter, gtceu.tool.class.luv_wirecutter, gtceu.tool.class.zpm_screwdriver, gtceu.tool.class.iv_buzzsaw, File, gtceu.tool.class.iv_wirecutter, gtceu.tool.class.lv_wirecutter, gtceu.tool.class.hv_wirecutter, Wire Cutter, gtceu.tool.class.hv_chainsaw, gtceu.tool.class.lv_wrench, gtceu.tool.class.mv_chainsaw, gtceu.tool.class.luv_buzzsaw, gtceu.tool.class.zpm_buzzsaw, gtceu.tool.class.ev_buzzsaw, Mining Hammer, Saw, Screwdriver, gtceu.tool.class.zpm_drill, gtceu.tool.class.ev_wirecutter, gtceu.tool.class.iv_chainsaw, Sword, gtceu.tool.class.hv_wrench, Butchery Knife, Crowbar, Yellow Garnet Ore, Sapphire Ore, Thorium Ore, Naquadah Ore, Monazite Ore, Platinum Ore, Grossular Ore, Realgar Ore, Spessartine Ore, Aluminium Ore, Silver Ore, Malachite Ore, Almandine Ore, Lazurite Ore, Rock Salt Ore, Red Garnet Ore, Olivine Ore, Beryllium Ore, Cobalt Ore, Pyrope Ore, Palladium Ore, Sodalite Ore, Blue Topaz Ore, Topaz Ore, Certus Quartz Ore, Cinnabar Ore, Plutonium Ore, Nickel Ore, Salt Ore, Opal Ore, Molybdenum Ore, Tin Ore, Quartzite Ore, Green Sapphire Ore, Apatite Ore, Ruby Ore, Neodymium Ore, Lead Ore, Wulfenite Ore, Pentlandite Ore, Cobaltite Ore, Diamond Ore, Goethite Ore, Coal Ore, Stibnite Ore, Magnesite Ore, Tricalcium Phosphate Ore, Cassiterite Ore, Vanadium Magnetite Ore, Tungstate Ore, Glauconite Sand Ore, Mica Ore, Bastnasite Ore, Oilsands Ore, Garnierite Ore, Uraninite Ore, Diatomite Ore, Bauxite Ore, Molybdenite Ore, Graphite Ore, Basaltic Mineral Sand Ore, Zeolite Ore, Nether Quartz Ore, Trona Ore, Kyanite Ore, Pollucite Ore, Tantalite Ore, Saltpeter Ore, Galena Ore, Cassiterite Sand Ore, Pyrochlore Ore, Electrotine Ore, Spodumene Ore, Asbestos Ore, Lapis Ore, Redstone Ore, Chalcocite Ore, Barite Ore, Gypsum Ore, Chalcopyrite Ore, Sphalerite Ore, Fullers Earth Ore, Calcite Ore, Magnetite Ore, Bentonite Ore, Cooperite Ore, Hematite Ore, Chromite Ore, Emerald Ore, Alunite Ore, Pitchblende Ore, Bornite Ore, Amethyst Ore, Yellow Limonite Ore, Talc Ore, Soapstone Ore, Ilmenite Ore, Pyrolusite Ore, Powellite Ore, Sulfur Ore, Granitic Mineral Sand Ore, Lithium Ore, Scheelite Ore, Pyrite Ore, Tetrahedrite Ore, Lepidolite Ore, Garnet Sand Ore, Gold Ore, Copper Ore, Iron Ore, Potion Fluids, Barrel, Copper Barrel, Iron Barrel, Gold Barrel, Diamond Barrel, Netherite Barrel, Limited Barrel I, Limited Iron Barrel I, Limited Copper Barrel I, Limited Gold Barrel I, Limited Diamond Barrel I, Limited Netherite Barrel I, Limited Barrel II, Limited Copper Barrel II, Limited Iron Barrel II, Limited Gold Barrel II, Limited Diamond Barrel II, Limited Netherite Barrel II, Limited Barrel III, Limited Copper Barrel III, Limited Iron Barrel III, Limited Gold Barrel III, Limited Diamond Barrel III, Limited Netherite Barrel III, Limited Barrel IV, Limited Copper Barrel IV, Limited Iron Barrel IV, Limited Gold Barrel IV, Limited Diamond Barrel IV, Limited Netherite Barrel IV, Chest, Copper Chest, Iron Chest, Gold Chest, Diamond Chest, Netherite Chest, Shulker Box, Wrought Iron Backpack, Sofas, Chairs, Tables, Drawers, Kitchen Counters, Kitchen Cupboards, Kitchen Sinks, Posts, Platforms, Steps, Shelves, Chimneys, Coffee Tables, Benches, Crates, Table Lamps, Candlelit Lanterns
[20:35:07] [REI-ReloadPlugins/TRACE] [REI] [REIClientPlugin END] Reloading Section: "end-reload/CollapsibleEntryRegistryImpl/" done in 513.4 μs
[20:35:07] [REI-ReloadPlugins/TRACE] [REI] [REIClientPlugin END] Reloading Section: "end-reload/BasicFilteringRuleImpl/"
[20:35:07] [REI-ReloadPlugins/TRACE] [REI] [REIClientPlugin END] Reloading Section: "end-reload/BasicFilteringRuleImpl/" done in 7.593 μs
[20:35:07] [REI-ReloadPlugins/TRACE] [REI] [REIClientPlugin END] Reloading Section: "end-reload/CategoryRegistryImpl/"
[20:35:07] [REI-ReloadPlugins/DEBUG] [REI] Registered 109 categories: Crafting, Smelting, Smoking, Blasting, Campfire, Stone Cutting, Fuel, Brewing, Composting, Stripping, Smithing, Anvil, Beacon Base, Beacon Payment, Tilling, Pathing, Waxing, Wax Scraping, Oxidizing, Oxidation Scraping, Multiblock Info, Ore Processing Diagram, Ore Vein Diagram, Bedrock Fluid Diagram, Steam Turbine, Fusion Reactor, Mixer, Assembler, Part Grinding, Centrifuge, Research Station, Ore Washer, Cracker, Canner, Gas Turbine, Combustion Generator, Electrolyzer, Scrap Remelting, Primitive Blast Furnace, Rock Breaker, Vacuum Freezer, Large Boiler, Distillery, Lathe, Wiremill, Construction Core, Steam Boiler, Ore Grinding, Chemical Dyeing, Macerator, Electric Blast Furnace, Air Scrubber, Chemical Bath, Gas Collector, Arc Scrapping, Forming Press, Sifter, Laser Engraver, Scanner, Large Chemical Reactor, Fluid Solidifier, Electromagnetic Separator, Chemical Reactor, Alloy Smelter, Polarizer, Ore Treating, Plasma Generator, Forge Hammer, Coke Oven, Implosion Compressor, Wire Coating, Extractor, Greenhouse, Ore Crushing, Fermenter, Extruder, Brewery, Alloy Blast Smelter, Metal Molding, Compressor, Bender, Cutter, Pyrolyse Oven, Distillation Tower, Arc Furnace, Fluid Heater, Packer, Circuit Assembler, Assembly Line, Autoclave, Thermal Centrifuge, Programmed Circuit Page, Quests, Loot Crates, Framing Saw, Compressor, Etrionic Blast Furnace, Oxygen Loader, Fuel Refinery, Cryo Freezer, Nasa Workbench, Brewer, In-World Transformation, Matter Condenser, Inscriber, P2P Tunnel Attunement, Charger, Information, Tag
[20:35:07] [REI-ReloadPlugins/TRACE] [REI] [REIClientPlugin END] Reloading Section: "end-reload/CategoryRegistryImpl/" done in 543.8 μs
[20:35:07] [REI-ReloadPlugins/TRACE] [REI] [REIClientPlugin END] Reloading Section: "end-reload/DisplayRegistryImpl/"
[20:35:07] [REI-ReloadPlugins/DEBUG] [REI] Found preliminary 58146 displays
[20:35:07] [REI-ReloadPlugins/DEBUG] [REI] Filled 24008 displays from recipe manager in 384.3 ms
[20:35:07] [REI-ReloadPlugins/DEBUG] [REI] Removing 0 failed displays
[20:35:07] [REI-ReloadPlugins/DEBUG] [REI] Processing 82154 displays for optimal lookup performance...
[20:35:08] [REI-ReloadPlugins/DEBUG] [REI] Processed displays for optimal lookup performance in 916.9 ms.
[20:35:08] [REI-ReloadPlugins/DEBUG] [REI] 82154 displays registration have completed
[20:35:08] [REI-ReloadPlugins/TRACE] [REI] [REIClientPlugin END] Reloading Section: "end-reload/DisplayRegistryImpl/" done in 1.324 s
[20:35:08] [REI-ReloadPlugins/TRACE] [REI] [REIClientPlugin END] Reloading Section: "end-reload/ScreenRegistryImpl/"
[20:35:08] [REI-ReloadPlugins/TRACE] [REI] [REIClientPlugin END] Reloading Section: "end-reload/ScreenRegistryImpl/" done in 7.673 μs
[20:35:08] [REI-ReloadPlugins/TRACE] [REI] [REIClientPlugin END] Reloading Section: "end-reload/FavoriteEntryTypeRegistryImpl/"
[20:35:08] [REI-ReloadPlugins/TRACE] [REI] [REIClientPlugin END] Reloading Section: "end-reload/FavoriteEntryTypeRegistryImpl/" done in 4.012 μs
[20:35:08] [REI-ReloadPlugins/TRACE] [REI] [REIClientPlugin END] Reloading Section: "end-reload/SubsetsRegistryImpl/"
[20:35:08] [REI-ReloadPlugins/TRACE] [REI] [REIClientPlugin END] Reloading Section: "end-reload/SubsetsRegistryImpl/" done in 3.829 μs
[20:35:08] [REI-ReloadPlugins/TRACE] [REI] [REIClientPlugin END] Reloading Section: "end-reload/TransferHandlerRegistryImpl/"
[20:35:08] [REI-ReloadPlugins/DEBUG] [REI] Registered 14 transfer handlers
[20:35:08] [REI-ReloadPlugins/TRACE] [REI] [REIClientPlugin END] Reloading Section: "end-reload/TransferHandlerRegistryImpl/" done in 28.89 μs
[20:35:08] [REI-ReloadPlugins/TRACE] [REI] [REIClientPlugin END] Reloading Section: "end-reload/SearchRuntime/"
[20:35:08] [REI-ReloadPlugins/TRACE] [REI] Preparing 198828 stacks for search arguments
[20:35:09] [REI-ReloadPlugins/TRACE] [REI] Prepared 198828 / 198828 stacks for search arguments in 696ms
[20:35:09] [REI-ReloadPlugins/DEBUG] [REI] Preparing collapsed entry groups cache with 235 entries and 28404 stacks
[20:35:09] [REI-ReloadPlugins/DEBUG] [REI] Prepared collapsed entry groups cache with 235 entries and 28404 stacks
[20:35:09] [REI-ReloadPlugins/TRACE] [REI] [REIClientPlugin END] Reloading Section: "end-reload/SearchRuntime/" done in 1.035 s
[20:35:09] [REI-ReloadPlugins/TRACE] [REI] [REIClientPlugin END] Reloading Section: "end-reload/REIRuntimeImpl/"
[20:35:09] [REI-ReloadPlugins/TRACE] [REI] [REIClientPlugin END] Reloading Section: "end-reload/REIRuntimeImpl/" done in 16.11 μs
[20:35:09] [REI-ReloadPlugins/TRACE] [REI] [REIClientPlugin END] Reloading Section: "end-reload/ConfigAddonRegistryImpl/"
[20:35:09] [REI-ReloadPlugins/DEBUG] [REI] Registered 0 config addons
[20:35:09] [REI-ReloadPlugins/TRACE] [REI] [REIClientPlugin END] Reloading Section: "end-reload/ConfigAddonRegistryImpl/" done in 52.98 μs
[20:35:09] [REI-ReloadPlugins/TRACE] [REI] [REIClientPlugin END] Reloading Section: "end-reload/me.shedaniel.rei.plugin.client.runtime.PluginStageExecutionWatcher$1/"
[20:35:09] [REI-ReloadPlugins/TRACE] [REI] [REIClientPlugin END] Reloading Section: "end-reload/me.shedaniel.rei.plugin.client.runtime.PluginStageExecutionWatcher$1/" done in 5.724 μs
[20:35:09] [REI-ReloadPlugins/TRACE] [REI] [REIClientPlugin END] Reloading Section: "end-reload/" done in 2.362 s
[20:35:09] [REI-ReloadPlugins/DEBUG] [REI] ========================================
[20:35:09] [REI-ReloadPlugins/DEBUG] [REI] REIClientPlugin ended main-reload for END in 12.14 s.
[20:35:09] [REI-ReloadPlugins/DEBUG] [REI] ========================================
[20:35:09] [REI-ReloadPlugins/INFO] [REI] ========================================
[20:35:09] [REI-ReloadPlugins/INFO] [REI] REIServerPlugin starting main-reload for END.
[20:35:09] [REI-ReloadPlugins/DEBUG] [REI] Reloadables (3):
[20:35:09] [REI-ReloadPlugins/DEBUG] [REI]  - MenuInfoRegistryImpl
[20:35:09] [REI-ReloadPlugins/DEBUG] [REI]  - SlotAccessorRegistryImpl
[20:35:09] [REI-ReloadPlugins/DEBUG] [REI]  - me.shedaniel.rei.plugin.client.runtime.PluginStageExecutionWatcher$1
[20:35:09] [REI-ReloadPlugins/INFO] [REI] Plugins (7):
[20:35:09] [REI-ReloadPlugins/INFO] [REI]  - (-100.00) DefaultPluginImpl of DefaultPluginImpl [roughlyenoughitems]
[20:35:09] [REI-ReloadPlugins/INFO] [REI]  - (0.00) StorageReiCommonPlugin of StorageReiCommonPlugin [sophisticatedstorage]
[20:35:09] [REI-ReloadPlugins/INFO] [REI]  - (0.00) ReiPlugin of ReiPlugin [craftingstation]
[20:35:09] [REI-ReloadPlugins/INFO] [REI]  - (0.00) BackpackReiCommonPlugin of BackpackReiCommonPlugin [sophisticatedbackpacks]
[20:35:09] [REI-ReloadPlugins/INFO] [REI]  - (0.00) CoreReiCommonPlugin of CoreReiCommonPlugin [sophisticatedcore]
[20:35:09] [REI-ReloadPlugins/INFO] [REI]  - (0.00) AdornReiServerForge of AdornReiServerForge [adorn]
[20:35:09] [REI-ReloadPlugins/INFO] [REI]  - (0.00) DefaultRuntimePlugin of DefaultRuntimePlugin [roughlyenoughitems]
[20:35:09] [REI-ReloadPlugins/INFO] [REI] ========================================
[20:35:09] [REI-ReloadPlugins/TRACE] [REI] [REIServerPlugin END] Reloading Section: "start-reload/"
[20:35:09] [REI-ReloadPlugins/TRACE] [REI] [REIServerPlugin END] Reloading Section: "start-reload/MenuInfoRegistryImpl/"
[20:35:09] [REI-ReloadPlugins/TRACE] [REI] [REIServerPlugin END] Reloading Section: "start-reload/MenuInfoRegistryImpl/" done in 28.00 μs
[20:35:09] [REI-ReloadPlugins/TRACE] [REI] [REIServerPlugin END] Reloading Section: "start-reload/SlotAccessorRegistryImpl/"
[20:35:09] [REI-ReloadPlugins/TRACE] [REI] [REIServerPlugin END] Reloading Section: "start-reload/SlotAccessorRegistryImpl/" done in 9.713 μs
[20:35:09] [REI-ReloadPlugins/TRACE] [REI] [REIServerPlugin END] Reloading Section: "start-reload/me.shedaniel.rei.plugin.client.runtime.PluginStageExecutionWatcher$1/"
[20:35:09] [REI-ReloadPlugins/TRACE] [REI] [REIServerPlugin END] Reloading Section: "start-reload/me.shedaniel.rei.plugin.client.runtime.PluginStageExecutionWatcher$1/" done in 6.821 μs
[20:35:09] [REI-ReloadPlugins/TRACE] [REI] [REIServerPlugin END] Reloading Section: "start-reload/" done in 97.85 μs
[20:35:09] [REI-ReloadPlugins/DEBUG] [REI] ========================================
[20:35:09] [REI-ReloadPlugins/DEBUG] [REI] REIServerPlugin started main-reload for END.
[20:35:09] [REI-ReloadPlugins/DEBUG] [REI] ========================================
[20:35:09] [REI-ReloadPlugins/TRACE] [REI] [REIServerPlugin END] Reloading Section: "reloadable-plugin/MenuInfoRegistryImpl/"
[20:35:09] [REI-ReloadPlugins/TRACE] [REI] [REIServerPlugin END] Reloading Section: "reloadable-plugin/MenuInfoRegistryImpl/DefaultPluginImpl of DefaultPluginImpl [roughlyenoughitems]/"
[20:35:09] [REI-ReloadPlugins/TRACE] [REI] [REIServerPlugin END] Reloading Section: "reloadable-plugin/MenuInfoRegistryImpl/DefaultPluginImpl of DefaultPluginImpl [roughlyenoughitems]/" done in 21.12 μs
[20:35:09] [REI-ReloadPlugins/TRACE] [REI] [REIServerPlugin END] Reloading Section: "reloadable-plugin/MenuInfoRegistryImpl/StorageReiCommonPlugin of StorageReiCommonPlugin [sophisticatedstorage]/"
[20:35:09] [REI-ReloadPlugins/TRACE] [REI] [REIServerPlugin END] Reloading Section: "reloadable-plugin/MenuInfoRegistryImpl/StorageReiCommonPlugin of StorageReiCommonPlugin [sophisticatedstorage]/" done in 8.040 μs
[20:35:09] [REI-ReloadPlugins/TRACE] [REI] [REIServerPlugin END] Reloading Section: "reloadable-plugin/MenuInfoRegistryImpl/ReiPlugin of ReiPlugin [craftingstation]/"
[20:35:09] [REI-ReloadPlugins/TRACE] [REI] [REIServerPlugin END] Reloading Section: "reloadable-plugin/MenuInfoRegistryImpl/ReiPlugin of ReiPlugin [craftingstation]/" done in 5.972 μs
[20:35:09] [REI-ReloadPlugins/TRACE] [REI] [REIServerPlugin END] Reloading Section: "reloadable-plugin/MenuInfoRegistryImpl/BackpackReiCommonPlugin of BackpackReiCommonPlugin [sophisticatedbackpacks]/"
[20:35:09] [REI-ReloadPlugins/TRACE] [REI] [REIServerPlugin END] Reloading Section: "reloadable-plugin/MenuInfoRegistryImpl/BackpackReiCommonPlugin of BackpackReiCommonPlugin [sophisticatedbackpacks]/" done in 5.255 μs
[20:35:09] [REI-ReloadPlugins/TRACE] [REI] [REIServerPlugin END] Reloading Section: "reloadable-plugin/MenuInfoRegistryImpl/CoreReiCommonPlugin of CoreReiCommonPlugin [sophisticatedcore]/"
[20:35:09] [REI-ReloadPlugins/TRACE] [REI] [REIServerPlugin END] Reloading Section: "reloadable-plugin/MenuInfoRegistryImpl/CoreReiCommonPlugin of CoreReiCommonPlugin [sophisticatedcore]/" done in 5.437 μs
[20:35:09] [REI-ReloadPlugins/TRACE] [REI] [REIServerPlugin END] Reloading Section: "reloadable-plugin/MenuInfoRegistryImpl/AdornReiServerForge of AdornReiServerForge [adorn]/"
[20:35:09] [REI-ReloadPlugins/TRACE] [REI] [REIServerPlugin END] Reloading Section: "reloadable-plugin/MenuInfoRegistryImpl/AdornReiServerForge of AdornReiServerForge [adorn]/" done in 11.36 μs
[20:35:09] [REI-ReloadPlugins/TRACE] [REI] [REIServerPlugin END] Reloading Section: "reloadable-plugin/MenuInfoRegistryImpl/DefaultRuntimePlugin of DefaultRuntimePlugin [roughlyenoughitems]/"
[20:35:09] [REI-ReloadPlugins/TRACE] [REI] [REIServerPlugin END] Reloading Section: "reloadable-plugin/MenuInfoRegistryImpl/DefaultRuntimePlugin of DefaultRuntimePlugin [roughlyenoughitems]/" done in 5.480 μs
[20:35:09] [REI-ReloadPlugins/TRACE] [REI] [REIServerPlugin END] Reloading Section: "reloadable-plugin/MenuInfoRegistryImpl/" done in 172.5 μs
[20:35:09] [REI-ReloadPlugins/TRACE] [REI] [REIServerPlugin END] Reloading Section: "reloadable-plugin/SlotAccessorRegistryImpl/"
[20:35:09] [REI-ReloadPlugins/TRACE] [REI] [REIServerPlugin END] Reloading Section: "reloadable-plugin/SlotAccessorRegistryImpl/DefaultPluginImpl of DefaultPluginImpl [roughlyenoughitems]/"
[20:35:09] [REI-ReloadPlugins/TRACE] [REI] [REIServerPlugin END] Reloading Section: "reloadable-plugin/SlotAccessorRegistryImpl/DefaultPluginImpl of DefaultPluginImpl [roughlyenoughitems]/" done in 11.06 μs
[20:35:09] [REI-ReloadPlugins/TRACE] [REI] [REIServerPlugin END] Reloading Section: "reloadable-plugin/SlotAccessorRegistryImpl/StorageReiCommonPlugin of StorageReiCommonPlugin [sophisticatedstorage]/"
[20:35:09] [REI-ReloadPlugins/TRACE] [REI] [REIServerPlugin END] Reloading Section: "reloadable-plugin/SlotAccessorRegistryImpl/StorageReiCommonPlugin of StorageReiCommonPlugin [sophisticatedstorage]/" done in 5.614 μs
[20:35:09] [REI-ReloadPlugins/TRACE] [REI] [REIServerPlugin END] Reloading Section: "reloadable-plugin/SlotAccessorRegistryImpl/ReiPlugin of ReiPlugin [craftingstation]/"
[20:35:09] [REI-ReloadPlugins/TRACE] [REI] [REIServerPlugin END] Reloading Section: "reloadable-plugin/SlotAccessorRegistryImpl/ReiPlugin of ReiPlugin [craftingstation]/" done in 5.551 μs
[20:35:09] [REI-ReloadPlugins/TRACE] [REI] [REIServerPlugin END] Reloading Section: "reloadable-plugin/SlotAccessorRegistryImpl/BackpackReiCommonPlugin of BackpackReiCommonPlugin [sophisticatedbackpacks]/"
[20:35:09] [REI-ReloadPlugins/TRACE] [REI] [REIServerPlugin END] Reloading Section: "reloadable-plugin/SlotAccessorRegistryImpl/BackpackReiCommonPlugin of BackpackReiCommonPlugin [sophisticatedbackpacks]/" done in 5.827 μs
[20:35:09] [REI-ReloadPlugins/TRACE] [REI] [REIServerPlugin END] Reloading Section: "reloadable-plugin/SlotAccessorRegistryImpl/CoreReiCommonPlugin of CoreReiCommonPlugin [sophisticatedcore]/"
[20:35:09] [REI-ReloadPlugins/DEBUG] [REI] Added slot accessor serializer: net.p3pp3rf1y.sophisticatedcore.compat.recipeviewers.rei.CoreReiCommonPlugin$1@548fe2d0 [sophisticatedcore:storage]
[20:35:09] [REI-ReloadPlugins/TRACE] [REI] [REIServerPlugin END] Reloading Section: "reloadable-plugin/SlotAccessorRegistryImpl/CoreReiCommonPlugin of CoreReiCommonPlugin [sophisticatedcore]/" done in 5.088 ms
[20:35:09] [REI-ReloadPlugins/TRACE] [REI] [REIServerPlugin END] Reloading Section: "reloadable-plugin/SlotAccessorRegistryImpl/AdornReiServerForge of AdornReiServerForge [adorn]/"
[20:35:09] [REI-ReloadPlugins/TRACE] [REI] [REIServerPlugin END] Reloading Section: "reloadable-plugin/SlotAccessorRegistryImpl/AdornReiServerForge of AdornReiServerForge [adorn]/" done in 33.91 μs
[20:35:09] [REI-ReloadPlugins/TRACE] [REI] [REIServerPlugin END] Reloading Section: "reloadable-plugin/SlotAccessorRegistryImpl/DefaultRuntimePlugin of DefaultRuntimePlugin [roughlyenoughitems]/"
[20:35:09] [REI-ReloadPlugins/DEBUG] [REI] Added slot accessor serializer: me.shedaniel.rei.plugin.common.runtime.DefaultRuntimePlugin$1@2554e3af [roughlyenoughitems:vanilla]
[20:35:09] [REI-ReloadPlugins/DEBUG] [REI] Added slot accessor serializer: me.shedaniel.rei.plugin.common.runtime.DefaultRuntimePlugin$2@56ff5f72 [roughlyenoughitems:player]
[20:35:09] [REI-ReloadPlugins/TRACE] [REI] [REIServerPlugin END] Reloading Section: "reloadable-plugin/SlotAccessorRegistryImpl/DefaultRuntimePlugin of DefaultRuntimePlugin [roughlyenoughitems]/" done in 1.192 ms
[20:35:09] [REI-ReloadPlugins/TRACE] [REI] [REIServerPlugin END] Reloading Section: "reloadable-plugin/SlotAccessorRegistryImpl/" done in 6.606 ms
[20:35:09] [REI-ReloadPlugins/TRACE] [REI] [REIServerPlugin END] Reloading Section: "reloadable-plugin/me.shedaniel.rei.plugin.client.runtime.PluginStageExecutionWatcher$1/"
[20:35:09] [REI-ReloadPlugins/TRACE] [REI] [REIServerPlugin END] Reloading Section: "reloadable-plugin/me.shedaniel.rei.plugin.client.runtime.PluginStageExecutionWatcher$1/DefaultPluginImpl of DefaultPluginImpl [roughlyenoughitems]/"
[20:35:09] [REI-ReloadPlugins/TRACE] [REI] [REIServerPlugin END] Reloading Section: "reloadable-plugin/me.shedaniel.rei.plugin.client.runtime.PluginStageExecutionWatcher$1/DefaultPluginImpl of DefaultPluginImpl [roughlyenoughitems]/" done in 11.46 μs
[20:35:09] [REI-ReloadPlugins/TRACE] [REI] [REIServerPlugin END] Reloading Section: "reloadable-plugin/me.shedaniel.rei.plugin.client.runtime.PluginStageExecutionWatcher$1/StorageReiCommonPlugin of StorageReiCommonPlugin [sophisticatedstorage]/"
[20:35:09] [REI-ReloadPlugins/TRACE] [REI] [REIServerPlugin END] Reloading Section: "reloadable-plugin/me.shedaniel.rei.plugin.client.runtime.PluginStageExecutionWatcher$1/StorageReiCommonPlugin of StorageReiCommonPlugin [sophisticatedstorage]/" done in 8.903 μs
[20:35:09] [REI-ReloadPlugins/TRACE] [REI] [REIServerPlugin END] Reloading Section: "reloadable-plugin/me.shedaniel.rei.plugin.client.runtime.PluginStageExecutionWatcher$1/ReiPlugin of ReiPlugin [craftingstation]/"
[20:35:09] [REI-ReloadPlugins/TRACE] [REI] [REIServerPlugin END] Reloading Section: "reloadable-plugin/me.shedaniel.rei.plugin.client.runtime.PluginStageExecutionWatcher$1/ReiPlugin of ReiPlugin [craftingstation]/" done in 5.585 μs
[20:35:09] [REI-ReloadPlugins/TRACE] [REI] [REIServerPlugin END] Reloading Section: "reloadable-plugin/me.shedaniel.rei.plugin.client.runtime.PluginStageExecutionWatcher$1/BackpackReiCommonPlugin of BackpackReiCommonPlugin [sophisticatedbackpacks]/"
[20:35:09] [REI-ReloadPlugins/TRACE] [REI] [REIServerPlugin END] Reloading Section: "reloadable-plugin/me.shedaniel.rei.plugin.client.runtime.PluginStageExecutionWatcher$1/BackpackReiCommonPlugin of BackpackReiCommonPlugin [sophisticatedbackpacks]/" done in 5.274 μs
[20:35:09] [REI-ReloadPlugins/TRACE] [REI] [REIServerPlugin END] Reloading Section: "reloadable-plugin/me.shedaniel.rei.plugin.client.runtime.PluginStageExecutionWatcher$1/CoreReiCommonPlugin of CoreReiCommonPlugin [sophisticatedcore]/"
[20:35:09] [REI-ReloadPlugins/TRACE] [REI] [REIServerPlugin END] Reloading Section: "reloadable-plugin/me.shedaniel.rei.plugin.client.runtime.PluginStageExecutionWatcher$1/CoreReiCommonPlugin of CoreReiCommonPlugin [sophisticatedcore]/" done in 5.054 μs
[20:35:09] [REI-ReloadPlugins/TRACE] [REI] [REIServerPlugin END] Reloading Section: "reloadable-plugin/me.shedaniel.rei.plugin.client.runtime.PluginStageExecutionWatcher$1/AdornReiServerForge of AdornReiServerForge [adorn]/"
[20:35:09] [REI-ReloadPlugins/TRACE] [REI] [REIServerPlugin END] Reloading Section: "reloadable-plugin/me.shedaniel.rei.plugin.client.runtime.PluginStageExecutionWatcher$1/AdornReiServerForge of AdornReiServerForge [adorn]/" done in 5.293 μs
[20:35:09] [REI-ReloadPlugins/TRACE] [REI] [REIServerPlugin END] Reloading Section: "reloadable-plugin/me.shedaniel.rei.plugin.client.runtime.PluginStageExecutionWatcher$1/DefaultRuntimePlugin of DefaultRuntimePlugin [roughlyenoughitems]/"
[20:35:09] [REI-ReloadPlugins/TRACE] [REI] [REIServerPlugin END] Reloading Section: "reloadable-plugin/me.shedaniel.rei.plugin.client.runtime.PluginStageExecutionWatcher$1/DefaultRuntimePlugin of DefaultRuntimePlugin [roughlyenoughitems]/" done in 13.47 μs
[20:35:09] [REI-ReloadPlugins/TRACE] [REI] [REIServerPlugin END] Reloading Section: "reloadable-plugin/me.shedaniel.rei.plugin.client.runtime.PluginStageExecutionWatcher$1/" done in 168.7 μs
[20:35:09] [REI-ReloadPlugins/DEBUG] [REI] ========================================
[20:35:09] [REI-ReloadPlugins/DEBUG] [REI] REIServerPlugin ending main-reload for END.
[20:35:09] [REI-ReloadPlugins/DEBUG] [REI] ========================================
[20:35:09] [REI-ReloadPlugins/TRACE] [REI] [REIServerPlugin END] Reloading Section: "end-reload/"
[20:35:09] [REI-ReloadPlugins/TRACE] [REI] [REIServerPlugin END] Reloading Section: "end-reload/MenuInfoRegistryImpl/"
[20:35:09] [REI-ReloadPlugins/DEBUG] [REI] Registered 0 menu infos
[20:35:09] [REI-ReloadPlugins/TRACE] [REI] [REIServerPlugin END] Reloading Section: "end-reload/MenuInfoRegistryImpl/" done in 51.30 μs
[20:35:09] [REI-ReloadPlugins/TRACE] [REI] [REIServerPlugin END] Reloading Section: "end-reload/SlotAccessorRegistryImpl/"
[20:35:09] [REI-ReloadPlugins/DEBUG] [REI] Registered 3 slot accessor serializers
[20:35:09] [REI-ReloadPlugins/TRACE] [REI] [REIServerPlugin END] Reloading Section: "end-reload/SlotAccessorRegistryImpl/" done in 40.41 μs
[20:35:09] [REI-ReloadPlugins/TRACE] [REI] [REIServerPlugin END] Reloading Section: "end-reload/me.shedaniel.rei.plugin.client.runtime.PluginStageExecutionWatcher$1/"
[20:35:09] [REI-ReloadPlugins/TRACE] [REI] [REIServerPlugin END] Reloading Section: "end-reload/me.shedaniel.rei.plugin.client.runtime.PluginStageExecutionWatcher$1/" done in 5.696 μs
[20:35:09] [REI-ReloadPlugins/TRACE] [REI] [REIServerPlugin END] Reloading Section: "end-reload/" done in 142.3 μs
[20:35:09] [REI-ReloadPlugins/DEBUG] [REI] ========================================
[20:35:09] [REI-ReloadPlugins/DEBUG] [REI] REIServerPlugin ended main-reload for END in 7.758 ms.
[20:35:09] [REI-ReloadPlugins/DEBUG] [REI] ========================================
[20:35:09] [REI-ReloadPlugins/DEBUG] [REI] ========================================
[20:35:09] [REI-ReloadPlugins/DEBUG] [REI] REIPlugin starting post-reload for END.
[20:35:09] [REI-ReloadPlugins/DEBUG] [REI] Reloadables (8):
[20:35:09] [REI-ReloadPlugins/DEBUG] [REI]  - EntryTypeRegistryImpl
[20:35:09] [REI-ReloadPlugins/DEBUG] [REI]  - EntrySettingsAdapterRegistryImpl
[20:35:09] [REI-ReloadPlugins/DEBUG] [REI]  - RecipeManagerContextImpl
[20:35:09] [REI-ReloadPlugins/DEBUG] [REI]  - ItemComparatorRegistryImpl
[20:35:09] [REI-ReloadPlugins/DEBUG] [REI]  - FluidComparatorRegistryImpl
[20:35:09] [REI-ReloadPlugins/DEBUG] [REI]  - DisplaySerializerRegistryImpl
[20:35:09] [REI-ReloadPlugins/DEBUG] [REI]  - FluidSupportProviderImpl
[20:35:09] [REI-ReloadPlugins/DEBUG] [REI]  - me.shedaniel.rei.plugin.client.runtime.PluginStageExecutionWatcher$1
[20:35:09] [REI-ReloadPlugins/DEBUG] [REI] Plugins (25):
[20:35:09] [REI-ReloadPlugins/DEBUG] [REI]  - (-100.00) DefaultClientPluginImpl of DefaultClientPluginImpl [roughlyenoughitems]
[20:35:09] [REI-ReloadPlugins/DEBUG] [REI]  - (-100.00) DefaultPluginImpl of DefaultPluginImpl [roughlyenoughitems]
[20:35:09] [REI-ReloadPlugins/DEBUG] [REI]  - (0.00) HideIngredientsFromTagsPlugin of HideIngredientsFromTagsPlugin [roughlyenoughitems]
[20:35:09] [REI-ReloadPlugins/DEBUG] [REI]  - (0.00) DefaultClientRuntimePlugin of DefaultClientRuntimePlugin [roughlyenoughitems]
[20:35:09] [REI-ReloadPlugins/DEBUG] [REI]  - (0.00) DefaultRuntimePlugin of DefaultRuntimePlugin [roughlyenoughitems]
[20:35:09] [REI-ReloadPlugins/DEBUG] [REI]  - (0.00) REICompat of REICompat [supplementaries]
[20:35:09] [REI-ReloadPlugins/DEBUG] [REI]  - (0.00) GTREIPlugin of GTREIPlugin [gtceu]
[20:35:09] [REI-ReloadPlugins/DEBUG] [REI]  - (0.00) FTBQuestsREIIntegrationForge of FTBQuestsREIIntegrationForge [ftbxmodcompat]
[20:35:09] [REI-ReloadPlugins/DEBUG] [REI]  - (0.00) ExtendedAE of ExtendedAE [expatternprovider]
[20:35:09] [REI-ReloadPlugins/DEBUG] [REI]  - (0.00) FramedReiPlugin of FramedReiPlugin [framedblocks]
[20:35:09] [REI-ReloadPlugins/DEBUG] [REI]  - (0.00) StorageReiClientPlugin of StorageReiClientPlugin [sophisticatedstorage]
[20:35:09] [REI-ReloadPlugins/DEBUG] [REI]  - (0.00) BackpackReiClientPlugin of BackpackReiClientPlugin [sophisticatedbackpacks]
[20:35:09] [REI-ReloadPlugins/DEBUG] [REI]  - (0.00) ReiIsDumbClientPlugin of ReiIsDumbClientPlugin [ad_astra]
[20:35:09] [REI-ReloadPlugins/DEBUG] [REI]  - (0.00) almostunified.roughlyenoughitems of almostunified.roughlyenoughitems [almostunified]
[20:35:09] [REI-ReloadPlugins/DEBUG] [REI]  - (0.00) AdornReiClientForge of AdornReiClientForge [adorn]
[20:35:09] [REI-ReloadPlugins/DEBUG] [REI]  - (0.00) REIPluginImpl of REIPluginImpl [ldlib]
[20:35:09] [REI-ReloadPlugins/DEBUG] [REI]  - (0.00) StorageReiCommonPlugin of StorageReiCommonPlugin [sophisticatedstorage]
[20:35:09] [REI-ReloadPlugins/DEBUG] [REI]  - (0.00) ReiClientPlugin of ReiClientPlugin [craftingstation]
[20:35:09] [REI-ReloadPlugins/DEBUG] [REI]  - (0.00) ReiPlugin of ReiPlugin [craftingstation]
[20:35:09] [REI-ReloadPlugins/DEBUG] [REI]  - (0.00) REIForgePluginStub of REIForgePluginStub [ftblibrary]
[20:35:09] [REI-ReloadPlugins/DEBUG] [REI]  - (0.00) BackpackReiCommonPlugin of BackpackReiCommonPlugin [sophisticatedbackpacks]
[20:35:09] [REI-ReloadPlugins/DEBUG] [REI]  - (0.00) CoreReiCommonPlugin of CoreReiCommonPlugin [sophisticatedcore]
[20:35:09] [REI-ReloadPlugins/DEBUG] [REI]  - (0.00) AdornReiServerForge of AdornReiServerForge [adorn]
[20:35:09] [REI-ReloadPlugins/DEBUG] [REI]  - (0.00) AE2 of AE2 [ae2]
[20:35:09] [REI-ReloadPlugins/DEBUG] [REI]  - (10000000.00) REIForgePluginStub of REIForgePluginStub [kubejs]
[20:35:09] [REI-ReloadPlugins/DEBUG] [REI] ========================================
[20:35:09] [REI-ReloadPlugins/TRACE] [REI] [REIPlugin END] Reloading Section: "post-register/"
[20:35:09] [REI-ReloadPlugins/TRACE] [REI] [REIPlugin END] Reloading Section: "post-register/DefaultClientPluginImpl of DefaultClientPluginImpl [roughlyenoughitems]/"
[20:35:09] [REI-ReloadPlugins/TRACE] [REI] [REIPlugin END] Reloading Section: "post-register/DefaultClientPluginImpl of DefaultClientPluginImpl [roughlyenoughitems]/" done in 10.92 μs
[20:35:09] [REI-ReloadPlugins/TRACE] [REI] [REIPlugin END] Reloading Section: "post-register/DefaultPluginImpl of DefaultPluginImpl [roughlyenoughitems]/"
[20:35:09] [REI-ReloadPlugins/TRACE] [REI] [REIPlugin END] Reloading Section: "post-register/DefaultPluginImpl of DefaultPluginImpl [roughlyenoughitems]/" done in 5.787 μs
[20:35:09] [REI-ReloadPlugins/TRACE] [REI] [REIPlugin END] Reloading Section: "post-register/HideIngredientsFromTagsPlugin of HideIngredientsFromTagsPlugin [roughlyenoughitems]/"
[20:35:09] [REI-ReloadPlugins/TRACE] [REI] [REIPlugin END] Reloading Section: "post-register/HideIngredientsFromTagsPlugin of HideIngredientsFromTagsPlugin [roughlyenoughitems]/" done in 5.407 μs
[20:35:09] [REI-ReloadPlugins/TRACE] [REI] [REIPlugin END] Reloading Section: "post-register/DefaultClientRuntimePlugin of DefaultClientRuntimePlugin [roughlyenoughitems]/"
[20:35:09] [REI-ReloadPlugins/TRACE] [REI] [REIPlugin END] Reloading Section: "post-register/DefaultClientRuntimePlugin of DefaultClientRuntimePlugin [roughlyenoughitems]/" done in 5.173 μs
[20:35:09] [REI-ReloadPlugins/TRACE] [REI] [REIPlugin END] Reloading Section: "post-register/DefaultRuntimePlugin of DefaultRuntimePlugin [roughlyenoughitems]/"
[20:35:09] [REI-ReloadPlugins/TRACE] [REI] [REIPlugin END] Reloading Section: "post-register/DefaultRuntimePlugin of DefaultRuntimePlugin [roughlyenoughitems]/" done in 5.118 μs
[20:35:09] [REI-ReloadPlugins/TRACE] [REI] [REIPlugin END] Reloading Section: "post-register/REICompat of REICompat [supplementaries]/"
[20:35:09] [REI-ReloadPlugins/TRACE] [REI] [REIPlugin END] Reloading Section: "post-register/REICompat of REICompat [supplementaries]/" done in 13.37 μs
[20:35:09] [REI-ReloadPlugins/TRACE] [REI] [REIPlugin END] Reloading Section: "post-register/GTREIPlugin of GTREIPlugin [gtceu]/"
[20:35:09] [REI-ReloadPlugins/TRACE] [REI] [REIPlugin END] Reloading Section: "post-register/GTREIPlugin of GTREIPlugin [gtceu]/" done in 5.865 μs
[20:35:09] [REI-ReloadPlugins/TRACE] [REI] [REIPlugin END] Reloading Section: "post-register/FTBQuestsREIIntegrationForge of FTBQuestsREIIntegrationForge [ftbxmodcompat]/"
[20:35:09] [REI-ReloadPlugins/TRACE] [REI] [REIPlugin END] Reloading Section: "post-register/FTBQuestsREIIntegrationForge of FTBQuestsREIIntegrationForge [ftbxmodcompat]/" done in 10.31 μs
[20:35:09] [REI-ReloadPlugins/TRACE] [REI] [REIPlugin END] Reloading Section: "post-register/ExtendedAE of ExtendedAE [expatternprovider]/"
[20:35:09] [REI-ReloadPlugins/TRACE] [REI] [REIPlugin END] Reloading Section: "post-register/ExtendedAE of ExtendedAE [expatternprovider]/" done in 5.311 μs
[20:35:09] [REI-ReloadPlugins/TRACE] [REI] [REIPlugin END] Reloading Section: "post-register/FramedReiPlugin of FramedReiPlugin [framedblocks]/"
[20:35:09] [REI-ReloadPlugins/TRACE] [REI] [REIPlugin END] Reloading Section: "post-register/FramedReiPlugin of FramedReiPlugin [framedblocks]/" done in 5.350 μs
[20:35:09] [REI-ReloadPlugins/TRACE] [REI] [REIPlugin END] Reloading Section: "post-register/StorageReiClientPlugin of StorageReiClientPlugin [sophisticatedstorage]/"
[20:35:09] [REI-ReloadPlugins/TRACE] [REI] [REIPlugin END] Reloading Section: "post-register/StorageReiClientPlugin of StorageReiClientPlugin [sophisticatedstorage]/" done in 5.586 μs
[20:35:09] [REI-ReloadPlugins/TRACE] [REI] [REIPlugin END] Reloading Section: "post-register/BackpackReiClientPlugin of BackpackReiClientPlugin [sophisticatedbackpacks]/"
[20:35:09] [REI-ReloadPlugins/TRACE] [REI] [REIPlugin END] Reloading Section: "post-register/BackpackReiClientPlugin of BackpackReiClientPlugin [sophisticatedbackpacks]/" done in 5.188 μs
[20:35:09] [REI-ReloadPlugins/TRACE] [REI] [REIPlugin END] Reloading Section: "post-register/ReiIsDumbClientPlugin of ReiIsDumbClientPlugin [ad_astra]/"
[20:35:09] [REI-ReloadPlugins/TRACE] [REI] [REIPlugin END] Reloading Section: "post-register/ReiIsDumbClientPlugin of ReiIsDumbClientPlugin [ad_astra]/" done in 5.245 μs
[20:35:09] [REI-ReloadPlugins/TRACE] [REI] [REIPlugin END] Reloading Section: "post-register/almostunified.roughlyenoughitems of almostunified.roughlyenoughitems [almostunified]/"
[20:35:09] [REI-ReloadPlugins/TRACE] [REI] [REIPlugin END] Reloading Section: "post-register/almostunified.roughlyenoughitems of almostunified.roughlyenoughitems [almostunified]/" done in 23.05 μs
[20:35:09] [REI-ReloadPlugins/TRACE] [REI] [REIPlugin END] Reloading Section: "post-register/AdornReiClientForge of AdornReiClientForge [adorn]/"
[20:35:09] [REI-ReloadPlugins/TRACE] [REI] [REIPlugin END] Reloading Section: "post-register/AdornReiClientForge of AdornReiClientForge [adorn]/" done in 6.359 μs
[20:35:09] [REI-ReloadPlugins/TRACE] [REI] [REIPlugin END] Reloading Section: "post-register/REIPluginImpl of REIPluginImpl [ldlib]/"
[20:35:09] [REI-ReloadPlugins/TRACE] [REI] [REIPlugin END] Reloading Section: "post-register/REIPluginImpl of REIPluginImpl [ldlib]/" done in 5.292 μs
[20:35:09] [REI-ReloadPlugins/TRACE] [REI] [REIPlugin END] Reloading Section: "post-register/StorageReiCommonPlugin of StorageReiCommonPlugin [sophisticatedstorage]/"
[20:35:09] [REI-ReloadPlugins/TRACE] [REI] [REIPlugin END] Reloading Section: "post-register/StorageReiCommonPlugin of StorageReiCommonPlugin [sophisticatedstorage]/" done in 4.941 μs
[20:35:09] [REI-ReloadPlugins/TRACE] [REI] [REIPlugin END] Reloading Section: "post-register/ReiClientPlugin of ReiClientPlugin [craftingstation]/"
[20:35:09] [REI-ReloadPlugins/TRACE] [REI] [REIPlugin END] Reloading Section: "post-register/ReiClientPlugin of ReiClientPlugin [craftingstation]/" done in 5.129 μs
[20:35:09] [REI-ReloadPlugins/TRACE] [REI] [REIPlugin END] Reloading Section: "post-register/ReiPlugin of ReiPlugin [craftingstation]/"
[20:35:09] [REI-ReloadPlugins/TRACE] [REI] [REIPlugin END] Reloading Section: "post-register/ReiPlugin of ReiPlugin [craftingstation]/" done in 5.313 μs
[20:35:09] [REI-ReloadPlugins/TRACE] [REI] [REIPlugin END] Reloading Section: "post-register/REIForgePluginStub of REIForgePluginStub [ftblibrary]/"
[20:35:09] [REI-ReloadPlugins/TRACE] [REI] [REIPlugin END] Reloading Section: "post-register/REIForgePluginStub of REIForgePluginStub [ftblibrary]/" done in 5.541 μs
[20:35:09] [REI-ReloadPlugins/TRACE] [REI] [REIPlugin END] Reloading Section: "post-register/BackpackReiCommonPlugin of BackpackReiCommonPlugin [sophisticatedbackpacks]/"
[20:35:09] [REI-ReloadPlugins/TRACE] [REI] [REIPlugin END] Reloading Section: "post-register/BackpackReiCommonPlugin of BackpackReiCommonPlugin [sophisticatedbackpacks]/" done in 5.106 μs
[20:35:09] [REI-ReloadPlugins/TRACE] [REI] [REIPlugin END] Reloading Section: "post-register/CoreReiCommonPlugin of CoreReiCommonPlugin [sophisticatedcore]/"
[20:35:09] [REI-ReloadPlugins/TRACE] [REI] [REIPlugin END] Reloading Section: "post-register/CoreReiCommonPlugin of CoreReiCommonPlugin [sophisticatedcore]/" done in 4.907 μs
[20:35:09] [REI-ReloadPlugins/TRACE] [REI] [REIPlugin END] Reloading Section: "post-register/AdornReiServerForge of AdornReiServerForge [adorn]/"
[20:35:09] [REI-ReloadPlugins/TRACE] [REI] [REIPlugin END] Reloading Section: "post-register/AdornReiServerForge of AdornReiServerForge [adorn]/" done in 4.905 μs
[20:35:09] [REI-ReloadPlugins/TRACE] [REI] [REIPlugin END] Reloading Section: "post-register/AE2 of AE2 [ae2]/"
[20:35:09] [REI-ReloadPlugins/TRACE] [REI] [REIPlugin END] Reloading Section: "post-register/AE2 of AE2 [ae2]/" done in 5.192 μs
[20:35:09] [REI-ReloadPlugins/TRACE] [REI] [REIPlugin END] Reloading Section: "post-register/REIForgePluginStub of REIForgePluginStub [kubejs]/"
[20:35:09] [REI-ReloadPlugins/TRACE] [REI] [REIPlugin END] Reloading Section: "post-register/REIForgePluginStub of REIForgePluginStub [kubejs]/" done in 49.74 μs
[20:35:09] [REI-ReloadPlugins/TRACE] [REI] [REIPlugin END] Reloading Section: "post-register/" done in 487.4 μs
[20:35:09] [REI-ReloadPlugins/TRACE] [REI] [REIPlugin END] Reloading Section: "post-stage/"
[20:35:09] [REI-ReloadPlugins/TRACE] [REI] [REIPlugin END] Reloading Section: "post-stage/EntryTypeRegistryImpl/"
[20:35:09] [REI-ReloadPlugins/TRACE] [REI] [REIPlugin END] Reloading Section: "post-stage/EntryTypeRegistryImpl/" done in 6.816 μs
[20:35:09] [REI-ReloadPlugins/TRACE] [REI] [REIPlugin END] Reloading Section: "post-stage/EntrySettingsAdapterRegistryImpl/"
[20:35:09] [REI-ReloadPlugins/TRACE] [REI] [REIPlugin END] Reloading Section: "post-stage/EntrySettingsAdapterRegistryImpl/" done in 4.958 μs
[20:35:09] [REI-ReloadPlugins/TRACE] [REI] [REIPlugin END] Reloading Section: "post-stage/RecipeManagerContextImpl/"
[20:35:09] [REI-ReloadPlugins/TRACE] [REI] [REIPlugin END] Reloading Section: "post-stage/RecipeManagerContextImpl/" done in 4.852 μs
[20:35:09] [REI-ReloadPlugins/TRACE] [REI] [REIPlugin END] Reloading Section: "post-stage/ItemComparatorRegistryImpl/"
[20:35:09] [REI-ReloadPlugins/TRACE] [REI] [REIPlugin END] Reloading Section: "post-stage/ItemComparatorRegistryImpl/" done in 4.816 μs
[20:35:09] [REI-ReloadPlugins/TRACE] [REI] [REIPlugin END] Reloading Section: "post-stage/FluidComparatorRegistryImpl/"
[20:35:09] [REI-ReloadPlugins/TRACE] [REI] [REIPlugin END] Reloading Section: "post-stage/FluidComparatorRegistryImpl/" done in 4.887 μs
[20:35:09] [REI-ReloadPlugins/TRACE] [REI] [REIPlugin END] Reloading Section: "post-stage/DisplaySerializerRegistryImpl/"
[20:35:09] [REI-ReloadPlugins/TRACE] [REI] [REIPlugin END] Reloading Section: "post-stage/DisplaySerializerRegistryImpl/" done in 14.51 μs
[20:35:09] [REI-ReloadPlugins/TRACE] [REI] [REIPlugin END] Reloading Section: "post-stage/FluidSupportProviderImpl/"
[20:35:09] [REI-ReloadPlugins/TRACE] [REI] [REIPlugin END] Reloading Section: "post-stage/FluidSupportProviderImpl/" done in 9.210 μs
[20:35:09] [REI-ReloadPlugins/TRACE] [REI] [REIPlugin END] Reloading Section: "post-stage/me.shedaniel.rei.plugin.client.runtime.PluginStageExecutionWatcher$1/"
[20:35:09] [REI-ReloadPlugins/TRACE] [REI] [REIPlugin END] Reloading Section: "post-stage/me.shedaniel.rei.plugin.client.runtime.PluginStageExecutionWatcher$1/" done in 8.170 μs
[20:35:09] [REI-ReloadPlugins/TRACE] [REI] [REIPlugin END] Reloading Section: "post-stage/" done in 145.7 μs
[20:35:09] [REI-ReloadPlugins/DEBUG] [REI] ========================================
[20:35:09] [REI-ReloadPlugins/INFO] [REI] REIPlugin finished post-reload for END in 652.4 μs, totaling 40.09 ms.
[20:35:09] [REI-ReloadPlugins/DEBUG] [REI] ========================================
[20:35:09] [REI-ReloadPlugins/DEBUG] [REI] ========================================
[20:35:09] [REI-ReloadPlugins/DEBUG] [REI] REIClientPlugin starting post-reload for END.
[20:35:09] [REI-ReloadPlugins/DEBUG] [REI] Reloadables (18):
[20:35:09] [REI-ReloadPlugins/DEBUG] [REI]  - EntryRendererRegistryImpl
[20:35:09] [REI-ReloadPlugins/DEBUG] [REI]  - ViewsImpl
[20:35:09] [REI-ReloadPlugins/DEBUG] [REI]  - InputMethodRegistryImpl
[20:35:09] [REI-ReloadPlugins/DEBUG] [REI]  - SearchProviderImpl
[20:35:09] [REI-ReloadPlugins/DEBUG] [REI]  - ConfigManagerImpl
[20:35:09] [REI-ReloadPlugins/DEBUG] [REI]  - EntryRegistryImpl
[20:35:09] [REI-ReloadPlugins/DEBUG] [REI]  - CollapsibleEntryRegistryImpl
[20:35:09] [REI-ReloadPlugins/DEBUG] [REI]  - BasicFilteringRuleImpl
[20:35:09] [REI-ReloadPlugins/DEBUG] [REI]  - CategoryRegistryImpl
[20:35:09] [REI-ReloadPlugins/DEBUG] [REI]  - DisplayRegistryImpl
[20:35:09] [REI-ReloadPlugins/DEBUG] [REI]  - ScreenRegistryImpl
[20:35:09] [REI-ReloadPlugins/DEBUG] [REI]  - FavoriteEntryTypeRegistryImpl
[20:35:09] [REI-ReloadPlugins/DEBUG] [REI]  - SubsetsRegistryImpl
[20:35:09] [REI-ReloadPlugins/DEBUG] [REI]  - TransferHandlerRegistryImpl
[20:35:09] [REI-ReloadPlugins/DEBUG] [REI]  - SearchRuntime
[20:35:09] [REI-ReloadPlugins/DEBUG] [REI]  - REIRuntimeImpl
[20:35:09] [REI-ReloadPlugins/DEBUG] [REI]  - ConfigAddonRegistryImpl
[20:35:09] [REI-ReloadPlugins/DEBUG] [REI]  - me.shedaniel.rei.plugin.client.runtime.PluginStageExecutionWatcher$1
[20:35:09] [REI-ReloadPlugins/DEBUG] [REI] Plugins (18):
[20:35:09] [REI-ReloadPlugins/DEBUG] [REI]  - (-100.00) DefaultClientPluginImpl of DefaultClientPluginImpl [roughlyenoughitems]
[20:35:09] [REI-ReloadPlugins/DEBUG] [REI]  - (0.00) REICompat of REICompat [supplementaries]
[20:35:09] [REI-ReloadPlugins/DEBUG] [REI]  - (0.00) GTREIPlugin of GTREIPlugin [gtceu]
[20:35:09] [REI-ReloadPlugins/DEBUG] [REI]  - (0.00) FTBQuestsREIIntegrationForge of FTBQuestsREIIntegrationForge [ftbxmodcompat]
[20:35:09] [REI-ReloadPlugins/DEBUG] [REI]  - (0.00) ExtendedAE of ExtendedAE [expatternprovider]
[20:35:09] [REI-ReloadPlugins/DEBUG] [REI]  - (0.00) FramedReiPlugin of FramedReiPlugin [framedblocks]
[20:35:09] [REI-ReloadPlugins/DEBUG] [REI]  - (0.00) StorageReiClientPlugin of StorageReiClientPlugin [sophisticatedstorage]
[20:35:09] [REI-ReloadPlugins/DEBUG] [REI]  - (0.00) BackpackReiClientPlugin of BackpackReiClientPlugin [sophisticatedbackpacks]
[20:35:09] [REI-ReloadPlugins/DEBUG] [REI]  - (0.00) ReiIsDumbClientPlugin of ReiIsDumbClientPlugin [ad_astra]
[20:35:09] [REI-ReloadPlugins/DEBUG] [REI]  - (0.00) almostunified.roughlyenoughitems of almostunified.roughlyenoughitems [almostunified]
[20:35:09] [REI-ReloadPlugins/DEBUG] [REI]  - (0.00) AdornReiClientForge of AdornReiClientForge [adorn]
[20:35:09] [REI-ReloadPlugins/DEBUG] [REI]  - (0.00) REIPluginImpl of REIPluginImpl [ldlib]
[20:35:09] [REI-ReloadPlugins/DEBUG] [REI]  - (0.00) ReiClientPlugin of ReiClientPlugin [craftingstation]
[20:35:09] [REI-ReloadPlugins/DEBUG] [REI]  - (0.00) REIForgePluginStub of REIForgePluginStub [ftblibrary]
[20:35:09] [REI-ReloadPlugins/DEBUG] [REI]  - (0.00) AE2 of AE2 [ae2]
[20:35:09] [REI-ReloadPlugins/DEBUG] [REI]  - (0.00) HideIngredientsFromTagsPlugin of HideIngredientsFromTagsPlugin [roughlyenoughitems]
[20:35:09] [REI-ReloadPlugins/DEBUG] [REI]  - (0.00) DefaultClientRuntimePlugin of DefaultClientRuntimePlugin [roughlyenoughitems]
[20:35:09] [REI-ReloadPlugins/DEBUG] [REI]  - (10000000.00) REIForgePluginStub of REIForgePluginStub [kubejs]
[20:35:09] [REI-ReloadPlugins/DEBUG] [REI] ========================================
[20:35:09] [REI-ReloadPlugins/TRACE] [REI] [REIClientPlugin END] Reloading Section: "post-register/"
[20:35:09] [REI-ReloadPlugins/TRACE] [REI] [REIClientPlugin END] Reloading Section: "post-register/DefaultClientPluginImpl of DefaultClientPluginImpl [roughlyenoughitems]/"
[20:35:09] [REI-ReloadPlugins/TRACE] [REI] [REIClientPlugin END] Reloading Section: "post-register/DefaultClientPluginImpl of DefaultClientPluginImpl [roughlyenoughitems]/" done in 14.79 μs
[20:35:09] [REI-ReloadPlugins/TRACE] [REI] [REIClientPlugin END] Reloading Section: "post-register/REICompat of REICompat [supplementaries]/"
[20:35:09] [REI-ReloadPlugins/TRACE] [REI] [REIClientPlugin END] Reloading Section: "post-register/REICompat of REICompat [supplementaries]/" done in 5.740 μs
[20:35:09] [REI-ReloadPlugins/TRACE] [REI] [REIClientPlugin END] Reloading Section: "post-register/GTREIPlugin of GTREIPlugin [gtceu]/"
[20:35:09] [REI-ReloadPlugins/TRACE] [REI] [REIClientPlugin END] Reloading Section: "post-register/GTREIPlugin of GTREIPlugin [gtceu]/" done in 5.275 μs
[20:35:09] [REI-ReloadPlugins/TRACE] [REI] [REIClientPlugin END] Reloading Section: "post-register/FTBQuestsREIIntegrationForge of FTBQuestsREIIntegrationForge [ftbxmodcompat]/"
[20:35:09] [REI-ReloadPlugins/TRACE] [REI] [REIClientPlugin END] Reloading Section: "post-register/FTBQuestsREIIntegrationForge of FTBQuestsREIIntegrationForge [ftbxmodcompat]/" done in 5.444 μs
[20:35:09] [REI-ReloadPlugins/TRACE] [REI] [REIClientPlugin END] Reloading Section: "post-register/ExtendedAE of ExtendedAE [expatternprovider]/"
[20:35:09] [REI-ReloadPlugins/TRACE] [REI] [REIClientPlugin END] Reloading Section: "post-register/ExtendedAE of ExtendedAE [expatternprovider]/" done in 5.473 μs
[20:35:09] [REI-ReloadPlugins/TRACE] [REI] [REIClientPlugin END] Reloading Section: "post-register/FramedReiPlugin of FramedReiPlugin [framedblocks]/"
[20:35:09] [REI-ReloadPlugins/TRACE] [REI] [REIClientPlugin END] Reloading Section: "post-register/FramedReiPlugin of FramedReiPlugin [framedblocks]/" done in 5.106 μs
[20:35:09] [REI-ReloadPlugins/TRACE] [REI] [REIClientPlugin END] Reloading Section: "post-register/StorageReiClientPlugin of StorageReiClientPlugin [sophisticatedstorage]/"
[20:35:09] [REI-ReloadPlugins/TRACE] [REI] [REIClientPlugin END] Reloading Section: "post-register/StorageReiClientPlugin of StorageReiClientPlugin [sophisticatedstorage]/" done in 5.210 μs
[20:35:09] [REI-ReloadPlugins/TRACE] [REI] [REIClientPlugin END] Reloading Section: "post-register/BackpackReiClientPlugin of BackpackReiClientPlugin [sophisticatedbackpacks]/"
[20:35:09] [REI-ReloadPlugins/TRACE] [REI] [REIClientPlugin END] Reloading Section: "post-register/BackpackReiClientPlugin of BackpackReiClientPlugin [sophisticatedbackpacks]/" done in 5.321 μs
[20:35:09] [REI-ReloadPlugins/TRACE] [REI] [REIClientPlugin END] Reloading Section: "post-register/ReiIsDumbClientPlugin of ReiIsDumbClientPlugin [ad_astra]/"
[20:35:09] [REI-ReloadPlugins/TRACE] [REI] [REIClientPlugin END] Reloading Section: "post-register/ReiIsDumbClientPlugin of ReiIsDumbClientPlugin [ad_astra]/" done in 5.257 μs
[20:35:09] [REI-ReloadPlugins/TRACE] [REI] [REIClientPlugin END] Reloading Section: "post-register/almostunified.roughlyenoughitems of almostunified.roughlyenoughitems [almostunified]/"
[20:35:09] [REI-ReloadPlugins/TRACE] [REI] [REIClientPlugin END] Reloading Section: "post-register/almostunified.roughlyenoughitems of almostunified.roughlyenoughitems [almostunified]/" done in 1.034 ms
[20:35:09] [REI-ReloadPlugins/TRACE] [REI] [REIClientPlugin END] Reloading Section: "post-register/AdornReiClientForge of AdornReiClientForge [adorn]/"
[20:35:09] [REI-ReloadPlugins/TRACE] [REI] [REIClientPlugin END] Reloading Section: "post-register/AdornReiClientForge of AdornReiClientForge [adorn]/" done in 13.73 μs
[20:35:09] [REI-ReloadPlugins/TRACE] [REI] [REIClientPlugin END] Reloading Section: "post-register/REIPluginImpl of REIPluginImpl [ldlib]/"
[20:35:09] [REI-ReloadPlugins/TRACE] [REI] [REIClientPlugin END] Reloading Section: "post-register/REIPluginImpl of REIPluginImpl [ldlib]/" done in 6.145 μs
[20:35:09] [REI-ReloadPlugins/TRACE] [REI] [REIClientPlugin END] Reloading Section: "post-register/ReiClientPlugin of ReiClientPlugin [craftingstation]/"
[20:35:09] [REI-ReloadPlugins/TRACE] [REI] [REIClientPlugin END] Reloading Section: "post-register/ReiClientPlugin of ReiClientPlugin [craftingstation]/" done in 5.439 μs
[20:35:09] [REI-ReloadPlugins/TRACE] [REI] [REIClientPlugin END] Reloading Section: "post-register/REIForgePluginStub of REIForgePluginStub [ftblibrary]/"
[20:35:09] [REI-ReloadPlugins/TRACE] [REI] [REIClientPlugin END] Reloading Section: "post-register/REIForgePluginStub of REIForgePluginStub [ftblibrary]/" done in 5.792 μs
[20:35:09] [REI-ReloadPlugins/TRACE] [REI] [REIClientPlugin END] Reloading Section: "post-register/AE2 of AE2 [ae2]/"
[20:35:09] [REI-ReloadPlugins/TRACE] [REI] [REIClientPlugin END] Reloading Section: "post-register/AE2 of AE2 [ae2]/" done in 5.293 μs
[20:35:09] [REI-ReloadPlugins/TRACE] [REI] [REIClientPlugin END] Reloading Section: "post-register/HideIngredientsFromTagsPlugin of HideIngredientsFromTagsPlugin [roughlyenoughitems]/"
[20:35:09] [REI-ReloadPlugins/TRACE] [REI] [REIClientPlugin END] Reloading Section: "post-register/HideIngredientsFromTagsPlugin of HideIngredientsFromTagsPlugin [roughlyenoughitems]/" done in 8.123 μs
[20:35:09] [REI-ReloadPlugins/TRACE] [REI] [REIClientPlugin END] Reloading Section: "post-register/DefaultClientRuntimePlugin of DefaultClientRuntimePlugin [roughlyenoughitems]/"
[20:35:09] [REI-ReloadPlugins/TRACE] [REI] [REIClientPlugin END] Reloading Section: "post-register/DefaultClientRuntimePlugin of DefaultClientRuntimePlugin [roughlyenoughitems]/" done in 5.173 μs
[20:35:09] [REI-ReloadPlugins/TRACE] [REI] [REIClientPlugin END] Reloading Section: "post-register/REIForgePluginStub of REIForgePluginStub [kubejs]/"
[20:35:09] [REI-ReloadPlugins/TRACE] [REI] [REIClientPlugin END] Reloading Section: "post-register/REIForgePluginStub of REIForgePluginStub [kubejs]/" done in 8.804 μs
[20:35:09] [REI-ReloadPlugins/TRACE] [REI] [REIClientPlugin END] Reloading Section: "post-register/" done in 1.460 ms
[20:35:09] [REI-ReloadPlugins/TRACE] [REI] [REIClientPlugin END] Reloading Section: "post-stage/"
[20:35:09] [REI-ReloadPlugins/TRACE] [REI] [REIClientPlugin END] Reloading Section: "post-stage/EntryRendererRegistryImpl/"
[20:35:09] [REI-ReloadPlugins/TRACE] [REI] [REIClientPlugin END] Reloading Section: "post-stage/EntryRendererRegistryImpl/" done in 29.22 μs
[20:35:09] [REI-ReloadPlugins/TRACE] [REI] [REIClientPlugin END] Reloading Section: "post-stage/ViewsImpl/"
[20:35:09] [REI-ReloadPlugins/TRACE] [REI] [REIClientPlugin END] Reloading Section: "post-stage/ViewsImpl/" done in 18.49 μs
[20:35:09] [REI-ReloadPlugins/TRACE] [REI] [REIClientPlugin END] Reloading Section: "post-stage/InputMethodRegistryImpl/"
[20:35:09] [REI-ReloadPlugins/TRACE] [REI] [REIClientPlugin END] Reloading Section: "post-stage/InputMethodRegistryImpl/" done in 7.001 μs
[20:35:09] [REI-ReloadPlugins/TRACE] [REI] [REIClientPlugin END] Reloading Section: "post-stage/SearchProviderImpl/"
[20:35:09] [REI-ReloadPlugins/TRACE] [REI] [REIClientPlugin END] Reloading Section: "post-stage/SearchProviderImpl/" done in 6.071 μs
[20:35:09] [REI-ReloadPlugins/TRACE] [REI] [REIClientPlugin END] Reloading Section: "post-stage/ConfigManagerImpl/"
[20:35:09] [REI-ReloadPlugins/TRACE] [REI] [REIClientPlugin END] Reloading Section: "post-stage/ConfigManagerImpl/" done in 5.095 μs
[20:35:09] [REI-ReloadPlugins/TRACE] [REI] [REIClientPlugin END] Reloading Section: "post-stage/EntryRegistryImpl/"
[20:35:09] [REI-ReloadPlugins/TRACE] [REI] [REIClientPlugin END] Reloading Section: "post-stage/EntryRegistryImpl/" done in 7.189 μs
[20:35:09] [REI-ReloadPlugins/TRACE] [REI] [REIClientPlugin END] Reloading Section: "post-stage/CollapsibleEntryRegistryImpl/"
[20:35:09] [REI-ReloadPlugins/TRACE] [REI] [REIClientPlugin END] Reloading Section: "post-stage/CollapsibleEntryRegistryImpl/" done in 6.411 μs
[20:35:09] [REI-ReloadPlugins/TRACE] [REI] [REIClientPlugin END] Reloading Section: "post-stage/BasicFilteringRuleImpl/"
[20:35:09] [REI-ReloadPlugins/TRACE] [REI] [REIClientPlugin END] Reloading Section: "post-stage/BasicFilteringRuleImpl/" done in 12.75 μs
[20:35:09] [REI-ReloadPlugins/TRACE] [REI] [REIClientPlugin END] Reloading Section: "post-stage/CategoryRegistryImpl/"
[20:35:09] [REI-ReloadPlugins/TRACE] [REI] [REIClientPlugin END] Reloading Section: "post-stage/CategoryRegistryImpl/" done in 11.74 μs
[20:35:09] [REI-ReloadPlugins/TRACE] [REI] [REIClientPlugin END] Reloading Section: "post-stage/DisplayRegistryImpl/"
[20:35:09] [REI-ReloadPlugins/DEBUG] [REI] Registered displays report (82154 displays, 82154 cached / 0 not cached):
[20:35:09] [REI-ReloadPlugins/DEBUG] [REI] - ad_astra:alloying: 1 display
[20:35:09] [REI-ReloadPlugins/DEBUG] [REI] - ad_astra:compressing: 10 displays
[20:35:09] [REI-ReloadPlugins/DEBUG] [REI] - ad_astra:cryo_freezing: 4 displays
[20:35:09] [REI-ReloadPlugins/DEBUG] [REI] - ad_astra:fuel_refining: 1 display
[20:35:09] [REI-ReloadPlugins/DEBUG] [REI] - ad_astra:nasa_workbench: 4 displays
[20:35:09] [REI-ReloadPlugins/DEBUG] [REI] - ad_astra:oxygen_loading: 2 displays
[20:35:09] [REI-ReloadPlugins/DEBUG] [REI] - adorn:brewer: 6 displays
[20:35:09] [REI-ReloadPlugins/DEBUG] [REI] - ae2:attunement: 10 displays
[20:35:09] [REI-ReloadPlugins/DEBUG] [REI] - ae2:condenser: 2 displays
[20:35:09] [REI-ReloadPlugins/DEBUG] [REI] - ae2:item_transformation: 2 displays
[20:35:09] [REI-ReloadPlugins/DEBUG] [REI] - gtceu:air_scrubber: 1 display
[20:35:09] [REI-ReloadPlugins/DEBUG] [REI] - gtceu:alloy_blast_smelter: 111 displays
[20:35:09] [REI-ReloadPlugins/DEBUG] [REI] - gtceu:alloy_smelter: 70 displays
[20:35:09] [REI-ReloadPlugins/DEBUG] [REI] - gtceu:arc_furnace: 8 displays
[20:35:09] [REI-ReloadPlugins/DEBUG] [REI] - gtceu:arc_furnace_recycling: 3485 displays
[20:35:09] [REI-ReloadPlugins/DEBUG] [REI] - gtceu:assembler: 1807 displays
[20:35:09] [REI-ReloadPlugins/DEBUG] [REI] - gtceu:assembly_line: 55 displays
[20:35:09] [REI-ReloadPlugins/DEBUG] [REI] - gtceu:autoclave: 44 displays
[20:35:09] [REI-ReloadPlugins/DEBUG] [REI] - gtceu:bedrock_fluid_diagram: 8 displays
[20:35:09] [REI-ReloadPlugins/DEBUG] [REI] - gtceu:bender: 495 displays
[20:35:09] [REI-ReloadPlugins/DEBUG] [REI] - gtceu:brewery: 107 displays
[20:35:09] [REI-ReloadPlugins/DEBUG] [REI] - gtceu:canner: 61 displays
[20:35:09] [REI-ReloadPlugins/DEBUG] [REI] - gtceu:centrifuge: 368 displays
[20:35:09] [REI-ReloadPlugins/DEBUG] [REI] - gtceu:chem_dyes: 246 displays
[20:35:09] [REI-ReloadPlugins/DEBUG] [REI] - gtceu:chemical_bath: 223 displays
[20:35:09] [REI-ReloadPlugins/DEBUG] [REI] - gtceu:chemical_reactor: 327 displays
[20:35:09] [REI-ReloadPlugins/DEBUG] [REI] - gtceu:circuit_assembler: 96 displays
[20:35:09] [REI-ReloadPlugins/DEBUG] [REI] - gtceu:coke_oven: 3 displays
[20:35:09] [REI-ReloadPlugins/DEBUG] [REI] - gtceu:combustion_generator: 15 displays
[20:35:09] [REI-ReloadPlugins/DEBUG] [REI] - gtceu:compressor: 488 displays
[20:35:09] [REI-ReloadPlugins/DEBUG] [REI] - gtceu:cracker: 32 displays
[20:35:09] [REI-ReloadPlugins/DEBUG] [REI] - gtceu:cutter: 1711 displays
[20:35:09] [REI-ReloadPlugins/DEBUG] [REI] - gtceu:distillation_tower: 58 displays
[20:35:09] [REI-ReloadPlugins/DEBUG] [REI] - gtceu:distillery: 239 displays
[20:35:09] [REI-ReloadPlugins/DEBUG] [REI] - gtceu:electric_blast_furnace: 197 displays
[20:35:09] [REI-ReloadPlugins/DEBUG] [REI] - gtceu:electrolyzer: 204 displays
[20:35:09] [REI-ReloadPlugins/DEBUG] [REI] - gtceu:electromagnetic_separator: 20 displays
[20:35:09] [REI-ReloadPlugins/DEBUG] [REI] - gtceu:extractor: 66 displays
[20:35:09] [REI-ReloadPlugins/DEBUG] [REI] - gtceu:extractor_recycling: 2219 displays
[20:35:09] [REI-ReloadPlugins/DEBUG] [REI] - gtceu:extruder: 840 displays
[20:35:09] [REI-ReloadPlugins/DEBUG] [REI] - gtceu:fermenter: 1 display
[20:35:09] [REI-ReloadPlugins/DEBUG] [REI] - gtceu:fluid_heater: 8 displays
[20:35:09] [REI-ReloadPlugins/DEBUG] [REI] - gtceu:fluid_solidifier: 1632 displays
[20:35:09] [REI-ReloadPlugins/DEBUG] [REI] - gtceu:forge_hammer: 238 displays
[20:35:09] [REI-ReloadPlugins/DEBUG] [REI] - gtceu:forming_press: 88 displays
[20:35:09] [REI-ReloadPlugins/DEBUG] [REI] - gtceu:fusion_reactor: 24 displays
[20:35:09] [REI-ReloadPlugins/DEBUG] [REI] - gtceu:gas_collector: 4 displays
[20:35:09] [REI-ReloadPlugins/DEBUG] [REI] - gtceu:gas_turbine: 18 displays
[20:35:09] [REI-ReloadPlugins/DEBUG] [REI] - gtceu:greenhouse: 46 displays
[20:35:09] [REI-ReloadPlugins/DEBUG] [REI] - gtceu:implosion_compressor: 160 displays
[20:35:09] [REI-ReloadPlugins/DEBUG] [REI] - gtceu:ingot_molding: 685 displays
[20:35:09] [REI-ReloadPlugins/DEBUG] [REI] - gtceu:large_boiler: 424 displays
[20:35:09] [REI-ReloadPlugins/DEBUG] [REI] - gtceu:large_chemical_reactor: 392 displays
[20:35:09] [REI-ReloadPlugins/DEBUG] [REI] - gtceu:laser_engraver: 152 displays
[20:35:09] [REI-ReloadPlugins/DEBUG] [REI] - gtceu:lathe: 272 displays
[20:35:09] [REI-ReloadPlugins/DEBUG] [REI] - gtceu:macerator: 169 displays
[20:35:09] [REI-ReloadPlugins/DEBUG] [REI] - gtceu:macerator_recycling: 4164 displays
[20:35:09] [REI-ReloadPlugins/DEBUG] [REI] - gtceu:mixer: 164 displays
[20:35:09] [REI-ReloadPlugins/DEBUG] [REI] - gtceu:multiblock_info: 77 displays
[20:35:09] [REI-ReloadPlugins/DEBUG] [REI] - gtceu:ore_bathing: 22 displays
[20:35:09] [REI-ReloadPlugins/DEBUG] [REI] - gtceu:ore_crushing: 1824 displays
[20:35:09] [REI-ReloadPlugins/DEBUG] [REI] - gtceu:ore_forging: 1935 displays
[20:35:09] [REI-ReloadPlugins/DEBUG] [REI] - gtceu:ore_processing_diagram: 110 displays
[20:35:09] [REI-ReloadPlugins/DEBUG] [REI] - gtceu:ore_vein_diagram: 40 displays
[20:35:09] [REI-ReloadPlugins/DEBUG] [REI] - gtceu:ore_washer: 550 displays
[20:35:09] [REI-ReloadPlugins/DEBUG] [REI] - gtceu:packer: 2654 displays
[20:35:09] [REI-ReloadPlugins/DEBUG] [REI] - gtceu:plasma_generator: 8 displays
[20:35:09] [REI-ReloadPlugins/DEBUG] [REI] - gtceu:polarizer: 37 displays
[20:35:09] [REI-ReloadPlugins/DEBUG] [REI] - gtceu:primitive_blast_furnace: 18 displays
[20:35:09] [REI-ReloadPlugins/DEBUG] [REI] - gtceu:programmed_circuit: 1 display
[20:35:09] [REI-ReloadPlugins/DEBUG] [REI] - gtceu:pyrolyse_oven: 26 displays
[20:35:09] [REI-ReloadPlugins/DEBUG] [REI] - gtceu:research_station: 31 displays
[20:35:09] [REI-ReloadPlugins/DEBUG] [REI] - gtceu:rock_breaker: 11 displays
[20:35:09] [REI-ReloadPlugins/DEBUG] [REI] - gtceu:scanner: 22 displays
[20:35:09] [REI-ReloadPlugins/DEBUG] [REI] - gtceu:sifter: 38 displays
[20:35:09] [REI-ReloadPlugins/DEBUG] [REI] - gtceu:steam_boiler: 418 displays
[20:35:09] [REI-ReloadPlugins/DEBUG] [REI] - gtceu:steam_turbine: 1 display
[20:35:09] [REI-ReloadPlugins/DEBUG] [REI] - gtceu:thermal_centrifuge: 221 displays
[20:35:09] [REI-ReloadPlugins/DEBUG] [REI] - gtceu:vacuum_freezer: 106 displays
[20:35:09] [REI-ReloadPlugins/DEBUG] [REI] - gtceu:wire_coating: 410 displays
[20:35:09] [REI-ReloadPlugins/DEBUG] [REI] - gtceu:wiremill: 274 displays
[20:35:09] [REI-ReloadPlugins/DEBUG] [REI] - minecraft:plugins/anvil: 17719 displays
[20:35:09] [REI-ReloadPlugins/DEBUG] [REI] - minecraft:plugins/beacon_base: 1 display
[20:35:09] [REI-ReloadPlugins/DEBUG] [REI] - minecraft:plugins/beacon_payment: 1 display
[20:35:09] [REI-ReloadPlugins/DEBUG] [REI] - minecraft:plugins/blasting: 1683 displays
[20:35:09] [REI-ReloadPlugins/DEBUG] [REI] - minecraft:plugins/brewing: 327 displays
[20:35:09] [REI-ReloadPlugins/DEBUG] [REI] - minecraft:plugins/campfire: 21 displays
[20:35:09] [REI-ReloadPlugins/DEBUG] [REI] - minecraft:plugins/composting: 10 displays
[20:35:09] [REI-ReloadPlugins/DEBUG] [REI] - minecraft:plugins/crafting: 17096 displays
[20:35:09] [REI-ReloadPlugins/DEBUG] [REI] - minecraft:plugins/fuel: 643 displays
[20:35:09] [REI-ReloadPlugins/DEBUG] [REI] - minecraft:plugins/oxidation_scraping: 30 displays
[20:35:09] [REI-ReloadPlugins/DEBUG] [REI] - minecraft:plugins/oxidizing: 30 displays
[20:35:09] [REI-ReloadPlugins/DEBUG] [REI] - minecraft:plugins/pathing: 7 displays
[20:35:09] [REI-ReloadPlugins/DEBUG] [REI] - minecraft:plugins/smelting: 1914 displays
[20:35:09] [REI-ReloadPlugins/DEBUG] [REI] - minecraft:plugins/smithing: 491 displays
[20:35:09] [REI-ReloadPlugins/DEBUG] [REI] - minecraft:plugins/smoking: 25 displays
[20:35:09] [REI-ReloadPlugins/DEBUG] [REI] - minecraft:plugins/stone_cutting: 2967 displays
[20:35:09] [REI-ReloadPlugins/DEBUG] [REI] - minecraft:plugins/stripping: 47 displays
[20:35:09] [REI-ReloadPlugins/DEBUG] [REI] - minecraft:plugins/tag: 7934 displays
[20:35:09] [REI-ReloadPlugins/DEBUG] [REI] - minecraft:plugins/tilling: 1 display
[20:35:09] [REI-ReloadPlugins/DEBUG] [REI] - minecraft:plugins/wax_scraping: 40 displays
[20:35:09] [REI-ReloadPlugins/DEBUG] [REI] - minecraft:plugins/waxing: 40 displays
[20:35:09] [REI-ReloadPlugins/DEBUG] [REI] - roughlyenoughitems:plugins/information: 6 displays
[20:35:09] [REI-ReloadPlugins/TRACE] [REI] [REIClientPlugin END] Reloading Section: "post-stage/DisplayRegistryImpl/" done in 1.964 ms
[20:35:09] [REI-ReloadPlugins/TRACE] [REI] [REIClientPlugin END] Reloading Section: "post-stage/ScreenRegistryImpl/"
[20:35:09] [REI-ReloadPlugins/TRACE] [REI] [REIClientPlugin END] Reloading Section: "post-stage/ScreenRegistryImpl/" done in 8.801 μs
[20:35:09] [REI-ReloadPlugins/TRACE] [REI] [REIClientPlugin END] Reloading Section: "post-stage/FavoriteEntryTypeRegistryImpl/"
[20:35:09] [REI-ReloadPlugins/TRACE] [REI] [REIClientPlugin END] Reloading Section: "post-stage/FavoriteEntryTypeRegistryImpl/" done in 5.327 μs
[20:35:09] [REI-ReloadPlugins/TRACE] [REI] [REIClientPlugin END] Reloading Section: "post-stage/SubsetsRegistryImpl/"
[20:35:09] [REI-ReloadPlugins/TRACE] [REI] [REIClientPlugin END] Reloading Section: "post-stage/SubsetsRegistryImpl/" done in 5.199 μs
[20:35:09] [REI-ReloadPlugins/TRACE] [REI] [REIClientPlugin END] Reloading Section: "post-stage/TransferHandlerRegistryImpl/"
[20:35:09] [REI-ReloadPlugins/TRACE] [REI] [REIClientPlugin END] Reloading Section: "post-stage/TransferHandlerRegistryImpl/" done in 5.265 μs
[20:35:09] [REI-ReloadPlugins/TRACE] [REI] [REIClientPlugin END] Reloading Section: "post-stage/SearchRuntime/"
[20:35:09] [REI-ReloadPlugins/TRACE] [REI] [REIClientPlugin END] Reloading Section: "post-stage/SearchRuntime/" done in 5.013 μs
[20:35:09] [REI-ReloadPlugins/TRACE] [REI] [REIClientPlugin END] Reloading Section: "post-stage/REIRuntimeImpl/"
[20:35:09] [REI-ReloadPlugins/TRACE] [REI] [REIClientPlugin END] Reloading Section: "post-stage/REIRuntimeImpl/" done in 4.660 μs
[20:35:09] [REI-ReloadPlugins/TRACE] [REI] [REIClientPlugin END] Reloading Section: "post-stage/ConfigAddonRegistryImpl/"
[20:35:09] [REI-ReloadPlugins/TRACE] [REI] [REIClientPlugin END] Reloading Section: "post-stage/ConfigAddonRegistryImpl/" done in 4.644 μs
[20:35:09] [REI-ReloadPlugins/TRACE] [REI] [REIClientPlugin END] Reloading Section: "post-stage/me.shedaniel.rei.plugin.client.runtime.PluginStageExecutionWatcher$1/"
[20:35:09] [REI-ReloadPlugins/TRACE] [REI] [REIClientPlugin END] Reloading Section: "post-stage/me.shedaniel.rei.plugin.client.runtime.PluginStageExecutionWatcher$1/" done in 9.736 μs
[20:35:09] [REI-ReloadPlugins/TRACE] [REI] [REIClientPlugin END] Reloading Section: "post-stage/" done in 2.414 ms
[20:35:09] [REI-ReloadPlugins/DEBUG] [REI] ========================================
[20:35:09] [REI-ReloadPlugins/INFO] [REI] REIClientPlugin finished post-reload for END in 3.892 ms, totaling 12.15 s.
[20:35:09] [REI-ReloadPlugins/DEBUG] [REI] ========================================
[20:35:09] [REI-ReloadPlugins/DEBUG] [REI] ========================================
[20:35:09] [REI-ReloadPlugins/DEBUG] [REI] REIServerPlugin starting post-reload for END.
[20:35:09] [REI-ReloadPlugins/DEBUG] [REI] Reloadables (3):
[20:35:09] [REI-ReloadPlugins/DEBUG] [REI]  - MenuInfoRegistryImpl
[20:35:09] [REI-ReloadPlugins/DEBUG] [REI]  - SlotAccessorRegistryImpl
[20:35:09] [REI-ReloadPlugins/DEBUG] [REI]  - me.shedaniel.rei.plugin.client.runtime.PluginStageExecutionWatcher$1
[20:35:09] [REI-ReloadPlugins/DEBUG] [REI] Plugins (7):
[20:35:09] [REI-ReloadPlugins/DEBUG] [REI]  - (-100.00) DefaultPluginImpl of DefaultPluginImpl [roughlyenoughitems]
[20:35:09] [REI-ReloadPlugins/DEBUG] [REI]  - (0.00) StorageReiCommonPlugin of StorageReiCommonPlugin [sophisticatedstorage]
[20:35:09] [REI-ReloadPlugins/DEBUG] [REI]  - (0.00) ReiPlugin of ReiPlugin [craftingstation]
[20:35:09] [REI-ReloadPlugins/DEBUG] [REI]  - (0.00) BackpackReiCommonPlugin of BackpackReiCommonPlugin [sophisticatedbackpacks]
[20:35:09] [REI-ReloadPlugins/DEBUG] [REI]  - (0.00) CoreReiCommonPlugin of CoreReiCommonPlugin [sophisticatedcore]
[20:35:09] [REI-ReloadPlugins/DEBUG] [REI]  - (0.00) AdornReiServerForge of AdornReiServerForge [adorn]
[20:35:09] [REI-ReloadPlugins/DEBUG] [REI]  - (0.00) DefaultRuntimePlugin of DefaultRuntimePlugin [roughlyenoughitems]
[20:35:09] [REI-ReloadPlugins/DEBUG] [REI] ========================================
[20:35:09] [REI-ReloadPlugins/TRACE] [REI] [REIServerPlugin END] Reloading Section: "post-register/"
[20:35:09] [REI-ReloadPlugins/TRACE] [REI] [REIServerPlugin END] Reloading Section: "post-register/DefaultPluginImpl of DefaultPluginImpl [roughlyenoughitems]/"
[20:35:09] [REI-ReloadPlugins/TRACE] [REI] [REIServerPlugin END] Reloading Section: "post-register/DefaultPluginImpl of DefaultPluginImpl [roughlyenoughitems]/" done in 16.40 μs
[20:35:09] [REI-ReloadPlugins/TRACE] [REI] [REIServerPlugin END] Reloading Section: "post-register/StorageReiCommonPlugin of StorageReiCommonPlugin [sophisticatedstorage]/"
[20:35:09] [REI-ReloadPlugins/TRACE] [REI] [REIServerPlugin END] Reloading Section: "post-register/StorageReiCommonPlugin of StorageReiCommonPlugin [sophisticatedstorage]/" done in 5.905 μs
[20:35:09] [REI-ReloadPlugins/TRACE] [REI] [REIServerPlugin END] Reloading Section: "post-register/ReiPlugin of ReiPlugin [craftingstation]/"
[20:35:09] [REI-ReloadPlugins/TRACE] [REI] [REIServerPlugin END] Reloading Section: "post-register/ReiPlugin of ReiPlugin [craftingstation]/" done in 5.263 μs
[20:35:09] [REI-ReloadPlugins/TRACE] [REI] [REIServerPlugin END] Reloading Section: "post-register/BackpackReiCommonPlugin of BackpackReiCommonPlugin [sophisticatedbackpacks]/"
[20:35:09] [REI-ReloadPlugins/TRACE] [REI] [REIServerPlugin END] Reloading Section: "post-register/BackpackReiCommonPlugin of BackpackReiCommonPlugin [sophisticatedbackpacks]/" done in 5.407 μs
[20:35:09] [REI-ReloadPlugins/TRACE] [REI] [REIServerPlugin END] Reloading Section: "post-register/CoreReiCommonPlugin of CoreReiCommonPlugin [sophisticatedcore]/"
[20:35:09] [REI-ReloadPlugins/TRACE] [REI] [REIServerPlugin END] Reloading Section: "post-register/CoreReiCommonPlugin of CoreReiCommonPlugin [sophisticatedcore]/" done in 6.005 μs
[20:35:09] [REI-ReloadPlugins/TRACE] [REI] [REIServerPlugin END] Reloading Section: "post-register/AdornReiServerForge of AdornReiServerForge [adorn]/"
[20:35:09] [REI-ReloadPlugins/TRACE] [REI] [REIServerPlugin END] Reloading Section: "post-register/AdornReiServerForge of AdornReiServerForge [adorn]/" done in 5.365 μs
[20:35:09] [REI-ReloadPlugins/TRACE] [REI] [REIServerPlugin END] Reloading Section: "post-register/DefaultRuntimePlugin of DefaultRuntimePlugin [roughlyenoughitems]/"
[20:35:09] [REI-ReloadPlugins/TRACE] [REI] [REIServerPlugin END] Reloading Section: "post-register/DefaultRuntimePlugin of DefaultRuntimePlugin [roughlyenoughitems]/" done in 4.920 μs
[20:35:09] [REI-ReloadPlugins/TRACE] [REI] [REIServerPlugin END] Reloading Section: "post-register/" done in 142.8 μs
[20:35:09] [REI-ReloadPlugins/TRACE] [REI] [REIServerPlugin END] Reloading Section: "post-stage/"
[20:35:09] [REI-ReloadPlugins/TRACE] [REI] [REIServerPlugin END] Reloading Section: "post-stage/MenuInfoRegistryImpl/"
[20:35:09] [REI-ReloadPlugins/TRACE] [REI] [REIServerPlugin END] Reloading Section: "post-stage/MenuInfoRegistryImpl/" done in 5.929 μs
[20:35:09] [REI-ReloadPlugins/TRACE] [REI] [REIServerPlugin END] Reloading Section: "post-stage/SlotAccessorRegistryImpl/"
[20:35:09] [REI-ReloadPlugins/TRACE] [REI] [REIServerPlugin END] Reloading Section: "post-stage/SlotAccessorRegistryImpl/" done in 5.105 μs
[20:35:09] [REI-ReloadPlugins/TRACE] [REI] [REIServerPlugin END] Reloading Section: "post-stage/me.shedaniel.rei.plugin.client.runtime.PluginStageExecutionWatcher$1/"
[20:35:09] [REI-ReloadPlugins/TRACE] [REI] [REIServerPlugin END] Reloading Section: "post-stage/me.shedaniel.rei.plugin.client.runtime.PluginStageExecutionWatcher$1/" done in 496.9 μs
[20:35:09] [REI-ReloadPlugins/TRACE] [REI] [REIServerPlugin END] Reloading Section: "post-stage/" done in 577.5 μs
[20:35:09] [REI-ReloadPlugins/DEBUG] [REI] ========================================
[20:35:09] [REI-ReloadPlugins/INFO] [REI] REIServerPlugin finished post-reload for END in 742.1 μs, totaling 8.694 ms.
[20:35:09] [REI-ReloadPlugins/DEBUG] [REI] ========================================
[20:35:18] [Render thread/DEBUG] [REI] Created search filter with "" using Default
[20:35:18] [Render thread/DEBUG] [REI] Starting Search: "" with 28271 stacks, shouldAsync: true on Render thread
[20:35:18] [Render thread/DEBUG] [REI] Async Search: 71 partitions for ""
[20:35:18] [REI-AsyncSearchManager-0/TRACE] [REI] Search "" Used [Thread[REI-AsyncSearchManager-0,10,main]]: 10.44 ms
[20:35:18] [REI-AsyncSearchManager-0/TRACE] [REI] Search "" Used and Applied [Thread[REI-AsyncSearchManager-0,10,main]]: 174.7 ms
[20:43:33] [Render thread/DEBUG] [REI] Starting Search: "" with 28271 stacks, shouldAsync: true on Render thread
[20:43:33] [Render thread/DEBUG] [REI] Async Search: 71 partitions for ""
[20:43:33] [REI-AsyncSearchManager-3/TRACE] [REI] Search "" Used [Thread[REI-AsyncSearchManager-3,10,main]]: 5.255 ms
[20:43:33] [REI-AsyncSearchManager-3/TRACE] [REI] Search "" Used and Applied [Thread[REI-AsyncSearchManager-3,10,main]]: 122.9 ms
[20:43:48] [Render thread/DEBUG] [REI] Config saved
[20:45:16] [Render thread/DEBUG] [REI] Created search filter with "f" using Default
[20:45:16] [Render thread/DEBUG] [REI] Starting Search: "f" with 28271 stacks, shouldAsync: true on Render thread
[20:45:16] [Render thread/DEBUG] [REI] Async Search: 71 partitions for "f"
[20:45:16] [REI-AsyncSearchManager-5/DEBUG] [REI] Preparing collapsed entry groups cache with 235 entries and 28404 stacks
[20:45:16] [Render thread/DEBUG] [REI] Created search filter with "fa" using Default
[20:45:16] [Render thread/DEBUG] [REI] Starting Search: "fa" with 28271 stacks, shouldAsync: true on Render thread
[20:45:16] [Render thread/DEBUG] [REI] Async Search: 71 partitions for "fa"
[20:45:16] [REI-AsyncSearchManager-5/DEBUG] [REI] Prepared collapsed entry groups cache with 235 entries and 28404 stacks
[20:45:16] [REI-AsyncSearchManager-5/ERROR] [REI] Error while searching
java.util.concurrent.CompletionException: java.util.concurrent.CancellationException
	at java.base/java.util.concurrent.CompletableFuture.encodeThrowable(CompletableFuture.java:315)
	at java.base/java.util.concurrent.CompletableFuture.completeThrowable(CompletableFuture.java:320)
	at java.base/java.util.concurrent.CompletableFuture$AsyncSupply.run(CompletableFuture.java:1770)
	at java.base/java.util.concurrent.CompletableFuture$AsyncSupply.exec(CompletableFuture.java:1760)
	at java.base/java.util.concurrent.ForkJoinTask.doExec(ForkJoinTask.java:373)
	at java.base/java.util.concurrent.ForkJoinPool$WorkQueue.topLevelExec(ForkJoinPool.java:1182)
	at java.base/java.util.concurrent.ForkJoinPool.scan(ForkJoinPool.java:1655)
	at java.base/java.util.concurrent.ForkJoinPool.runWorker(ForkJoinPool.java:1622)
	at java.base/java.util.concurrent.ForkJoinWorkerThread.run(ForkJoinWorkerThread.java:165)
Caused by: java.util.concurrent.CancellationException
	at TRANSFORMER/roughlyenoughitems@12.1.785/me.shedaniel.rei.impl.client.search.AsyncSearchManager.lambda$get$3(AsyncSearchManager.java:157)
	at java.base/java.util.concurrent.CompletableFuture$AsyncSupply.run(CompletableFuture.java:1768)
	... 6 more
[20:45:16] [REI-AsyncSearchManager-4/TRACE] [REI] Search "fa" Used [Thread[REI-AsyncSearchManager-4,10,main]]: 327.8 ms
[20:45:16] [REI-AsyncSearchManager-4/TRACE] [REI] Search "fa" Used and Applied [Thread[REI-AsyncSearchManager-4,10,main]]: 329.0 ms
[20:45:16] [Render thread/DEBUG] [REI] Created search filter with "far" using Default
[20:45:16] [Render thread/DEBUG] [REI] Starting Search: "far" with 28271 stacks, shouldAsync: true on Render thread
[20:45:16] [Render thread/DEBUG] [REI] Async Search: 71 partitions for "far"
[20:45:16] [REI-AsyncSearchManager-4/TRACE] [REI] Search "far" Used [Thread[REI-AsyncSearchManager-4,10,main]]: 39.66 ms
[20:45:16] [REI-AsyncSearchManager-4/TRACE] [REI] Search "far" Used and Applied [Thread[REI-AsyncSearchManager-4,10,main]]: 40.11 ms
[20:45:17] [Render thread/DEBUG] [REI] Created search filter with "farm" using Default
[20:45:17] [Render thread/DEBUG] [REI] Starting Search: "farm" with 28271 stacks, shouldAsync: true on Render thread
[20:45:17] [Render thread/DEBUG] [REI] Async Search: 71 partitions for "farm"
[20:45:17] [REI-AsyncSearchManager-4/TRACE] [REI] Search "farm" Used [Thread[REI-AsyncSearchManager-4,10,main]]: 8.679 ms
[20:45:17] [REI-AsyncSearchManager-4/TRACE] [REI] Search "farm" Used and Applied [Thread[REI-AsyncSearchManager-4,10,main]]: 9.097 ms
[20:45:17] [Render thread/DEBUG] [REI] Created search filter with "farme" using Default
[20:45:17] [Render thread/DEBUG] [REI] Starting Search: "farme" with 28271 stacks, shouldAsync: true on Render thread
[20:45:17] [Render thread/DEBUG] [REI] Async Search: 71 partitions for "farme"
[20:45:17] [REI-AsyncSearchManager-4/TRACE] [REI] Search "farme" Used [Thread[REI-AsyncSearchManager-4,10,main]]: 8.740 ms
[20:45:17] [REI-AsyncSearchManager-4/TRACE] [REI] Search "farme" Used and Applied [Thread[REI-AsyncSearchManager-4,10,main]]: 8.970 ms
[20:45:17] [Render thread/DEBUG] [REI] Created search filter with "farmer" using Default
[20:45:17] [Render thread/DEBUG] [REI] Starting Search: "farmer" with 28271 stacks, shouldAsync: true on Render thread
[20:45:17] [Render thread/DEBUG] [REI] Async Search: 71 partitions for "farmer"
[20:45:17] [REI-AsyncSearchManager-5/TRACE] [REI] Search "farmer" Used [Thread[REI-AsyncSearchManager-5,10,main]]: 8.382 ms
[20:45:17] [REI-AsyncSearchManager-5/TRACE] [REI] Search "farmer" Used and Applied [Thread[REI-AsyncSearchManager-5,10,main]]: 8.552 ms
[20:45:18] [Render thread/DEBUG] [REI] Created search filter with "" using Default
[20:45:18] [Render thread/DEBUG] [REI] Starting Search: "" with 28271 stacks, shouldAsync: true on Render thread
[20:45:18] [Render thread/DEBUG] [REI] Async Search: 71 partitions for ""
[20:45:18] [REI-AsyncSearchManager-5/TRACE] [REI] Search "" Used [Thread[REI-AsyncSearchManager-5,10,main]]: 16.04 ms
[20:45:18] [REI-AsyncSearchManager-5/TRACE] [REI] Search "" Used and Applied [Thread[REI-AsyncSearchManager-5,10,main]]: 43.62 ms
[20:45:41] [Render thread/DEBUG] [REI] Player quit, clearing reload tasks!
[20:45:41] [Render thread/DEBUG] [REI] Did not fulfill the request of termination of REI reload tasks because there are no uninterrupted running tasks. This is not an error.
