[11:45:50] [modloading-worker-0/INFO] ========================================
[11:45:50] [modloading-worker-0/INFO] Minecraft: 1.21.1
[11:45:50] [modloading-worker-0/INFO] Side: client
[11:45:50] [modloading-worker-0/INFO] Development: false
[11:45:50] [modloading-worker-0/INFO] Version: 16.0.799
[11:45:50] [modloading-worker-0/INFO] Loader:
[11:45:50] [modloading-worker-0/INFO] - Forge: null
[11:45:50] [modloading-worker-0/INFO] Dependencies:
[11:45:50] [modloading-worker-0/INFO] - Cloth Config: 15.0.140
[11:45:50] [modloading-worker-0/INFO] - Architectury: 13.0.8
[11:45:50] [modloading-worker-0/INFO] Mixin: 0.8.7
[11:45:50] [modloading-worker-0/INFO] OS: Linux 6.17.0-29-generic (amd64)
[11:45:50] [modloading-worker-0/INFO] Java: 21.0.7 (Microsoft)
[11:45:50] [modloading-worker-0/INFO] ========================================
[11:45:50] [modloading-worker-0/INFO] Mods:
[11:45:50] [modloading-worker-0/INFO] - ae2: 19.2.17
[11:45:50] [modloading-worker-0/INFO] - aeronautics: 1.2.1
[11:45:50] [modloading-worker-0/INFO] - aeronautics_bundled: 1.2.1
[11:45:50] [modloading-worker-0/INFO] - architectury: 13.0.8
[11:45:50] [modloading-worker-0/INFO] - assemblyline: 0.8.1
[11:45:50] [modloading-worker-0/INFO] - ballistix: 1.0.1-0
[11:45:50] [modloading-worker-0/INFO] - chemicalscience: 1.21.1-3.1.1
[11:45:50] [modloading-worker-0/INFO] - cloth_config: 15.0.140
[11:45:50] [modloading-worker-0/INFO] - configuration: 3.1.1
[11:45:50] [modloading-worker-0/INFO] - create: 6.0.10
[11:45:50] [modloading-worker-0/INFO] - cristellib: 3.1.5
[11:45:50] [modloading-worker-0/INFO] - electrodynamics: 1.0.2
[11:45:50] [modloading-worker-0/INFO] - expanded_ecosphere: 3.4.6
[11:45:50] [modloading-worker-0/INFO] - ferritecore: 7.0.3
[11:45:50] [modloading-worker-0/INFO] - flywheel: 1.0.6
[11:45:50] [modloading-worker-0/INFO] - guideme: 21.1.16
[11:45:50] [modloading-worker-0/INFO] - immediatelyfast: 1.6.10+1.21.1
[11:45:50] [modloading-worker-0/INFO] - jade: 15.10.5+neoforge
[11:45:50] [modloading-worker-0/INFO] - ldlib2: 2.2.13
[11:45:50] [modloading-worker-0/INFO] - lithium: 0.15.3+mc1.21.1
[11:45:50] [modloading-worker-0/INFO] - minecraft: 1.21.1
[11:45:50] [modloading-worker-0/INFO] - modernfix: 5.27.11+mc1.21.1
[11:45:50] [modloading-worker-0/INFO] - neoforge: 21.1.231
[11:45:50] [modloading-worker-0/INFO] - nuclearscience: 0.8.1-0
[11:45:50] [modloading-worker-0/INFO] - offroad: 1.2.1
[11:45:50] [modloading-worker-0/INFO] - ore_veines: 0.0.7
[11:45:50] [modloading-worker-0/INFO] - ponder: 1.0.82+mc1.21.1
[11:45:50] [modloading-worker-0/INFO] - roughlyenoughitems: 16.0.799
[11:45:50] [modloading-worker-0/INFO] - sable: 1.2.2
[11:45:50] [modloading-worker-0/INFO] - sablecompanion: 1.6.0
[11:45:50] [modloading-worker-0/INFO] - simulated: 1.2.1
[11:45:50] [modloading-worker-0/INFO] - veil: 4.0.0
[11:45:50] [modloading-worker-0/INFO] - voltaic: 1.0.2-0
[11:45:50] [modloading-worker-0/INFO] - xaerolib: 1.1.15
[11:45:50] [modloading-worker-0/INFO] - xaerominimap: 25.3.13
[11:45:50] [modloading-worker-0/INFO] - xaeroworldmap: 1.40.16
[11:45:50] [modloading-worker-0/INFO] ========================================
[11:45:50] [modloading-worker-0/DEBUG] [REI] Added filtering rule [roughlyenoughitems:search]: INSTANCE
[11:45:50] [modloading-worker-0/DEBUG] [REI] Added filtering rule [roughlyenoughitems:manual]: INSTANCE
[11:45:50] [modloading-worker-0/DEBUG] [REI] Added filtering rule [roughlyenoughitems:basic]: INSTANCE
[11:45:50] [modloading-worker-0/INFO] [REI] Config loaded
[11:45:50] [modloading-worker-0/DEBUG] [REI] Config saved
[11:45:50] [modloading-worker-0/DEBUG] [REI] Config saved
[11:45:50] [modloading-worker-0/DEBUG] [REI] Config saved
[11:45:51] [modloading-worker-0/INFO] [REI] Registered plugin provider AE2 [ae2] for REIPlugin
[11:45:51] [modloading-worker-0/INFO] [REI] Registered plugin provider LDLibREIPlugin [ldlib2] for REIPlugin
[11:45:51] [modloading-worker-0/INFO] [REI] Registered plugin provider DefaultPluginImpl [roughlyenoughitems] for REIServerPlugin
[11:45:51] [modloading-worker-0/INFO] [REI] Registered plugin provider DefaultPluginImpl [roughlyenoughitems] for REIPlugin
[11:45:51] [modloading-worker-0/INFO] [REI] Registered plugin provider DefaultRuntimePlugin [roughlyenoughitems] for REIServerPlugin
[11:45:51] [modloading-worker-0/INFO] [REI] Registered plugin provider DefaultRuntimePlugin [roughlyenoughitems] for REIPlugin
[11:45:51] [modloading-worker-0/INFO] [REI] Registered plugin provider DefaultClientPluginImpl [roughlyenoughitems] for REIClientPlugin
[11:45:51] [modloading-worker-0/INFO] [REI] Registered plugin provider DefaultClientPluginImpl [roughlyenoughitems] for REIPlugin
[11:45:51] [modloading-worker-0/INFO] [REI] Registered plugin provider DefaultClientRuntimePlugin [roughlyenoughitems] for REIClientPlugin
[11:45:51] [modloading-worker-0/INFO] [REI] Registered plugin provider DefaultClientRuntimePlugin [roughlyenoughitems] for REIPlugin
[11:45:51] [modloading-worker-0/DEBUG] [REI] Added filtering rule [roughlyenoughitems:hidden_from_recipe_viewers]: INSTANCE
[11:45:51] [modloading-worker-0/INFO] [REI] Registered plugin provider HideIngredientsFromTagsPlugin [roughlyenoughitems] for REIClientPlugin
[11:45:51] [modloading-worker-0/INFO] [REI] Registered plugin provider HideIngredientsFromTagsPlugin [roughlyenoughitems] for REIPlugin
[11:45:51] [modloading-worker-0/INFO] [REI] Registered plugin provider AE2 [ae2] for REIClientPlugin
[11:45:51] [modloading-worker-0/INFO] [REI] Registered plugin provider LDLibREIPlugin [ldlib2] for REIClientPlugin
[11:46:22] [Worker-ResourceReload-7/DEBUG] [REI] Processed 1 tags in 328.3 μs for minecraft:map_decoration_type[11:46:22] [Worker-ResourceReload-3/DEBUG] [REI] Processed 0 tags in 22.06 μs for minecraft:worldgen/structure[11:46:22] [Worker-ResourceReload-5/DEBUG] [REI] Processed 3 tags in 250.9 μs for minecraft:point_of_interest_type[11:46:22] [Worker-ResourceReload-1/DEBUG] [REI] Processed 1 tags in 308.1 μs for minecraft:data_component_type
[11:46:22] [Worker-ResourceReload-4/DEBUG] [REI] Processed 1 tags in 308.6 μs for minecraft:recipe_serializer


[11:46:22] [Worker-ResourceReload-10/DEBUG] [REI] Processed 20 tags in 237.7 μs for voltaic:gases
[11:46:22] [Worker-ResourceReload-6/DEBUG] [REI] Processed 2 tags in 320.0 μs for create:mounted_item_storage_type

[11:46:22] [Worker-ResourceReload-8/DEBUG] [REI] Processed 5 tags in 223.4 μs for minecraft:game_event
[11:46:22] [Worker-ResourceReload-9/DEBUG] [REI] Processed 0 tags in 14.44 μs for minecraft:damage_type
[11:46:22] [Worker-ResourceReload-1/DEBUG] [REI] Processed 0 tags in 5.403 μs for minecraft:worldgen/flat_level_generator_preset
[11:46:22] [Worker-ResourceReload-5/DEBUG] [REI] Processed 0 tags in 6.382 μs for minecraft:banner_pattern
[11:46:22] [Worker-ResourceReload-0/DEBUG] [REI] Processed 116 tags in 190.4 μs for minecraft:fluid
[11:46:22] [Worker-ResourceReload-5/DEBUG] [REI] Processed 0 tags in 3.832 μs for minecraft:painting_variant
[11:46:22] [Worker-ResourceReload-2/DEBUG] [REI] Processed 48 tags in 109.8 μs for minecraft:entity_type
[11:46:22] [Worker-ResourceReload-2/DEBUG] [REI] Processed 2 tags in 10.62 μs for minecraft:cat_variant
[11:46:22] [Worker-ResourceReload-3/DEBUG] [REI] Processed 0 tags in 4.924 μs for minecraft:worldgen/world_preset
[11:46:22] [Worker-ResourceReload-9/DEBUG] [REI] Processed 3 tags in 14.46 μs for minecraft:instrument
[11:46:22] [Worker-ResourceReload-9/DEBUG] [REI] Processed 2 tags in 16.80 μs for create:contraption_type
[11:46:22] [Worker-ResourceReload-5/DEBUG] [REI] Processed 0 tags in 22.43 μs for minecraft:enchantment
[11:46:22] [Worker-ResourceReload-4/DEBUG] [REI] Processed 0 tags in 43.78 μs for minecraft:worldgen/biome
[11:46:22] [Worker-ResourceReload-10/DEBUG] [REI] Processed 424 tags in 4.553 ms for minecraft:block
[11:46:22] [Worker-ResourceReload-1/DEBUG] [REI] Processed 847 tags in 2.650 ms for minecraft:item
[11:46:53] [Render thread/DEBUG] [REI] Player quit, clearing reload tasks!
[11:46:53] [Render thread/DEBUG] [REI] Did not fulfill the request of termination of REI reload tasks because there are no uninterrupted running tasks. This is not an error.
[11:47:02] [Netty Local Client IO #0/DEBUG] [REI] Starting Reload Plugins of stage START
java.lang.Throwable
	at TRANSFORMER/roughlyenoughitems@16.0.799/me.shedaniel.rei.impl.common.plugins.ReloadManagerImpl.reloadPlugins(ReloadManagerImpl.java:110)
	at TRANSFORMER/roughlyenoughitems@16.0.799/me.shedaniel.rei.RoughlyEnoughItemsCoreClient.reloadPlugins(RoughlyEnoughItemsCoreClient.java:478)
	at TRANSFORMER/roughlyenoughitems@16.0.799/me.shedaniel.rei.RoughlyEnoughItemsCoreClient.lambda$registerEvents$9(RoughlyEnoughItemsCoreClient.java:312)
	at TRANSFORMER/minecraft@1.21.1/net.minecraft.client.multiplayer.ClientPacketListener.handler$zlc000$roughlyenoughitems$handleUpdateRecipes(ClientPacketListener.java:4127)
	at TRANSFORMER/minecraft@1.21.1/net.minecraft.client.multiplayer.ClientPacketListener.handleUpdateRecipes(ClientPacketListener.java)
	at TRANSFORMER/minecraft@1.21.1/net.minecraft.network.protocol.game.ClientboundUpdateRecipesPacket.handle(ClientboundUpdateRecipesPacket.java:32)
	at TRANSFORMER/minecraft@1.21.1/net.minecraft.network.protocol.game.ClientboundUpdateRecipesPacket.handle(ClientboundUpdateRecipesPacket.java:13)
	at TRANSFORMER/minecraft@1.21.1/net.minecraft.network.Connection.genericsFtw(Connection.java:207)
	at TRANSFORMER/minecraft@1.21.1/net.minecraft.network.Connection.channelRead0(Connection.java:191)
	at TRANSFORMER/minecraft@1.21.1/net.minecraft.network.Connection.channelRead0(Connection.java:70)
	at MC-BOOTSTRAP/io.netty.transport@4.1.97.Final/io.netty.channel.SimpleChannelInboundHandler.channelRead(SimpleChannelInboundHandler.java:99)
	at MC-BOOTSTRAP/io.netty.transport@4.1.97.Final/io.netty.channel.AbstractChannelHandlerContext.invokeChannelRead(AbstractChannelHandlerContext.java:444)
	at MC-BOOTSTRAP/io.netty.transport@4.1.97.Final/io.netty.channel.AbstractChannelHandlerContext.invokeChannelRead(AbstractChannelHandlerContext.java:420)
	at MC-BOOTSTRAP/io.netty.transport@4.1.97.Final/io.netty.channel.AbstractChannelHandlerContext.fireChannelRead(AbstractChannelHandlerContext.java:412)
	at MC-BOOTSTRAP/io.netty.codec@4.1.97.Final/io.netty.handler.codec.MessageToMessageDecoder.channelRead(MessageToMessageDecoder.java:103)
	at MC-BOOTSTRAP/io.netty.transport@4.1.97.Final/io.netty.channel.AbstractChannelHandlerContext.invokeChannelRead(AbstractChannelHandlerContext.java:444)
	at MC-BOOTSTRAP/io.netty.transport@4.1.97.Final/io.netty.channel.AbstractChannelHandlerContext.invokeChannelRead(AbstractChannelHandlerContext.java:420)
	at MC-BOOTSTRAP/io.netty.transport@4.1.97.Final/io.netty.channel.AbstractChannelHandlerContext.fireChannelRead(AbstractChannelHandlerContext.java:412)
	at MC-BOOTSTRAP/io.netty.codec@4.1.97.Final/io.netty.handler.codec.ByteToMessageDecoder.fireChannelRead(ByteToMessageDecoder.java:346)
	at MC-BOOTSTRAP/io.netty.codec@4.1.97.Final/io.netty.handler.codec.ByteToMessageDecoder.channelRead(ByteToMessageDecoder.java:318)
	at MC-BOOTSTRAP/io.netty.transport@4.1.97.Final/io.netty.channel.AbstractChannelHandlerContext.invokeChannelRead(AbstractChannelHandlerContext.java:444)
	at MC-BOOTSTRAP/io.netty.transport@4.1.97.Final/io.netty.channel.AbstractChannelHandlerContext.invokeChannelRead(AbstractChannelHandlerContext.java:420)
	at MC-BOOTSTRAP/io.netty.transport@4.1.97.Final/io.netty.channel.AbstractChannelHandlerContext.fireChannelRead(AbstractChannelHandlerContext.java:412)
	at MC-BOOTSTRAP/io.netty.handler@4.1.97.Final/io.netty.handler.flow.FlowControlHandler.dequeue(FlowControlHandler.java:202)
	at MC-BOOTSTRAP/io.netty.handler@4.1.97.Final/io.netty.handler.flow.FlowControlHandler.channelRead(FlowControlHandler.java:164)
	at MC-BOOTSTRAP/io.netty.transport@4.1.97.Final/io.netty.channel.AbstractChannelHandlerContext.invokeChannelRead(AbstractChannelHandlerContext.java:442)
	at MC-BOOTSTRAP/io.netty.transport@4.1.97.Final/io.netty.channel.AbstractChannelHandlerContext.invokeChannelRead(AbstractChannelHandlerContext.java:420)
	at MC-BOOTSTRAP/io.netty.transport@4.1.97.Final/io.netty.channel.AbstractChannelHandlerContext.fireChannelRead(AbstractChannelHandlerContext.java:412)
	at MC-BOOTSTRAP/io.netty.transport@4.1.97.Final/io.netty.channel.DefaultChannelPipeline$HeadContext.channelRead(DefaultChannelPipeline.java:1410)
	at MC-BOOTSTRAP/io.netty.transport@4.1.97.Final/io.netty.channel.AbstractChannelHandlerContext.invokeChannelRead(AbstractChannelHandlerContext.java:440)
	at MC-BOOTSTRAP/io.netty.transport@4.1.97.Final/io.netty.channel.AbstractChannelHandlerContext.invokeChannelRead(AbstractChannelHandlerContext.java:420)
	at MC-BOOTSTRAP/io.netty.transport@4.1.97.Final/io.netty.channel.DefaultChannelPipeline.fireChannelRead(DefaultChannelPipeline.java:919)
	at MC-BOOTSTRAP/io.netty.transport@4.1.97.Final/io.netty.channel.local.LocalChannel.readInbound(LocalChannel.java:299)
	at MC-BOOTSTRAP/io.netty.transport@4.1.97.Final/io.netty.channel.local.LocalChannel.finishPeerRead0(LocalChannel.java:445)
	at MC-BOOTSTRAP/io.netty.transport@4.1.97.Final/io.netty.channel.local.LocalChannel.access$400(LocalChannel.java:50)
	at MC-BOOTSTRAP/io.netty.transport@4.1.97.Final/io.netty.channel.local.LocalChannel$5.run(LocalChannel.java:403)
	at MC-BOOTSTRAP/io.netty.common@4.1.97.Final/io.netty.util.concurrent.AbstractEventExecutor.runTask(AbstractEventExecutor.java:174)
	at MC-BOOTSTRAP/io.netty.transport@4.1.97.Final/io.netty.channel.DefaultEventLoop.run(DefaultEventLoop.java:54)
	at MC-BOOTSTRAP/io.netty.common@4.1.97.Final/io.netty.util.concurrent.SingleThreadEventExecutor$4.run(SingleThreadEventExecutor.java:997)
	at MC-BOOTSTRAP/io.netty.common@4.1.97.Final/io.netty.util.internal.ThreadExecutorMap$2.run(ThreadExecutorMap.java:74)
	at java.base/java.lang.Thread.run(Thread.java:1583)
[11:47:02] [REI-ReloadPlugins/DEBUG] [REI] ========================================
[11:47:02] [REI-ReloadPlugins/DEBUG] [REI] REIPlugin starting pre-reload for START.
[11:47:02] [REI-ReloadPlugins/DEBUG] [REI] Reloadables (8):
[11:47:02] [REI-ReloadPlugins/DEBUG] [REI]  - EntryTypeRegistryImpl
[11:47:02] [REI-ReloadPlugins/DEBUG] [REI]  - EntrySettingsAdapterRegistryImpl
[11:47:02] [REI-ReloadPlugins/DEBUG] [REI]  - RecipeManagerContextImpl
[11:47:02] [REI-ReloadPlugins/DEBUG] [REI]  - ItemComparatorRegistryImpl
[11:47:02] [REI-ReloadPlugins/DEBUG] [REI]  - FluidComparatorRegistryImpl
[11:47:02] [REI-ReloadPlugins/DEBUG] [REI]  - DisplaySerializerRegistryImpl
[11:47:02] [REI-ReloadPlugins/DEBUG] [REI]  - FluidSupportProviderImpl
[11:47:02] [REI-ReloadPlugins/DEBUG] [REI]  - me.shedaniel.rei.plugin.client.runtime.PluginStageExecutionWatcher$1
[11:47:02] [REI-ReloadPlugins/DEBUG] [REI] Plugins (7):
[11:47:02] [REI-ReloadPlugins/DEBUG] [REI]  - (-100.00) DefaultClientPluginImpl of DefaultClientPluginImpl [roughlyenoughitems]
[11:47:02] [REI-ReloadPlugins/DEBUG] [REI]  - (-100.00) DefaultPluginImpl of DefaultPluginImpl [roughlyenoughitems]
[11:47:02] [REI-ReloadPlugins/DEBUG] [REI]  - (0.00) HideIngredientsFromTagsPlugin of HideIngredientsFromTagsPlugin [roughlyenoughitems]
[11:47:02] [REI-ReloadPlugins/DEBUG] [REI]  - (0.00) DefaultClientRuntimePlugin of DefaultClientRuntimePlugin [roughlyenoughitems]
[11:47:02] [REI-ReloadPlugins/DEBUG] [REI]  - (0.00) DefaultRuntimePlugin of DefaultRuntimePlugin [roughlyenoughitems]
[11:47:02] [REI-ReloadPlugins/DEBUG] [REI]  - (0.00) LDLibREIPlugin of LDLibREIPlugin [ldlib2]
[11:47:02] [REI-ReloadPlugins/DEBUG] [REI]  - (0.00) AE2 of AE2 [ae2]
[11:47:02] [REI-ReloadPlugins/DEBUG] [REI] ========================================
[11:47:02] [REI-ReloadPlugins/TRACE] [REI] [REIPlugin START] Reloading Section: "pre-register/"
[11:47:02] [REI-ReloadPlugins/TRACE] [REI] [REIPlugin START] Reloading Section: "pre-register/DefaultClientPluginImpl of DefaultClientPluginImpl [roughlyenoughitems]/"
[11:47:02] [REI-ReloadPlugins/TRACE] [REI] [REIPlugin START] Reloading Section: "pre-register/DefaultClientPluginImpl of DefaultClientPluginImpl [roughlyenoughitems]/" done in 629.5 μs
[11:47:02] [REI-ReloadPlugins/TRACE] [REI] [REIPlugin START] Reloading Section: "pre-register/DefaultPluginImpl of DefaultPluginImpl [roughlyenoughitems]/"
[11:47:02] [REI-ReloadPlugins/TRACE] [REI] [REIPlugin START] Reloading Section: "pre-register/DefaultPluginImpl of DefaultPluginImpl [roughlyenoughitems]/" done in 51.96 μs
[11:47:02] [REI-ReloadPlugins/TRACE] [REI] [REIPlugin START] Reloading Section: "pre-register/HideIngredientsFromTagsPlugin of HideIngredientsFromTagsPlugin [roughlyenoughitems]/"
[11:47:02] [REI-ReloadPlugins/TRACE] [REI] [REIPlugin START] Reloading Section: "pre-register/HideIngredientsFromTagsPlugin of HideIngredientsFromTagsPlugin [roughlyenoughitems]/" done in 26.81 μs
[11:47:02] [REI-ReloadPlugins/TRACE] [REI] [REIPlugin START] Reloading Section: "pre-register/DefaultClientRuntimePlugin of DefaultClientRuntimePlugin [roughlyenoughitems]/"
[11:47:02] [REI-ReloadPlugins/TRACE] [REI] [REIPlugin START] Reloading Section: "pre-register/DefaultClientRuntimePlugin of DefaultClientRuntimePlugin [roughlyenoughitems]/" done in 14.82 μs
[11:47:02] [REI-ReloadPlugins/TRACE] [REI] [REIPlugin START] Reloading Section: "pre-register/DefaultRuntimePlugin of DefaultRuntimePlugin [roughlyenoughitems]/"
[11:47:02] [REI-ReloadPlugins/TRACE] [REI] [REIPlugin START] Reloading Section: "pre-register/DefaultRuntimePlugin of DefaultRuntimePlugin [roughlyenoughitems]/" done in 13.32 μs
[11:47:02] [REI-ReloadPlugins/TRACE] [REI] [REIPlugin START] Reloading Section: "pre-register/LDLibREIPlugin of LDLibREIPlugin [ldlib2]/"
[11:47:02] [REI-ReloadPlugins/TRACE] [REI] [REIPlugin START] Reloading Section: "pre-register/LDLibREIPlugin of LDLibREIPlugin [ldlib2]/" done in 18.98 μs
[11:47:02] [REI-ReloadPlugins/TRACE] [REI] [REIPlugin START] Reloading Section: "pre-register/AE2 of AE2 [ae2]/"
[11:47:02] [REI-ReloadPlugins/TRACE] [REI] [REIPlugin START] Reloading Section: "pre-register/AE2 of AE2 [ae2]/" done in 55.94 μs
[11:47:02] [REI-ReloadPlugins/TRACE] [REI] [REIPlugin START] Reloading Section: "pre-register/" done in 9.721 ms
[11:47:02] [REI-ReloadPlugins/TRACE] [REI] [REIPlugin START] Reloading Section: "pre-stage/"
[11:47:02] [REI-ReloadPlugins/TRACE] [REI] [REIPlugin START] Reloading Section: "pre-stage/EntryTypeRegistryImpl/"
[11:47:02] [REI-ReloadPlugins/TRACE] [REI] [REIPlugin START] Reloading Section: "pre-stage/EntryTypeRegistryImpl/" done in 157.1 μs
[11:47:02] [REI-ReloadPlugins/TRACE] [REI] [REIPlugin START] Reloading Section: "pre-stage/EntrySettingsAdapterRegistryImpl/"
[11:47:02] [REI-ReloadPlugins/TRACE] [REI] [REIPlugin START] Reloading Section: "pre-stage/EntrySettingsAdapterRegistryImpl/" done in 14.62 μs
[11:47:02] [REI-ReloadPlugins/TRACE] [REI] [REIPlugin START] Reloading Section: "pre-stage/RecipeManagerContextImpl/"
[11:47:02] [REI-ReloadPlugins/TRACE] [REI] [REIPlugin START] Reloading Section: "pre-stage/RecipeManagerContextImpl/" done in 11.77 μs
[11:47:02] [REI-ReloadPlugins/TRACE] [REI] [REIPlugin START] Reloading Section: "pre-stage/ItemComparatorRegistryImpl/"
[11:47:02] [REI-ReloadPlugins/TRACE] [REI] [REIPlugin START] Reloading Section: "pre-stage/ItemComparatorRegistryImpl/" done in 15.96 μs
[11:47:02] [REI-ReloadPlugins/TRACE] [REI] [REIPlugin START] Reloading Section: "pre-stage/FluidComparatorRegistryImpl/"
[11:47:02] [REI-ReloadPlugins/TRACE] [REI] [REIPlugin START] Reloading Section: "pre-stage/FluidComparatorRegistryImpl/" done in 10.87 μs
[11:47:02] [REI-ReloadPlugins/TRACE] [REI] [REIPlugin START] Reloading Section: "pre-stage/DisplaySerializerRegistryImpl/"
[11:47:02] [REI-ReloadPlugins/TRACE] [REI] [REIPlugin START] Reloading Section: "pre-stage/DisplaySerializerRegistryImpl/" done in 11.13 μs
[11:47:02] [REI-ReloadPlugins/TRACE] [REI] [REIPlugin START] Reloading Section: "pre-stage/FluidSupportProviderImpl/"
[11:47:02] [REI-ReloadPlugins/TRACE] [REI] [REIPlugin START] Reloading Section: "pre-stage/FluidSupportProviderImpl/" done in 11.00 μs
[11:47:02] [REI-ReloadPlugins/TRACE] [REI] [REIPlugin START] Reloading Section: "pre-stage/me.shedaniel.rei.plugin.client.runtime.PluginStageExecutionWatcher$1/"
[11:47:02] [REI-ReloadPlugins/TRACE] [REI] [REIPlugin START] Reloading Section: "pre-stage/me.shedaniel.rei.plugin.client.runtime.PluginStageExecutionWatcher$1/" done in 364.9 μs
[11:47:02] [REI-ReloadPlugins/TRACE] [REI] [REIPlugin START] Reloading Section: "pre-stage/" done in 963.1 μs
[11:47:02] [REI-ReloadPlugins/DEBUG] [REI] ========================================
[11:47:02] [REI-ReloadPlugins/DEBUG] [REI] REIPlugin finished pre-reload for START in 11.06 ms.
[11:47:02] [REI-ReloadPlugins/DEBUG] [REI] ========================================
[11:47:02] [REI-ReloadPlugins/DEBUG] [REI] ========================================
[11:47:02] [REI-ReloadPlugins/DEBUG] [REI] REIClientPlugin starting pre-reload for START.
[11:47:02] [REI-ReloadPlugins/DEBUG] [REI] Reloadables (18):
[11:47:02] [REI-ReloadPlugins/DEBUG] [REI]  - EntryRendererRegistryImpl
[11:47:02] [REI-ReloadPlugins/DEBUG] [REI]  - ViewsImpl
[11:47:02] [REI-ReloadPlugins/DEBUG] [REI]  - InputMethodRegistryImpl
[11:47:02] [REI-ReloadPlugins/DEBUG] [REI]  - SearchProviderImpl
[11:47:02] [REI-ReloadPlugins/DEBUG] [REI]  - ConfigManagerImpl
[11:47:02] [REI-ReloadPlugins/DEBUG] [REI]  - EntryRegistryImpl
[11:47:02] [REI-ReloadPlugins/DEBUG] [REI]  - CollapsibleEntryRegistryImpl
[11:47:02] [REI-ReloadPlugins/DEBUG] [REI]  - BasicFilteringRuleImpl
[11:47:02] [REI-ReloadPlugins/DEBUG] [REI]  - CategoryRegistryImpl
[11:47:02] [REI-ReloadPlugins/DEBUG] [REI]  - DisplayRegistryImpl
[11:47:02] [REI-ReloadPlugins/DEBUG] [REI]  - ScreenRegistryImpl
[11:47:02] [REI-ReloadPlugins/DEBUG] [REI]  - FavoriteEntryTypeRegistryImpl
[11:47:02] [REI-ReloadPlugins/DEBUG] [REI]  - SubsetsRegistryImpl
[11:47:02] [REI-ReloadPlugins/DEBUG] [REI]  - TransferHandlerRegistryImpl
[11:47:02] [REI-ReloadPlugins/DEBUG] [REI]  - SearchRuntime
[11:47:02] [REI-ReloadPlugins/DEBUG] [REI]  - REIRuntimeImpl
[11:47:02] [REI-ReloadPlugins/DEBUG] [REI]  - ConfigAddonRegistryImpl
[11:47:02] [REI-ReloadPlugins/DEBUG] [REI]  - me.shedaniel.rei.plugin.client.runtime.PluginStageExecutionWatcher$1
[11:47:02] [REI-ReloadPlugins/DEBUG] [REI] Plugins (5):
[11:47:02] [REI-ReloadPlugins/DEBUG] [REI]  - (-100.00) DefaultClientPluginImpl of DefaultClientPluginImpl [roughlyenoughitems]
[11:47:02] [REI-ReloadPlugins/DEBUG] [REI]  - (0.00) LDLibREIPlugin of LDLibREIPlugin [ldlib2]
[11:47:02] [REI-ReloadPlugins/DEBUG] [REI]  - (0.00) AE2 of AE2 [ae2]
[11:47:02] [REI-ReloadPlugins/DEBUG] [REI]  - (0.00) HideIngredientsFromTagsPlugin of HideIngredientsFromTagsPlugin [roughlyenoughitems]
[11:47:02] [REI-ReloadPlugins/DEBUG] [REI]  - (0.00) DefaultClientRuntimePlugin of DefaultClientRuntimePlugin [roughlyenoughitems]
[11:47:02] [REI-ReloadPlugins/DEBUG] [REI] ========================================
[11:47:02] [REI-ReloadPlugins/TRACE] [REI] [REIClientPlugin START] Reloading Section: "pre-register/"
[11:47:02] [REI-ReloadPlugins/TRACE] [REI] [REIClientPlugin START] Reloading Section: "pre-register/DefaultClientPluginImpl of DefaultClientPluginImpl [roughlyenoughitems]/"
[11:47:02] [REI-ReloadPlugins/TRACE] [REI] [REIClientPlugin START] Reloading Section: "pre-register/DefaultClientPluginImpl of DefaultClientPluginImpl [roughlyenoughitems]/" done in 26.77 μs
[11:47:02] [REI-ReloadPlugins/TRACE] [REI] [REIClientPlugin START] Reloading Section: "pre-register/LDLibREIPlugin of LDLibREIPlugin [ldlib2]/"
[11:47:02] [REI-ReloadPlugins/TRACE] [REI] [REIClientPlugin START] Reloading Section: "pre-register/LDLibREIPlugin of LDLibREIPlugin [ldlib2]/" done in 15.76 μs
[11:47:02] [REI-ReloadPlugins/TRACE] [REI] [REIClientPlugin START] Reloading Section: "pre-register/AE2 of AE2 [ae2]/"
[11:47:02] [REI-ReloadPlugins/TRACE] [REI] [REIClientPlugin START] Reloading Section: "pre-register/AE2 of AE2 [ae2]/" done in 29.60 μs
[11:47:02] [REI-ReloadPlugins/TRACE] [REI] [REIClientPlugin START] Reloading Section: "pre-register/HideIngredientsFromTagsPlugin of HideIngredientsFromTagsPlugin [roughlyenoughitems]/"
[11:47:02] [REI-ReloadPlugins/TRACE] [REI] [REIClientPlugin START] Reloading Section: "pre-register/HideIngredientsFromTagsPlugin of HideIngredientsFromTagsPlugin [roughlyenoughitems]/" done in 13.01 μs
[11:47:02] [REI-ReloadPlugins/TRACE] [REI] [REIClientPlugin START] Reloading Section: "pre-register/DefaultClientRuntimePlugin of DefaultClientRuntimePlugin [roughlyenoughitems]/"
[11:47:02] [REI-ReloadPlugins/TRACE] [REI] [REIClientPlugin START] Reloading Section: "pre-register/DefaultClientRuntimePlugin of DefaultClientRuntimePlugin [roughlyenoughitems]/" done in 17.93 μs
[11:47:02] [REI-ReloadPlugins/TRACE] [REI] [REIClientPlugin START] Reloading Section: "pre-register/" done in 286.2 μs
[11:47:02] [REI-ReloadPlugins/TRACE] [REI] [REIClientPlugin START] Reloading Section: "pre-stage/"
[11:47:02] [REI-ReloadPlugins/TRACE] [REI] [REIClientPlugin START] Reloading Section: "pre-stage/EntryRendererRegistryImpl/"
[11:47:02] [REI-ReloadPlugins/TRACE] [REI] [REIClientPlugin START] Reloading Section: "pre-stage/EntryRendererRegistryImpl/" done in 12.50 μs
[11:47:02] [REI-ReloadPlugins/TRACE] [REI] [REIClientPlugin START] Reloading Section: "pre-stage/ViewsImpl/"
[11:47:02] [REI-ReloadPlugins/TRACE] [REI] [REIClientPlugin START] Reloading Section: "pre-stage/ViewsImpl/" done in 11.38 μs
[11:47:02] [REI-ReloadPlugins/TRACE] [REI] [REIClientPlugin START] Reloading Section: "pre-stage/InputMethodRegistryImpl/"
[11:47:02] [REI-ReloadPlugins/TRACE] [REI] [REIClientPlugin START] Reloading Section: "pre-stage/InputMethodRegistryImpl/" done in 11.88 μs
[11:47:02] [REI-ReloadPlugins/TRACE] [REI] [REIClientPlugin START] Reloading Section: "pre-stage/SearchProviderImpl/"
[11:47:02] [REI-ReloadPlugins/TRACE] [REI] [REIClientPlugin START] Reloading Section: "pre-stage/SearchProviderImpl/" done in 10.87 μs
[11:47:02] [REI-ReloadPlugins/TRACE] [REI] [REIClientPlugin START] Reloading Section: "pre-stage/ConfigManagerImpl/"
[11:47:02] [REI-ReloadPlugins/TRACE] [REI] [REIClientPlugin START] Reloading Section: "pre-stage/ConfigManagerImpl/" done in 16.76 μs
[11:47:02] [REI-ReloadPlugins/TRACE] [REI] [REIClientPlugin START] Reloading Section: "pre-stage/EntryRegistryImpl/"
[11:47:02] [REI-ReloadPlugins/TRACE] [REI] [REIClientPlugin START] Reloading Section: "pre-stage/EntryRegistryImpl/" done in 11.53 μs
[11:47:02] [REI-ReloadPlugins/TRACE] [REI] [REIClientPlugin START] Reloading Section: "pre-stage/CollapsibleEntryRegistryImpl/"
[11:47:02] [REI-ReloadPlugins/TRACE] [REI] [REIClientPlugin START] Reloading Section: "pre-stage/CollapsibleEntryRegistryImpl/" done in 10.81 μs
[11:47:02] [REI-ReloadPlugins/TRACE] [REI] [REIClientPlugin START] Reloading Section: "pre-stage/BasicFilteringRuleImpl/"
[11:47:02] [REI-ReloadPlugins/TRACE] [REI] [REIClientPlugin START] Reloading Section: "pre-stage/BasicFilteringRuleImpl/" done in 10.86 μs
[11:47:02] [REI-ReloadPlugins/TRACE] [REI] [REIClientPlugin START] Reloading Section: "pre-stage/CategoryRegistryImpl/"
[11:47:02] [REI-ReloadPlugins/TRACE] [REI] [REIClientPlugin START] Reloading Section: "pre-stage/CategoryRegistryImpl/" done in 55.70 μs
[11:47:02] [REI-ReloadPlugins/TRACE] [REI] [REIClientPlugin START] Reloading Section: "pre-stage/DisplayRegistryImpl/"
[11:47:02] [REI-ReloadPlugins/TRACE] [REI] [REIClientPlugin START] Reloading Section: "pre-stage/DisplayRegistryImpl/" done in 22.07 μs
[11:47:02] [REI-ReloadPlugins/TRACE] [REI] [REIClientPlugin START] Reloading Section: "pre-stage/ScreenRegistryImpl/"
[11:47:02] [REI-ReloadPlugins/TRACE] [REI] [REIClientPlugin START] Reloading Section: "pre-stage/ScreenRegistryImpl/" done in 25.88 μs
[11:47:02] [REI-ReloadPlugins/TRACE] [REI] [REIClientPlugin START] Reloading Section: "pre-stage/FavoriteEntryTypeRegistryImpl/"
[11:47:02] [REI-ReloadPlugins/TRACE] [REI] [REIClientPlugin START] Reloading Section: "pre-stage/FavoriteEntryTypeRegistryImpl/" done in 15.74 μs
[11:47:02] [REI-ReloadPlugins/TRACE] [REI] [REIClientPlugin START] Reloading Section: "pre-stage/SubsetsRegistryImpl/"
[11:47:02] [REI-ReloadPlugins/TRACE] [REI] [REIClientPlugin START] Reloading Section: "pre-stage/SubsetsRegistryImpl/" done in 15.26 μs
[11:47:02] [REI-ReloadPlugins/TRACE] [REI] [REIClientPlugin START] Reloading Section: "pre-stage/TransferHandlerRegistryImpl/"
[11:47:02] [REI-ReloadPlugins/TRACE] [REI] [REIClientPlugin START] Reloading Section: "pre-stage/TransferHandlerRegistryImpl/" done in 12.33 μs
[11:47:02] [REI-ReloadPlugins/TRACE] [REI] [REIClientPlugin START] Reloading Section: "pre-stage/SearchRuntime/"
[11:47:02] [REI-ReloadPlugins/TRACE] [REI] [REIClientPlugin START] Reloading Section: "pre-stage/SearchRuntime/" done in 12.06 μs
[11:47:02] [REI-ReloadPlugins/TRACE] [REI] [REIClientPlugin START] Reloading Section: "pre-stage/REIRuntimeImpl/"
[11:47:02] [REI-ReloadPlugins/TRACE] [REI] [REIClientPlugin START] Reloading Section: "pre-stage/REIRuntimeImpl/" done in 17.51 μs
[11:47:02] [REI-ReloadPlugins/TRACE] [REI] [REIClientPlugin START] Reloading Section: "pre-stage/ConfigAddonRegistryImpl/"
[11:47:02] [REI-ReloadPlugins/TRACE] [REI] [REIClientPlugin START] Reloading Section: "pre-stage/ConfigAddonRegistryImpl/" done in 25.63 μs
[11:47:02] [REI-ReloadPlugins/TRACE] [REI] [REIClientPlugin START] Reloading Section: "pre-stage/me.shedaniel.rei.plugin.client.runtime.PluginStageExecutionWatcher$1/"
[11:47:02] [REI-ReloadPlugins/TRACE] [REI] [REIClientPlugin START] Reloading Section: "pre-stage/me.shedaniel.rei.plugin.client.runtime.PluginStageExecutionWatcher$1/" done in 18.67 μs
[11:47:02] [REI-ReloadPlugins/TRACE] [REI] [REIClientPlugin START] Reloading Section: "pre-stage/" done in 898.9 μs
[11:47:02] [REI-ReloadPlugins/DEBUG] [REI] ========================================
[11:47:02] [REI-ReloadPlugins/DEBUG] [REI] REIClientPlugin finished pre-reload for START in 1.225 ms.
[11:47:02] [REI-ReloadPlugins/DEBUG] [REI] ========================================
[11:47:02] [REI-ReloadPlugins/DEBUG] [REI] ========================================
[11:47:02] [REI-ReloadPlugins/DEBUG] [REI] REIServerPlugin starting pre-reload for START.
[11:47:02] [REI-ReloadPlugins/DEBUG] [REI] Reloadables (3):
[11:47:02] [REI-ReloadPlugins/DEBUG] [REI]  - MenuInfoRegistryImpl
[11:47:02] [REI-ReloadPlugins/DEBUG] [REI]  - SlotAccessorRegistryImpl
[11:47:02] [REI-ReloadPlugins/DEBUG] [REI]  - me.shedaniel.rei.plugin.client.runtime.PluginStageExecutionWatcher$1
[11:47:02] [REI-ReloadPlugins/DEBUG] [REI] Plugins (2):
[11:47:02] [REI-ReloadPlugins/DEBUG] [REI]  - (-100.00) DefaultPluginImpl of DefaultPluginImpl [roughlyenoughitems]
[11:47:02] [REI-ReloadPlugins/DEBUG] [REI]  - (0.00) DefaultRuntimePlugin of DefaultRuntimePlugin [roughlyenoughitems]
[11:47:02] [REI-ReloadPlugins/DEBUG] [REI] ========================================
[11:47:02] [REI-ReloadPlugins/TRACE] [REI] [REIServerPlugin START] Reloading Section: "pre-register/"
[11:47:02] [REI-ReloadPlugins/TRACE] [REI] [REIServerPlugin START] Reloading Section: "pre-register/DefaultPluginImpl of DefaultPluginImpl [roughlyenoughitems]/"
[11:47:02] [REI-ReloadPlugins/TRACE] [REI] [REIServerPlugin START] Reloading Section: "pre-register/DefaultPluginImpl of DefaultPluginImpl [roughlyenoughitems]/" done in 21.37 μs
[11:47:02] [REI-ReloadPlugins/TRACE] [REI] [REIServerPlugin START] Reloading Section: "pre-register/DefaultRuntimePlugin of DefaultRuntimePlugin [roughlyenoughitems]/"
[11:47:02] [REI-ReloadPlugins/TRACE] [REI] [REIServerPlugin START] Reloading Section: "pre-register/DefaultRuntimePlugin of DefaultRuntimePlugin [roughlyenoughitems]/" done in 17.31 μs
[11:47:02] [REI-ReloadPlugins/TRACE] [REI] [REIServerPlugin START] Reloading Section: "pre-register/" done in 155.7 μs
[11:47:02] [REI-ReloadPlugins/TRACE] [REI] [REIServerPlugin START] Reloading Section: "pre-stage/"
[11:47:02] [REI-ReloadPlugins/TRACE] [REI] [REIServerPlugin START] Reloading Section: "pre-stage/MenuInfoRegistryImpl/"
[11:47:02] [REI-ReloadPlugins/TRACE] [REI] [REIServerPlugin START] Reloading Section: "pre-stage/MenuInfoRegistryImpl/" done in 11.76 μs
[11:47:02] [REI-ReloadPlugins/TRACE] [REI] [REIServerPlugin START] Reloading Section: "pre-stage/SlotAccessorRegistryImpl/"
[11:47:02] [REI-ReloadPlugins/TRACE] [REI] [REIServerPlugin START] Reloading Section: "pre-stage/SlotAccessorRegistryImpl/" done in 11.35 μs
[11:47:02] [REI-ReloadPlugins/TRACE] [REI] [REIServerPlugin START] Reloading Section: "pre-stage/me.shedaniel.rei.plugin.client.runtime.PluginStageExecutionWatcher$1/"
[11:47:02] [REI-ReloadPlugins/TRACE] [REI] [REIServerPlugin START] Reloading Section: "pre-stage/me.shedaniel.rei.plugin.client.runtime.PluginStageExecutionWatcher$1/" done in 14.82 μs
[11:47:02] [REI-ReloadPlugins/TRACE] [REI] [REIServerPlugin START] Reloading Section: "pre-stage/" done in 121.8 μs
[11:47:02] [REI-ReloadPlugins/DEBUG] [REI] ========================================
[11:47:02] [REI-ReloadPlugins/DEBUG] [REI] REIServerPlugin finished pre-reload for START in 318.9 μs.
[11:47:02] [REI-ReloadPlugins/DEBUG] [REI] ========================================
[11:47:02] [REI-ReloadPlugins/INFO] [REI] ----------------------------------------
[11:47:02] [REI-ReloadPlugins/INFO] [REI] REIPlugin starting main-reload for START.
[11:47:02] [REI-ReloadPlugins/DEBUG] [REI] Reloadables (8):
[11:47:02] [REI-ReloadPlugins/DEBUG] [REI]  - EntryTypeRegistryImpl
[11:47:02] [REI-ReloadPlugins/DEBUG] [REI]  - EntrySettingsAdapterRegistryImpl
[11:47:02] [REI-ReloadPlugins/DEBUG] [REI]  - RecipeManagerContextImpl
[11:47:02] [REI-ReloadPlugins/DEBUG] [REI]  - ItemComparatorRegistryImpl
[11:47:02] [REI-ReloadPlugins/DEBUG] [REI]  - FluidComparatorRegistryImpl
[11:47:02] [REI-ReloadPlugins/DEBUG] [REI]  - DisplaySerializerRegistryImpl
[11:47:02] [REI-ReloadPlugins/DEBUG] [REI]  - FluidSupportProviderImpl
[11:47:02] [REI-ReloadPlugins/DEBUG] [REI]  - me.shedaniel.rei.plugin.client.runtime.PluginStageExecutionWatcher$1
[11:47:02] [REI-ReloadPlugins/INFO] [REI] Plugins (7):
[11:47:02] [REI-ReloadPlugins/INFO] [REI]  - (-100.00) DefaultClientPluginImpl of DefaultClientPluginImpl [roughlyenoughitems]
[11:47:02] [REI-ReloadPlugins/INFO] [REI]  - (-100.00) DefaultPluginImpl of DefaultPluginImpl [roughlyenoughitems]
[11:47:02] [REI-ReloadPlugins/INFO] [REI]  - (0.00) HideIngredientsFromTagsPlugin of HideIngredientsFromTagsPlugin [roughlyenoughitems]
[11:47:02] [REI-ReloadPlugins/INFO] [REI]  - (0.00) DefaultClientRuntimePlugin of DefaultClientRuntimePlugin [roughlyenoughitems]
[11:47:02] [REI-ReloadPlugins/INFO] [REI]  - (0.00) DefaultRuntimePlugin of DefaultRuntimePlugin [roughlyenoughitems]
[11:47:02] [REI-ReloadPlugins/INFO] [REI]  - (0.00) LDLibREIPlugin of LDLibREIPlugin [ldlib2]
[11:47:02] [REI-ReloadPlugins/INFO] [REI]  - (0.00) AE2 of AE2 [ae2]
[11:47:02] [REI-ReloadPlugins/INFO] [REI] ----------------------------------------
[11:47:02] [REI-ReloadPlugins/TRACE] [REI] [REIPlugin START] Reloading Section: "start-reload/"
[11:47:02] [REI-ReloadPlugins/TRACE] [REI] [REIPlugin START] Reloading Section: "start-reload/EntryTypeRegistryImpl/"
[11:47:02] [REI-ReloadPlugins/TRACE] [REI] [REIPlugin START] Reloading Section: "start-reload/EntryTypeRegistryImpl/" done in 57.40 μs
[11:47:02] [REI-ReloadPlugins/TRACE] [REI] [REIPlugin START] Reloading Section: "start-reload/EntrySettingsAdapterRegistryImpl/"
[11:47:02] [REI-ReloadPlugins/TRACE] [REI] [REIPlugin START] Reloading Section: "start-reload/EntrySettingsAdapterRegistryImpl/" done in 19.84 μs
[11:47:02] [REI-ReloadPlugins/TRACE] [REI] [REIPlugin START] Reloading Section: "start-reload/RecipeManagerContextImpl/"
[11:47:02] [REI-ReloadPlugins/TRACE] [REI] [REIPlugin START] Reloading Section: "start-reload/RecipeManagerContextImpl/" done in 11.73 μs
[11:47:02] [REI-ReloadPlugins/TRACE] [REI] [REIPlugin START] Reloading Section: "start-reload/ItemComparatorRegistryImpl/"
[11:47:02] [REI-ReloadPlugins/TRACE] [REI] [REIPlugin START] Reloading Section: "start-reload/ItemComparatorRegistryImpl/" done in 21.38 μs
[11:47:02] [REI-ReloadPlugins/TRACE] [REI] [REIPlugin START] Reloading Section: "start-reload/FluidComparatorRegistryImpl/"
[11:47:02] [REI-ReloadPlugins/TRACE] [REI] [REIPlugin START] Reloading Section: "start-reload/FluidComparatorRegistryImpl/" done in 12.22 μs
[11:47:02] [REI-ReloadPlugins/TRACE] [REI] [REIPlugin START] Reloading Section: "start-reload/DisplaySerializerRegistryImpl/"
[11:47:02] [REI-ReloadPlugins/TRACE] [REI] [REIPlugin START] Reloading Section: "start-reload/DisplaySerializerRegistryImpl/" done in 10.17 μs
[11:47:02] [REI-ReloadPlugins/TRACE] [REI] [REIPlugin START] Reloading Section: "start-reload/FluidSupportProviderImpl/"
[11:47:02] [REI-ReloadPlugins/TRACE] [REI] [REIPlugin START] Reloading Section: "start-reload/FluidSupportProviderImpl/" done in 27.10 μs
[11:47:02] [REI-ReloadPlugins/TRACE] [REI] [REIPlugin START] Reloading Section: "start-reload/me.shedaniel.rei.plugin.client.runtime.PluginStageExecutionWatcher$1/"
[11:47:02] [REI-ReloadPlugins/TRACE] [REI] [REIPlugin START] Reloading Section: "start-reload/me.shedaniel.rei.plugin.client.runtime.PluginStageExecutionWatcher$1/" done in 11.34 μs
[11:47:02] [REI-ReloadPlugins/TRACE] [REI] [REIPlugin START] Reloading Section: "start-reload/" done in 504.7 μs
[11:47:02] [REI-ReloadPlugins/DEBUG] [REI] ========================================
[11:47:02] [REI-ReloadPlugins/DEBUG] [REI] REIPlugin started main-reload for START.
[11:47:02] [REI-ReloadPlugins/DEBUG] [REI] ========================================
[11:47:02] [REI-ReloadPlugins/TRACE] [REI] [REIPlugin START] Reloading Section: "reloadable-plugin/EntryTypeRegistryImpl/"
[11:47:02] [REI-ReloadPlugins/TRACE] [REI] [REIPlugin START] Reloading Section: "reloadable-plugin/EntryTypeRegistryImpl/DefaultClientPluginImpl of DefaultClientPluginImpl [roughlyenoughitems]/"
[11:47:02] [REI-ReloadPlugins/TRACE] [REI] [REIPlugin START] Reloading Section: "reloadable-plugin/EntryTypeRegistryImpl/DefaultClientPluginImpl of DefaultClientPluginImpl [roughlyenoughitems]/" done in 160.4 μs
[11:47:02] [REI-ReloadPlugins/TRACE] [REI] [REIPlugin START] Reloading Section: "reloadable-plugin/EntryTypeRegistryImpl/DefaultPluginImpl of DefaultPluginImpl [roughlyenoughitems]/"
[11:47:02] [REI-ReloadPlugins/TRACE] [REI] [REIPlugin START] Reloading Section: "reloadable-plugin/EntryTypeRegistryImpl/DefaultPluginImpl of DefaultPluginImpl [roughlyenoughitems]/" done in 24.35 μs
[11:47:02] [REI-ReloadPlugins/TRACE] [REI] [REIPlugin START] Reloading Section: "reloadable-plugin/EntryTypeRegistryImpl/HideIngredientsFromTagsPlugin of HideIngredientsFromTagsPlugin [roughlyenoughitems]/"
[11:47:02] [REI-ReloadPlugins/TRACE] [REI] [REIPlugin START] Reloading Section: "reloadable-plugin/EntryTypeRegistryImpl/HideIngredientsFromTagsPlugin of HideIngredientsFromTagsPlugin [roughlyenoughitems]/" done in 16.84 μs
[11:47:02] [REI-ReloadPlugins/TRACE] [REI] [REIPlugin START] Reloading Section: "reloadable-plugin/EntryTypeRegistryImpl/DefaultClientRuntimePlugin of DefaultClientRuntimePlugin [roughlyenoughitems]/"
[11:47:02] [REI-ReloadPlugins/TRACE] [REI] [REIPlugin START] Reloading Section: "reloadable-plugin/EntryTypeRegistryImpl/DefaultClientRuntimePlugin of DefaultClientRuntimePlugin [roughlyenoughitems]/" done in 15.43 μs
[11:47:02] [REI-ReloadPlugins/TRACE] [REI] [REIPlugin START] Reloading Section: "reloadable-plugin/EntryTypeRegistryImpl/DefaultRuntimePlugin of DefaultRuntimePlugin [roughlyenoughitems]/"
[11:47:02] [REI-ReloadPlugins/TRACE] [REI] [REIPlugin START] Reloading Section: "reloadable-plugin/EntryTypeRegistryImpl/DefaultRuntimePlugin of DefaultRuntimePlugin [roughlyenoughitems]/" done in 6.137 ms
[11:47:02] [REI-ReloadPlugins/TRACE] [REI] [REIPlugin START] Reloading Section: "reloadable-plugin/EntryTypeRegistryImpl/LDLibREIPlugin of LDLibREIPlugin [ldlib2]/"
[11:47:02] [REI-ReloadPlugins/TRACE] [REI] [REIPlugin START] Reloading Section: "reloadable-plugin/EntryTypeRegistryImpl/LDLibREIPlugin of LDLibREIPlugin [ldlib2]/" done in 43.91 μs
[11:47:02] [REI-ReloadPlugins/TRACE] [REI] [REIPlugin START] Reloading Section: "reloadable-plugin/EntryTypeRegistryImpl/AE2 of AE2 [ae2]/"
[11:47:02] [REI-ReloadPlugins/TRACE] [REI] [REIPlugin START] Reloading Section: "reloadable-plugin/EntryTypeRegistryImpl/AE2 of AE2 [ae2]/" done in 29.42 μs
[11:47:02] [REI-ReloadPlugins/TRACE] [REI] [REIPlugin START] Reloading Section: "reloadable-plugin/EntryTypeRegistryImpl/" done in 7.208 ms
[11:47:02] [REI-ReloadPlugins/TRACE] [REI] [REIPlugin START] Reloading Section: "reloadable-plugin/EntrySettingsAdapterRegistryImpl/"
[11:47:02] [REI-ReloadPlugins/TRACE] [REI] [REIPlugin START] Reloading Section: "reloadable-plugin/EntrySettingsAdapterRegistryImpl/DefaultClientPluginImpl of DefaultClientPluginImpl [roughlyenoughitems]/"
[11:47:02] [REI-ReloadPlugins/TRACE] [REI] [REIPlugin START] Reloading Section: "reloadable-plugin/EntrySettingsAdapterRegistryImpl/DefaultClientPluginImpl of DefaultClientPluginImpl [roughlyenoughitems]/" done in 29.50 μs
[11:47:02] [REI-ReloadPlugins/TRACE] [REI] [REIPlugin START] Reloading Section: "reloadable-plugin/EntrySettingsAdapterRegistryImpl/DefaultPluginImpl of DefaultPluginImpl [roughlyenoughitems]/"
[11:47:02] [REI-ReloadPlugins/TRACE] [REI] [REIPlugin START] Reloading Section: "reloadable-plugin/EntrySettingsAdapterRegistryImpl/DefaultPluginImpl of DefaultPluginImpl [roughlyenoughitems]/" done in 15.25 μs
[11:47:02] [REI-ReloadPlugins/TRACE] [REI] [REIPlugin START] Reloading Section: "reloadable-plugin/EntrySettingsAdapterRegistryImpl/HideIngredientsFromTagsPlugin of HideIngredientsFromTagsPlugin [roughlyenoughitems]/"
[11:47:02] [REI-ReloadPlugins/TRACE] [REI] [REIPlugin START] Reloading Section: "reloadable-plugin/EntrySettingsAdapterRegistryImpl/HideIngredientsFromTagsPlugin of HideIngredientsFromTagsPlugin [roughlyenoughitems]/" done in 49.76 μs
[11:47:02] [REI-ReloadPlugins/TRACE] [REI] [REIPlugin START] Reloading Section: "reloadable-plugin/EntrySettingsAdapterRegistryImpl/DefaultClientRuntimePlugin of DefaultClientRuntimePlugin [roughlyenoughitems]/"
[11:47:02] [REI-ReloadPlugins/TRACE] [REI] [REIPlugin START] Reloading Section: "reloadable-plugin/EntrySettingsAdapterRegistryImpl/DefaultClientRuntimePlugin of DefaultClientRuntimePlugin [roughlyenoughitems]/" done in 15.81 μs
[11:47:02] [REI-ReloadPlugins/TRACE] [REI] [REIPlugin START] Reloading Section: "reloadable-plugin/EntrySettingsAdapterRegistryImpl/DefaultRuntimePlugin of DefaultRuntimePlugin [roughlyenoughitems]/"
[11:47:02] [REI-ReloadPlugins/TRACE] [REI] [REIPlugin START] Reloading Section: "reloadable-plugin/EntrySettingsAdapterRegistryImpl/DefaultRuntimePlugin of DefaultRuntimePlugin [roughlyenoughitems]/" done in 13.89 μs
[11:47:02] [REI-ReloadPlugins/TRACE] [REI] [REIPlugin START] Reloading Section: "reloadable-plugin/EntrySettingsAdapterRegistryImpl/LDLibREIPlugin of LDLibREIPlugin [ldlib2]/"
[11:47:02] [REI-ReloadPlugins/TRACE] [REI] [REIPlugin START] Reloading Section: "reloadable-plugin/EntrySettingsAdapterRegistryImpl/LDLibREIPlugin of LDLibREIPlugin [ldlib2]/" done in 13.85 μs
[11:47:02] [REI-ReloadPlugins/TRACE] [REI] [REIPlugin START] Reloading Section: "reloadable-plugin/EntrySettingsAdapterRegistryImpl/AE2 of AE2 [ae2]/"
[11:47:02] [REI-ReloadPlugins/TRACE] [REI] [REIPlugin START] Reloading Section: "reloadable-plugin/EntrySettingsAdapterRegistryImpl/AE2 of AE2 [ae2]/" done in 15.33 μs
[11:47:02] [REI-ReloadPlugins/TRACE] [REI] [REIPlugin START] Reloading Section: "reloadable-plugin/EntrySettingsAdapterRegistryImpl/" done in 395.8 μs
[11:47:02] [REI-ReloadPlugins/TRACE] [REI] [REIPlugin START] Reloading Section: "reloadable-plugin/RecipeManagerContextImpl/"
[11:47:02] [REI-ReloadPlugins/TRACE] [REI] [REIPlugin START] Reloading Section: "reloadable-plugin/RecipeManagerContextImpl/DefaultClientPluginImpl of DefaultClientPluginImpl [roughlyenoughitems]/"
[11:47:02] [REI-ReloadPlugins/TRACE] [REI] [REIPlugin START] Reloading Section: "reloadable-plugin/RecipeManagerContextImpl/DefaultClientPluginImpl of DefaultClientPluginImpl [roughlyenoughitems]/" done in 15.89 μs
[11:47:02] [REI-ReloadPlugins/TRACE] [REI] [REIPlugin START] Reloading Section: "reloadable-plugin/RecipeManagerContextImpl/DefaultPluginImpl of DefaultPluginImpl [roughlyenoughitems]/"
[11:47:02] [REI-ReloadPlugins/TRACE] [REI] [REIPlugin START] Reloading Section: "reloadable-plugin/RecipeManagerContextImpl/DefaultPluginImpl of DefaultPluginImpl [roughlyenoughitems]/" done in 16.18 μs
[11:47:02] [REI-ReloadPlugins/TRACE] [REI] [REIPlugin START] Reloading Section: "reloadable-plugin/RecipeManagerContextImpl/HideIngredientsFromTagsPlugin of HideIngredientsFromTagsPlugin [roughlyenoughitems]/"
[11:47:02] [REI-ReloadPlugins/TRACE] [REI] [REIPlugin START] Reloading Section: "reloadable-plugin/RecipeManagerContextImpl/HideIngredientsFromTagsPlugin of HideIngredientsFromTagsPlugin [roughlyenoughitems]/" done in 13.12 μs
[11:47:02] [REI-ReloadPlugins/TRACE] [REI] [REIPlugin START] Reloading Section: "reloadable-plugin/RecipeManagerContextImpl/DefaultClientRuntimePlugin of DefaultClientRuntimePlugin [roughlyenoughitems]/"
[11:47:02] [REI-ReloadPlugins/TRACE] [REI] [REIPlugin START] Reloading Section: "reloadable-plugin/RecipeManagerContextImpl/DefaultClientRuntimePlugin of DefaultClientRuntimePlugin [roughlyenoughitems]/" done in 14.11 μs
[11:47:02] [REI-ReloadPlugins/TRACE] [REI] [REIPlugin START] Reloading Section: "reloadable-plugin/RecipeManagerContextImpl/DefaultRuntimePlugin of DefaultRuntimePlugin [roughlyenoughitems]/"
[11:47:02] [REI-ReloadPlugins/TRACE] [REI] [REIPlugin START] Reloading Section: "reloadable-plugin/RecipeManagerContextImpl/DefaultRuntimePlugin of DefaultRuntimePlugin [roughlyenoughitems]/" done in 13.32 μs
[11:47:02] [REI-ReloadPlugins/TRACE] [REI] [REIPlugin START] Reloading Section: "reloadable-plugin/RecipeManagerContextImpl/LDLibREIPlugin of LDLibREIPlugin [ldlib2]/"
[11:47:02] [REI-ReloadPlugins/TRACE] [REI] [REIPlugin START] Reloading Section: "reloadable-plugin/RecipeManagerContextImpl/LDLibREIPlugin of LDLibREIPlugin [ldlib2]/" done in 13.29 μs
[11:47:02] [REI-ReloadPlugins/TRACE] [REI] [REIPlugin START] Reloading Section: "reloadable-plugin/RecipeManagerContextImpl/AE2 of AE2 [ae2]/"
[11:47:02] [REI-ReloadPlugins/TRACE] [REI] [REIPlugin START] Reloading Section: "reloadable-plugin/RecipeManagerContextImpl/AE2 of AE2 [ae2]/" done in 18.96 μs
[11:47:02] [REI-ReloadPlugins/TRACE] [REI] [REIPlugin START] Reloading Section: "reloadable-plugin/RecipeManagerContextImpl/" done in 356.0 μs
[11:47:02] [REI-ReloadPlugins/TRACE] [REI] [REIPlugin START] Reloading Section: "reloadable-plugin/ItemComparatorRegistryImpl/"
[11:47:02] [REI-ReloadPlugins/TRACE] [REI] [REIPlugin START] Reloading Section: "reloadable-plugin/ItemComparatorRegistryImpl/DefaultClientPluginImpl of DefaultClientPluginImpl [roughlyenoughitems]/"
[11:47:02] [REI-ReloadPlugins/TRACE] [REI] [REIPlugin START] Reloading Section: "reloadable-plugin/ItemComparatorRegistryImpl/DefaultClientPluginImpl of DefaultClientPluginImpl [roughlyenoughitems]/" done in 21.60 μs
[11:47:02] [REI-ReloadPlugins/TRACE] [REI] [REIPlugin START] Reloading Section: "reloadable-plugin/ItemComparatorRegistryImpl/DefaultPluginImpl of DefaultPluginImpl [roughlyenoughitems]/"
[11:47:02] [REI-ReloadPlugins/TRACE] [REI] [REIPlugin START] Reloading Section: "reloadable-plugin/ItemComparatorRegistryImpl/DefaultPluginImpl of DefaultPluginImpl [roughlyenoughitems]/" done in 648.4 μs
[11:47:02] [REI-ReloadPlugins/TRACE] [REI] [REIPlugin START] Reloading Section: "reloadable-plugin/ItemComparatorRegistryImpl/HideIngredientsFromTagsPlugin of HideIngredientsFromTagsPlugin [roughlyenoughitems]/"
[11:47:02] [REI-ReloadPlugins/TRACE] [REI] [REIPlugin START] Reloading Section: "reloadable-plugin/ItemComparatorRegistryImpl/HideIngredientsFromTagsPlugin of HideIngredientsFromTagsPlugin [roughlyenoughitems]/" done in 24.09 μs
[11:47:02] [REI-ReloadPlugins/TRACE] [REI] [REIPlugin START] Reloading Section: "reloadable-plugin/ItemComparatorRegistryImpl/DefaultClientRuntimePlugin of DefaultClientRuntimePlugin [roughlyenoughitems]/"
[11:47:02] [REI-ReloadPlugins/TRACE] [REI] [REIPlugin START] Reloading Section: "reloadable-plugin/ItemComparatorRegistryImpl/DefaultClientRuntimePlugin of DefaultClientRuntimePlugin [roughlyenoughitems]/" done in 17.02 μs
[11:47:02] [REI-ReloadPlugins/TRACE] [REI] [REIPlugin START] Reloading Section: "reloadable-plugin/ItemComparatorRegistryImpl/DefaultRuntimePlugin of DefaultRuntimePlugin [roughlyenoughitems]/"
[11:47:02] [REI-ReloadPlugins/TRACE] [REI] [REIPlugin START] Reloading Section: "reloadable-plugin/ItemComparatorRegistryImpl/DefaultRuntimePlugin of DefaultRuntimePlugin [roughlyenoughitems]/" done in 14.16 μs
[11:47:02] [REI-ReloadPlugins/TRACE] [REI] [REIPlugin START] Reloading Section: "reloadable-plugin/ItemComparatorRegistryImpl/LDLibREIPlugin of LDLibREIPlugin [ldlib2]/"
[11:47:02] [REI-ReloadPlugins/TRACE] [REI] [REIPlugin START] Reloading Section: "reloadable-plugin/ItemComparatorRegistryImpl/LDLibREIPlugin of LDLibREIPlugin [ldlib2]/" done in 18.36 μs
[11:47:02] [REI-ReloadPlugins/TRACE] [REI] [REIPlugin START] Reloading Section: "reloadable-plugin/ItemComparatorRegistryImpl/AE2 of AE2 [ae2]/"
[11:47:02] [REI-ReloadPlugins/TRACE] [REI] [REIPlugin START] Reloading Section: "reloadable-plugin/ItemComparatorRegistryImpl/AE2 of AE2 [ae2]/" done in 13.81 μs
[11:47:02] [REI-ReloadPlugins/TRACE] [REI] [REIPlugin START] Reloading Section: "reloadable-plugin/ItemComparatorRegistryImpl/" done in 1.018 ms
[11:47:02] [REI-ReloadPlugins/TRACE] [REI] [REIPlugin START] Reloading Section: "reloadable-plugin/FluidComparatorRegistryImpl/"
[11:47:02] [REI-ReloadPlugins/TRACE] [REI] [REIPlugin START] Reloading Section: "reloadable-plugin/FluidComparatorRegistryImpl/DefaultClientPluginImpl of DefaultClientPluginImpl [roughlyenoughitems]/"
[11:47:02] [REI-ReloadPlugins/TRACE] [REI] [REIPlugin START] Reloading Section: "reloadable-plugin/FluidComparatorRegistryImpl/DefaultClientPluginImpl of DefaultClientPluginImpl [roughlyenoughitems]/" done in 17.84 μs
[11:47:02] [REI-ReloadPlugins/TRACE] [REI] [REIPlugin START] Reloading Section: "reloadable-plugin/FluidComparatorRegistryImpl/DefaultPluginImpl of DefaultPluginImpl [roughlyenoughitems]/"
[11:47:02] [REI-ReloadPlugins/TRACE] [REI] [REIPlugin START] Reloading Section: "reloadable-plugin/FluidComparatorRegistryImpl/DefaultPluginImpl of DefaultPluginImpl [roughlyenoughitems]/" done in 13.46 μs
[11:47:02] [REI-ReloadPlugins/TRACE] [REI] [REIPlugin START] Reloading Section: "reloadable-plugin/FluidComparatorRegistryImpl/HideIngredientsFromTagsPlugin of HideIngredientsFromTagsPlugin [roughlyenoughitems]/"
[11:47:02] [REI-ReloadPlugins/TRACE] [REI] [REIPlugin START] Reloading Section: "reloadable-plugin/FluidComparatorRegistryImpl/HideIngredientsFromTagsPlugin of HideIngredientsFromTagsPlugin [roughlyenoughitems]/" done in 13.45 μs
[11:47:02] [REI-ReloadPlugins/TRACE] [REI] [REIPlugin START] Reloading Section: "reloadable-plugin/FluidComparatorRegistryImpl/DefaultClientRuntimePlugin of DefaultClientRuntimePlugin [roughlyenoughitems]/"
[11:47:02] [REI-ReloadPlugins/TRACE] [REI] [REIPlugin START] Reloading Section: "reloadable-plugin/FluidComparatorRegistryImpl/DefaultClientRuntimePlugin of DefaultClientRuntimePlugin [roughlyenoughitems]/" done in 31.00 μs
[11:47:02] [REI-ReloadPlugins/TRACE] [REI] [REIPlugin START] Reloading Section: "reloadable-plugin/FluidComparatorRegistryImpl/DefaultRuntimePlugin of DefaultRuntimePlugin [roughlyenoughitems]/"
[11:47:02] [REI-ReloadPlugins/TRACE] [REI] [REIPlugin START] Reloading Section: "reloadable-plugin/FluidComparatorRegistryImpl/DefaultRuntimePlugin of DefaultRuntimePlugin [roughlyenoughitems]/" done in 17.38 μs
[11:47:02] [REI-ReloadPlugins/TRACE] [REI] [REIPlugin START] Reloading Section: "reloadable-plugin/FluidComparatorRegistryImpl/LDLibREIPlugin of LDLibREIPlugin [ldlib2]/"
[11:47:02] [REI-ReloadPlugins/TRACE] [REI] [REIPlugin START] Reloading Section: "reloadable-plugin/FluidComparatorRegistryImpl/LDLibREIPlugin of LDLibREIPlugin [ldlib2]/" done in 94.20 μs
[11:47:02] [REI-ReloadPlugins/TRACE] [REI] [REIPlugin START] Reloading Section: "reloadable-plugin/FluidComparatorRegistryImpl/AE2 of AE2 [ae2]/"
[11:47:02] [REI-ReloadPlugins/TRACE] [REI] [REIPlugin START] Reloading Section: "reloadable-plugin/FluidComparatorRegistryImpl/AE2 of AE2 [ae2]/" done in 14.88 μs
[11:47:02] [REI-ReloadPlugins/TRACE] [REI] [REIPlugin START] Reloading Section: "reloadable-plugin/FluidComparatorRegistryImpl/" done in 448.7 μs
[11:47:02] [REI-ReloadPlugins/TRACE] [REI] [REIPlugin START] Reloading Section: "reloadable-plugin/DisplaySerializerRegistryImpl/"
[11:47:02] [REI-ReloadPlugins/TRACE] [REI] [REIPlugin START] Reloading Section: "reloadable-plugin/DisplaySerializerRegistryImpl/DefaultClientPluginImpl of DefaultClientPluginImpl [roughlyenoughitems]/"
[11:47:02] [REI-ReloadPlugins/TRACE] [REI] [REIPlugin START] Reloading Section: "reloadable-plugin/DisplaySerializerRegistryImpl/DefaultClientPluginImpl of DefaultClientPluginImpl [roughlyenoughitems]/" done in 13.52 μs
[11:47:02] [REI-ReloadPlugins/TRACE] [REI] [REIPlugin START] Reloading Section: "reloadable-plugin/DisplaySerializerRegistryImpl/DefaultPluginImpl of DefaultPluginImpl [roughlyenoughitems]/"
[11:47:02] [REI-ReloadPlugins/TRACE] [REI] [REIPlugin START] Reloading Section: "reloadable-plugin/DisplaySerializerRegistryImpl/DefaultPluginImpl of DefaultPluginImpl [roughlyenoughitems]/" done in 14.86 μs
[11:47:02] [REI-ReloadPlugins/TRACE] [REI] [REIPlugin START] Reloading Section: "reloadable-plugin/DisplaySerializerRegistryImpl/HideIngredientsFromTagsPlugin of HideIngredientsFromTagsPlugin [roughlyenoughitems]/"
[11:47:02] [REI-ReloadPlugins/TRACE] [REI] [REIPlugin START] Reloading Section: "reloadable-plugin/DisplaySerializerRegistryImpl/HideIngredientsFromTagsPlugin of HideIngredientsFromTagsPlugin [roughlyenoughitems]/" done in 12.56 μs
[11:47:02] [REI-ReloadPlugins/TRACE] [REI] [REIPlugin START] Reloading Section: "reloadable-plugin/DisplaySerializerRegistryImpl/DefaultClientRuntimePlugin of DefaultClientRuntimePlugin [roughlyenoughitems]/"
[11:47:02] [REI-ReloadPlugins/TRACE] [REI] [REIPlugin START] Reloading Section: "reloadable-plugin/DisplaySerializerRegistryImpl/DefaultClientRuntimePlugin of DefaultClientRuntimePlugin [roughlyenoughitems]/" done in 12.89 μs
[11:47:02] [REI-ReloadPlugins/TRACE] [REI] [REIPlugin START] Reloading Section: "reloadable-plugin/DisplaySerializerRegistryImpl/DefaultRuntimePlugin of DefaultRuntimePlugin [roughlyenoughitems]/"
[11:47:02] [REI-ReloadPlugins/TRACE] [REI] [REIPlugin START] Reloading Section: "reloadable-plugin/DisplaySerializerRegistryImpl/DefaultRuntimePlugin of DefaultRuntimePlugin [roughlyenoughitems]/" done in 13.49 μs
[11:47:02] [REI-ReloadPlugins/TRACE] [REI] [REIPlugin START] Reloading Section: "reloadable-plugin/DisplaySerializerRegistryImpl/LDLibREIPlugin of LDLibREIPlugin [ldlib2]/"
[11:47:02] [REI-ReloadPlugins/TRACE] [REI] [REIPlugin START] Reloading Section: "reloadable-plugin/DisplaySerializerRegistryImpl/LDLibREIPlugin of LDLibREIPlugin [ldlib2]/" done in 24.19 μs
[11:47:02] [REI-ReloadPlugins/TRACE] [REI] [REIPlugin START] Reloading Section: "reloadable-plugin/DisplaySerializerRegistryImpl/AE2 of AE2 [ae2]/"
[11:47:02] [REI-ReloadPlugins/TRACE] [REI] [REIPlugin START] Reloading Section: "reloadable-plugin/DisplaySerializerRegistryImpl/AE2 of AE2 [ae2]/" done in 12.98 μs
[11:47:02] [REI-ReloadPlugins/TRACE] [REI] [REIPlugin START] Reloading Section: "reloadable-plugin/DisplaySerializerRegistryImpl/" done in 289.0 μs
[11:47:02] [REI-ReloadPlugins/TRACE] [REI] [REIPlugin START] Reloading Section: "reloadable-plugin/FluidSupportProviderImpl/"
[11:47:02] [REI-ReloadPlugins/TRACE] [REI] [REIPlugin START] Reloading Section: "reloadable-plugin/FluidSupportProviderImpl/DefaultClientPluginImpl of DefaultClientPluginImpl [roughlyenoughitems]/"
[11:47:02] [REI-ReloadPlugins/TRACE] [REI] [REIPlugin START] Reloading Section: "reloadable-plugin/FluidSupportProviderImpl/DefaultClientPluginImpl of DefaultClientPluginImpl [roughlyenoughitems]/" done in 17.84 μs
[11:47:02] [REI-ReloadPlugins/TRACE] [REI] [REIPlugin START] Reloading Section: "reloadable-plugin/FluidSupportProviderImpl/DefaultPluginImpl of DefaultPluginImpl [roughlyenoughitems]/"
[11:47:02] [REI-ReloadPlugins/TRACE] [REI] [REIPlugin START] Reloading Section: "reloadable-plugin/FluidSupportProviderImpl/DefaultPluginImpl of DefaultPluginImpl [roughlyenoughitems]/" done in 488.0 μs
[11:47:02] [REI-ReloadPlugins/TRACE] [REI] [REIPlugin START] Reloading Section: "reloadable-plugin/FluidSupportProviderImpl/HideIngredientsFromTagsPlugin of HideIngredientsFromTagsPlugin [roughlyenoughitems]/"
[11:47:02] [REI-ReloadPlugins/TRACE] [REI] [REIPlugin START] Reloading Section: "reloadable-plugin/FluidSupportProviderImpl/HideIngredientsFromTagsPlugin of HideIngredientsFromTagsPlugin [roughlyenoughitems]/" done in 42.35 μs
[11:47:02] [REI-ReloadPlugins/TRACE] [REI] [REIPlugin START] Reloading Section: "reloadable-plugin/FluidSupportProviderImpl/DefaultClientRuntimePlugin of DefaultClientRuntimePlugin [roughlyenoughitems]/"
[11:47:02] [REI-ReloadPlugins/TRACE] [REI] [REIPlugin START] Reloading Section: "reloadable-plugin/FluidSupportProviderImpl/DefaultClientRuntimePlugin of DefaultClientRuntimePlugin [roughlyenoughitems]/" done in 14.66 μs
[11:47:02] [REI-ReloadPlugins/TRACE] [REI] [REIPlugin START] Reloading Section: "reloadable-plugin/FluidSupportProviderImpl/DefaultRuntimePlugin of DefaultRuntimePlugin [roughlyenoughitems]/"
[11:47:02] [REI-ReloadPlugins/TRACE] [REI] [REIPlugin START] Reloading Section: "reloadable-plugin/FluidSupportProviderImpl/DefaultRuntimePlugin of DefaultRuntimePlugin [roughlyenoughitems]/" done in 48.96 μs
[11:47:02] [REI-ReloadPlugins/TRACE] [REI] [REIPlugin START] Reloading Section: "reloadable-plugin/FluidSupportProviderImpl/LDLibREIPlugin of LDLibREIPlugin [ldlib2]/"
[11:47:02] [REI-ReloadPlugins/TRACE] [REI] [REIPlugin START] Reloading Section: "reloadable-plugin/FluidSupportProviderImpl/LDLibREIPlugin of LDLibREIPlugin [ldlib2]/" done in 15.46 μs
[11:47:02] [REI-ReloadPlugins/TRACE] [REI] [REIPlugin START] Reloading Section: "reloadable-plugin/FluidSupportProviderImpl/AE2 of AE2 [ae2]/"
[11:47:02] [REI-ReloadPlugins/TRACE] [REI] [REIPlugin START] Reloading Section: "reloadable-plugin/FluidSupportProviderImpl/AE2 of AE2 [ae2]/" done in 13.16 μs
[11:47:02] [REI-ReloadPlugins/TRACE] [REI] [REIPlugin START] Reloading Section: "reloadable-plugin/FluidSupportProviderImpl/" done in 877.0 μs
[11:47:02] [REI-ReloadPlugins/TRACE] [REI] [REIPlugin START] Reloading Section: "reloadable-plugin/me.shedaniel.rei.plugin.client.runtime.PluginStageExecutionWatcher$1/"
[11:47:02] [REI-ReloadPlugins/TRACE] [REI] [REIPlugin START] Reloading Section: "reloadable-plugin/me.shedaniel.rei.plugin.client.runtime.PluginStageExecutionWatcher$1/DefaultClientPluginImpl of DefaultClientPluginImpl [roughlyenoughitems]/"
[11:47:02] [REI-ReloadPlugins/TRACE] [REI] [REIPlugin START] Reloading Section: "reloadable-plugin/me.shedaniel.rei.plugin.client.runtime.PluginStageExecutionWatcher$1/DefaultClientPluginImpl of DefaultClientPluginImpl [roughlyenoughitems]/" done in 13.04 μs
[11:47:02] [REI-ReloadPlugins/TRACE] [REI] [REIPlugin START] Reloading Section: "reloadable-plugin/me.shedaniel.rei.plugin.client.runtime.PluginStageExecutionWatcher$1/DefaultPluginImpl of DefaultPluginImpl [roughlyenoughitems]/"
[11:47:02] [REI-ReloadPlugins/TRACE] [REI] [REIPlugin START] Reloading Section: "reloadable-plugin/me.shedaniel.rei.plugin.client.runtime.PluginStageExecutionWatcher$1/DefaultPluginImpl of DefaultPluginImpl [roughlyenoughitems]/" done in 12.03 μs
[11:47:02] [REI-ReloadPlugins/TRACE] [REI] [REIPlugin START] Reloading Section: "reloadable-plugin/me.shedaniel.rei.plugin.client.runtime.PluginStageExecutionWatcher$1/HideIngredientsFromTagsPlugin of HideIngredientsFromTagsPlugin [roughlyenoughitems]/"
[11:47:02] [REI-ReloadPlugins/TRACE] [REI] [REIPlugin START] Reloading Section: "reloadable-plugin/me.shedaniel.rei.plugin.client.runtime.PluginStageExecutionWatcher$1/HideIngredientsFromTagsPlugin of HideIngredientsFromTagsPlugin [roughlyenoughitems]/" done in 13.03 μs
[11:47:02] [REI-ReloadPlugins/TRACE] [REI] [REIPlugin START] Reloading Section: "reloadable-plugin/me.shedaniel.rei.plugin.client.runtime.PluginStageExecutionWatcher$1/DefaultClientRuntimePlugin of DefaultClientRuntimePlugin [roughlyenoughitems]/"
[11:47:02] [REI-ReloadPlugins/TRACE] [REI] [REIPlugin START] Reloading Section: "reloadable-plugin/me.shedaniel.rei.plugin.client.runtime.PluginStageExecutionWatcher$1/DefaultClientRuntimePlugin of DefaultClientRuntimePlugin [roughlyenoughitems]/" done in 11.46 μs
[11:47:02] [REI-ReloadPlugins/TRACE] [REI] [REIPlugin START] Reloading Section: "reloadable-plugin/me.shedaniel.rei.plugin.client.runtime.PluginStageExecutionWatcher$1/DefaultRuntimePlugin of DefaultRuntimePlugin [roughlyenoughitems]/"
[11:47:02] [REI-ReloadPlugins/TRACE] [REI] [REIPlugin START] Reloading Section: "reloadable-plugin/me.shedaniel.rei.plugin.client.runtime.PluginStageExecutionWatcher$1/DefaultRuntimePlugin of DefaultRuntimePlugin [roughlyenoughitems]/" done in 11.68 μs
[11:47:02] [REI-ReloadPlugins/TRACE] [REI] [REIPlugin START] Reloading Section: "reloadable-plugin/me.shedaniel.rei.plugin.client.runtime.PluginStageExecutionWatcher$1/LDLibREIPlugin of LDLibREIPlugin [ldlib2]/"
[11:47:02] [REI-ReloadPlugins/TRACE] [REI] [REIPlugin START] Reloading Section: "reloadable-plugin/me.shedaniel.rei.plugin.client.runtime.PluginStageExecutionWatcher$1/LDLibREIPlugin of LDLibREIPlugin [ldlib2]/" done in 12.65 μs
[11:47:02] [REI-ReloadPlugins/TRACE] [REI] [REIPlugin START] Reloading Section: "reloadable-plugin/me.shedaniel.rei.plugin.client.runtime.PluginStageExecutionWatcher$1/AE2 of AE2 [ae2]/"
[11:47:02] [REI-ReloadPlugins/TRACE] [REI] [REIPlugin START] Reloading Section: "reloadable-plugin/me.shedaniel.rei.plugin.client.runtime.PluginStageExecutionWatcher$1/AE2 of AE2 [ae2]/" done in 12.20 μs
[11:47:02] [REI-ReloadPlugins/TRACE] [REI] [REIPlugin START] Reloading Section: "reloadable-plugin/me.shedaniel.rei.plugin.client.runtime.PluginStageExecutionWatcher$1/" done in 269.5 μs
[11:47:02] [REI-ReloadPlugins/DEBUG] [REI] ========================================
[11:47:02] [REI-ReloadPlugins/DEBUG] [REI] REIPlugin ending main-reload for START.
[11:47:02] [REI-ReloadPlugins/DEBUG] [REI] ========================================
[11:47:02] [REI-ReloadPlugins/TRACE] [REI] [REIPlugin START] Reloading Section: "end-reload/"
[11:47:02] [REI-ReloadPlugins/TRACE] [REI] [REIPlugin START] Reloading Section: "end-reload/EntryTypeRegistryImpl/"
[11:47:02] [REI-ReloadPlugins/TRACE] [REI] [REIPlugin START] Reloading Section: "end-reload/EntryTypeRegistryImpl/" done in 16.87 μs
[11:47:02] [REI-ReloadPlugins/TRACE] [REI] [REIPlugin START] Reloading Section: "end-reload/EntrySettingsAdapterRegistryImpl/"
[11:47:02] [REI-ReloadPlugins/TRACE] [REI] [REIPlugin START] Reloading Section: "end-reload/EntrySettingsAdapterRegistryImpl/" done in 9.133 μs
[11:47:02] [REI-ReloadPlugins/TRACE] [REI] [REIPlugin START] Reloading Section: "end-reload/RecipeManagerContextImpl/"
[11:47:02] [REI-ReloadPlugins/TRACE] [REI] [REIPlugin START] Reloading Section: "end-reload/RecipeManagerContextImpl/" done in 8.246 μs
[11:47:02] [REI-ReloadPlugins/TRACE] [REI] [REIPlugin START] Reloading Section: "end-reload/ItemComparatorRegistryImpl/"
[11:47:02] [REI-ReloadPlugins/TRACE] [REI] [REIPlugin START] Reloading Section: "end-reload/ItemComparatorRegistryImpl/" done in 8.111 μs
[11:47:02] [REI-ReloadPlugins/TRACE] [REI] [REIPlugin START] Reloading Section: "end-reload/FluidComparatorRegistryImpl/"
[11:47:02] [REI-ReloadPlugins/TRACE] [REI] [REIPlugin START] Reloading Section: "end-reload/FluidComparatorRegistryImpl/" done in 9.594 μs
[11:47:02] [REI-ReloadPlugins/TRACE] [REI] [REIPlugin START] Reloading Section: "end-reload/DisplaySerializerRegistryImpl/"
[11:47:02] [REI-ReloadPlugins/TRACE] [REI] [REIPlugin START] Reloading Section: "end-reload/DisplaySerializerRegistryImpl/" done in 8.339 μs
[11:47:02] [REI-ReloadPlugins/TRACE] [REI] [REIPlugin START] Reloading Section: "end-reload/FluidSupportProviderImpl/"
[11:47:02] [REI-ReloadPlugins/TRACE] [REI] [REIPlugin START] Reloading Section: "end-reload/FluidSupportProviderImpl/" done in 7.852 μs
[11:47:02] [REI-ReloadPlugins/TRACE] [REI] [REIPlugin START] Reloading Section: "end-reload/me.shedaniel.rei.plugin.client.runtime.PluginStageExecutionWatcher$1/"
[11:47:02] [REI-ReloadPlugins/TRACE] [REI] [REIPlugin START] Reloading Section: "end-reload/me.shedaniel.rei.plugin.client.runtime.PluginStageExecutionWatcher$1/" done in 8.075 μs
[11:47:02] [REI-ReloadPlugins/TRACE] [REI] [REIPlugin START] Reloading Section: "end-reload/" done in 327.9 μs
[11:47:02] [REI-ReloadPlugins/DEBUG] [REI] ========================================
[11:47:02] [REI-ReloadPlugins/DEBUG] [REI] REIPlugin ended main-reload for START in 14.38 ms.
[11:47:02] [REI-ReloadPlugins/DEBUG] [REI] ========================================
[11:47:02] [REI-ReloadPlugins/INFO] [REI] ++++++++++++++++++++++++++++++++++++++++
[11:47:02] [REI-ReloadPlugins/INFO] [REI] REIClientPlugin starting main-reload for START.
[11:47:02] [REI-ReloadPlugins/DEBUG] [REI] Reloadables (18):
[11:47:02] [REI-ReloadPlugins/DEBUG] [REI]  - EntryRendererRegistryImpl
[11:47:02] [REI-ReloadPlugins/DEBUG] [REI]  - ViewsImpl
[11:47:02] [REI-ReloadPlugins/DEBUG] [REI]  - InputMethodRegistryImpl
[11:47:02] [REI-ReloadPlugins/DEBUG] [REI]  - SearchProviderImpl
[11:47:02] [REI-ReloadPlugins/DEBUG] [REI]  - ConfigManagerImpl
[11:47:02] [REI-ReloadPlugins/DEBUG] [REI]  - EntryRegistryImpl
[11:47:02] [REI-ReloadPlugins/DEBUG] [REI]  - CollapsibleEntryRegistryImpl
[11:47:02] [REI-ReloadPlugins/DEBUG] [REI]  - BasicFilteringRuleImpl
[11:47:02] [REI-ReloadPlugins/DEBUG] [REI]  - CategoryRegistryImpl
[11:47:02] [REI-ReloadPlugins/DEBUG] [REI]  - DisplayRegistryImpl
[11:47:02] [REI-ReloadPlugins/DEBUG] [REI]  - ScreenRegistryImpl
[11:47:02] [REI-ReloadPlugins/DEBUG] [REI]  - FavoriteEntryTypeRegistryImpl
[11:47:02] [REI-ReloadPlugins/DEBUG] [REI]  - SubsetsRegistryImpl
[11:47:02] [REI-ReloadPlugins/DEBUG] [REI]  - TransferHandlerRegistryImpl
[11:47:02] [REI-ReloadPlugins/DEBUG] [REI]  - SearchRuntime
[11:47:02] [REI-ReloadPlugins/DEBUG] [REI]  - REIRuntimeImpl
[11:47:02] [REI-ReloadPlugins/DEBUG] [REI]  - ConfigAddonRegistryImpl
[11:47:02] [REI-ReloadPlugins/DEBUG] [REI]  - me.shedaniel.rei.plugin.client.runtime.PluginStageExecutionWatcher$1
[11:47:02] [REI-ReloadPlugins/INFO] [REI] Plugins (5):
[11:47:02] [REI-ReloadPlugins/INFO] [REI]  - (-100.00) DefaultClientPluginImpl of DefaultClientPluginImpl [roughlyenoughitems]
[11:47:02] [REI-ReloadPlugins/INFO] [REI]  - (0.00) LDLibREIPlugin of LDLibREIPlugin [ldlib2]
[11:47:02] [REI-ReloadPlugins/INFO] [REI]  - (0.00) AE2 of AE2 [ae2]
[11:47:02] [REI-ReloadPlugins/INFO] [REI]  - (0.00) HideIngredientsFromTagsPlugin of HideIngredientsFromTagsPlugin [roughlyenoughitems]
[11:47:02] [REI-ReloadPlugins/INFO] [REI]  - (0.00) DefaultClientRuntimePlugin of DefaultClientRuntimePlugin [roughlyenoughitems]
[11:47:02] [REI-ReloadPlugins/INFO] [REI] ++++++++++++++++++++++++++++++++++++++++
[11:47:02] [REI-ReloadPlugins/TRACE] [REI] [REIClientPlugin START] Reloading Section: "start-reload/"
[11:47:02] [REI-ReloadPlugins/TRACE] [REI] [REIClientPlugin START] Reloading Section: "start-reload/EntryRendererRegistryImpl/"
[11:47:02] [REI-ReloadPlugins/TRACE] [REI] [REIClientPlugin START] Reloading Section: "start-reload/EntryRendererRegistryImpl/" done in 11.54 μs
[11:47:02] [REI-ReloadPlugins/TRACE] [REI] [REIClientPlugin START] Reloading Section: "start-reload/ViewsImpl/"
[11:47:02] [REI-ReloadPlugins/TRACE] [REI] [REIClientPlugin START] Reloading Section: "start-reload/ViewsImpl/" done in 9.878 μs
[11:47:02] [REI-ReloadPlugins/TRACE] [REI] [REIClientPlugin START] Reloading Section: "start-reload/InputMethodRegistryImpl/"
[11:47:02] [REI-ReloadPlugins/TRACE] [REI] [REIClientPlugin START] Reloading Section: "start-reload/InputMethodRegistryImpl/" done in 9.044 μs
[11:47:02] [REI-ReloadPlugins/TRACE] [REI] [REIClientPlugin START] Reloading Section: "start-reload/SearchProviderImpl/"
[11:47:02] [REI-ReloadPlugins/TRACE] [REI] [REIClientPlugin START] Reloading Section: "start-reload/SearchProviderImpl/" done in 9.461 μs
[11:47:02] [REI-ReloadPlugins/TRACE] [REI] [REIClientPlugin START] Reloading Section: "start-reload/ConfigManagerImpl/"
[11:47:02] [REI-ReloadPlugins/TRACE] [REI] [REIClientPlugin START] Reloading Section: "start-reload/ConfigManagerImpl/" done in 7.972 μs
[11:47:02] [REI-ReloadPlugins/TRACE] [REI] [REIClientPlugin START] Reloading Section: "start-reload/EntryRegistryImpl/"
[11:47:02] [REI-ReloadPlugins/TRACE] [REI] [REIClientPlugin START] Reloading Section: "start-reload/EntryRegistryImpl/" done in 47.20 μs
[11:47:02] [REI-ReloadPlugins/TRACE] [REI] [REIClientPlugin START] Reloading Section: "start-reload/CollapsibleEntryRegistryImpl/"
[11:47:02] [REI-ReloadPlugins/TRACE] [REI] [REIClientPlugin START] Reloading Section: "start-reload/CollapsibleEntryRegistryImpl/" done in 9.369 μs
[11:47:02] [REI-ReloadPlugins/TRACE] [REI] [REIClientPlugin START] Reloading Section: "start-reload/BasicFilteringRuleImpl/"
[11:47:02] [REI-ReloadPlugins/TRACE] [REI] [REIClientPlugin START] Reloading Section: "start-reload/BasicFilteringRuleImpl/" done in 18.26 μs
[11:47:02] [REI-ReloadPlugins/TRACE] [REI] [REIClientPlugin START] Reloading Section: "start-reload/CategoryRegistryImpl/"
[11:47:02] [REI-ReloadPlugins/TRACE] [REI] [REIClientPlugin START] Reloading Section: "start-reload/CategoryRegistryImpl/" done in 7.759 μs
[11:47:02] [REI-ReloadPlugins/TRACE] [REI] [REIClientPlugin START] Reloading Section: "start-reload/DisplayRegistryImpl/"
[11:47:02] [REI-ReloadPlugins/TRACE] [REI] [REIClientPlugin START] Reloading Section: "start-reload/DisplayRegistryImpl/" done in 7.825 μs
[11:47:02] [REI-ReloadPlugins/TRACE] [REI] [REIClientPlugin START] Reloading Section: "start-reload/ScreenRegistryImpl/"
[11:47:02] [REI-ReloadPlugins/DEBUG] [REI] Added overlay decider: me.shedaniel.rei.impl.client.registry.screen.ExclusionZonesImpl@634a4674 [-5.00 priority]
[11:47:02] [REI-ReloadPlugins/DEBUG] [REI] Added overlay decider: me.shedaniel.rei.impl.client.registry.screen.ScreenRegistryImpl$1@683965cb [-10.00 priority]
[11:47:02] [REI-ReloadPlugins/DEBUG] [REI] Added overlay decider: me.shedaniel.rei.impl.client.registry.screen.ScreenRegistryImpl$2@63418c11 [-10.00 priority]
[11:47:02] [REI-ReloadPlugins/DEBUG] [REI] Added overlay decider: me.shedaniel.rei.impl.client.registry.screen.ScreenRegistryImpl$3@1acbd975 [-20.00 priority]
[11:47:02] [REI-ReloadPlugins/DEBUG] [REI] Added focused stack provider: me.shedaniel.rei.impl.client.registry.screen.ScreenRegistryImpl$4@199005bb [-10.00 priority]
[11:47:02] [REI-ReloadPlugins/DEBUG] [REI] Added draggable component provider: me.shedaniel.rei.api.client.gui.drag.component.DraggableComponentProviderWidget$1@6e0f69ef [0.00 priority]
[11:47:02] [REI-ReloadPlugins/DEBUG] [REI] Added draggable component visitor: me.shedaniel.rei.api.client.gui.drag.component.DraggableComponentVisitorWidget$2@756cb0df [0.00 priority]
[11:47:02] [REI-ReloadPlugins/TRACE] [REI] [REIClientPlugin START] Reloading Section: "start-reload/ScreenRegistryImpl/" done in 2.923 ms
[11:47:02] [REI-ReloadPlugins/TRACE] [REI] [REIClientPlugin START] Reloading Section: "start-reload/FavoriteEntryTypeRegistryImpl/"
[11:47:02] [REI-ReloadPlugins/TRACE] [REI] [REIClientPlugin START] Reloading Section: "start-reload/FavoriteEntryTypeRegistryImpl/" done in 30.48 μs
[11:47:02] [REI-ReloadPlugins/TRACE] [REI] [REIClientPlugin START] Reloading Section: "start-reload/SubsetsRegistryImpl/"
[11:47:02] [REI-ReloadPlugins/TRACE] [REI] [REIClientPlugin START] Reloading Section: "start-reload/SubsetsRegistryImpl/" done in 11.76 μs
[11:47:02] [REI-ReloadPlugins/TRACE] [REI] [REIClientPlugin START] Reloading Section: "start-reload/TransferHandlerRegistryImpl/"
[11:47:02] [REI-ReloadPlugins/TRACE] [REI] [REIClientPlugin START] Reloading Section: "start-reload/TransferHandlerRegistryImpl/" done in 9.291 μs
[11:47:02] [REI-ReloadPlugins/TRACE] [REI] [REIClientPlugin START] Reloading Section: "start-reload/SearchRuntime/"
[11:47:02] [REI-ReloadPlugins/DEBUG] [REI] Preparing collapsed entry groups cache with 0 entries and 0 stacks
[11:47:02] [REI-ReloadPlugins/DEBUG] [REI] Prepared collapsed entry groups cache with 0 entries and 0 stacks
[11:47:02] [REI-ReloadPlugins/TRACE] [REI] [REIClientPlugin START] Reloading Section: "start-reload/SearchRuntime/" done in 1.113 ms
[11:47:02] [REI-ReloadPlugins/TRACE] [REI] [REIClientPlugin START] Reloading Section: "start-reload/REIRuntimeImpl/"
[11:47:02] [REI-ReloadPlugins/TRACE] [REI] [REIClientPlugin START] Reloading Section: "start-reload/REIRuntimeImpl/" done in 827.5 μs
[11:47:02] [REI-ReloadPlugins/TRACE] [REI] [REIClientPlugin START] Reloading Section: "start-reload/ConfigAddonRegistryImpl/"
[11:47:02] [REI-ReloadPlugins/TRACE] [REI] [REIClientPlugin START] Reloading Section: "start-reload/ConfigAddonRegistryImpl/" done in 40.05 μs
[11:47:02] [REI-ReloadPlugins/TRACE] [REI] [REIClientPlugin START] Reloading Section: "start-reload/me.shedaniel.rei.plugin.client.runtime.PluginStageExecutionWatcher$1/"
[11:47:02] [REI-ReloadPlugins/TRACE] [REI] [REIClientPlugin START] Reloading Section: "start-reload/me.shedaniel.rei.plugin.client.runtime.PluginStageExecutionWatcher$1/" done in 9.498 μs
[11:47:02] [REI-ReloadPlugins/TRACE] [REI] [REIClientPlugin START] Reloading Section: "start-reload/" done in 5.670 ms
[11:47:02] [REI-ReloadPlugins/DEBUG] [REI] ========================================
[11:47:02] [REI-ReloadPlugins/DEBUG] [REI] REIClientPlugin started main-reload for START.
[11:47:02] [REI-ReloadPlugins/DEBUG] [REI] ========================================
[11:47:02] [REI-ReloadPlugins/TRACE] [REI] [REIClientPlugin START] Reloading Section: "reloadable-plugin/EntryRendererRegistryImpl/"
[11:47:02] [REI-ReloadPlugins/TRACE] [REI] [REIClientPlugin START] Reloading Section: "reloadable-plugin/EntryRendererRegistryImpl/DefaultClientPluginImpl of DefaultClientPluginImpl [roughlyenoughitems]/"
[11:47:02] [REI-ReloadPlugins/TRACE] [REI] [REIClientPlugin START] Reloading Section: "reloadable-plugin/EntryRendererRegistryImpl/DefaultClientPluginImpl of DefaultClientPluginImpl [roughlyenoughitems]/" done in 23.95 μs
[11:47:02] [REI-ReloadPlugins/TRACE] [REI] [REIClientPlugin START] Reloading Section: "reloadable-plugin/EntryRendererRegistryImpl/LDLibREIPlugin of LDLibREIPlugin [ldlib2]/"
[11:47:02] [REI-ReloadPlugins/TRACE] [REI] [REIClientPlugin START] Reloading Section: "reloadable-plugin/EntryRendererRegistryImpl/LDLibREIPlugin of LDLibREIPlugin [ldlib2]/" done in 15.06 μs
[11:47:02] [REI-ReloadPlugins/TRACE] [REI] [REIClientPlugin START] Reloading Section: "reloadable-plugin/EntryRendererRegistryImpl/AE2 of AE2 [ae2]/"
[11:47:02] [REI-ReloadPlugins/TRACE] [REI] [REIClientPlugin START] Reloading Section: "reloadable-plugin/EntryRendererRegistryImpl/AE2 of AE2 [ae2]/" done in 14.78 μs
[11:47:02] [REI-ReloadPlugins/TRACE] [REI] [REIClientPlugin START] Reloading Section: "reloadable-plugin/EntryRendererRegistryImpl/HideIngredientsFromTagsPlugin of HideIngredientsFromTagsPlugin [roughlyenoughitems]/"
[11:47:02] [REI-ReloadPlugins/TRACE] [REI] [REIClientPlugin START] Reloading Section: "reloadable-plugin/EntryRendererRegistryImpl/HideIngredientsFromTagsPlugin of HideIngredientsFromTagsPlugin [roughlyenoughitems]/" done in 16.11 μs
[11:47:02] [REI-ReloadPlugins/TRACE] [REI] [REIClientPlugin START] Reloading Section: "reloadable-plugin/EntryRendererRegistryImpl/DefaultClientRuntimePlugin of DefaultClientRuntimePlugin [roughlyenoughitems]/"
[11:47:02] [REI-ReloadPlugins/TRACE] [REI] [REIClientPlugin START] Reloading Section: "reloadable-plugin/EntryRendererRegistryImpl/DefaultClientRuntimePlugin of DefaultClientRuntimePlugin [roughlyenoughitems]/" done in 13.17 μs
[11:47:02] [REI-ReloadPlugins/TRACE] [REI] [REIClientPlugin START] Reloading Section: "reloadable-plugin/EntryRendererRegistryImpl/" done in 241.0 μs
[11:47:02] [REI-ReloadPlugins/TRACE] [REI] [REIClientPlugin START] Reloading Section: "reloadable-plugin/ViewsImpl/"
[11:47:02] [REI-ReloadPlugins/TRACE] [REI] [REIClientPlugin START] Reloading Section: "reloadable-plugin/ViewsImpl/DefaultClientPluginImpl of DefaultClientPluginImpl [roughlyenoughitems]/"
[11:47:02] [REI-ReloadPlugins/TRACE] [REI] [REIClientPlugin START] Reloading Section: "reloadable-plugin/ViewsImpl/DefaultClientPluginImpl of DefaultClientPluginImpl [roughlyenoughitems]/" done in 15.67 μs
[11:47:02] [REI-ReloadPlugins/TRACE] [REI] [REIClientPlugin START] Reloading Section: "reloadable-plugin/ViewsImpl/LDLibREIPlugin of LDLibREIPlugin [ldlib2]/"
[11:47:02] [REI-ReloadPlugins/TRACE] [REI] [REIClientPlugin START] Reloading Section: "reloadable-plugin/ViewsImpl/LDLibREIPlugin of LDLibREIPlugin [ldlib2]/" done in 30.17 μs
[11:47:02] [REI-ReloadPlugins/TRACE] [REI] [REIClientPlugin START] Reloading Section: "reloadable-plugin/ViewsImpl/AE2 of AE2 [ae2]/"
[11:47:02] [REI-ReloadPlugins/TRACE] [REI] [REIClientPlugin START] Reloading Section: "reloadable-plugin/ViewsImpl/AE2 of AE2 [ae2]/" done in 13.24 μs
[11:47:02] [REI-ReloadPlugins/TRACE] [REI] [REIClientPlugin START] Reloading Section: "reloadable-plugin/ViewsImpl/HideIngredientsFromTagsPlugin of HideIngredientsFromTagsPlugin [roughlyenoughitems]/"
[11:47:02] [REI-ReloadPlugins/TRACE] [REI] [REIClientPlugin START] Reloading Section: "reloadable-plugin/ViewsImpl/HideIngredientsFromTagsPlugin of HideIngredientsFromTagsPlugin [roughlyenoughitems]/" done in 13.84 μs
[11:47:02] [REI-ReloadPlugins/TRACE] [REI] [REIClientPlugin START] Reloading Section: "reloadable-plugin/ViewsImpl/DefaultClientRuntimePlugin of DefaultClientRuntimePlugin [roughlyenoughitems]/"
[11:47:02] [REI-ReloadPlugins/TRACE] [REI] [REIClientPlugin START] Reloading Section: "reloadable-plugin/ViewsImpl/DefaultClientRuntimePlugin of DefaultClientRuntimePlugin [roughlyenoughitems]/" done in 13.18 μs
[11:47:02] [REI-ReloadPlugins/TRACE] [REI] [REIClientPlugin START] Reloading Section: "reloadable-plugin/ViewsImpl/" done in 216.5 μs
[11:47:02] [REI-ReloadPlugins/TRACE] [REI] [REIClientPlugin START] Reloading Section: "reloadable-plugin/InputMethodRegistryImpl/"
[11:47:02] [REI-ReloadPlugins/TRACE] [REI] [REIClientPlugin START] Reloading Section: "reloadable-plugin/InputMethodRegistryImpl/DefaultClientPluginImpl of DefaultClientPluginImpl [roughlyenoughitems]/"
[11:47:02] [REI-ReloadPlugins/TRACE] [REI] [REIClientPlugin START] Reloading Section: "reloadable-plugin/InputMethodRegistryImpl/DefaultClientPluginImpl of DefaultClientPluginImpl [roughlyenoughitems]/" done in 14.85 μs
[11:47:02] [REI-ReloadPlugins/TRACE] [REI] [REIClientPlugin START] Reloading Section: "reloadable-plugin/InputMethodRegistryImpl/LDLibREIPlugin of LDLibREIPlugin [ldlib2]/"
[11:47:02] [REI-ReloadPlugins/TRACE] [REI] [REIClientPlugin START] Reloading Section: "reloadable-plugin/InputMethodRegistryImpl/LDLibREIPlugin of LDLibREIPlugin [ldlib2]/" done in 13.90 μs
[11:47:02] [REI-ReloadPlugins/TRACE] [REI] [REIClientPlugin START] Reloading Section: "reloadable-plugin/InputMethodRegistryImpl/AE2 of AE2 [ae2]/"
[11:47:02] [REI-ReloadPlugins/TRACE] [REI] [REIClientPlugin START] Reloading Section: "reloadable-plugin/InputMethodRegistryImpl/AE2 of AE2 [ae2]/" done in 25.21 μs
[11:47:02] [REI-ReloadPlugins/TRACE] [REI] [REIClientPlugin START] Reloading Section: "reloadable-plugin/InputMethodRegistryImpl/HideIngredientsFromTagsPlugin of HideIngredientsFromTagsPlugin [roughlyenoughitems]/"
[11:47:02] [REI-ReloadPlugins/TRACE] [REI] [REIClientPlugin START] Reloading Section: "reloadable-plugin/InputMethodRegistryImpl/HideIngredientsFromTagsPlugin of HideIngredientsFromTagsPlugin [roughlyenoughitems]/" done in 13.30 μs
[11:47:02] [REI-ReloadPlugins/TRACE] [REI] [REIClientPlugin START] Reloading Section: "reloadable-plugin/InputMethodRegistryImpl/DefaultClientRuntimePlugin of DefaultClientRuntimePlugin [roughlyenoughitems]/"
[11:47:02] [REI-ReloadPlugins/TRACE] [REI] [REIClientPlugin START] Reloading Section: "reloadable-plugin/InputMethodRegistryImpl/DefaultClientRuntimePlugin of DefaultClientRuntimePlugin [roughlyenoughitems]/" done in 15.30 μs
[11:47:02] [REI-ReloadPlugins/TRACE] [REI] [REIClientPlugin START] Reloading Section: "reloadable-plugin/InputMethodRegistryImpl/" done in 213.7 μs
[11:47:02] [REI-ReloadPlugins/TRACE] [REI] [REIClientPlugin START] Reloading Section: "reloadable-plugin/SearchProviderImpl/"
[11:47:02] [REI-ReloadPlugins/TRACE] [REI] [REIClientPlugin START] Reloading Section: "reloadable-plugin/SearchProviderImpl/DefaultClientPluginImpl of DefaultClientPluginImpl [roughlyenoughitems]/"
[11:47:02] [REI-ReloadPlugins/TRACE] [REI] [REIClientPlugin START] Reloading Section: "reloadable-plugin/SearchProviderImpl/DefaultClientPluginImpl of DefaultClientPluginImpl [roughlyenoughitems]/" done in 14.92 μs
[11:47:02] [REI-ReloadPlugins/TRACE] [REI] [REIClientPlugin START] Reloading Section: "reloadable-plugin/SearchProviderImpl/LDLibREIPlugin of LDLibREIPlugin [ldlib2]/"
[11:47:02] [REI-ReloadPlugins/TRACE] [REI] [REIClientPlugin START] Reloading Section: "reloadable-plugin/SearchProviderImpl/LDLibREIPlugin of LDLibREIPlugin [ldlib2]/" done in 13.17 μs
[11:47:02] [REI-ReloadPlugins/TRACE] [REI] [REIClientPlugin START] Reloading Section: "reloadable-plugin/SearchProviderImpl/AE2 of AE2 [ae2]/"
[11:47:02] [REI-ReloadPlugins/TRACE] [REI] [REIClientPlugin START] Reloading Section: "reloadable-plugin/SearchProviderImpl/AE2 of AE2 [ae2]/" done in 13.46 μs
[11:47:02] [REI-ReloadPlugins/TRACE] [REI] [REIClientPlugin START] Reloading Section: "reloadable-plugin/SearchProviderImpl/HideIngredientsFromTagsPlugin of HideIngredientsFromTagsPlugin [roughlyenoughitems]/"
[11:47:02] [REI-ReloadPlugins/TRACE] [REI] [REIClientPlugin START] Reloading Section: "reloadable-plugin/SearchProviderImpl/HideIngredientsFromTagsPlugin of HideIngredientsFromTagsPlugin [roughlyenoughitems]/" done in 13.64 μs
[11:47:02] [REI-ReloadPlugins/TRACE] [REI] [REIClientPlugin START] Reloading Section: "reloadable-plugin/SearchProviderImpl/DefaultClientRuntimePlugin of DefaultClientRuntimePlugin [roughlyenoughitems]/"
[11:47:02] [REI-ReloadPlugins/TRACE] [REI] [REIClientPlugin START] Reloading Section: "reloadable-plugin/SearchProviderImpl/DefaultClientRuntimePlugin of DefaultClientRuntimePlugin [roughlyenoughitems]/" done in 13.25 μs
[11:47:02] [REI-ReloadPlugins/TRACE] [REI] [REIClientPlugin START] Reloading Section: "reloadable-plugin/SearchProviderImpl/" done in 196.8 μs
[11:47:02] [REI-ReloadPlugins/TRACE] [REI] [REIClientPlugin START] Reloading Section: "reloadable-plugin/ConfigManagerImpl/"
[11:47:02] [REI-ReloadPlugins/TRACE] [REI] [REIClientPlugin START] Reloading Section: "reloadable-plugin/ConfigManagerImpl/DefaultClientPluginImpl of DefaultClientPluginImpl [roughlyenoughitems]/"
[11:47:02] [REI-ReloadPlugins/TRACE] [REI] [REIClientPlugin START] Reloading Section: "reloadable-plugin/ConfigManagerImpl/DefaultClientPluginImpl of DefaultClientPluginImpl [roughlyenoughitems]/" done in 43.28 μs
[11:47:02] [REI-ReloadPlugins/TRACE] [REI] [REIClientPlugin START] Reloading Section: "reloadable-plugin/ConfigManagerImpl/LDLibREIPlugin of LDLibREIPlugin [ldlib2]/"
[11:47:02] [REI-ReloadPlugins/TRACE] [REI] [REIClientPlugin START] Reloading Section: "reloadable-plugin/ConfigManagerImpl/LDLibREIPlugin of LDLibREIPlugin [ldlib2]/" done in 13.45 μs
[11:47:02] [REI-ReloadPlugins/TRACE] [REI] [REIClientPlugin START] Reloading Section: "reloadable-plugin/ConfigManagerImpl/AE2 of AE2 [ae2]/"
[11:47:02] [REI-ReloadPlugins/TRACE] [REI] [REIClientPlugin START] Reloading Section: "reloadable-plugin/ConfigManagerImpl/AE2 of AE2 [ae2]/" done in 13.12 μs
[11:47:02] [REI-ReloadPlugins/TRACE] [REI] [REIClientPlugin START] Reloading Section: "reloadable-plugin/ConfigManagerImpl/HideIngredientsFromTagsPlugin of HideIngredientsFromTagsPlugin [roughlyenoughitems]/"
[11:47:02] [REI-ReloadPlugins/TRACE] [REI] [REIClientPlugin START] Reloading Section: "reloadable-plugin/ConfigManagerImpl/HideIngredientsFromTagsPlugin of HideIngredientsFromTagsPlugin [roughlyenoughitems]/" done in 14.09 μs
[11:47:02] [REI-ReloadPlugins/TRACE] [REI] [REIClientPlugin START] Reloading Section: "reloadable-plugin/ConfigManagerImpl/DefaultClientRuntimePlugin of DefaultClientRuntimePlugin [roughlyenoughitems]/"
[11:47:02] [REI-ReloadPlugins/TRACE] [REI] [REIClientPlugin START] Reloading Section: "reloadable-plugin/ConfigManagerImpl/DefaultClientRuntimePlugin of DefaultClientRuntimePlugin [roughlyenoughitems]/" done in 12.40 μs
[11:47:02] [REI-ReloadPlugins/TRACE] [REI] [REIClientPlugin START] Reloading Section: "reloadable-plugin/ConfigManagerImpl/" done in 207.4 μs
[11:47:02] [REI-ReloadPlugins/TRACE] [REI] [REIClientPlugin START] Reloading Section: "reloadable-plugin/EntryRegistryImpl/"
[11:47:02] [REI-ReloadPlugins/TRACE] [REI] [REIClientPlugin START] Reloading Section: "reloadable-plugin/EntryRegistryImpl/DefaultClientPluginImpl of DefaultClientPluginImpl [roughlyenoughitems]/"
[11:47:02] [REI-ReloadPlugins/TRACE] [REI] Registered 4460 entries from plugin DefaultClientPluginImpl
[11:47:02] [REI-ReloadPlugins/TRACE] [REI] [REIClientPlugin START] Reloading Section: "reloadable-plugin/EntryRegistryImpl/DefaultClientPluginImpl of DefaultClientPluginImpl [roughlyenoughitems]/" done in 164.4 ms
[11:47:02] [REI-ReloadPlugins/TRACE] [REI] [REIClientPlugin START] Reloading Section: "reloadable-plugin/EntryRegistryImpl/LDLibREIPlugin of LDLibREIPlugin [ldlib2]/"
[11:47:02] [REI-ReloadPlugins/TRACE] [REI] Registered 0 entries from plugin LDLibREIPlugin
[11:47:02] [REI-ReloadPlugins/TRACE] [REI] [REIClientPlugin START] Reloading Section: "reloadable-plugin/EntryRegistryImpl/LDLibREIPlugin of LDLibREIPlugin [ldlib2]/" done in 37.52 μs
[11:47:02] [REI-ReloadPlugins/TRACE] [REI] [REIClientPlugin START] Reloading Section: "reloadable-plugin/EntryRegistryImpl/AE2 of AE2 [ae2]/"
[11:47:02] [REI-ReloadPlugins/TRACE] [REI] Registered -94 entries from plugin AE2
[11:47:02] [REI-ReloadPlugins/TRACE] [REI] [REIClientPlugin START] Reloading Section: "reloadable-plugin/EntryRegistryImpl/AE2 of AE2 [ae2]/" done in 15.59 ms
[11:47:02] [REI-ReloadPlugins/TRACE] [REI] [REIClientPlugin START] Reloading Section: "reloadable-plugin/EntryRegistryImpl/HideIngredientsFromTagsPlugin of HideIngredientsFromTagsPlugin [roughlyenoughitems]/"
[11:47:02] [REI-ReloadPlugins/TRACE] [REI] Registered 0 entries from plugin HideIngredientsFromTagsPlugin
[11:47:02] [REI-ReloadPlugins/TRACE] [REI] [REIClientPlugin START] Reloading Section: "reloadable-plugin/EntryRegistryImpl/HideIngredientsFromTagsPlugin of HideIngredientsFromTagsPlugin [roughlyenoughitems]/" done in 46.53 μs
[11:47:02] [REI-ReloadPlugins/TRACE] [REI] [REIClientPlugin START] Reloading Section: "reloadable-plugin/EntryRegistryImpl/DefaultClientRuntimePlugin of DefaultClientRuntimePlugin [roughlyenoughitems]/"
[11:47:02] [REI-ReloadPlugins/TRACE] [REI] Registered 0 entries from plugin DefaultClientRuntimePlugin
[11:47:02] [REI-ReloadPlugins/TRACE] [REI] [REIClientPlugin START] Reloading Section: "reloadable-plugin/EntryRegistryImpl/DefaultClientRuntimePlugin of DefaultClientRuntimePlugin [roughlyenoughitems]/" done in 2.574 ms
[11:47:02] [REI-ReloadPlugins/TRACE] [REI] [REIClientPlugin START] Reloading Section: "reloadable-plugin/EntryRegistryImpl/" done in 183.0 ms
[11:47:02] [REI-ReloadPlugins/TRACE] [REI] [REIClientPlugin START] Reloading Section: "reloadable-plugin/CollapsibleEntryRegistryImpl/"
[11:47:02] [REI-ReloadPlugins/TRACE] [REI] [REIClientPlugin START] Reloading Section: "reloadable-plugin/CollapsibleEntryRegistryImpl/DefaultClientPluginImpl of DefaultClientPluginImpl [roughlyenoughitems]/"
[11:47:02] [REI-ReloadPlugins/TRACE] [REI] [REIClientPlugin START] Reloading Section: "reloadable-plugin/CollapsibleEntryRegistryImpl/DefaultClientPluginImpl of DefaultClientPluginImpl [roughlyenoughitems]/" done in 16.52 μs
[11:47:02] [REI-ReloadPlugins/TRACE] [REI] [REIClientPlugin START] Reloading Section: "reloadable-plugin/CollapsibleEntryRegistryImpl/LDLibREIPlugin of LDLibREIPlugin [ldlib2]/"
[11:47:02] [REI-ReloadPlugins/TRACE] [REI] [REIClientPlugin START] Reloading Section: "reloadable-plugin/CollapsibleEntryRegistryImpl/LDLibREIPlugin of LDLibREIPlugin [ldlib2]/" done in 11.40 μs
[11:47:02] [REI-ReloadPlugins/TRACE] [REI] [REIClientPlugin START] Reloading Section: "reloadable-plugin/CollapsibleEntryRegistryImpl/AE2 of AE2 [ae2]/"
[11:47:02] [REI-ReloadPlugins/TRACE] [REI] [REIClientPlugin START] Reloading Section: "reloadable-plugin/CollapsibleEntryRegistryImpl/AE2 of AE2 [ae2]/" done in 9.589 μs
[11:47:02] [REI-ReloadPlugins/TRACE] [REI] [REIClientPlugin START] Reloading Section: "reloadable-plugin/CollapsibleEntryRegistryImpl/HideIngredientsFromTagsPlugin of HideIngredientsFromTagsPlugin [roughlyenoughitems]/"
[11:47:02] [REI-ReloadPlugins/TRACE] [REI] [REIClientPlugin START] Reloading Section: "reloadable-plugin/CollapsibleEntryRegistryImpl/HideIngredientsFromTagsPlugin of HideIngredientsFromTagsPlugin [roughlyenoughitems]/" done in 17.76 μs
[11:47:02] [REI-ReloadPlugins/TRACE] [REI] [REIClientPlugin START] Reloading Section: "reloadable-plugin/CollapsibleEntryRegistryImpl/DefaultClientRuntimePlugin of DefaultClientRuntimePlugin [roughlyenoughitems]/"
[11:47:02] [REI-ReloadPlugins/TRACE] [REI] [REIClientPlugin START] Reloading Section: "reloadable-plugin/CollapsibleEntryRegistryImpl/DefaultClientRuntimePlugin of DefaultClientRuntimePlugin [roughlyenoughitems]/" done in 25.22 μs
[11:47:02] [REI-ReloadPlugins/TRACE] [REI] [REIClientPlugin START] Reloading Section: "reloadable-plugin/CollapsibleEntryRegistryImpl/" done in 226.4 μs
[11:47:02] [REI-ReloadPlugins/TRACE] [REI] [REIClientPlugin START] Reloading Section: "reloadable-plugin/BasicFilteringRuleImpl/"
[11:47:02] [REI-ReloadPlugins/TRACE] [REI] [REIClientPlugin START] Reloading Section: "reloadable-plugin/BasicFilteringRuleImpl/DefaultClientPluginImpl of DefaultClientPluginImpl [roughlyenoughitems]/"
[11:47:02] [REI-ReloadPlugins/TRACE] [REI] [REIClientPlugin START] Reloading Section: "reloadable-plugin/BasicFilteringRuleImpl/DefaultClientPluginImpl of DefaultClientPluginImpl [roughlyenoughitems]/" done in 20.81 μs
[11:47:02] [REI-ReloadPlugins/TRACE] [REI] [REIClientPlugin START] Reloading Section: "reloadable-plugin/BasicFilteringRuleImpl/LDLibREIPlugin of LDLibREIPlugin [ldlib2]/"
[11:47:02] [REI-ReloadPlugins/TRACE] [REI] [REIClientPlugin START] Reloading Section: "reloadable-plugin/BasicFilteringRuleImpl/LDLibREIPlugin of LDLibREIPlugin [ldlib2]/" done in 14.22 μs
[11:47:02] [REI-ReloadPlugins/TRACE] [REI] [REIClientPlugin START] Reloading Section: "reloadable-plugin/BasicFilteringRuleImpl/AE2 of AE2 [ae2]/"
[11:47:02] [REI-ReloadPlugins/TRACE] [REI] [REIClientPlugin START] Reloading Section: "reloadable-plugin/BasicFilteringRuleImpl/AE2 of AE2 [ae2]/" done in 13.17 μs
[11:47:02] [REI-ReloadPlugins/TRACE] [REI] [REIClientPlugin START] Reloading Section: "reloadable-plugin/BasicFilteringRuleImpl/HideIngredientsFromTagsPlugin of HideIngredientsFromTagsPlugin [roughlyenoughitems]/"
[11:47:02] [REI-ReloadPlugins/TRACE] [REI] [REIClientPlugin START] Reloading Section: "reloadable-plugin/BasicFilteringRuleImpl/HideIngredientsFromTagsPlugin of HideIngredientsFromTagsPlugin [roughlyenoughitems]/" done in 12.72 μs
[11:47:02] [REI-ReloadPlugins/TRACE] [REI] [REIClientPlugin START] Reloading Section: "reloadable-plugin/BasicFilteringRuleImpl/DefaultClientRuntimePlugin of DefaultClientRuntimePlugin [roughlyenoughitems]/"
[11:47:02] [REI-ReloadPlugins/TRACE] [REI] [REIClientPlugin START] Reloading Section: "reloadable-plugin/BasicFilteringRuleImpl/DefaultClientRuntimePlugin of DefaultClientRuntimePlugin [roughlyenoughitems]/" done in 13.63 μs
[11:47:02] [REI-ReloadPlugins/TRACE] [REI] [REIClientPlugin START] Reloading Section: "reloadable-plugin/BasicFilteringRuleImpl/" done in 196.9 μs
[11:47:02] [REI-ReloadPlugins/TRACE] [REI] [REIClientPlugin START] Reloading Section: "reloadable-plugin/CategoryRegistryImpl/"
[11:47:02] [REI-ReloadPlugins/TRACE] [REI] [REIClientPlugin START] Reloading Section: "reloadable-plugin/CategoryRegistryImpl/DefaultClientPluginImpl of DefaultClientPluginImpl [roughlyenoughitems]/"
[11:47:02] [REI-ReloadPlugins/TRACE] [REI] [REIClientPlugin START] Reloading Section: "reloadable-plugin/CategoryRegistryImpl/DefaultClientPluginImpl of DefaultClientPluginImpl [roughlyenoughitems]/" done in 10.47 μs
[11:47:02] [REI-ReloadPlugins/TRACE] [REI] [REIClientPlugin START] Reloading Section: "reloadable-plugin/CategoryRegistryImpl/LDLibREIPlugin of LDLibREIPlugin [ldlib2]/"
[11:47:02] [REI-ReloadPlugins/TRACE] [REI] [REIClientPlugin START] Reloading Section: "reloadable-plugin/CategoryRegistryImpl/LDLibREIPlugin of LDLibREIPlugin [ldlib2]/" done in 30.45 μs
[11:47:02] [REI-ReloadPlugins/TRACE] [REI] [REIClientPlugin START] Reloading Section: "reloadable-plugin/CategoryRegistryImpl/AE2 of AE2 [ae2]/"
[11:47:02] [REI-ReloadPlugins/TRACE] [REI] [REIClientPlugin START] Reloading Section: "reloadable-plugin/CategoryRegistryImpl/AE2 of AE2 [ae2]/" done in 16.67 μs
[11:47:02] [REI-ReloadPlugins/TRACE] [REI] [REIClientPlugin START] Reloading Section: "reloadable-plugin/CategoryRegistryImpl/HideIngredientsFromTagsPlugin of HideIngredientsFromTagsPlugin [roughlyenoughitems]/"
[11:47:02] [REI-ReloadPlugins/TRACE] [REI] [REIClientPlugin START] Reloading Section: "reloadable-plugin/CategoryRegistryImpl/HideIngredientsFromTagsPlugin of HideIngredientsFromTagsPlugin [roughlyenoughitems]/" done in 15.35 μs
[11:47:02] [REI-ReloadPlugins/TRACE] [REI] [REIClientPlugin START] Reloading Section: "reloadable-plugin/CategoryRegistryImpl/DefaultClientRuntimePlugin of DefaultClientRuntimePlugin [roughlyenoughitems]/"
[11:47:02] [REI-ReloadPlugins/TRACE] [REI] [REIClientPlugin START] Reloading Section: "reloadable-plugin/CategoryRegistryImpl/DefaultClientRuntimePlugin of DefaultClientRuntimePlugin [roughlyenoughitems]/" done in 10.65 μs
[11:47:02] [REI-ReloadPlugins/TRACE] [REI] [REIClientPlugin START] Reloading Section: "reloadable-plugin/CategoryRegistryImpl/" done in 468.2 μs
[11:47:02] [REI-ReloadPlugins/TRACE] [REI] [REIClientPlugin START] Reloading Section: "reloadable-plugin/DisplayRegistryImpl/"
[11:47:02] [REI-ReloadPlugins/TRACE] [REI] [REIClientPlugin START] Reloading Section: "reloadable-plugin/DisplayRegistryImpl/DefaultClientPluginImpl of DefaultClientPluginImpl [roughlyenoughitems]/"
[11:47:02] [REI-ReloadPlugins/TRACE] [REI] [REIClientPlugin START] Reloading Section: "reloadable-plugin/DisplayRegistryImpl/DefaultClientPluginImpl of DefaultClientPluginImpl [roughlyenoughitems]/" done in 9.577 μs
[11:47:02] [REI-ReloadPlugins/TRACE] [REI] [REIClientPlugin START] Reloading Section: "reloadable-plugin/DisplayRegistryImpl/LDLibREIPlugin of LDLibREIPlugin [ldlib2]/"
[11:47:02] [REI-ReloadPlugins/TRACE] [REI] [REIClientPlugin START] Reloading Section: "reloadable-plugin/DisplayRegistryImpl/LDLibREIPlugin of LDLibREIPlugin [ldlib2]/" done in 12.03 μs
[11:47:02] [REI-ReloadPlugins/TRACE] [REI] [REIClientPlugin START] Reloading Section: "reloadable-plugin/DisplayRegistryImpl/AE2 of AE2 [ae2]/"
[11:47:02] [REI-ReloadPlugins/TRACE] [REI] [REIClientPlugin START] Reloading Section: "reloadable-plugin/DisplayRegistryImpl/AE2 of AE2 [ae2]/" done in 17.42 μs
[11:47:02] [REI-ReloadPlugins/TRACE] [REI] [REIClientPlugin START] Reloading Section: "reloadable-plugin/DisplayRegistryImpl/HideIngredientsFromTagsPlugin of HideIngredientsFromTagsPlugin [roughlyenoughitems]/"
[11:47:02] [REI-ReloadPlugins/TRACE] [REI] [REIClientPlugin START] Reloading Section: "reloadable-plugin/DisplayRegistryImpl/HideIngredientsFromTagsPlugin of HideIngredientsFromTagsPlugin [roughlyenoughitems]/" done in 12.85 μs
[11:47:02] [REI-ReloadPlugins/TRACE] [REI] [REIClientPlugin START] Reloading Section: "reloadable-plugin/DisplayRegistryImpl/DefaultClientRuntimePlugin of DefaultClientRuntimePlugin [roughlyenoughitems]/"
[11:47:02] [REI-ReloadPlugins/TRACE] [REI] [REIClientPlugin START] Reloading Section: "reloadable-plugin/DisplayRegistryImpl/DefaultClientRuntimePlugin of DefaultClientRuntimePlugin [roughlyenoughitems]/" done in 12.56 μs
[11:47:02] [REI-ReloadPlugins/TRACE] [REI] [REIClientPlugin START] Reloading Section: "reloadable-plugin/DisplayRegistryImpl/" done in 172.0 μs
[11:47:02] [REI-ReloadPlugins/TRACE] [REI] [REIClientPlugin START] Reloading Section: "reloadable-plugin/ScreenRegistryImpl/"
[11:47:02] [REI-ReloadPlugins/TRACE] [REI] [REIClientPlugin START] Reloading Section: "reloadable-plugin/ScreenRegistryImpl/DefaultClientPluginImpl of DefaultClientPluginImpl [roughlyenoughitems]/"
[11:47:02] [REI-ReloadPlugins/DEBUG] [REI] Added click area provider for net.minecraft.client.gui.screens.inventory.CraftingScreen: me.shedaniel.rei.api.client.registry.screen.SimpleClickArea$$Lambda/0x0000000802732dc0@1b3f3703
[11:47:02] [REI-ReloadPlugins/DEBUG] [REI] Added click area provider for net.minecraft.client.gui.screens.inventory.InventoryScreen: me.shedaniel.rei.api.client.registry.screen.SimpleClickArea$$Lambda/0x0000000802732dc0@dbd70ad
[11:47:02] [REI-ReloadPlugins/DEBUG] [REI] Added click area provider for net.minecraft.client.gui.screens.inventory.BrewingStandScreen: me.shedaniel.rei.api.client.registry.screen.SimpleClickArea$$Lambda/0x0000000802732dc0@60b56c76
[11:47:02] [REI-ReloadPlugins/DEBUG] [REI] Added click area provider for net.minecraft.client.gui.screens.inventory.FurnaceScreen: me.shedaniel.rei.api.client.registry.screen.SimpleClickArea$$Lambda/0x0000000802732dc0@250d84c
[11:47:02] [REI-ReloadPlugins/DEBUG] [REI] Added click area provider for net.minecraft.client.gui.screens.inventory.SmokerScreen: me.shedaniel.rei.api.client.registry.screen.SimpleClickArea$$Lambda/0x0000000802732dc0@544af7bc
[11:47:02] [REI-ReloadPlugins/DEBUG] [REI] Added click area provider for net.minecraft.client.gui.screens.inventory.BlastFurnaceScreen: me.shedaniel.rei.api.client.registry.screen.SimpleClickArea$$Lambda/0x0000000802732dc0@3294cd80
[11:47:02] [REI-ReloadPlugins/DEBUG] [REI] Added exclusion zones provider: me.shedaniel.rei.plugin.client.exclusionzones.DefaultPotionEffectExclusionZones@2a479463 for net.minecraft.client.gui.screens.inventory.EffectRenderingInventoryScreen
[11:47:02] [REI-ReloadPlugins/DEBUG] [REI] Added exclusion zones provider: me.shedaniel.rei.plugin.client.exclusionzones.DefaultRecipeBookExclusionZones@5726ecfc for net.minecraft.client.gui.screens.recipebook.RecipeUpdateListener
[11:47:02] [REI-ReloadPlugins/TRACE] [REI] [REIClientPlugin START] Reloading Section: "reloadable-plugin/ScreenRegistryImpl/DefaultClientPluginImpl of DefaultClientPluginImpl [roughlyenoughitems]/" done in 2.442 ms
[11:47:02] [REI-ReloadPlugins/TRACE] [REI] [REIClientPlugin START] Reloading Section: "reloadable-plugin/ScreenRegistryImpl/LDLibREIPlugin of LDLibREIPlugin [ldlib2]/"
[11:47:02] [REI-ReloadPlugins/DEBUG] [REI] Added focused stack provider: com.lowdragmc.lowdraglib2.integration.xei.rei.ModularUIREIHandlers$$Lambda/0x0000000802733c98@661f1e0b [0.00 priority]
[11:47:02] [REI-ReloadPlugins/DEBUG] [REI] Added draggable component visitor: com.lowdragmc.lowdraglib2.integration.xei.rei.ModularUIREIHandlers$1@1da47fc8 [0.00 priority]
[11:47:02] [REI-ReloadPlugins/DEBUG] [REI] Added exclusion zones provider: com.lowdragmc.lowdraglib2.integration.xei.rei.ModularUIREIHandlers$$Lambda/0x0000000802733a88@fa458c8 for net.minecraft.client.gui.screens.Screen
[11:47:02] [REI-ReloadPlugins/TRACE] [REI] [REIClientPlugin START] Reloading Section: "reloadable-plugin/ScreenRegistryImpl/LDLibREIPlugin of LDLibREIPlugin [ldlib2]/" done in 773.1 μs
[11:47:02] [REI-ReloadPlugins/TRACE] [REI] [REIClientPlugin START] Reloading Section: "reloadable-plugin/ScreenRegistryImpl/AE2 of AE2 [ae2]/"
[11:47:02] [REI-ReloadPlugins/DEBUG] [REI] Added draggable component visitor: appeng.integration.modules.rei.GhostIngredientHandler@30d3f6be [0.00 priority]
[11:47:02] [REI-ReloadPlugins/DEBUG] [REI] Added focused stack provider: appeng.integration.modules.rei.ReiPlugin$$Lambda/0x00000008027365f0@2d1434a1 [0.00 priority]
[11:47:02] [REI-ReloadPlugins/DEBUG] [REI] Added click area provider for appeng.client.gui.implementations.InscriberScreen: me.shedaniel.rei.api.client.registry.screen.SimpleClickArea$$Lambda/0x0000000802732dc0@2303413f
[11:47:02] [REI-ReloadPlugins/DEBUG] [REI] Added exclusion zones provider: appeng.integration.modules.rei.ReiPlugin$$Lambda/0x0000000802736d38@3dea961b for appeng.client.gui.AEBaseScreen
[11:47:02] [REI-ReloadPlugins/TRACE] [REI] [REIClientPlugin START] Reloading Section: "reloadable-plugin/ScreenRegistryImpl/AE2 of AE2 [ae2]/" done in 978.1 μs
[11:47:02] [REI-ReloadPlugins/TRACE] [REI] [REIClientPlugin START] Reloading Section: "reloadable-plugin/ScreenRegistryImpl/HideIngredientsFromTagsPlugin of HideIngredientsFromTagsPlugin [roughlyenoughitems]/"
[11:47:02] [REI-ReloadPlugins/TRACE] [REI] [REIClientPlugin START] Reloading Section: "reloadable-plugin/ScreenRegistryImpl/HideIngredientsFromTagsPlugin of HideIngredientsFromTagsPlugin [roughlyenoughitems]/" done in 17.55 μs
[11:47:02] [REI-ReloadPlugins/TRACE] [REI] [REIClientPlugin START] Reloading Section: "reloadable-plugin/ScreenRegistryImpl/DefaultClientRuntimePlugin of DefaultClientRuntimePlugin [roughlyenoughitems]/"
[11:47:02] [REI-ReloadPlugins/DEBUG] [REI] Added exclusion zones provider: me.shedaniel.rei.plugin.client.runtime.DefaultClientRuntimePlugin$$Lambda/0x0000000802736f48@5a32b88f for me.shedaniel.rei.impl.client.gui.screen.DefaultDisplayViewingScreen
[11:47:02] [REI-ReloadPlugins/DEBUG] [REI] Added exclusion zones provider: me.shedaniel.rei.plugin.client.runtime.DefaultClientRuntimePlugin$$Lambda/0x0000000802737158@1ea10fa7 for net.minecraft.client.gui.screens.Screen
[11:47:02] [REI-ReloadPlugins/DEBUG] [REI] Added draggable component provider: me.shedaniel.rei.api.client.gui.drag.component.DraggableComponentProviderWidget$1@784848c5 [0.00 priority]
[11:47:02] [REI-ReloadPlugins/DEBUG] [REI] Added draggable component visitor: me.shedaniel.rei.api.client.gui.drag.component.DraggableComponentVisitorWidget$2@131b0ddd [0.00 priority]
[11:47:02] [REI-ReloadPlugins/TRACE] [REI] [REIClientPlugin START] Reloading Section: "reloadable-plugin/ScreenRegistryImpl/DefaultClientRuntimePlugin of DefaultClientRuntimePlugin [roughlyenoughitems]/" done in 365.3 μs
[11:47:02] [REI-ReloadPlugins/TRACE] [REI] [REIClientPlugin START] Reloading Section: "reloadable-plugin/ScreenRegistryImpl/" done in 4.847 ms
[11:47:02] [REI-ReloadPlugins/TRACE] [REI] [REIClientPlugin START] Reloading Section: "reloadable-plugin/FavoriteEntryTypeRegistryImpl/"
[11:47:02] [REI-ReloadPlugins/TRACE] [REI] [REIClientPlugin START] Reloading Section: "reloadable-plugin/FavoriteEntryTypeRegistryImpl/DefaultClientPluginImpl of DefaultClientPluginImpl [roughlyenoughitems]/"
[11:47:02] [REI-ReloadPlugins/DEBUG] [REI] Added favorite entry type [roughlyenoughitems:gamemode]: INSTANCE
[11:47:02] [REI-ReloadPlugins/DEBUG] [REI] Added favorite entry type [roughlyenoughitems:weather]: INSTANCE
[11:47:02] [REI-ReloadPlugins/DEBUG] [REI] Added favorite entry type [roughlyenoughitems:time]: INSTANCE
[11:47:02] [REI-ReloadPlugins/TRACE] [REI] [REIClientPlugin START] Reloading Section: "reloadable-plugin/FavoriteEntryTypeRegistryImpl/DefaultClientPluginImpl of DefaultClientPluginImpl [roughlyenoughitems]/" done in 3.426 ms
[11:47:02] [REI-ReloadPlugins/TRACE] [REI] [REIClientPlugin START] Reloading Section: "reloadable-plugin/FavoriteEntryTypeRegistryImpl/LDLibREIPlugin of LDLibREIPlugin [ldlib2]/"
[11:47:02] [REI-ReloadPlugins/TRACE] [REI] [REIClientPlugin START] Reloading Section: "reloadable-plugin/FavoriteEntryTypeRegistryImpl/LDLibREIPlugin of LDLibREIPlugin [ldlib2]/" done in 24.17 μs
[11:47:02] [REI-ReloadPlugins/TRACE] [REI] [REIClientPlugin START] Reloading Section: "reloadable-plugin/FavoriteEntryTypeRegistryImpl/AE2 of AE2 [ae2]/"
[11:47:02] [REI-ReloadPlugins/TRACE] [REI] [REIClientPlugin START] Reloading Section: "reloadable-plugin/FavoriteEntryTypeRegistryImpl/AE2 of AE2 [ae2]/" done in 14.31 μs
[11:47:02] [REI-ReloadPlugins/TRACE] [REI] [REIClientPlugin START] Reloading Section: "reloadable-plugin/FavoriteEntryTypeRegistryImpl/HideIngredientsFromTagsPlugin of HideIngredientsFromTagsPlugin [roughlyenoughitems]/"
[11:47:02] [REI-ReloadPlugins/TRACE] [REI] [REIClientPlugin START] Reloading Section: "reloadable-plugin/FavoriteEntryTypeRegistryImpl/HideIngredientsFromTagsPlugin of HideIngredientsFromTagsPlugin [roughlyenoughitems]/" done in 13.75 μs
[11:47:02] [REI-ReloadPlugins/TRACE] [REI] [REIClientPlugin START] Reloading Section: "reloadable-plugin/FavoriteEntryTypeRegistryImpl/DefaultClientRuntimePlugin of DefaultClientRuntimePlugin [roughlyenoughitems]/"
[11:47:02] [REI-ReloadPlugins/DEBUG] [REI] Added favorite entry type [roughlyenoughitems:entry_stack]: INSTANCE
[11:47:02] [REI-ReloadPlugins/DEBUG] [REI] Added favorite entry type [roughlyenoughitems:display]: INSTANCE
[11:47:02] [REI-ReloadPlugins/TRACE] [REI] [REIClientPlugin START] Reloading Section: "reloadable-plugin/FavoriteEntryTypeRegistryImpl/DefaultClientRuntimePlugin of DefaultClientRuntimePlugin [roughlyenoughitems]/" done in 789.6 μs
[11:47:02] [REI-ReloadPlugins/TRACE] [REI] [REIClientPlugin START] Reloading Section: "reloadable-plugin/FavoriteEntryTypeRegistryImpl/" done in 4.515 ms
[11:47:02] [REI-ReloadPlugins/TRACE] [REI] [REIClientPlugin START] Reloading Section: "reloadable-plugin/SubsetsRegistryImpl/"
[11:47:02] [REI-ReloadPlugins/TRACE] [REI] [REIClientPlugin START] Reloading Section: "reloadable-plugin/SubsetsRegistryImpl/DefaultClientPluginImpl of DefaultClientPluginImpl [roughlyenoughitems]/"
[11:47:02] [REI-ReloadPlugins/TRACE] [REI] [REIClientPlugin START] Reloading Section: "reloadable-plugin/SubsetsRegistryImpl/DefaultClientPluginImpl of DefaultClientPluginImpl [roughlyenoughitems]/" done in 30.04 μs
[11:47:02] [REI-ReloadPlugins/TRACE] [REI] [REIClientPlugin START] Reloading Section: "reloadable-plugin/SubsetsRegistryImpl/LDLibREIPlugin of LDLibREIPlugin [ldlib2]/"
[11:47:02] [REI-ReloadPlugins/TRACE] [REI] [REIClientPlugin START] Reloading Section: "reloadable-plugin/SubsetsRegistryImpl/LDLibREIPlugin of LDLibREIPlugin [ldlib2]/" done in 14.39 μs
[11:47:02] [REI-ReloadPlugins/TRACE] [REI] [REIClientPlugin START] Reloading Section: "reloadable-plugin/SubsetsRegistryImpl/AE2 of AE2 [ae2]/"
[11:47:02] [REI-ReloadPlugins/TRACE] [REI] [REIClientPlugin START] Reloading Section: "reloadable-plugin/SubsetsRegistryImpl/AE2 of AE2 [ae2]/" done in 13.44 μs
[11:47:02] [REI-ReloadPlugins/TRACE] [REI] [REIClientPlugin START] Reloading Section: "reloadable-plugin/SubsetsRegistryImpl/HideIngredientsFromTagsPlugin of HideIngredientsFromTagsPlugin [roughlyenoughitems]/"
[11:47:02] [REI-ReloadPlugins/TRACE] [REI] [REIClientPlugin START] Reloading Section: "reloadable-plugin/SubsetsRegistryImpl/HideIngredientsFromTagsPlugin of HideIngredientsFromTagsPlugin [roughlyenoughitems]/" done in 13.11 μs
[11:47:02] [REI-ReloadPlugins/TRACE] [REI] [REIClientPlugin START] Reloading Section: "reloadable-plugin/SubsetsRegistryImpl/DefaultClientRuntimePlugin of DefaultClientRuntimePlugin [roughlyenoughitems]/"
[11:47:02] [REI-ReloadPlugins/TRACE] [REI] [REIClientPlugin START] Reloading Section: "reloadable-plugin/SubsetsRegistryImpl/DefaultClientRuntimePlugin of DefaultClientRuntimePlugin [roughlyenoughitems]/" done in 12.46 μs
[11:47:02] [REI-ReloadPlugins/TRACE] [REI] [REIClientPlugin START] Reloading Section: "reloadable-plugin/SubsetsRegistryImpl/" done in 224.9 μs
[11:47:02] [REI-ReloadPlugins/TRACE] [REI] [REIClientPlugin START] Reloading Section: "reloadable-plugin/TransferHandlerRegistryImpl/"
[11:47:02] [REI-ReloadPlugins/TRACE] [REI] [REIClientPlugin START] Reloading Section: "reloadable-plugin/TransferHandlerRegistryImpl/DefaultClientPluginImpl of DefaultClientPluginImpl [roughlyenoughitems]/"
[11:47:02] [REI-ReloadPlugins/TRACE] [REI] [REIClientPlugin START] Reloading Section: "reloadable-plugin/TransferHandlerRegistryImpl/DefaultClientPluginImpl of DefaultClientPluginImpl [roughlyenoughitems]/" done in 12.86 μs
[11:47:02] [REI-ReloadPlugins/TRACE] [REI] [REIClientPlugin START] Reloading Section: "reloadable-plugin/TransferHandlerRegistryImpl/LDLibREIPlugin of LDLibREIPlugin [ldlib2]/"
[11:47:02] [REI-ReloadPlugins/TRACE] [REI] [REIClientPlugin START] Reloading Section: "reloadable-plugin/TransferHandlerRegistryImpl/LDLibREIPlugin of LDLibREIPlugin [ldlib2]/" done in 12.71 μs
[11:47:02] [REI-ReloadPlugins/TRACE] [REI] [REIClientPlugin START] Reloading Section: "reloadable-plugin/TransferHandlerRegistryImpl/AE2 of AE2 [ae2]/"
[11:47:02] [REI-ReloadPlugins/TRACE] [REI] [REIClientPlugin START] Reloading Section: "reloadable-plugin/TransferHandlerRegistryImpl/AE2 of AE2 [ae2]/" done in 15.37 μs
[11:47:02] [REI-ReloadPlugins/TRACE] [REI] [REIClientPlugin START] Reloading Section: "reloadable-plugin/TransferHandlerRegistryImpl/HideIngredientsFromTagsPlugin of HideIngredientsFromTagsPlugin [roughlyenoughitems]/"
[11:47:02] [REI-ReloadPlugins/TRACE] [REI] [REIClientPlugin START] Reloading Section: "reloadable-plugin/TransferHandlerRegistryImpl/HideIngredientsFromTagsPlugin of HideIngredientsFromTagsPlugin [roughlyenoughitems]/" done in 12.43 μs
[11:47:02] [REI-ReloadPlugins/TRACE] [REI] [REIClientPlugin START] Reloading Section: "reloadable-plugin/TransferHandlerRegistryImpl/DefaultClientRuntimePlugin of DefaultClientRuntimePlugin [roughlyenoughitems]/"
[11:47:02] [REI-ReloadPlugins/TRACE] [REI] [REIClientPlugin START] Reloading Section: "reloadable-plugin/TransferHandlerRegistryImpl/DefaultClientRuntimePlugin of DefaultClientRuntimePlugin [roughlyenoughitems]/" done in 23.30 μs
[11:47:02] [REI-ReloadPlugins/TRACE] [REI] [REIClientPlugin START] Reloading Section: "reloadable-plugin/TransferHandlerRegistryImpl/" done in 226.0 μs
[11:47:02] [REI-ReloadPlugins/TRACE] [REI] [REIClientPlugin START] Reloading Section: "reloadable-plugin/SearchRuntime/"
[11:47:02] [REI-ReloadPlugins/TRACE] [REI] [REIClientPlugin START] Reloading Section: "reloadable-plugin/SearchRuntime/DefaultClientPluginImpl of DefaultClientPluginImpl [roughlyenoughitems]/"
[11:47:02] [REI-ReloadPlugins/TRACE] [REI] [REIClientPlugin START] Reloading Section: "reloadable-plugin/SearchRuntime/DefaultClientPluginImpl of DefaultClientPluginImpl [roughlyenoughitems]/" done in 13.43 μs
[11:47:02] [REI-ReloadPlugins/TRACE] [REI] [REIClientPlugin START] Reloading Section: "reloadable-plugin/SearchRuntime/LDLibREIPlugin of LDLibREIPlugin [ldlib2]/"
[11:47:02] [REI-ReloadPlugins/TRACE] [REI] [REIClientPlugin START] Reloading Section: "reloadable-plugin/SearchRuntime/LDLibREIPlugin of LDLibREIPlugin [ldlib2]/" done in 17.95 μs
[11:47:02] [REI-ReloadPlugins/TRACE] [REI] [REIClientPlugin START] Reloading Section: "reloadable-plugin/SearchRuntime/AE2 of AE2 [ae2]/"
[11:47:02] [REI-ReloadPlugins/TRACE] [REI] [REIClientPlugin START] Reloading Section: "reloadable-plugin/SearchRuntime/AE2 of AE2 [ae2]/" done in 13.77 μs
[11:47:02] [REI-ReloadPlugins/TRACE] [REI] [REIClientPlugin START] Reloading Section: "reloadable-plugin/SearchRuntime/HideIngredientsFromTagsPlugin of HideIngredientsFromTagsPlugin [roughlyenoughitems]/"
[11:47:02] [REI-ReloadPlugins/TRACE] [REI] [REIClientPlugin START] Reloading Section: "reloadable-plugin/SearchRuntime/HideIngredientsFromTagsPlugin of HideIngredientsFromTagsPlugin [roughlyenoughitems]/" done in 13.60 μs
[11:47:02] [REI-ReloadPlugins/TRACE] [REI] [REIClientPlugin START] Reloading Section: "reloadable-plugin/SearchRuntime/DefaultClientRuntimePlugin of DefaultClientRuntimePlugin [roughlyenoughitems]/"
[11:47:02] [REI-ReloadPlugins/TRACE] [REI] [REIClientPlugin START] Reloading Section: "reloadable-plugin/SearchRuntime/DefaultClientRuntimePlugin of DefaultClientRuntimePlugin [roughlyenoughitems]/" done in 12.83 μs
[11:47:02] [REI-ReloadPlugins/TRACE] [REI] [REIClientPlugin START] Reloading Section: "reloadable-plugin/SearchRuntime/" done in 175.0 μs
[11:47:02] [REI-ReloadPlugins/TRACE] [REI] [REIClientPlugin START] Reloading Section: "reloadable-plugin/REIRuntimeImpl/"
[11:47:02] [REI-ReloadPlugins/TRACE] [REI] [REIClientPlugin START] Reloading Section: "reloadable-plugin/REIRuntimeImpl/DefaultClientPluginImpl of DefaultClientPluginImpl [roughlyenoughitems]/"
[11:47:02] [REI-ReloadPlugins/TRACE] [REI] [REIClientPlugin START] Reloading Section: "reloadable-plugin/REIRuntimeImpl/DefaultClientPluginImpl of DefaultClientPluginImpl [roughlyenoughitems]/" done in 15.71 μs
[11:47:02] [REI-ReloadPlugins/TRACE] [REI] [REIClientPlugin START] Reloading Section: "reloadable-plugin/REIRuntimeImpl/LDLibREIPlugin of LDLibREIPlugin [ldlib2]/"
[11:47:02] [REI-ReloadPlugins/TRACE] [REI] [REIClientPlugin START] Reloading Section: "reloadable-plugin/REIRuntimeImpl/LDLibREIPlugin of LDLibREIPlugin [ldlib2]/" done in 13.21 μs
[11:47:02] [REI-ReloadPlugins/TRACE] [REI] [REIClientPlugin START] Reloading Section: "reloadable-plugin/REIRuntimeImpl/AE2 of AE2 [ae2]/"
[11:47:02] [REI-ReloadPlugins/TRACE] [REI] [REIClientPlugin START] Reloading Section: "reloadable-plugin/REIRuntimeImpl/AE2 of AE2 [ae2]/" done in 12.76 μs
[11:47:02] [REI-ReloadPlugins/TRACE] [REI] [REIClientPlugin START] Reloading Section: "reloadable-plugin/REIRuntimeImpl/HideIngredientsFromTagsPlugin of HideIngredientsFromTagsPlugin [roughlyenoughitems]/"
[11:47:02] [REI-ReloadPlugins/TRACE] [REI] [REIClientPlugin START] Reloading Section: "reloadable-plugin/REIRuntimeImpl/HideIngredientsFromTagsPlugin of HideIngredientsFromTagsPlugin [roughlyenoughitems]/" done in 11.99 μs
[11:47:02] [REI-ReloadPlugins/TRACE] [REI] [REIClientPlugin START] Reloading Section: "reloadable-plugin/REIRuntimeImpl/DefaultClientRuntimePlugin of DefaultClientRuntimePlugin [roughlyenoughitems]/"
[11:47:02] [REI-ReloadPlugins/TRACE] [REI] [REIClientPlugin START] Reloading Section: "reloadable-plugin/REIRuntimeImpl/DefaultClientRuntimePlugin of DefaultClientRuntimePlugin [roughlyenoughitems]/" done in 16.15 μs
[11:47:02] [REI-ReloadPlugins/TRACE] [REI] [REIClientPlugin START] Reloading Section: "reloadable-plugin/REIRuntimeImpl/" done in 161.6 μs
[11:47:02] [REI-ReloadPlugins/TRACE] [REI] [REIClientPlugin START] Reloading Section: "reloadable-plugin/ConfigAddonRegistryImpl/"
[11:47:02] [REI-ReloadPlugins/TRACE] [REI] [REIClientPlugin START] Reloading Section: "reloadable-plugin/ConfigAddonRegistryImpl/DefaultClientPluginImpl of DefaultClientPluginImpl [roughlyenoughitems]/"
[11:47:02] [REI-ReloadPlugins/TRACE] [REI] [REIClientPlugin START] Reloading Section: "reloadable-plugin/ConfigAddonRegistryImpl/DefaultClientPluginImpl of DefaultClientPluginImpl [roughlyenoughitems]/" done in 12.30 μs
[11:47:02] [REI-ReloadPlugins/TRACE] [REI] [REIClientPlugin START] Reloading Section: "reloadable-plugin/ConfigAddonRegistryImpl/LDLibREIPlugin of LDLibREIPlugin [ldlib2]/"
[11:47:02] [REI-ReloadPlugins/TRACE] [REI] [REIClientPlugin START] Reloading Section: "reloadable-plugin/ConfigAddonRegistryImpl/LDLibREIPlugin of LDLibREIPlugin [ldlib2]/" done in 13.15 μs
[11:47:02] [REI-ReloadPlugins/TRACE] [REI] [REIClientPlugin START] Reloading Section: "reloadable-plugin/ConfigAddonRegistryImpl/AE2 of AE2 [ae2]/"
[11:47:02] [REI-ReloadPlugins/TRACE] [REI] [REIClientPlugin START] Reloading Section: "reloadable-plugin/ConfigAddonRegistryImpl/AE2 of AE2 [ae2]/" done in 12.27 μs
[11:47:02] [REI-ReloadPlugins/TRACE] [REI] [REIClientPlugin START] Reloading Section: "reloadable-plugin/ConfigAddonRegistryImpl/HideIngredientsFromTagsPlugin of HideIngredientsFromTagsPlugin [roughlyenoughitems]/"
[11:47:02] [REI-ReloadPlugins/TRACE] [REI] [REIClientPlugin START] Reloading Section: "reloadable-plugin/ConfigAddonRegistryImpl/HideIngredientsFromTagsPlugin of HideIngredientsFromTagsPlugin [roughlyenoughitems]/" done in 11.88 μs
[11:47:02] [REI-ReloadPlugins/TRACE] [REI] [REIClientPlugin START] Reloading Section: "reloadable-plugin/ConfigAddonRegistryImpl/DefaultClientRuntimePlugin of DefaultClientRuntimePlugin [roughlyenoughitems]/"
[11:47:02] [REI-ReloadPlugins/TRACE] [REI] [REIClientPlugin START] Reloading Section: "reloadable-plugin/ConfigAddonRegistryImpl/DefaultClientRuntimePlugin of DefaultClientRuntimePlugin [roughlyenoughitems]/" done in 11.43 μs
[11:47:02] [REI-ReloadPlugins/TRACE] [REI] [REIClientPlugin START] Reloading Section: "reloadable-plugin/ConfigAddonRegistryImpl/" done in 150.4 μs
[11:47:02] [REI-ReloadPlugins/TRACE] [REI] [REIClientPlugin START] Reloading Section: "reloadable-plugin/me.shedaniel.rei.plugin.client.runtime.PluginStageExecutionWatcher$1/"
[11:47:02] [REI-ReloadPlugins/TRACE] [REI] [REIClientPlugin START] Reloading Section: "reloadable-plugin/me.shedaniel.rei.plugin.client.runtime.PluginStageExecutionWatcher$1/DefaultClientPluginImpl of DefaultClientPluginImpl [roughlyenoughitems]/"
[11:47:02] [REI-ReloadPlugins/TRACE] [REI] [REIClientPlugin START] Reloading Section: "reloadable-plugin/me.shedaniel.rei.plugin.client.runtime.PluginStageExecutionWatcher$1/DefaultClientPluginImpl of DefaultClientPluginImpl [roughlyenoughitems]/" done in 13.53 μs
[11:47:02] [REI-ReloadPlugins/TRACE] [REI] [REIClientPlugin START] Reloading Section: "reloadable-plugin/me.shedaniel.rei.plugin.client.runtime.PluginStageExecutionWatcher$1/LDLibREIPlugin of LDLibREIPlugin [ldlib2]/"
[11:47:02] [REI-ReloadPlugins/TRACE] [REI] [REIClientPlugin START] Reloading Section: "reloadable-plugin/me.shedaniel.rei.plugin.client.runtime.PluginStageExecutionWatcher$1/LDLibREIPlugin of LDLibREIPlugin [ldlib2]/" done in 13.13 μs
[11:47:02] [REI-ReloadPlugins/TRACE] [REI] [REIClientPlugin START] Reloading Section: "reloadable-plugin/me.shedaniel.rei.plugin.client.runtime.PluginStageExecutionWatcher$1/AE2 of AE2 [ae2]/"
[11:47:02] [REI-ReloadPlugins/TRACE] [REI] [REIClientPlugin START] Reloading Section: "reloadable-plugin/me.shedaniel.rei.plugin.client.runtime.PluginStageExecutionWatcher$1/AE2 of AE2 [ae2]/" done in 13.30 μs
[11:47:02] [REI-ReloadPlugins/TRACE] [REI] [REIClientPlugin START] Reloading Section: "reloadable-plugin/me.shedaniel.rei.plugin.client.runtime.PluginStageExecutionWatcher$1/HideIngredientsFromTagsPlugin of HideIngredientsFromTagsPlugin [roughlyenoughitems]/"
[11:47:02] [REI-ReloadPlugins/TRACE] [REI] [REIClientPlugin START] Reloading Section: "reloadable-plugin/me.shedaniel.rei.plugin.client.runtime.PluginStageExecutionWatcher$1/HideIngredientsFromTagsPlugin of HideIngredientsFromTagsPlugin [roughlyenoughitems]/" done in 23.48 μs
[11:47:02] [REI-ReloadPlugins/TRACE] [REI] [REIClientPlugin START] Reloading Section: "reloadable-plugin/me.shedaniel.rei.plugin.client.runtime.PluginStageExecutionWatcher$1/DefaultClientRuntimePlugin of DefaultClientRuntimePlugin [roughlyenoughitems]/"
[11:47:02] [REI-ReloadPlugins/TRACE] [REI] [REIClientPlugin START] Reloading Section: "reloadable-plugin/me.shedaniel.rei.plugin.client.runtime.PluginStageExecutionWatcher$1/DefaultClientRuntimePlugin of DefaultClientRuntimePlugin [roughlyenoughitems]/" done in 15.37 μs
[11:47:02] [REI-ReloadPlugins/TRACE] [REI] [REIClientPlugin START] Reloading Section: "reloadable-plugin/me.shedaniel.rei.plugin.client.runtime.PluginStageExecutionWatcher$1/" done in 185.7 μs
[11:47:02] [REI-ReloadPlugins/DEBUG] [REI] ========================================
[11:47:02] [REI-ReloadPlugins/DEBUG] [REI] REIClientPlugin ending main-reload for START.
[11:47:02] [REI-ReloadPlugins/DEBUG] [REI] ========================================
[11:47:02] [REI-ReloadPlugins/TRACE] [REI] [REIClientPlugin START] Reloading Section: "end-reload/"
[11:47:02] [REI-ReloadPlugins/TRACE] [REI] [REIClientPlugin START] Reloading Section: "end-reload/EntryRendererRegistryImpl/"
[11:47:02] [REI-ReloadPlugins/TRACE] [REI] [REIClientPlugin START] Reloading Section: "end-reload/EntryRendererRegistryImpl/" done in 8.443 μs
[11:47:02] [REI-ReloadPlugins/TRACE] [REI] [REIClientPlugin START] Reloading Section: "end-reload/ViewsImpl/"
[11:47:02] [REI-ReloadPlugins/TRACE] [REI] [REIClientPlugin START] Reloading Section: "end-reload/ViewsImpl/" done in 7.152 μs
[11:47:02] [REI-ReloadPlugins/TRACE] [REI] [REIClientPlugin START] Reloading Section: "end-reload/InputMethodRegistryImpl/"
[11:47:02] [REI-ReloadPlugins/TRACE] [REI] [REIClientPlugin START] Reloading Section: "end-reload/InputMethodRegistryImpl/" done in 7.325 μs
[11:47:02] [REI-ReloadPlugins/TRACE] [REI] [REIClientPlugin START] Reloading Section: "end-reload/SearchProviderImpl/"
[11:47:02] [REI-ReloadPlugins/TRACE] [REI] [REIClientPlugin START] Reloading Section: "end-reload/SearchProviderImpl/" done in 7.081 μs
[11:47:02] [REI-ReloadPlugins/TRACE] [REI] [REIClientPlugin START] Reloading Section: "end-reload/ConfigManagerImpl/"
[11:47:02] [REI-ReloadPlugins/TRACE] [REI] [REIClientPlugin START] Reloading Section: "end-reload/ConfigManagerImpl/" done in 6.717 μs
[11:47:02] [REI-ReloadPlugins/TRACE] [REI] [REIClientPlugin START] Reloading Section: "end-reload/EntryRegistryImpl/"
[11:47:02] [REI-ReloadPlugins/DEBUG] [REI] Config saved
[11:47:02] [REI-ReloadPlugins/DEBUG] [REI] Refiltered rule [INSTANCE] in 5.376 ms.
[11:47:02] [REI-ReloadPlugins/DEBUG] [REI] Refiltered rule [INSTANCE] in 1.866 ms.
[11:47:02] [REI-ReloadPlugins/DEBUG] [REI] Refiltered rule [INSTANCE] in 3.519 ms.
[11:47:02] [REI-ReloadPlugins/DEBUG] [REI] Refiltered 4366 entries with 3 rules in 32.26 ms.
[11:47:02] [REI-ReloadPlugins/DEBUG] [REI] Computed existing filtered displays with 3 rules in 2.242 ms
[11:47:02] [REI-ReloadPlugins/DEBUG] [REI] Reloaded entry registry with 4366 entries and 4365 filtered entries
[11:47:02] [REI-ReloadPlugins/TRACE] [REI] [REIClientPlugin START] Reloading Section: "end-reload/EntryRegistryImpl/" done in 37.92 ms
[11:47:02] [REI-ReloadPlugins/TRACE] [REI] [REIClientPlugin START] Reloading Section: "end-reload/CollapsibleEntryRegistryImpl/"
[11:47:02] [REI-ReloadPlugins/TRACE] [REI] [REIClientPlugin START] Reloading Section: "end-reload/CollapsibleEntryRegistryImpl/" done in 26.07 μs
[11:47:02] [REI-ReloadPlugins/TRACE] [REI] [REIClientPlugin START] Reloading Section: "end-reload/BasicFilteringRuleImpl/"
[11:47:02] [REI-ReloadPlugins/TRACE] [REI] [REIClientPlugin START] Reloading Section: "end-reload/BasicFilteringRuleImpl/" done in 11.59 μs
[11:47:02] [REI-ReloadPlugins/TRACE] [REI] [REIClientPlugin START] Reloading Section: "end-reload/CategoryRegistryImpl/"
[11:47:02] [REI-ReloadPlugins/TRACE] [REI] [REIClientPlugin START] Reloading Section: "end-reload/CategoryRegistryImpl/" done in 8.289 μs
[11:47:02] [REI-ReloadPlugins/TRACE] [REI] [REIClientPlugin START] Reloading Section: "end-reload/DisplayRegistryImpl/"
[11:47:02] [REI-ReloadPlugins/TRACE] [REI] [REIClientPlugin START] Reloading Section: "end-reload/DisplayRegistryImpl/" done in 8.222 μs
[11:47:02] [REI-ReloadPlugins/TRACE] [REI] [REIClientPlugin START] Reloading Section: "end-reload/ScreenRegistryImpl/"
[11:47:02] [REI-ReloadPlugins/DEBUG] [REI] Registered 4 overlay deciders and 6 exclusion zones
[11:47:02] [REI-ReloadPlugins/TRACE] [REI] [REIClientPlugin START] Reloading Section: "end-reload/ScreenRegistryImpl/" done in 68.76 μs
[11:47:02] [REI-ReloadPlugins/TRACE] [REI] [REIClientPlugin START] Reloading Section: "end-reload/FavoriteEntryTypeRegistryImpl/"
[11:47:02] [REI-ReloadPlugins/DEBUG] [REI] Config saved
[11:47:02] [REI-ReloadPlugins/DEBUG] [REI] Registered 5 favorite entry types
[11:47:02] [REI-ReloadPlugins/TRACE] [REI] [REIClientPlugin START] Reloading Section: "end-reload/FavoriteEntryTypeRegistryImpl/" done in 1.909 ms
[11:47:02] [REI-ReloadPlugins/TRACE] [REI] [REIClientPlugin START] Reloading Section: "end-reload/SubsetsRegistryImpl/"
[11:47:02] [REI-ReloadPlugins/TRACE] [REI] [REIClientPlugin START] Reloading Section: "end-reload/SubsetsRegistryImpl/" done in 17.14 μs
[11:47:02] [REI-ReloadPlugins/TRACE] [REI] [REIClientPlugin START] Reloading Section: "end-reload/TransferHandlerRegistryImpl/"
[11:47:02] [REI-ReloadPlugins/TRACE] [REI] [REIClientPlugin START] Reloading Section: "end-reload/TransferHandlerRegistryImpl/" done in 9.798 μs
[11:47:02] [REI-ReloadPlugins/TRACE] [REI] [REIClientPlugin START] Reloading Section: "end-reload/SearchRuntime/"
[11:47:02] [REI-ReloadPlugins/TRACE] [REI] Preparing 30562 stacks for search arguments
[11:47:02] [REI-ReloadPlugins/TRACE] [REI] Prepared 30562 / 30562 stacks for search arguments in 242ms
[11:47:02] [REI-ReloadPlugins/DEBUG] [REI] Preparing collapsed entry groups cache with 0 entries and 4366 stacks
[11:47:02] [REI-ReloadPlugins/DEBUG] [REI] Prepared collapsed entry groups cache with 0 entries and 4366 stacks
[11:47:02] [REI-ReloadPlugins/TRACE] [REI] [REIClientPlugin START] Reloading Section: "end-reload/SearchRuntime/" done in 249.0 ms
[11:47:02] [REI-ReloadPlugins/TRACE] [REI] [REIClientPlugin START] Reloading Section: "end-reload/REIRuntimeImpl/"
[11:47:02] [REI-ReloadPlugins/TRACE] [REI] [REIClientPlugin START] Reloading Section: "end-reload/REIRuntimeImpl/" done in 97.58 μs
[11:47:02] [REI-ReloadPlugins/TRACE] [REI] [REIClientPlugin START] Reloading Section: "end-reload/ConfigAddonRegistryImpl/"
[11:47:02] [REI-ReloadPlugins/TRACE] [REI] [REIClientPlugin START] Reloading Section: "end-reload/ConfigAddonRegistryImpl/" done in 13.73 μs
[11:47:02] [REI-ReloadPlugins/TRACE] [REI] [REIClientPlugin START] Reloading Section: "end-reload/me.shedaniel.rei.plugin.client.runtime.PluginStageExecutionWatcher$1/"
[11:47:02] [REI-ReloadPlugins/TRACE] [REI] [REIClientPlugin START] Reloading Section: "end-reload/me.shedaniel.rei.plugin.client.runtime.PluginStageExecutionWatcher$1/" done in 5.678 μs
[11:47:02] [REI-ReloadPlugins/TRACE] [REI] [REIClientPlugin START] Reloading Section: "end-reload/" done in 289.7 ms
[11:47:02] [REI-ReloadPlugins/DEBUG] [REI] ========================================
[11:47:02] [REI-ReloadPlugins/DEBUG] [REI] REIClientPlugin ended main-reload for START in 492.1 ms.
[11:47:02] [REI-ReloadPlugins/DEBUG] [REI] ========================================
[11:47:02] [REI-ReloadPlugins/INFO] [REI] %%%%%%%%%%%%%%%%%%%%%%%%%%%%%%%%%%%%%%%%
[11:47:02] [REI-ReloadPlugins/INFO] [REI] REIServerPlugin starting main-reload for START.
[11:47:02] [REI-ReloadPlugins/DEBUG] [REI] Reloadables (3):
[11:47:02] [REI-ReloadPlugins/DEBUG] [REI]  - MenuInfoRegistryImpl
[11:47:02] [REI-ReloadPlugins/DEBUG] [REI]  - SlotAccessorRegistryImpl
[11:47:02] [REI-ReloadPlugins/DEBUG] [REI]  - me.shedaniel.rei.plugin.client.runtime.PluginStageExecutionWatcher$1
[11:47:02] [REI-ReloadPlugins/INFO] [REI] Plugins (2):
[11:47:02] [REI-ReloadPlugins/INFO] [REI]  - (-100.00) DefaultPluginImpl of DefaultPluginImpl [roughlyenoughitems]
[11:47:02] [REI-ReloadPlugins/INFO] [REI]  - (0.00) DefaultRuntimePlugin of DefaultRuntimePlugin [roughlyenoughitems]
[11:47:02] [REI-ReloadPlugins/INFO] [REI] %%%%%%%%%%%%%%%%%%%%%%%%%%%%%%%%%%%%%%%%
[11:47:02] [REI-ReloadPlugins/TRACE] [REI] [REIServerPlugin START] Reloading Section: "start-reload/"
[11:47:02] [REI-ReloadPlugins/TRACE] [REI] [REIServerPlugin START] Reloading Section: "start-reload/MenuInfoRegistryImpl/"
[11:47:02] [REI-ReloadPlugins/TRACE] [REI] [REIServerPlugin START] Reloading Section: "start-reload/MenuInfoRegistryImpl/" done in 11.92 μs
[11:47:02] [REI-ReloadPlugins/TRACE] [REI] [REIServerPlugin START] Reloading Section: "start-reload/SlotAccessorRegistryImpl/"
[11:47:02] [REI-ReloadPlugins/TRACE] [REI] [REIServerPlugin START] Reloading Section: "start-reload/SlotAccessorRegistryImpl/" done in 8.961 μs
[11:47:02] [REI-ReloadPlugins/TRACE] [REI] [REIServerPlugin START] Reloading Section: "start-reload/me.shedaniel.rei.plugin.client.runtime.PluginStageExecutionWatcher$1/"
[11:47:02] [REI-ReloadPlugins/TRACE] [REI] [REIServerPlugin START] Reloading Section: "start-reload/me.shedaniel.rei.plugin.client.runtime.PluginStageExecutionWatcher$1/" done in 7.123 μs
[11:47:02] [REI-ReloadPlugins/TRACE] [REI] [REIServerPlugin START] Reloading Section: "start-reload/" done in 108.6 μs
[11:47:02] [REI-ReloadPlugins/DEBUG] [REI] ========================================
[11:47:02] [REI-ReloadPlugins/DEBUG] [REI] REIServerPlugin started main-reload for START.
[11:47:02] [REI-ReloadPlugins/DEBUG] [REI] ========================================
[11:47:02] [REI-ReloadPlugins/TRACE] [REI] [REIServerPlugin START] Reloading Section: "reloadable-plugin/MenuInfoRegistryImpl/"
[11:47:02] [REI-ReloadPlugins/TRACE] [REI] [REIServerPlugin START] Reloading Section: "reloadable-plugin/MenuInfoRegistryImpl/DefaultPluginImpl of DefaultPluginImpl [roughlyenoughitems]/"
[11:47:02] [REI-ReloadPlugins/TRACE] [REI] [REIServerPlugin START] Reloading Section: "reloadable-plugin/MenuInfoRegistryImpl/DefaultPluginImpl of DefaultPluginImpl [roughlyenoughitems]/" done in 19.53 μs
[11:47:02] [REI-ReloadPlugins/TRACE] [REI] [REIServerPlugin START] Reloading Section: "reloadable-plugin/MenuInfoRegistryImpl/DefaultRuntimePlugin of DefaultRuntimePlugin [roughlyenoughitems]/"
[11:47:02] [REI-ReloadPlugins/TRACE] [REI] [REIServerPlugin START] Reloading Section: "reloadable-plugin/MenuInfoRegistryImpl/DefaultRuntimePlugin of DefaultRuntimePlugin [roughlyenoughitems]/" done in 11.42 μs
[11:47:02] [REI-ReloadPlugins/TRACE] [REI] [REIServerPlugin START] Reloading Section: "reloadable-plugin/MenuInfoRegistryImpl/" done in 90.16 μs
[11:47:02] [REI-ReloadPlugins/TRACE] [REI] [REIServerPlugin START] Reloading Section: "reloadable-plugin/SlotAccessorRegistryImpl/"
[11:47:02] [REI-ReloadPlugins/TRACE] [REI] [REIServerPlugin START] Reloading Section: "reloadable-plugin/SlotAccessorRegistryImpl/DefaultPluginImpl of DefaultPluginImpl [roughlyenoughitems]/"
[11:47:02] [REI-ReloadPlugins/TRACE] [REI] [REIServerPlugin START] Reloading Section: "reloadable-plugin/SlotAccessorRegistryImpl/DefaultPluginImpl of DefaultPluginImpl [roughlyenoughitems]/" done in 10.68 μs
[11:47:02] [REI-ReloadPlugins/TRACE] [REI] [REIServerPlugin START] Reloading Section: "reloadable-plugin/SlotAccessorRegistryImpl/DefaultRuntimePlugin of DefaultRuntimePlugin [roughlyenoughitems]/"
[11:47:02] [REI-ReloadPlugins/TRACE] [REI] [REIServerPlugin START] Reloading Section: "reloadable-plugin/SlotAccessorRegistryImpl/DefaultRuntimePlugin of DefaultRuntimePlugin [roughlyenoughitems]/" done in 8.430 μs
[11:47:02] [REI-ReloadPlugins/TRACE] [REI] [REIServerPlugin START] Reloading Section: "reloadable-plugin/SlotAccessorRegistryImpl/" done in 73.00 μs
[11:47:02] [REI-ReloadPlugins/TRACE] [REI] [REIServerPlugin START] Reloading Section: "reloadable-plugin/me.shedaniel.rei.plugin.client.runtime.PluginStageExecutionWatcher$1/"
[11:47:02] [REI-ReloadPlugins/TRACE] [REI] [REIServerPlugin START] Reloading Section: "reloadable-plugin/me.shedaniel.rei.plugin.client.runtime.PluginStageExecutionWatcher$1/DefaultPluginImpl of DefaultPluginImpl [roughlyenoughitems]/"
[11:47:02] [REI-ReloadPlugins/TRACE] [REI] [REIServerPlugin START] Reloading Section: "reloadable-plugin/me.shedaniel.rei.plugin.client.runtime.PluginStageExecutionWatcher$1/DefaultPluginImpl of DefaultPluginImpl [roughlyenoughitems]/" done in 11.50 μs
[11:47:02] [REI-ReloadPlugins/TRACE] [REI] [REIServerPlugin START] Reloading Section: "reloadable-plugin/me.shedaniel.rei.plugin.client.runtime.PluginStageExecutionWatcher$1/DefaultRuntimePlugin of DefaultRuntimePlugin [roughlyenoughitems]/"
[11:47:02] [REI-ReloadPlugins/TRACE] [REI] [REIServerPlugin START] Reloading Section: "reloadable-plugin/me.shedaniel.rei.plugin.client.runtime.PluginStageExecutionWatcher$1/DefaultRuntimePlugin of DefaultRuntimePlugin [roughlyenoughitems]/" done in 9.369 μs
[11:47:02] [REI-ReloadPlugins/TRACE] [REI] [REIServerPlugin START] Reloading Section: "reloadable-plugin/me.shedaniel.rei.plugin.client.runtime.PluginStageExecutionWatcher$1/" done in 62.64 μs
[11:47:02] [REI-ReloadPlugins/DEBUG] [REI] ========================================
[11:47:02] [REI-ReloadPlugins/DEBUG] [REI] REIServerPlugin ending main-reload for START.
[11:47:02] [REI-ReloadPlugins/DEBUG] [REI] ========================================
[11:47:02] [REI-ReloadPlugins/TRACE] [REI] [REIServerPlugin START] Reloading Section: "end-reload/"
[11:47:02] [REI-ReloadPlugins/TRACE] [REI] [REIServerPlugin START] Reloading Section: "end-reload/MenuInfoRegistryImpl/"
[11:47:02] [REI-ReloadPlugins/TRACE] [REI] [REIServerPlugin START] Reloading Section: "end-reload/MenuInfoRegistryImpl/" done in 10.73 μs
[11:47:02] [REI-ReloadPlugins/TRACE] [REI] [REIServerPlugin START] Reloading Section: "end-reload/SlotAccessorRegistryImpl/"
[11:47:02] [REI-ReloadPlugins/TRACE] [REI] [REIServerPlugin START] Reloading Section: "end-reload/SlotAccessorRegistryImpl/" done in 7.990 μs
[11:47:02] [REI-ReloadPlugins/TRACE] [REI] [REIServerPlugin START] Reloading Section: "end-reload/me.shedaniel.rei.plugin.client.runtime.PluginStageExecutionWatcher$1/"
[11:47:02] [REI-ReloadPlugins/TRACE] [REI] [REIServerPlugin START] Reloading Section: "end-reload/me.shedaniel.rei.plugin.client.runtime.PluginStageExecutionWatcher$1/" done in 7.465 μs
[11:47:02] [REI-ReloadPlugins/TRACE] [REI] [REIServerPlugin START] Reloading Section: "end-reload/" done in 70.80 μs
[11:47:02] [REI-ReloadPlugins/DEBUG] [REI] ========================================
[11:47:02] [REI-ReloadPlugins/DEBUG] [REI] REIServerPlugin ended main-reload for START in 874.6 μs.
[11:47:02] [REI-ReloadPlugins/DEBUG] [REI] ========================================
[11:47:02] [REI-ReloadPlugins/DEBUG] [REI] ========================================
[11:47:02] [REI-ReloadPlugins/DEBUG] [REI] REIPlugin starting post-reload for START.
[11:47:02] [REI-ReloadPlugins/DEBUG] [REI] Reloadables (8):
[11:47:02] [REI-ReloadPlugins/DEBUG] [REI]  - EntryTypeRegistryImpl
[11:47:02] [REI-ReloadPlugins/DEBUG] [REI]  - EntrySettingsAdapterRegistryImpl
[11:47:02] [REI-ReloadPlugins/DEBUG] [REI]  - RecipeManagerContextImpl
[11:47:02] [REI-ReloadPlugins/DEBUG] [REI]  - ItemComparatorRegistryImpl
[11:47:02] [REI-ReloadPlugins/DEBUG] [REI]  - FluidComparatorRegistryImpl
[11:47:02] [REI-ReloadPlugins/DEBUG] [REI]  - DisplaySerializerRegistryImpl
[11:47:02] [REI-ReloadPlugins/DEBUG] [REI]  - FluidSupportProviderImpl
[11:47:02] [REI-ReloadPlugins/DEBUG] [REI]  - me.shedaniel.rei.plugin.client.runtime.PluginStageExecutionWatcher$1
[11:47:02] [REI-ReloadPlugins/DEBUG] [REI] Plugins (7):
[11:47:02] [REI-ReloadPlugins/DEBUG] [REI]  - (-100.00) DefaultClientPluginImpl of DefaultClientPluginImpl [roughlyenoughitems]
[11:47:02] [REI-ReloadPlugins/DEBUG] [REI]  - (-100.00) DefaultPluginImpl of DefaultPluginImpl [roughlyenoughitems]
[11:47:02] [REI-ReloadPlugins/DEBUG] [REI]  - (0.00) HideIngredientsFromTagsPlugin of HideIngredientsFromTagsPlugin [roughlyenoughitems]
[11:47:02] [REI-ReloadPlugins/DEBUG] [REI]  - (0.00) DefaultClientRuntimePlugin of DefaultClientRuntimePlugin [roughlyenoughitems]
[11:47:02] [REI-ReloadPlugins/DEBUG] [REI]  - (0.00) DefaultRuntimePlugin of DefaultRuntimePlugin [roughlyenoughitems]
[11:47:02] [REI-ReloadPlugins/DEBUG] [REI]  - (0.00) LDLibREIPlugin of LDLibREIPlugin [ldlib2]
[11:47:02] [REI-ReloadPlugins/DEBUG] [REI]  - (0.00) AE2 of AE2 [ae2]
[11:47:02] [REI-ReloadPlugins/DEBUG] [REI] ========================================
[11:47:02] [REI-ReloadPlugins/TRACE] [REI] [REIPlugin START] Reloading Section: "post-register/"
[11:47:02] [REI-ReloadPlugins/TRACE] [REI] [REIPlugin START] Reloading Section: "post-register/DefaultClientPluginImpl of DefaultClientPluginImpl [roughlyenoughitems]/"
[11:47:02] [REI-ReloadPlugins/TRACE] [REI] [REIPlugin START] Reloading Section: "post-register/DefaultClientPluginImpl of DefaultClientPluginImpl [roughlyenoughitems]/" done in 100.2 μs
[11:47:02] [REI-ReloadPlugins/TRACE] [REI] [REIPlugin START] Reloading Section: "post-register/DefaultPluginImpl of DefaultPluginImpl [roughlyenoughitems]/"
[11:47:02] [REI-ReloadPlugins/TRACE] [REI] [REIPlugin START] Reloading Section: "post-register/DefaultPluginImpl of DefaultPluginImpl [roughlyenoughitems]/" done in 9.453 μs
[11:47:02] [REI-ReloadPlugins/TRACE] [REI] [REIPlugin START] Reloading Section: "post-register/HideIngredientsFromTagsPlugin of HideIngredientsFromTagsPlugin [roughlyenoughitems]/"
[11:47:02] [REI-ReloadPlugins/TRACE] [REI] [REIPlugin START] Reloading Section: "post-register/HideIngredientsFromTagsPlugin of HideIngredientsFromTagsPlugin [roughlyenoughitems]/" done in 5.965 μs
[11:47:02] [REI-ReloadPlugins/TRACE] [REI] [REIPlugin START] Reloading Section: "post-register/DefaultClientRuntimePlugin of DefaultClientRuntimePlugin [roughlyenoughitems]/"
[11:47:02] [REI-ReloadPlugins/TRACE] [REI] [REIPlugin START] Reloading Section: "post-register/DefaultClientRuntimePlugin of DefaultClientRuntimePlugin [roughlyenoughitems]/" done in 5.004 μs
[11:47:02] [REI-ReloadPlugins/TRACE] [REI] [REIPlugin START] Reloading Section: "post-register/DefaultRuntimePlugin of DefaultRuntimePlugin [roughlyenoughitems]/"
[11:47:02] [REI-ReloadPlugins/TRACE] [REI] [REIPlugin START] Reloading Section: "post-register/DefaultRuntimePlugin of DefaultRuntimePlugin [roughlyenoughitems]/" done in 4.718 μs
[11:47:02] [REI-ReloadPlugins/TRACE] [REI] [REIPlugin START] Reloading Section: "post-register/LDLibREIPlugin of LDLibREIPlugin [ldlib2]/"
[11:47:02] [REI-ReloadPlugins/TRACE] [REI] [REIPlugin START] Reloading Section: "post-register/LDLibREIPlugin of LDLibREIPlugin [ldlib2]/" done in 4.659 μs
[11:47:02] [REI-ReloadPlugins/TRACE] [REI] [REIPlugin START] Reloading Section: "post-register/AE2 of AE2 [ae2]/"
[11:47:02] [REI-ReloadPlugins/TRACE] [REI] [REIPlugin START] Reloading Section: "post-register/AE2 of AE2 [ae2]/" done in 5.223 μs
[11:47:02] [REI-ReloadPlugins/TRACE] [REI] [REIPlugin START] Reloading Section: "post-register/" done in 333.1 μs
[11:47:02] [REI-ReloadPlugins/TRACE] [REI] [REIPlugin START] Reloading Section: "post-stage/"
[11:47:02] [REI-ReloadPlugins/TRACE] [REI] [REIPlugin START] Reloading Section: "post-stage/EntryTypeRegistryImpl/"
[11:47:02] [REI-ReloadPlugins/TRACE] [REI] [REIPlugin START] Reloading Section: "post-stage/EntryTypeRegistryImpl/" done in 8.681 μs
[11:47:02] [REI-ReloadPlugins/TRACE] [REI] [REIPlugin START] Reloading Section: "post-stage/EntrySettingsAdapterRegistryImpl/"
[11:47:02] [REI-ReloadPlugins/TRACE] [REI] [REIPlugin START] Reloading Section: "post-stage/EntrySettingsAdapterRegistryImpl/" done in 5.823 μs
[11:47:02] [REI-ReloadPlugins/TRACE] [REI] [REIPlugin START] Reloading Section: "post-stage/RecipeManagerContextImpl/"
[11:47:02] [REI-ReloadPlugins/TRACE] [REI] [REIPlugin START] Reloading Section: "post-stage/RecipeManagerContextImpl/" done in 5.249 μs
[11:47:02] [REI-ReloadPlugins/TRACE] [REI] [REIPlugin START] Reloading Section: "post-stage/ItemComparatorRegistryImpl/"
[11:47:02] [REI-ReloadPlugins/TRACE] [REI] [REIPlugin START] Reloading Section: "post-stage/ItemComparatorRegistryImpl/" done in 5.241 μs
[11:47:02] [REI-ReloadPlugins/TRACE] [REI] [REIPlugin START] Reloading Section: "post-stage/FluidComparatorRegistryImpl/"
[11:47:02] [REI-ReloadPlugins/TRACE] [REI] [REIPlugin START] Reloading Section: "post-stage/FluidComparatorRegistryImpl/" done in 5.975 μs
[11:47:02] [REI-ReloadPlugins/TRACE] [REI] [REIPlugin START] Reloading Section: "post-stage/DisplaySerializerRegistryImpl/"
[11:47:02] [REI-ReloadPlugins/TRACE] [REI] [REIPlugin START] Reloading Section: "post-stage/DisplaySerializerRegistryImpl/" done in 5.566 μs
[11:47:02] [REI-ReloadPlugins/TRACE] [REI] [REIPlugin START] Reloading Section: "post-stage/FluidSupportProviderImpl/"
[11:47:02] [REI-ReloadPlugins/TRACE] [REI] [REIPlugin START] Reloading Section: "post-stage/FluidSupportProviderImpl/" done in 4.592 μs
[11:47:02] [REI-ReloadPlugins/TRACE] [REI] [REIPlugin START] Reloading Section: "post-stage/me.shedaniel.rei.plugin.client.runtime.PluginStageExecutionWatcher$1/"
[11:47:02] [REI-ReloadPlugins/TRACE] [REI] [REIPlugin START] Reloading Section: "post-stage/me.shedaniel.rei.plugin.client.runtime.PluginStageExecutionWatcher$1/" done in 16.37 μs
[11:47:02] [REI-ReloadPlugins/TRACE] [REI] [REIPlugin START] Reloading Section: "post-stage/" done in 181.4 μs
[11:47:02] [REI-ReloadPlugins/DEBUG] [REI] ========================================
[11:47:02] [REI-ReloadPlugins/INFO] [REI] REIPlugin finished post-reload for START in 528.5 μs, totaling 25.96 ms.
[11:47:02] [REI-ReloadPlugins/DEBUG] [REI] ========================================
[11:47:02] [REI-ReloadPlugins/DEBUG] [REI] ========================================
[11:47:02] [REI-ReloadPlugins/DEBUG] [REI] REIClientPlugin starting post-reload for START.
[11:47:02] [REI-ReloadPlugins/DEBUG] [REI] Reloadables (18):
[11:47:02] [REI-ReloadPlugins/DEBUG] [REI]  - EntryRendererRegistryImpl
[11:47:02] [REI-ReloadPlugins/DEBUG] [REI]  - ViewsImpl
[11:47:02] [REI-ReloadPlugins/DEBUG] [REI]  - InputMethodRegistryImpl
[11:47:02] [REI-ReloadPlugins/DEBUG] [REI]  - SearchProviderImpl
[11:47:02] [REI-ReloadPlugins/DEBUG] [REI]  - ConfigManagerImpl
[11:47:02] [REI-ReloadPlugins/DEBUG] [REI]  - EntryRegistryImpl
[11:47:02] [REI-ReloadPlugins/DEBUG] [REI]  - CollapsibleEntryRegistryImpl
[11:47:02] [REI-ReloadPlugins/DEBUG] [REI]  - BasicFilteringRuleImpl
[11:47:02] [REI-ReloadPlugins/DEBUG] [REI]  - CategoryRegistryImpl
[11:47:02] [REI-ReloadPlugins/DEBUG] [REI]  - DisplayRegistryImpl
[11:47:02] [REI-ReloadPlugins/DEBUG] [REI]  - ScreenRegistryImpl
[11:47:02] [REI-ReloadPlugins/DEBUG] [REI]  - FavoriteEntryTypeRegistryImpl
[11:47:02] [REI-ReloadPlugins/DEBUG] [REI]  - SubsetsRegistryImpl
[11:47:02] [REI-ReloadPlugins/DEBUG] [REI]  - TransferHandlerRegistryImpl
[11:47:02] [REI-ReloadPlugins/DEBUG] [REI]  - SearchRuntime
[11:47:02] [REI-ReloadPlugins/DEBUG] [REI]  - REIRuntimeImpl
[11:47:02] [REI-ReloadPlugins/DEBUG] [REI]  - ConfigAddonRegistryImpl
[11:47:02] [REI-ReloadPlugins/DEBUG] [REI]  - me.shedaniel.rei.plugin.client.runtime.PluginStageExecutionWatcher$1
[11:47:02] [REI-ReloadPlugins/DEBUG] [REI] Plugins (5):
[11:47:02] [REI-ReloadPlugins/DEBUG] [REI]  - (-100.00) DefaultClientPluginImpl of DefaultClientPluginImpl [roughlyenoughitems]
[11:47:02] [REI-ReloadPlugins/DEBUG] [REI]  - (0.00) LDLibREIPlugin of LDLibREIPlugin [ldlib2]
[11:47:02] [REI-ReloadPlugins/DEBUG] [REI]  - (0.00) AE2 of AE2 [ae2]
[11:47:02] [REI-ReloadPlugins/DEBUG] [REI]  - (0.00) HideIngredientsFromTagsPlugin of HideIngredientsFromTagsPlugin [roughlyenoughitems]
[11:47:02] [REI-ReloadPlugins/DEBUG] [REI]  - (0.00) DefaultClientRuntimePlugin of DefaultClientRuntimePlugin [roughlyenoughitems]
[11:47:02] [REI-ReloadPlugins/DEBUG] [REI] ========================================
[11:47:02] [REI-ReloadPlugins/TRACE] [REI] [REIClientPlugin START] Reloading Section: "post-register/"
[11:47:02] [REI-ReloadPlugins/TRACE] [REI] [REIClientPlugin START] Reloading Section: "post-register/DefaultClientPluginImpl of DefaultClientPluginImpl [roughlyenoughitems]/"
[11:47:02] [REI-ReloadPlugins/TRACE] [REI] [REIClientPlugin START] Reloading Section: "post-register/DefaultClientPluginImpl of DefaultClientPluginImpl [roughlyenoughitems]/" done in 11.44 μs
[11:47:02] [REI-ReloadPlugins/TRACE] [REI] [REIClientPlugin START] Reloading Section: "post-register/LDLibREIPlugin of LDLibREIPlugin [ldlib2]/"
[11:47:02] [REI-ReloadPlugins/TRACE] [REI] [REIClientPlugin START] Reloading Section: "post-register/LDLibREIPlugin of LDLibREIPlugin [ldlib2]/" done in 6.688 μs
[11:47:02] [REI-ReloadPlugins/TRACE] [REI] [REIClientPlugin START] Reloading Section: "post-register/AE2 of AE2 [ae2]/"
[11:47:02] [REI-ReloadPlugins/TRACE] [REI] [REIClientPlugin START] Reloading Section: "post-register/AE2 of AE2 [ae2]/" done in 5.462 μs
[11:47:02] [REI-ReloadPlugins/TRACE] [REI] [REIClientPlugin START] Reloading Section: "post-register/HideIngredientsFromTagsPlugin of HideIngredientsFromTagsPlugin [roughlyenoughitems]/"
[11:47:02] [REI-ReloadPlugins/TRACE] [REI] [REIClientPlugin START] Reloading Section: "post-register/HideIngredientsFromTagsPlugin of HideIngredientsFromTagsPlugin [roughlyenoughitems]/" done in 5.518 μs
[11:47:02] [REI-ReloadPlugins/TRACE] [REI] [REIClientPlugin START] Reloading Section: "post-register/DefaultClientRuntimePlugin of DefaultClientRuntimePlugin [roughlyenoughitems]/"
[11:47:02] [REI-ReloadPlugins/TRACE] [REI] [REIClientPlugin START] Reloading Section: "post-register/DefaultClientRuntimePlugin of DefaultClientRuntimePlugin [roughlyenoughitems]/" done in 4.875 μs
[11:47:02] [REI-ReloadPlugins/TRACE] [REI] [REIClientPlugin START] Reloading Section: "post-register/" done in 96.92 μs
[11:47:02] [REI-ReloadPlugins/TRACE] [REI] [REIClientPlugin START] Reloading Section: "post-stage/"
[11:47:02] [REI-ReloadPlugins/TRACE] [REI] [REIClientPlugin START] Reloading Section: "post-stage/EntryRendererRegistryImpl/"
[11:47:02] [REI-ReloadPlugins/TRACE] [REI] [REIClientPlugin START] Reloading Section: "post-stage/EntryRendererRegistryImpl/" done in 5.529 μs
[11:47:02] [REI-ReloadPlugins/TRACE] [REI] [REIClientPlugin START] Reloading Section: "post-stage/ViewsImpl/"
[11:47:02] [REI-ReloadPlugins/TRACE] [REI] [REIClientPlugin START] Reloading Section: "post-stage/ViewsImpl/" done in 4.296 μs
[11:47:02] [REI-ReloadPlugins/TRACE] [REI] [REIClientPlugin START] Reloading Section: "post-stage/InputMethodRegistryImpl/"
[11:47:02] [REI-ReloadPlugins/TRACE] [REI] [REIClientPlugin START] Reloading Section: "post-stage/InputMethodRegistryImpl/" done in 4.454 μs
[11:47:02] [REI-ReloadPlugins/TRACE] [REI] [REIClientPlugin START] Reloading Section: "post-stage/SearchProviderImpl/"
[11:47:02] [REI-ReloadPlugins/TRACE] [REI] [REIClientPlugin START] Reloading Section: "post-stage/SearchProviderImpl/" done in 4.479 μs
[11:47:02] [REI-ReloadPlugins/TRACE] [REI] [REIClientPlugin START] Reloading Section: "post-stage/ConfigManagerImpl/"
[11:47:02] [REI-ReloadPlugins/TRACE] [REI] [REIClientPlugin START] Reloading Section: "post-stage/ConfigManagerImpl/" done in 4.036 μs
[11:47:02] [REI-ReloadPlugins/TRACE] [REI] [REIClientPlugin START] Reloading Section: "post-stage/EntryRegistryImpl/"
[11:47:02] [REI-ReloadPlugins/TRACE] [REI] [REIClientPlugin START] Reloading Section: "post-stage/EntryRegistryImpl/" done in 4.006 μs
[11:47:02] [REI-ReloadPlugins/TRACE] [REI] [REIClientPlugin START] Reloading Section: "post-stage/CollapsibleEntryRegistryImpl/"
[11:47:02] [REI-ReloadPlugins/TRACE] [REI] [REIClientPlugin START] Reloading Section: "post-stage/CollapsibleEntryRegistryImpl/" done in 3.998 μs
[11:47:02] [REI-ReloadPlugins/TRACE] [REI] [REIClientPlugin START] Reloading Section: "post-stage/BasicFilteringRuleImpl/"
[11:47:02] [REI-ReloadPlugins/TRACE] [REI] [REIClientPlugin START] Reloading Section: "post-stage/BasicFilteringRuleImpl/" done in 5.822 μs
[11:47:02] [REI-ReloadPlugins/TRACE] [REI] [REIClientPlugin START] Reloading Section: "post-stage/CategoryRegistryImpl/"
[11:47:02] [REI-ReloadPlugins/TRACE] [REI] [REIClientPlugin START] Reloading Section: "post-stage/CategoryRegistryImpl/" done in 4.099 μs
[11:47:02] [REI-ReloadPlugins/TRACE] [REI] [REIClientPlugin START] Reloading Section: "post-stage/DisplayRegistryImpl/"
[11:47:02] [REI-ReloadPlugins/TRACE] [REI] [REIClientPlugin START] Reloading Section: "post-stage/DisplayRegistryImpl/" done in 7.958 μs
[11:47:02] [REI-ReloadPlugins/TRACE] [REI] [REIClientPlugin START] Reloading Section: "post-stage/ScreenRegistryImpl/"
[11:47:02] [REI-ReloadPlugins/TRACE] [REI] [REIClientPlugin START] Reloading Section: "post-stage/ScreenRegistryImpl/" done in 4.185 μs
[11:47:02] [REI-ReloadPlugins/TRACE] [REI] [REIClientPlugin START] Reloading Section: "post-stage/FavoriteEntryTypeRegistryImpl/"
[11:47:02] [REI-ReloadPlugins/TRACE] [REI] [REIClientPlugin START] Reloading Section: "post-stage/FavoriteEntryTypeRegistryImpl/" done in 4.113 μs
[11:47:02] [REI-ReloadPlugins/TRACE] [REI] [REIClientPlugin START] Reloading Section: "post-stage/SubsetsRegistryImpl/"
[11:47:02] [REI-ReloadPlugins/TRACE] [REI] [REIClientPlugin START] Reloading Section: "post-stage/SubsetsRegistryImpl/" done in 4.227 μs
[11:47:02] [REI-ReloadPlugins/TRACE] [REI] [REIClientPlugin START] Reloading Section: "post-stage/TransferHandlerRegistryImpl/"
[11:47:02] [REI-ReloadPlugins/TRACE] [REI] [REIClientPlugin START] Reloading Section: "post-stage/TransferHandlerRegistryImpl/" done in 3.897 μs
[11:47:02] [REI-ReloadPlugins/TRACE] [REI] [REIClientPlugin START] Reloading Section: "post-stage/SearchRuntime/"
[11:47:02] [REI-ReloadPlugins/TRACE] [REI] [REIClientPlugin START] Reloading Section: "post-stage/SearchRuntime/" done in 4.023 μs
[11:47:02] [REI-ReloadPlugins/TRACE] [REI] [REIClientPlugin START] Reloading Section: "post-stage/REIRuntimeImpl/"
[11:47:02] [REI-ReloadPlugins/TRACE] [REI] [REIClientPlugin START] Reloading Section: "post-stage/REIRuntimeImpl/" done in 3.975 μs
[11:47:02] [REI-ReloadPlugins/TRACE] [REI] [REIClientPlugin START] Reloading Section: "post-stage/ConfigAddonRegistryImpl/"
[11:47:02] [REI-ReloadPlugins/TRACE] [REI] [REIClientPlugin START] Reloading Section: "post-stage/ConfigAddonRegistryImpl/" done in 3.822 μs
[11:47:02] [REI-ReloadPlugins/TRACE] [REI] [REIClientPlugin START] Reloading Section: "post-stage/me.shedaniel.rei.plugin.client.runtime.PluginStageExecutionWatcher$1/"
[11:47:02] [REI-ReloadPlugins/TRACE] [REI] [REIClientPlugin START] Reloading Section: "post-stage/me.shedaniel.rei.plugin.client.runtime.PluginStageExecutionWatcher$1/" done in 6.955 μs
[11:47:02] [REI-ReloadPlugins/TRACE] [REI] [REIClientPlugin START] Reloading Section: "post-stage/" done in 227.0 μs
[11:47:02] [REI-ReloadPlugins/DEBUG] [REI] ========================================
[11:47:02] [REI-ReloadPlugins/INFO] [REI] REIClientPlugin finished post-reload for START in 336.0 μs, totaling 493.7 ms.
[11:47:02] [REI-ReloadPlugins/DEBUG] [REI] ========================================
[11:47:02] [REI-ReloadPlugins/DEBUG] [REI] ========================================
[11:47:02] [REI-ReloadPlugins/DEBUG] [REI] REIServerPlugin starting post-reload for START.
[11:47:02] [REI-ReloadPlugins/DEBUG] [REI] Reloadables (3):
[11:47:02] [REI-ReloadPlugins/DEBUG] [REI]  - MenuInfoRegistryImpl
[11:47:02] [REI-ReloadPlugins/DEBUG] [REI]  - SlotAccessorRegistryImpl
[11:47:02] [REI-ReloadPlugins/DEBUG] [REI]  - me.shedaniel.rei.plugin.client.runtime.PluginStageExecutionWatcher$1
[11:47:02] [REI-ReloadPlugins/DEBUG] [REI] Plugins (2):
[11:47:02] [REI-ReloadPlugins/DEBUG] [REI]  - (-100.00) DefaultPluginImpl of DefaultPluginImpl [roughlyenoughitems]
[11:47:02] [REI-ReloadPlugins/DEBUG] [REI]  - (0.00) DefaultRuntimePlugin of DefaultRuntimePlugin [roughlyenoughitems]
[11:47:02] [REI-ReloadPlugins/DEBUG] [REI] ========================================
[11:47:02] [REI-ReloadPlugins/TRACE] [REI] [REIServerPlugin START] Reloading Section: "post-register/"
[11:47:02] [REI-ReloadPlugins/TRACE] [REI] [REIServerPlugin START] Reloading Section: "post-register/DefaultPluginImpl of DefaultPluginImpl [roughlyenoughitems]/"
[11:47:02] [REI-ReloadPlugins/TRACE] [REI] [REIServerPlugin START] Reloading Section: "post-register/DefaultPluginImpl of DefaultPluginImpl [roughlyenoughitems]/" done in 10.97 μs
[11:47:02] [REI-ReloadPlugins/TRACE] [REI] [REIServerPlugin START] Reloading Section: "post-register/DefaultRuntimePlugin of DefaultRuntimePlugin [roughlyenoughitems]/"
[11:47:02] [REI-ReloadPlugins/TRACE] [REI] [REIServerPlugin START] Reloading Section: "post-register/DefaultRuntimePlugin of DefaultRuntimePlugin [roughlyenoughitems]/" done in 5.741 μs
[11:47:02] [REI-ReloadPlugins/TRACE] [REI] [REIServerPlugin START] Reloading Section: "post-register/" done in 50.55 μs
[11:47:02] [REI-ReloadPlugins/TRACE] [REI] [REIServerPlugin START] Reloading Section: "post-stage/"
[11:47:02] [REI-ReloadPlugins/TRACE] [REI] [REIServerPlugin START] Reloading Section: "post-stage/MenuInfoRegistryImpl/"
[11:47:02] [REI-ReloadPlugins/TRACE] [REI] [REIServerPlugin START] Reloading Section: "post-stage/MenuInfoRegistryImpl/" done in 6.212 μs
[11:47:02] [REI-ReloadPlugins/TRACE] [REI] [REIServerPlugin START] Reloading Section: "post-stage/SlotAccessorRegistryImpl/"
[11:47:02] [REI-ReloadPlugins/TRACE] [REI] [REIServerPlugin START] Reloading Section: "post-stage/SlotAccessorRegistryImpl/" done in 5.109 μs
[11:47:02] [REI-ReloadPlugins/TRACE] [REI] [REIServerPlugin START] Reloading Section: "post-stage/me.shedaniel.rei.plugin.client.runtime.PluginStageExecutionWatcher$1/"
[11:47:02] [REI-ReloadPlugins/TRACE] [REI] [REIServerPlugin START] Reloading Section: "post-stage/me.shedaniel.rei.plugin.client.runtime.PluginStageExecutionWatcher$1/" done in 5.471 μs
[11:47:02] [REI-ReloadPlugins/TRACE] [REI] [REIServerPlugin START] Reloading Section: "post-stage/" done in 44.40 μs
[11:47:02] [REI-ReloadPlugins/DEBUG] [REI] ========================================
[11:47:02] [REI-ReloadPlugins/INFO] [REI] REIServerPlugin finished post-reload for START in 112.8 μs, totaling 1.298 ms.
[11:47:02] [REI-ReloadPlugins/DEBUG] [REI] ========================================
[11:47:03] [Render thread/DEBUG] [REI] Starting Reload Plugins of stage START
java.lang.Throwable
	at TRANSFORMER/roughlyenoughitems@16.0.799/me.shedaniel.rei.impl.common.plugins.ReloadManagerImpl.reloadPlugins(ReloadManagerImpl.java:110)
	at TRANSFORMER/roughlyenoughitems@16.0.799/me.shedaniel.rei.RoughlyEnoughItemsCoreClient.reloadPlugins(RoughlyEnoughItemsCoreClient.java:478)
	at TRANSFORMER/roughlyenoughitems@16.0.799/me.shedaniel.rei.RoughlyEnoughItemsCoreClient.lambda$registerEvents$9(RoughlyEnoughItemsCoreClient.java:312)
	at TRANSFORMER/minecraft@1.21.1/net.minecraft.client.multiplayer.ClientPacketListener.handler$zlc000$roughlyenoughitems$handleUpdateRecipes(ClientPacketListener.java:4127)
	at TRANSFORMER/minecraft@1.21.1/net.minecraft.client.multiplayer.ClientPacketListener.handleUpdateRecipes(ClientPacketListener.java)
	at TRANSFORMER/minecraft@1.21.1/net.minecraft.network.protocol.game.ClientboundUpdateRecipesPacket.handle(ClientboundUpdateRecipesPacket.java:32)
	at TRANSFORMER/minecraft@1.21.1/net.minecraft.network.protocol.game.ClientboundUpdateRecipesPacket.handle(ClientboundUpdateRecipesPacket.java:13)
	at TRANSFORMER/minecraft@1.21.1/net.minecraft.network.protocol.PacketUtils.lambda$ensureRunningOnSameThread$0(PacketUtils.java:27)
	at TRANSFORMER/minecraft@1.21.1/net.minecraft.util.thread.BlockableEventLoop.doRunTask(BlockableEventLoop.java:148)
	at TRANSFORMER/minecraft@1.21.1/net.minecraft.util.thread.ReentrantBlockableEventLoop.doRunTask(ReentrantBlockableEventLoop.java:23)
	at TRANSFORMER/minecraft@1.21.1/net.minecraft.util.thread.BlockableEventLoop.pollTask(BlockableEventLoop.java:122)
	at TRANSFORMER/minecraft@1.21.1/net.minecraft.util.thread.BlockableEventLoop.runAllTasks(BlockableEventLoop.java:111)
	at TRANSFORMER/minecraft@1.21.1/net.minecraft.client.Minecraft.runTick(Minecraft.java:1155)
	at TRANSFORMER/minecraft@1.21.1/net.minecraft.client.Minecraft.run(Minecraft.java:807)
	at TRANSFORMER/minecraft@1.21.1/net.minecraft.client.main.Main.main(Main.java:230)
	at java.base/jdk.internal.reflect.DirectMethodHandleAccessor.invoke(DirectMethodHandleAccessor.java:103)
	at java.base/java.lang.reflect.Method.invoke(Method.java:580)
	at MC-BOOTSTRAP/fml_loader@4.0.42/net.neoforged.fml.loading.targets.CommonLaunchHandler.runTarget(CommonLaunchHandler.java:136)
	at MC-BOOTSTRAP/fml_loader@4.0.42/net.neoforged.fml.loading.targets.CommonLaunchHandler.clientService(CommonLaunchHandler.java:124)
	at MC-BOOTSTRAP/fml_loader@4.0.42/net.neoforged.fml.loading.targets.CommonClientLaunchHandler.runService(CommonClientLaunchHandler.java:32)
	at MC-BOOTSTRAP/fml_loader@4.0.42/net.neoforged.fml.loading.targets.CommonLaunchHandler.lambda$launchService$4(CommonLaunchHandler.java:118)
	at MC-BOOTSTRAP/cpw.mods.modlauncher@11.0.5/cpw.mods.modlauncher.LaunchServiceHandlerDecorator.launch(LaunchServiceHandlerDecorator.java:30)
	at MC-BOOTSTRAP/cpw.mods.modlauncher@11.0.5/cpw.mods.modlauncher.LaunchServiceHandler.launch(LaunchServiceHandler.java:53)
	at MC-BOOTSTRAP/cpw.mods.modlauncher@11.0.5/cpw.mods.modlauncher.LaunchServiceHandler.launch(LaunchServiceHandler.java:71)
	at MC-BOOTSTRAP/cpw.mods.modlauncher@11.0.5/cpw.mods.modlauncher.Launcher.run(Launcher.java:103)
	at MC-BOOTSTRAP/cpw.mods.modlauncher@11.0.5/cpw.mods.modlauncher.Launcher.main(Launcher.java:74)
	at MC-BOOTSTRAP/cpw.mods.modlauncher@11.0.5/cpw.mods.modlauncher.BootstrapLaunchConsumer.accept(BootstrapLaunchConsumer.java:26)
	at MC-BOOTSTRAP/cpw.mods.modlauncher@11.0.5/cpw.mods.modlauncher.BootstrapLaunchConsumer.accept(BootstrapLaunchConsumer.java:23)
	at cpw.mods.bootstraplauncher@2.0.2/cpw.mods.bootstraplauncher.BootstrapLauncher.run(BootstrapLauncher.java:210)
	at cpw.mods.bootstraplauncher@2.0.2/cpw.mods.bootstraplauncher.BootstrapLauncher.main(BootstrapLauncher.java:69)
	at java.base/jdk.internal.reflect.DirectMethodHandleAccessor.invoke(DirectMethodHandleAccessor.java:103)
	at java.base/java.lang.reflect.Method.invoke(Method.java:580)
	at io.github.zekerzhayard.forgewrapper.installer.Main.main(Main.java:67)
	at org.prismlauncher.launcher.impl.StandardLauncher.launch(StandardLauncher.java:115)
	at org.prismlauncher.EntryPoint.listen(EntryPoint.java:129)
	at org.prismlauncher.EntryPoint.main(EntryPoint.java:70)
[11:47:03] [REI-ReloadPlugins/DEBUG] [REI] ========================================
[11:47:03] [REI-ReloadPlugins/DEBUG] [REI] REIPlugin starting pre-reload for START.
[11:47:03] [REI-ReloadPlugins/DEBUG] [REI] Reloadables (8):
[11:47:03] [REI-ReloadPlugins/DEBUG] [REI]  - EntryTypeRegistryImpl
[11:47:03] [REI-ReloadPlugins/DEBUG] [REI]  - EntrySettingsAdapterRegistryImpl
[11:47:03] [REI-ReloadPlugins/DEBUG] [REI]  - RecipeManagerContextImpl
[11:47:03] [REI-ReloadPlugins/DEBUG] [REI]  - ItemComparatorRegistryImpl
[11:47:03] [REI-ReloadPlugins/DEBUG] [REI]  - FluidComparatorRegistryImpl
[11:47:03] [REI-ReloadPlugins/DEBUG] [REI]  - DisplaySerializerRegistryImpl
[11:47:03] [REI-ReloadPlugins/DEBUG] [REI]  - FluidSupportProviderImpl
[11:47:03] [REI-ReloadPlugins/DEBUG] [REI]  - me.shedaniel.rei.plugin.client.runtime.PluginStageExecutionWatcher$1
[11:47:03] [REI-ReloadPlugins/DEBUG] [REI] Plugins (7):
[11:47:03] [REI-ReloadPlugins/DEBUG] [REI]  - (-100.00) DefaultClientPluginImpl of DefaultClientPluginImpl [roughlyenoughitems]
[11:47:03] [REI-ReloadPlugins/DEBUG] [REI]  - (-100.00) DefaultPluginImpl of DefaultPluginImpl [roughlyenoughitems]
[11:47:03] [REI-ReloadPlugins/DEBUG] [REI]  - (0.00) HideIngredientsFromTagsPlugin of HideIngredientsFromTagsPlugin [roughlyenoughitems]
[11:47:03] [REI-ReloadPlugins/DEBUG] [REI]  - (0.00) DefaultClientRuntimePlugin of DefaultClientRuntimePlugin [roughlyenoughitems]
[11:47:03] [REI-ReloadPlugins/DEBUG] [REI]  - (0.00) DefaultRuntimePlugin of DefaultRuntimePlugin [roughlyenoughitems]
[11:47:03] [REI-ReloadPlugins/DEBUG] [REI]  - (0.00) LDLibREIPlugin of LDLibREIPlugin [ldlib2]
[11:47:03] [REI-ReloadPlugins/DEBUG] [REI]  - (0.00) AE2 of AE2 [ae2]
[11:47:03] [REI-ReloadPlugins/DEBUG] [REI] ========================================
[11:47:03] [REI-ReloadPlugins/TRACE] [REI] [REIPlugin START] Reloading Section: "pre-register/"
[11:47:03] [REI-ReloadPlugins/TRACE] [REI] [REIPlugin START] Reloading Section: "pre-register/DefaultClientPluginImpl of DefaultClientPluginImpl [roughlyenoughitems]/"
[11:47:03] [REI-ReloadPlugins/TRACE] [REI] [REIPlugin START] Reloading Section: "pre-register/DefaultClientPluginImpl of DefaultClientPluginImpl [roughlyenoughitems]/" done in 17.71 μs
[11:47:03] [REI-ReloadPlugins/TRACE] [REI] [REIPlugin START] Reloading Section: "pre-register/DefaultPluginImpl of DefaultPluginImpl [roughlyenoughitems]/"
[11:47:03] [REI-ReloadPlugins/TRACE] [REI] [REIPlugin START] Reloading Section: "pre-register/DefaultPluginImpl of DefaultPluginImpl [roughlyenoughitems]/" done in 10.10 μs
[11:47:03] [REI-ReloadPlugins/TRACE] [REI] [REIPlugin START] Reloading Section: "pre-register/HideIngredientsFromTagsPlugin of HideIngredientsFromTagsPlugin [roughlyenoughitems]/"
[11:47:03] [REI-ReloadPlugins/TRACE] [REI] [REIPlugin START] Reloading Section: "pre-register/HideIngredientsFromTagsPlugin of HideIngredientsFromTagsPlugin [roughlyenoughitems]/" done in 8.786 μs
[11:47:03] [REI-ReloadPlugins/TRACE] [REI] [REIPlugin START] Reloading Section: "pre-register/DefaultClientRuntimePlugin of DefaultClientRuntimePlugin [roughlyenoughitems]/"
[11:47:03] [REI-ReloadPlugins/TRACE] [REI] [REIPlugin START] Reloading Section: "pre-register/DefaultClientRuntimePlugin of DefaultClientRuntimePlugin [roughlyenoughitems]/" done in 9.122 μs
[11:47:03] [REI-ReloadPlugins/TRACE] [REI] [REIPlugin START] Reloading Section: "pre-register/DefaultRuntimePlugin of DefaultRuntimePlugin [roughlyenoughitems]/"
[11:47:03] [REI-ReloadPlugins/TRACE] [REI] [REIPlugin START] Reloading Section: "pre-register/DefaultRuntimePlugin of DefaultRuntimePlugin [roughlyenoughitems]/" done in 7.432 μs
[11:47:03] [REI-ReloadPlugins/TRACE] [REI] [REIPlugin START] Reloading Section: "pre-register/LDLibREIPlugin of LDLibREIPlugin [ldlib2]/"
[11:47:03] [REI-ReloadPlugins/TRACE] [REI] [REIPlugin START] Reloading Section: "pre-register/LDLibREIPlugin of LDLibREIPlugin [ldlib2]/" done in 7.027 μs
[11:47:03] [REI-ReloadPlugins/TRACE] [REI] [REIPlugin START] Reloading Section: "pre-register/AE2 of AE2 [ae2]/"
[11:47:03] [REI-ReloadPlugins/TRACE] [REI] [REIPlugin START] Reloading Section: "pre-register/AE2 of AE2 [ae2]/" done in 7.994 μs
[11:47:03] [REI-ReloadPlugins/TRACE] [REI] [REIPlugin START] Reloading Section: "pre-register/" done in 211.9 μs
[11:47:03] [REI-ReloadPlugins/TRACE] [REI] [REIPlugin START] Reloading Section: "pre-stage/"
[11:47:03] [REI-ReloadPlugins/TRACE] [REI] [REIPlugin START] Reloading Section: "pre-stage/EntryTypeRegistryImpl/"
[11:47:03] [REI-ReloadPlugins/TRACE] [REI] [REIPlugin START] Reloading Section: "pre-stage/EntryTypeRegistryImpl/" done in 9.146 μs
[11:47:03] [REI-ReloadPlugins/TRACE] [REI] [REIPlugin START] Reloading Section: "pre-stage/EntrySettingsAdapterRegistryImpl/"
[11:47:03] [REI-ReloadPlugins/TRACE] [REI] [REIPlugin START] Reloading Section: "pre-stage/EntrySettingsAdapterRegistryImpl/" done in 7.231 μs
[11:47:03] [REI-ReloadPlugins/TRACE] [REI] [REIPlugin START] Reloading Section: "pre-stage/RecipeManagerContextImpl/"
[11:47:03] [REI-ReloadPlugins/TRACE] [REI] [REIPlugin START] Reloading Section: "pre-stage/RecipeManagerContextImpl/" done in 6.373 μs
[11:47:03] [REI-ReloadPlugins/TRACE] [REI] [REIPlugin START] Reloading Section: "pre-stage/ItemComparatorRegistryImpl/"
[11:47:03] [REI-ReloadPlugins/TRACE] [REI] [REIPlugin START] Reloading Section: "pre-stage/ItemComparatorRegistryImpl/" done in 6.222 μs
[11:47:03] [REI-ReloadPlugins/TRACE] [REI] [REIPlugin START] Reloading Section: "pre-stage/FluidComparatorRegistryImpl/"
[11:47:03] [REI-ReloadPlugins/TRACE] [REI] [REIPlugin START] Reloading Section: "pre-stage/FluidComparatorRegistryImpl/" done in 5.967 μs
[11:47:03] [REI-ReloadPlugins/TRACE] [REI] [REIPlugin START] Reloading Section: "pre-stage/DisplaySerializerRegistryImpl/"
[11:47:03] [REI-ReloadPlugins/TRACE] [REI] [REIPlugin START] Reloading Section: "pre-stage/DisplaySerializerRegistryImpl/" done in 8.169 μs
[11:47:03] [REI-ReloadPlugins/TRACE] [REI] [REIPlugin START] Reloading Section: "pre-stage/FluidSupportProviderImpl/"
[11:47:03] [REI-ReloadPlugins/TRACE] [REI] [REIPlugin START] Reloading Section: "pre-stage/FluidSupportProviderImpl/" done in 6.272 μs
[11:47:03] [REI-ReloadPlugins/TRACE] [REI] [REIPlugin START] Reloading Section: "pre-stage/me.shedaniel.rei.plugin.client.runtime.PluginStageExecutionWatcher$1/"
[11:47:03] [REI-ReloadPlugins/TRACE] [REI] [REIPlugin START] Reloading Section: "pre-stage/me.shedaniel.rei.plugin.client.runtime.PluginStageExecutionWatcher$1/" done in 12.10 μs
[11:47:03] [REI-ReloadPlugins/TRACE] [REI] [REIPlugin START] Reloading Section: "pre-stage/" done in 176.7 μs
[11:47:03] [REI-ReloadPlugins/DEBUG] [REI] ========================================
[11:47:03] [REI-ReloadPlugins/DEBUG] [REI] REIPlugin finished pre-reload for START in 408.5 μs.
[11:47:03] [REI-ReloadPlugins/DEBUG] [REI] ========================================
[11:47:03] [REI-ReloadPlugins/DEBUG] [REI] ========================================
[11:47:03] [REI-ReloadPlugins/DEBUG] [REI] REIClientPlugin starting pre-reload for START.
[11:47:03] [REI-ReloadPlugins/DEBUG] [REI] Reloadables (18):
[11:47:03] [REI-ReloadPlugins/DEBUG] [REI]  - EntryRendererRegistryImpl
[11:47:03] [REI-ReloadPlugins/DEBUG] [REI]  - ViewsImpl
[11:47:03] [REI-ReloadPlugins/DEBUG] [REI]  - InputMethodRegistryImpl
[11:47:03] [REI-ReloadPlugins/DEBUG] [REI]  - SearchProviderImpl
[11:47:03] [REI-ReloadPlugins/DEBUG] [REI]  - ConfigManagerImpl
[11:47:03] [REI-ReloadPlugins/DEBUG] [REI]  - EntryRegistryImpl
[11:47:03] [REI-ReloadPlugins/DEBUG] [REI]  - CollapsibleEntryRegistryImpl
[11:47:03] [REI-ReloadPlugins/DEBUG] [REI]  - BasicFilteringRuleImpl
[11:47:03] [REI-ReloadPlugins/DEBUG] [REI]  - CategoryRegistryImpl
[11:47:03] [REI-ReloadPlugins/DEBUG] [REI]  - DisplayRegistryImpl
[11:47:03] [REI-ReloadPlugins/DEBUG] [REI]  - ScreenRegistryImpl
[11:47:03] [REI-ReloadPlugins/DEBUG] [REI]  - FavoriteEntryTypeRegistryImpl
[11:47:03] [REI-ReloadPlugins/DEBUG] [REI]  - SubsetsRegistryImpl
[11:47:03] [REI-ReloadPlugins/DEBUG] [REI]  - TransferHandlerRegistryImpl
[11:47:03] [REI-ReloadPlugins/DEBUG] [REI]  - SearchRuntime
[11:47:03] [REI-ReloadPlugins/DEBUG] [REI]  - REIRuntimeImpl
[11:47:03] [REI-ReloadPlugins/DEBUG] [REI]  - ConfigAddonRegistryImpl
[11:47:03] [REI-ReloadPlugins/DEBUG] [REI]  - me.shedaniel.rei.plugin.client.runtime.PluginStageExecutionWatcher$1
[11:47:03] [REI-ReloadPlugins/DEBUG] [REI] Plugins (5):
[11:47:03] [REI-ReloadPlugins/DEBUG] [REI]  - (-100.00) DefaultClientPluginImpl of DefaultClientPluginImpl [roughlyenoughitems]
[11:47:03] [REI-ReloadPlugins/DEBUG] [REI]  - (0.00) LDLibREIPlugin of LDLibREIPlugin [ldlib2]
[11:47:03] [REI-ReloadPlugins/DEBUG] [REI]  - (0.00) AE2 of AE2 [ae2]
[11:47:03] [REI-ReloadPlugins/DEBUG] [REI]  - (0.00) HideIngredientsFromTagsPlugin of HideIngredientsFromTagsPlugin [roughlyenoughitems]
[11:47:03] [REI-ReloadPlugins/DEBUG] [REI]  - (0.00) DefaultClientRuntimePlugin of DefaultClientRuntimePlugin [roughlyenoughitems]
[11:47:03] [REI-ReloadPlugins/DEBUG] [REI] ========================================
[11:47:03] [REI-ReloadPlugins/TRACE] [REI] [REIClientPlugin START] Reloading Section: "pre-register/"
[11:47:03] [REI-ReloadPlugins/TRACE] [REI] [REIClientPlugin START] Reloading Section: "pre-register/DefaultClientPluginImpl of DefaultClientPluginImpl [roughlyenoughitems]/"
[11:47:03] [REI-ReloadPlugins/TRACE] [REI] [REIClientPlugin START] Reloading Section: "pre-register/DefaultClientPluginImpl of DefaultClientPluginImpl [roughlyenoughitems]/" done in 16.09 μs
[11:47:03] [REI-ReloadPlugins/TRACE] [REI] [REIClientPlugin START] Reloading Section: "pre-register/LDLibREIPlugin of LDLibREIPlugin [ldlib2]/"
[11:47:03] [REI-ReloadPlugins/TRACE] [REI] [REIClientPlugin START] Reloading Section: "pre-register/LDLibREIPlugin of LDLibREIPlugin [ldlib2]/" done in 14.00 μs
[11:47:03] [REI-ReloadPlugins/TRACE] [REI] [REIClientPlugin START] Reloading Section: "pre-register/AE2 of AE2 [ae2]/"
[11:47:03] [REI-ReloadPlugins/TRACE] [REI] [REIClientPlugin START] Reloading Section: "pre-register/AE2 of AE2 [ae2]/" done in 8.450 μs
[11:47:03] [REI-ReloadPlugins/TRACE] [REI] [REIClientPlugin START] Reloading Section: "pre-register/HideIngredientsFromTagsPlugin of HideIngredientsFromTagsPlugin [roughlyenoughitems]/"
[11:47:03] [REI-ReloadPlugins/TRACE] [REI] [REIClientPlugin START] Reloading Section: "pre-register/HideIngredientsFromTagsPlugin of HideIngredientsFromTagsPlugin [roughlyenoughitems]/" done in 26.21 μs
[11:47:03] [REI-ReloadPlugins/TRACE] [REI] [REIClientPlugin START] Reloading Section: "pre-register/DefaultClientRuntimePlugin of DefaultClientRuntimePlugin [roughlyenoughitems]/"
[11:47:03] [REI-ReloadPlugins/TRACE] [REI] [REIClientPlugin START] Reloading Section: "pre-register/DefaultClientRuntimePlugin of DefaultClientRuntimePlugin [roughlyenoughitems]/" done in 7.804 μs
[11:47:03] [REI-ReloadPlugins/TRACE] [REI] [REIClientPlugin START] Reloading Section: "pre-register/" done in 156.5 μs
[11:47:03] [REI-ReloadPlugins/TRACE] [REI] [REIClientPlugin START] Reloading Section: "pre-stage/"
[11:47:03] [REI-ReloadPlugins/TRACE] [REI] [REIClientPlugin START] Reloading Section: "pre-stage/EntryRendererRegistryImpl/"
[11:47:03] [REI-ReloadPlugins/TRACE] [REI] [REIClientPlugin START] Reloading Section: "pre-stage/EntryRendererRegistryImpl/" done in 8.483 μs
[11:47:03] [REI-ReloadPlugins/TRACE] [REI] [REIClientPlugin START] Reloading Section: "pre-stage/ViewsImpl/"
[11:47:03] [REI-ReloadPlugins/TRACE] [REI] [REIClientPlugin START] Reloading Section: "pre-stage/ViewsImpl/" done in 7.216 μs
[11:47:03] [REI-ReloadPlugins/TRACE] [REI] [REIClientPlugin START] Reloading Section: "pre-stage/InputMethodRegistryImpl/"
[11:47:03] [REI-ReloadPlugins/TRACE] [REI] [REIClientPlugin START] Reloading Section: "pre-stage/InputMethodRegistryImpl/" done in 7.152 μs
[11:47:03] [REI-ReloadPlugins/TRACE] [REI] [REIClientPlugin START] Reloading Section: "pre-stage/SearchProviderImpl/"
[11:47:03] [REI-ReloadPlugins/TRACE] [REI] [REIClientPlugin START] Reloading Section: "pre-stage/SearchProviderImpl/" done in 6.815 μs
[11:47:03] [REI-ReloadPlugins/TRACE] [REI] [REIClientPlugin START] Reloading Section: "pre-stage/ConfigManagerImpl/"
[11:47:03] [REI-ReloadPlugins/TRACE] [REI] [REIClientPlugin START] Reloading Section: "pre-stage/ConfigManagerImpl/" done in 6.393 μs
[11:47:03] [REI-ReloadPlugins/TRACE] [REI] [REIClientPlugin START] Reloading Section: "pre-stage/EntryRegistryImpl/"
[11:47:03] [REI-ReloadPlugins/TRACE] [REI] [REIClientPlugin START] Reloading Section: "pre-stage/EntryRegistryImpl/" done in 6.704 μs
[11:47:03] [REI-ReloadPlugins/TRACE] [REI] [REIClientPlugin START] Reloading Section: "pre-stage/CollapsibleEntryRegistryImpl/"
[11:47:03] [REI-ReloadPlugins/TRACE] [REI] [REIClientPlugin START] Reloading Section: "pre-stage/CollapsibleEntryRegistryImpl/" done in 6.821 μs
[11:47:03] [REI-ReloadPlugins/TRACE] [REI] [REIClientPlugin START] Reloading Section: "pre-stage/BasicFilteringRuleImpl/"
[11:47:03] [REI-ReloadPlugins/TRACE] [REI] [REIClientPlugin START] Reloading Section: "pre-stage/BasicFilteringRuleImpl/" done in 6.531 μs
[11:47:03] [REI-ReloadPlugins/TRACE] [REI] [REIClientPlugin START] Reloading Section: "pre-stage/CategoryRegistryImpl/"
[11:47:03] [REI-ReloadPlugins/TRACE] [REI] [REIClientPlugin START] Reloading Section: "pre-stage/CategoryRegistryImpl/" done in 6.008 μs
[11:47:03] [REI-ReloadPlugins/TRACE] [REI] [REIClientPlugin START] Reloading Section: "pre-stage/DisplayRegistryImpl/"
[11:47:03] [REI-ReloadPlugins/TRACE] [REI] [REIClientPlugin START] Reloading Section: "pre-stage/DisplayRegistryImpl/" done in 12.44 μs
[11:47:03] [REI-ReloadPlugins/TRACE] [REI] [REIClientPlugin START] Reloading Section: "pre-stage/ScreenRegistryImpl/"
[11:47:03] [REI-ReloadPlugins/TRACE] [REI] [REIClientPlugin START] Reloading Section: "pre-stage/ScreenRegistryImpl/" done in 11.24 μs
[11:47:03] [REI-ReloadPlugins/TRACE] [REI] [REIClientPlugin START] Reloading Section: "pre-stage/FavoriteEntryTypeRegistryImpl/"
[11:47:03] [REI-ReloadPlugins/TRACE] [REI] [REIClientPlugin START] Reloading Section: "pre-stage/FavoriteEntryTypeRegistryImpl/" done in 6.175 μs
[11:47:03] [REI-ReloadPlugins/TRACE] [REI] [REIClientPlugin START] Reloading Section: "pre-stage/SubsetsRegistryImpl/"
[11:47:03] [REI-ReloadPlugins/TRACE] [REI] [REIClientPlugin START] Reloading Section: "pre-stage/SubsetsRegistryImpl/" done in 6.551 μs
[11:47:03] [REI-ReloadPlugins/TRACE] [REI] [REIClientPlugin START] Reloading Section: "pre-stage/TransferHandlerRegistryImpl/"
[11:47:03] [REI-ReloadPlugins/TRACE] [REI] [REIClientPlugin START] Reloading Section: "pre-stage/TransferHandlerRegistryImpl/" done in 6.527 μs
[11:47:03] [REI-ReloadPlugins/TRACE] [REI] [REIClientPlugin START] Reloading Section: "pre-stage/SearchRuntime/"
[11:47:03] [REI-ReloadPlugins/TRACE] [REI] [REIClientPlugin START] Reloading Section: "pre-stage/SearchRuntime/" done in 6.180 μs
[11:47:03] [REI-ReloadPlugins/TRACE] [REI] [REIClientPlugin START] Reloading Section: "pre-stage/REIRuntimeImpl/"
[11:47:03] [REI-ReloadPlugins/TRACE] [REI] [REIClientPlugin START] Reloading Section: "pre-stage/REIRuntimeImpl/" done in 5.947 μs
[11:47:03] [REI-ReloadPlugins/TRACE] [REI] [REIClientPlugin START] Reloading Section: "pre-stage/ConfigAddonRegistryImpl/"
[11:47:03] [REI-ReloadPlugins/TRACE] [REI] [REIClientPlugin START] Reloading Section: "pre-stage/ConfigAddonRegistryImpl/" done in 12.94 μs
[11:47:03] [REI-ReloadPlugins/TRACE] [REI] [REIClientPlugin START] Reloading Section: "pre-stage/me.shedaniel.rei.plugin.client.runtime.PluginStageExecutionWatcher$1/"
[11:47:03] [REI-ReloadPlugins/TRACE] [REI] [REIClientPlugin START] Reloading Section: "pre-stage/me.shedaniel.rei.plugin.client.runtime.PluginStageExecutionWatcher$1/" done in 11.77 μs
[11:47:03] [REI-ReloadPlugins/TRACE] [REI] [REIClientPlugin START] Reloading Section: "pre-stage/" done in 355.4 μs
[11:47:03] [REI-ReloadPlugins/DEBUG] [REI] ========================================
[11:47:03] [REI-ReloadPlugins/DEBUG] [REI] REIClientPlugin finished pre-reload for START in 532.0 μs.
[11:47:03] [REI-ReloadPlugins/DEBUG] [REI] ========================================
[11:47:03] [REI-ReloadPlugins/DEBUG] [REI] ========================================
[11:47:03] [REI-ReloadPlugins/DEBUG] [REI] REIServerPlugin starting pre-reload for START.
[11:47:03] [REI-ReloadPlugins/DEBUG] [REI] Reloadables (3):
[11:47:03] [REI-ReloadPlugins/DEBUG] [REI]  - MenuInfoRegistryImpl
[11:47:03] [REI-ReloadPlugins/DEBUG] [REI]  - SlotAccessorRegistryImpl
[11:47:03] [REI-ReloadPlugins/DEBUG] [REI]  - me.shedaniel.rei.plugin.client.runtime.PluginStageExecutionWatcher$1
[11:47:03] [REI-ReloadPlugins/DEBUG] [REI] Plugins (2):
[11:47:03] [REI-ReloadPlugins/DEBUG] [REI]  - (-100.00) DefaultPluginImpl of DefaultPluginImpl [roughlyenoughitems]
[11:47:03] [REI-ReloadPlugins/DEBUG] [REI]  - (0.00) DefaultRuntimePlugin of DefaultRuntimePlugin [roughlyenoughitems]
[11:47:03] [REI-ReloadPlugins/DEBUG] [REI] ========================================
[11:47:03] [REI-ReloadPlugins/TRACE] [REI] [REIServerPlugin START] Reloading Section: "pre-register/"
[11:47:03] [REI-ReloadPlugins/TRACE] [REI] [REIServerPlugin START] Reloading Section: "pre-register/DefaultPluginImpl of DefaultPluginImpl [roughlyenoughitems]/"
[11:47:03] [REI-ReloadPlugins/TRACE] [REI] [REIServerPlugin START] Reloading Section: "pre-register/DefaultPluginImpl of DefaultPluginImpl [roughlyenoughitems]/" done in 14.60 μs
[11:47:03] [REI-ReloadPlugins/TRACE] [REI] [REIServerPlugin START] Reloading Section: "pre-register/DefaultRuntimePlugin of DefaultRuntimePlugin [roughlyenoughitems]/"
[11:47:03] [REI-ReloadPlugins/TRACE] [REI] [REIServerPlugin START] Reloading Section: "pre-register/DefaultRuntimePlugin of DefaultRuntimePlugin [roughlyenoughitems]/" done in 9.434 μs
[11:47:03] [REI-ReloadPlugins/TRACE] [REI] [REIServerPlugin START] Reloading Section: "pre-register/" done in 76.67 μs
[11:47:03] [REI-ReloadPlugins/TRACE] [REI] [REIServerPlugin START] Reloading Section: "pre-stage/"
[11:47:03] [REI-ReloadPlugins/TRACE] [REI] [REIServerPlugin START] Reloading Section: "pre-stage/MenuInfoRegistryImpl/"
[11:47:03] [REI-ReloadPlugins/TRACE] [REI] [REIServerPlugin START] Reloading Section: "pre-stage/MenuInfoRegistryImpl/" done in 9.808 μs
[11:47:03] [REI-ReloadPlugins/TRACE] [REI] [REIServerPlugin START] Reloading Section: "pre-stage/SlotAccessorRegistryImpl/"
[11:47:03] [REI-ReloadPlugins/TRACE] [REI] [REIServerPlugin START] Reloading Section: "pre-stage/SlotAccessorRegistryImpl/" done in 11.54 μs
[11:47:03] [REI-ReloadPlugins/TRACE] [REI] [REIServerPlugin START] Reloading Section: "pre-stage/me.shedaniel.rei.plugin.client.runtime.PluginStageExecutionWatcher$1/"
[11:47:03] [REI-ReloadPlugins/TRACE] [REI] [REIServerPlugin START] Reloading Section: "pre-stage/me.shedaniel.rei.plugin.client.runtime.PluginStageExecutionWatcher$1/" done in 9.572 μs
[11:47:03] [REI-ReloadPlugins/TRACE] [REI] [REIServerPlugin START] Reloading Section: "pre-stage/" done in 86.63 μs
[11:47:03] [REI-ReloadPlugins/DEBUG] [REI] ========================================
[11:47:03] [REI-ReloadPlugins/DEBUG] [REI] REIServerPlugin finished pre-reload for START in 182.3 μs.
[11:47:03] [REI-ReloadPlugins/DEBUG] [REI] ========================================
[11:47:03] [REI-ReloadPlugins/INFO] [REI] @@@@@@@@@@@@@@@@@@@@@@@@@@@@@@@@@@@@@@@@
[11:47:03] [REI-ReloadPlugins/INFO] [REI] REIPlugin starting main-reload for START.
[11:47:03] [REI-ReloadPlugins/DEBUG] [REI] Reloadables (8):
[11:47:03] [REI-ReloadPlugins/DEBUG] [REI]  - EntryTypeRegistryImpl
[11:47:03] [REI-ReloadPlugins/DEBUG] [REI]  - EntrySettingsAdapterRegistryImpl
[11:47:03] [REI-ReloadPlugins/DEBUG] [REI]  - RecipeManagerContextImpl
[11:47:03] [REI-ReloadPlugins/DEBUG] [REI]  - ItemComparatorRegistryImpl
[11:47:03] [REI-ReloadPlugins/DEBUG] [REI]  - FluidComparatorRegistryImpl
[11:47:03] [REI-ReloadPlugins/DEBUG] [REI]  - DisplaySerializerRegistryImpl
[11:47:03] [REI-ReloadPlugins/DEBUG] [REI]  - FluidSupportProviderImpl
[11:47:03] [REI-ReloadPlugins/DEBUG] [REI]  - me.shedaniel.rei.plugin.client.runtime.PluginStageExecutionWatcher$1
[11:47:03] [REI-ReloadPlugins/INFO] [REI] Plugins (7):
[11:47:03] [REI-ReloadPlugins/INFO] [REI]  - (-100.00) DefaultClientPluginImpl of DefaultClientPluginImpl [roughlyenoughitems]
[11:47:03] [REI-ReloadPlugins/INFO] [REI]  - (-100.00) DefaultPluginImpl of DefaultPluginImpl [roughlyenoughitems]
[11:47:03] [REI-ReloadPlugins/INFO] [REI]  - (0.00) HideIngredientsFromTagsPlugin of HideIngredientsFromTagsPlugin [roughlyenoughitems]
[11:47:03] [REI-ReloadPlugins/INFO] [REI]  - (0.00) DefaultClientRuntimePlugin of DefaultClientRuntimePlugin [roughlyenoughitems]
[11:47:03] [REI-ReloadPlugins/INFO] [REI]  - (0.00) DefaultRuntimePlugin of DefaultRuntimePlugin [roughlyenoughitems]
[11:47:03] [REI-ReloadPlugins/INFO] [REI]  - (0.00) LDLibREIPlugin of LDLibREIPlugin [ldlib2]
[11:47:03] [REI-ReloadPlugins/INFO] [REI]  - (0.00) AE2 of AE2 [ae2]
[11:47:03] [REI-ReloadPlugins/INFO] [REI] @@@@@@@@@@@@@@@@@@@@@@@@@@@@@@@@@@@@@@@@
[11:47:03] [REI-ReloadPlugins/TRACE] [REI] [REIPlugin START] Reloading Section: "start-reload/"
[11:47:03] [REI-ReloadPlugins/TRACE] [REI] [REIPlugin START] Reloading Section: "start-reload/EntryTypeRegistryImpl/"
[11:47:03] [REI-ReloadPlugins/TRACE] [REI] [REIPlugin START] Reloading Section: "start-reload/EntryTypeRegistryImpl/" done in 45.62 μs
[11:47:03] [REI-ReloadPlugins/TRACE] [REI] [REIPlugin START] Reloading Section: "start-reload/EntrySettingsAdapterRegistryImpl/"
[11:47:03] [REI-ReloadPlugins/TRACE] [REI] [REIPlugin START] Reloading Section: "start-reload/EntrySettingsAdapterRegistryImpl/" done in 9.881 μs
[11:47:03] [REI-ReloadPlugins/TRACE] [REI] [REIPlugin START] Reloading Section: "start-reload/RecipeManagerContextImpl/"
[11:47:03] [REI-ReloadPlugins/TRACE] [REI] [REIPlugin START] Reloading Section: "start-reload/RecipeManagerContextImpl/" done in 6.801 μs
[11:47:03] [REI-ReloadPlugins/TRACE] [REI] [REIPlugin START] Reloading Section: "start-reload/ItemComparatorRegistryImpl/"
[11:47:03] [REI-ReloadPlugins/TRACE] [REI] [REIPlugin START] Reloading Section: "start-reload/ItemComparatorRegistryImpl/" done in 9.094 μs
[11:47:03] [REI-ReloadPlugins/TRACE] [REI] [REIPlugin START] Reloading Section: "start-reload/FluidComparatorRegistryImpl/"
[11:47:03] [REI-ReloadPlugins/TRACE] [REI] [REIPlugin START] Reloading Section: "start-reload/FluidComparatorRegistryImpl/" done in 7.126 μs
[11:47:03] [REI-ReloadPlugins/TRACE] [REI] [REIPlugin START] Reloading Section: "start-reload/DisplaySerializerRegistryImpl/"
[11:47:03] [REI-ReloadPlugins/TRACE] [REI] [REIPlugin START] Reloading Section: "start-reload/DisplaySerializerRegistryImpl/" done in 6.420 μs
[11:47:03] [REI-ReloadPlugins/TRACE] [REI] [REIPlugin START] Reloading Section: "start-reload/FluidSupportProviderImpl/"
[11:47:03] [REI-ReloadPlugins/TRACE] [REI] [REIPlugin START] Reloading Section: "start-reload/FluidSupportProviderImpl/" done in 8.161 μs
[11:47:03] [REI-ReloadPlugins/TRACE] [REI] [REIPlugin START] Reloading Section: "start-reload/me.shedaniel.rei.plugin.client.runtime.PluginStageExecutionWatcher$1/"
[11:47:03] [REI-ReloadPlugins/TRACE] [REI] [REIPlugin START] Reloading Section: "start-reload/me.shedaniel.rei.plugin.client.runtime.PluginStageExecutionWatcher$1/" done in 7.035 μs
[11:47:03] [REI-ReloadPlugins/TRACE] [REI] [REIPlugin START] Reloading Section: "start-reload/" done in 224.2 μs
[11:47:03] [REI-ReloadPlugins/DEBUG] [REI] ========================================
[11:47:03] [REI-ReloadPlugins/DEBUG] [REI] REIPlugin started main-reload for START.
[11:47:03] [REI-ReloadPlugins/DEBUG] [REI] ========================================
[11:47:03] [REI-ReloadPlugins/TRACE] [REI] [REIPlugin START] Reloading Section: "reloadable-plugin/EntryTypeRegistryImpl/"
[11:47:03] [REI-ReloadPlugins/TRACE] [REI] [REIPlugin START] Reloading Section: "reloadable-plugin/EntryTypeRegistryImpl/DefaultClientPluginImpl of DefaultClientPluginImpl [roughlyenoughitems]/"
[11:47:03] [REI-ReloadPlugins/TRACE] [REI] [REIPlugin START] Reloading Section: "reloadable-plugin/EntryTypeRegistryImpl/DefaultClientPluginImpl of DefaultClientPluginImpl [roughlyenoughitems]/" done in 26.09 μs
[11:47:03] [REI-ReloadPlugins/TRACE] [REI] [REIPlugin START] Reloading Section: "reloadable-plugin/EntryTypeRegistryImpl/DefaultPluginImpl of DefaultPluginImpl [roughlyenoughitems]/"
[11:47:03] [REI-ReloadPlugins/TRACE] [REI] [REIPlugin START] Reloading Section: "reloadable-plugin/EntryTypeRegistryImpl/DefaultPluginImpl of DefaultPluginImpl [roughlyenoughitems]/" done in 11.15 μs
[11:47:03] [REI-ReloadPlugins/TRACE] [REI] [REIPlugin START] Reloading Section: "reloadable-plugin/EntryTypeRegistryImpl/HideIngredientsFromTagsPlugin of HideIngredientsFromTagsPlugin [roughlyenoughitems]/"
[11:47:03] [REI-ReloadPlugins/TRACE] [REI] [REIPlugin START] Reloading Section: "reloadable-plugin/EntryTypeRegistryImpl/HideIngredientsFromTagsPlugin of HideIngredientsFromTagsPlugin [roughlyenoughitems]/" done in 9.977 μs
[11:47:03] [REI-ReloadPlugins/TRACE] [REI] [REIPlugin START] Reloading Section: "reloadable-plugin/EntryTypeRegistryImpl/DefaultClientRuntimePlugin of DefaultClientRuntimePlugin [roughlyenoughitems]/"
[11:47:03] [REI-ReloadPlugins/TRACE] [REI] [REIPlugin START] Reloading Section: "reloadable-plugin/EntryTypeRegistryImpl/DefaultClientRuntimePlugin of DefaultClientRuntimePlugin [roughlyenoughitems]/" done in 9.518 μs
[11:47:03] [REI-ReloadPlugins/TRACE] [REI] [REIPlugin START] Reloading Section: "reloadable-plugin/EntryTypeRegistryImpl/DefaultRuntimePlugin of DefaultRuntimePlugin [roughlyenoughitems]/"
[11:47:03] [REI-ReloadPlugins/TRACE] [REI] [REIPlugin START] Reloading Section: "reloadable-plugin/EntryTypeRegistryImpl/DefaultRuntimePlugin of DefaultRuntimePlugin [roughlyenoughitems]/" done in 31.35 μs
[11:47:03] [REI-ReloadPlugins/TRACE] [REI] [REIPlugin START] Reloading Section: "reloadable-plugin/EntryTypeRegistryImpl/LDLibREIPlugin of LDLibREIPlugin [ldlib2]/"
[11:47:03] [REI-ReloadPlugins/TRACE] [REI] [REIPlugin START] Reloading Section: "reloadable-plugin/EntryTypeRegistryImpl/LDLibREIPlugin of LDLibREIPlugin [ldlib2]/" done in 15.18 μs
[11:47:03] [REI-ReloadPlugins/TRACE] [REI] [REIPlugin START] Reloading Section: "reloadable-plugin/EntryTypeRegistryImpl/AE2 of AE2 [ae2]/"
[11:47:03] [REI-ReloadPlugins/TRACE] [REI] [REIPlugin START] Reloading Section: "reloadable-plugin/EntryTypeRegistryImpl/AE2 of AE2 [ae2]/" done in 27.50 μs
[11:47:03] [REI-ReloadPlugins/TRACE] [REI] [REIPlugin START] Reloading Section: "reloadable-plugin/EntryTypeRegistryImpl/" done in 247.1 μs
[11:47:03] [REI-ReloadPlugins/TRACE] [REI] [REIPlugin START] Reloading Section: "reloadable-plugin/EntrySettingsAdapterRegistryImpl/"
[11:47:03] [REI-ReloadPlugins/TRACE] [REI] [REIPlugin START] Reloading Section: "reloadable-plugin/EntrySettingsAdapterRegistryImpl/DefaultClientPluginImpl of DefaultClientPluginImpl [roughlyenoughitems]/"
[11:47:03] [REI-ReloadPlugins/TRACE] [REI] [REIPlugin START] Reloading Section: "reloadable-plugin/EntrySettingsAdapterRegistryImpl/DefaultClientPluginImpl of DefaultClientPluginImpl [roughlyenoughitems]/" done in 12.03 μs
[11:47:03] [REI-ReloadPlugins/TRACE] [REI] [REIPlugin START] Reloading Section: "reloadable-plugin/EntrySettingsAdapterRegistryImpl/DefaultPluginImpl of DefaultPluginImpl [roughlyenoughitems]/"
[11:47:03] [REI-ReloadPlugins/TRACE] [REI] [REIPlugin START] Reloading Section: "reloadable-plugin/EntrySettingsAdapterRegistryImpl/DefaultPluginImpl of DefaultPluginImpl [roughlyenoughitems]/" done in 9.385 μs
[11:47:03] [REI-ReloadPlugins/TRACE] [REI] [REIPlugin START] Reloading Section: "reloadable-plugin/EntrySettingsAdapterRegistryImpl/HideIngredientsFromTagsPlugin of HideIngredientsFromTagsPlugin [roughlyenoughitems]/"
[11:47:03] [REI-ReloadPlugins/TRACE] [REI] [REIPlugin START] Reloading Section: "reloadable-plugin/EntrySettingsAdapterRegistryImpl/HideIngredientsFromTagsPlugin of HideIngredientsFromTagsPlugin [roughlyenoughitems]/" done in 9.757 μs
[11:47:03] [REI-ReloadPlugins/TRACE] [REI] [REIPlugin START] Reloading Section: "reloadable-plugin/EntrySettingsAdapterRegistryImpl/DefaultClientRuntimePlugin of DefaultClientRuntimePlugin [roughlyenoughitems]/"
[11:47:03] [REI-ReloadPlugins/TRACE] [REI] [REIPlugin START] Reloading Section: "reloadable-plugin/EntrySettingsAdapterRegistryImpl/DefaultClientRuntimePlugin of DefaultClientRuntimePlugin [roughlyenoughitems]/" done in 9.761 μs
[11:47:03] [REI-ReloadPlugins/TRACE] [REI] [REIPlugin START] Reloading Section: "reloadable-plugin/EntrySettingsAdapterRegistryImpl/DefaultRuntimePlugin of DefaultRuntimePlugin [roughlyenoughitems]/"
[11:47:03] [REI-ReloadPlugins/TRACE] [REI] [REIPlugin START] Reloading Section: "reloadable-plugin/EntrySettingsAdapterRegistryImpl/DefaultRuntimePlugin of DefaultRuntimePlugin [roughlyenoughitems]/" done in 8.391 μs
[11:47:03] [REI-ReloadPlugins/TRACE] [REI] [REIPlugin START] Reloading Section: "reloadable-plugin/EntrySettingsAdapterRegistryImpl/LDLibREIPlugin of LDLibREIPlugin [ldlib2]/"
[11:47:03] [REI-ReloadPlugins/TRACE] [REI] [REIPlugin START] Reloading Section: "reloadable-plugin/EntrySettingsAdapterRegistryImpl/LDLibREIPlugin of LDLibREIPlugin [ldlib2]/" done in 8.547 μs
[11:47:03] [REI-ReloadPlugins/TRACE] [REI] [REIPlugin START] Reloading Section: "reloadable-plugin/EntrySettingsAdapterRegistryImpl/AE2 of AE2 [ae2]/"
[11:47:03] [REI-ReloadPlugins/TRACE] [REI] [REIPlugin START] Reloading Section: "reloadable-plugin/EntrySettingsAdapterRegistryImpl/AE2 of AE2 [ae2]/" done in 9.172 μs
[11:47:03] [REI-ReloadPlugins/TRACE] [REI] [REIPlugin START] Reloading Section: "reloadable-plugin/EntrySettingsAdapterRegistryImpl/" done in 164.5 μs
[11:47:03] [REI-ReloadPlugins/TRACE] [REI] [REIPlugin START] Reloading Section: "reloadable-plugin/RecipeManagerContextImpl/"
[11:47:03] [REI-ReloadPlugins/TRACE] [REI] [REIPlugin START] Reloading Section: "reloadable-plugin/RecipeManagerContextImpl/DefaultClientPluginImpl of DefaultClientPluginImpl [roughlyenoughitems]/"
[11:47:03] [REI-ReloadPlugins/TRACE] [REI] [REIPlugin START] Reloading Section: "reloadable-plugin/RecipeManagerContextImpl/DefaultClientPluginImpl of DefaultClientPluginImpl [roughlyenoughitems]/" done in 15.08 μs
[11:47:03] [REI-ReloadPlugins/TRACE] [REI] [REIPlugin START] Reloading Section: "reloadable-plugin/RecipeManagerContextImpl/DefaultPluginImpl of DefaultPluginImpl [roughlyenoughitems]/"
[11:47:03] [REI-ReloadPlugins/TRACE] [REI] [REIPlugin START] Reloading Section: "reloadable-plugin/RecipeManagerContextImpl/DefaultPluginImpl of DefaultPluginImpl [roughlyenoughitems]/" done in 9.560 μs
[11:47:03] [REI-ReloadPlugins/TRACE] [REI] [REIPlugin START] Reloading Section: "reloadable-plugin/RecipeManagerContextImpl/HideIngredientsFromTagsPlugin of HideIngredientsFromTagsPlugin [roughlyenoughitems]/"
[11:47:03] [REI-ReloadPlugins/TRACE] [REI] [REIPlugin START] Reloading Section: "reloadable-plugin/RecipeManagerContextImpl/HideIngredientsFromTagsPlugin of HideIngredientsFromTagsPlugin [roughlyenoughitems]/" done in 9.433 μs
[11:47:03] [REI-ReloadPlugins/TRACE] [REI] [REIPlugin START] Reloading Section: "reloadable-plugin/RecipeManagerContextImpl/DefaultClientRuntimePlugin of DefaultClientRuntimePlugin [roughlyenoughitems]/"
[11:47:03] [REI-ReloadPlugins/TRACE] [REI] [REIPlugin START] Reloading Section: "reloadable-plugin/RecipeManagerContextImpl/DefaultClientRuntimePlugin of DefaultClientRuntimePlugin [roughlyenoughitems]/" done in 9.584 μs
[11:47:03] [REI-ReloadPlugins/TRACE] [REI] [REIPlugin START] Reloading Section: "reloadable-plugin/RecipeManagerContextImpl/DefaultRuntimePlugin of DefaultRuntimePlugin [roughlyenoughitems]/"
[11:47:03] [REI-ReloadPlugins/TRACE] [REI] [REIPlugin START] Reloading Section: "reloadable-plugin/RecipeManagerContextImpl/DefaultRuntimePlugin of DefaultRuntimePlugin [roughlyenoughitems]/" done in 9.155 μs
[11:47:03] [REI-ReloadPlugins/TRACE] [REI] [REIPlugin START] Reloading Section: "reloadable-plugin/RecipeManagerContextImpl/LDLibREIPlugin of LDLibREIPlugin [ldlib2]/"
[11:47:03] [REI-ReloadPlugins/TRACE] [REI] [REIPlugin START] Reloading Section: "reloadable-plugin/RecipeManagerContextImpl/LDLibREIPlugin of LDLibREIPlugin [ldlib2]/" done in 13.80 μs
[11:47:03] [REI-ReloadPlugins/TRACE] [REI] [REIPlugin START] Reloading Section: "reloadable-plugin/RecipeManagerContextImpl/AE2 of AE2 [ae2]/"
[11:47:03] [REI-ReloadPlugins/TRACE] [REI] [REIPlugin START] Reloading Section: "reloadable-plugin/RecipeManagerContextImpl/AE2 of AE2 [ae2]/" done in 10.07 μs
[11:47:03] [REI-ReloadPlugins/TRACE] [REI] [REIPlugin START] Reloading Section: "reloadable-plugin/RecipeManagerContextImpl/" done in 254.2 μs
[11:47:03] [REI-ReloadPlugins/TRACE] [REI] [REIPlugin START] Reloading Section: "reloadable-plugin/ItemComparatorRegistryImpl/"
[11:47:03] [REI-ReloadPlugins/TRACE] [REI] [REIPlugin START] Reloading Section: "reloadable-plugin/ItemComparatorRegistryImpl/DefaultClientPluginImpl of DefaultClientPluginImpl [roughlyenoughitems]/"
[11:47:03] [REI-ReloadPlugins/TRACE] [REI] [REIPlugin START] Reloading Section: "reloadable-plugin/ItemComparatorRegistryImpl/DefaultClientPluginImpl of DefaultClientPluginImpl [roughlyenoughitems]/" done in 11.39 μs
[11:47:03] [REI-ReloadPlugins/TRACE] [REI] [REIPlugin START] Reloading Section: "reloadable-plugin/ItemComparatorRegistryImpl/DefaultPluginImpl of DefaultPluginImpl [roughlyenoughitems]/"
[11:47:03] [REI-ReloadPlugins/TRACE] [REI] [REIPlugin START] Reloading Section: "reloadable-plugin/ItemComparatorRegistryImpl/DefaultPluginImpl of DefaultPluginImpl [roughlyenoughitems]/" done in 20.90 μs
[11:47:03] [REI-ReloadPlugins/TRACE] [REI] [REIPlugin START] Reloading Section: "reloadable-plugin/ItemComparatorRegistryImpl/HideIngredientsFromTagsPlugin of HideIngredientsFromTagsPlugin [roughlyenoughitems]/"
[11:47:03] [REI-ReloadPlugins/TRACE] [REI] [REIPlugin START] Reloading Section: "reloadable-plugin/ItemComparatorRegistryImpl/HideIngredientsFromTagsPlugin of HideIngredientsFromTagsPlugin [roughlyenoughitems]/" done in 10.10 μs
[11:47:03] [REI-ReloadPlugins/TRACE] [REI] [REIPlugin START] Reloading Section: "reloadable-plugin/ItemComparatorRegistryImpl/DefaultClientRuntimePlugin of DefaultClientRuntimePlugin [roughlyenoughitems]/"
[11:47:03] [REI-ReloadPlugins/TRACE] [REI] [REIPlugin START] Reloading Section: "reloadable-plugin/ItemComparatorRegistryImpl/DefaultClientRuntimePlugin of DefaultClientRuntimePlugin [roughlyenoughitems]/" done in 9.383 μs
[11:47:03] [REI-ReloadPlugins/TRACE] [REI] [REIPlugin START] Reloading Section: "reloadable-plugin/ItemComparatorRegistryImpl/DefaultRuntimePlugin of DefaultRuntimePlugin [roughlyenoughitems]/"
[11:47:03] [REI-ReloadPlugins/TRACE] [REI] [REIPlugin START] Reloading Section: "reloadable-plugin/ItemComparatorRegistryImpl/DefaultRuntimePlugin of DefaultRuntimePlugin [roughlyenoughitems]/" done in 9.088 μs
[11:47:03] [REI-ReloadPlugins/TRACE] [REI] [REIPlugin START] Reloading Section: "reloadable-plugin/ItemComparatorRegistryImpl/LDLibREIPlugin of LDLibREIPlugin [ldlib2]/"
[11:47:03] [REI-ReloadPlugins/TRACE] [REI] [REIPlugin START] Reloading Section: "reloadable-plugin/ItemComparatorRegistryImpl/LDLibREIPlugin of LDLibREIPlugin [ldlib2]/" done in 8.903 μs
[11:47:03] [REI-ReloadPlugins/TRACE] [REI] [REIPlugin START] Reloading Section: "reloadable-plugin/ItemComparatorRegistryImpl/AE2 of AE2 [ae2]/"
[11:47:03] [REI-ReloadPlugins/TRACE] [REI] [REIPlugin START] Reloading Section: "reloadable-plugin/ItemComparatorRegistryImpl/AE2 of AE2 [ae2]/" done in 9.195 μs
[11:47:03] [REI-ReloadPlugins/TRACE] [REI] [REIPlugin START] Reloading Section: "reloadable-plugin/ItemComparatorRegistryImpl/" done in 173.4 μs
[11:47:03] [REI-ReloadPlugins/TRACE] [REI] [REIPlugin START] Reloading Section: "reloadable-plugin/FluidComparatorRegistryImpl/"
[11:47:03] [REI-ReloadPlugins/TRACE] [REI] [REIPlugin START] Reloading Section: "reloadable-plugin/FluidComparatorRegistryImpl/DefaultClientPluginImpl of DefaultClientPluginImpl [roughlyenoughitems]/"
[11:47:03] [REI-ReloadPlugins/TRACE] [REI] [REIPlugin START] Reloading Section: "reloadable-plugin/FluidComparatorRegistryImpl/DefaultClientPluginImpl of DefaultClientPluginImpl [roughlyenoughitems]/" done in 12.11 μs
[11:47:03] [REI-ReloadPlugins/TRACE] [REI] [REIPlugin START] Reloading Section: "reloadable-plugin/FluidComparatorRegistryImpl/DefaultPluginImpl of DefaultPluginImpl [roughlyenoughitems]/"
[11:47:03] [REI-ReloadPlugins/TRACE] [REI] [REIPlugin START] Reloading Section: "reloadable-plugin/FluidComparatorRegistryImpl/DefaultPluginImpl of DefaultPluginImpl [roughlyenoughitems]/" done in 9.555 μs
[11:47:03] [REI-ReloadPlugins/TRACE] [REI] [REIPlugin START] Reloading Section: "reloadable-plugin/FluidComparatorRegistryImpl/HideIngredientsFromTagsPlugin of HideIngredientsFromTagsPlugin [roughlyenoughitems]/"
[11:47:03] [REI-ReloadPlugins/TRACE] [REI] [REIPlugin START] Reloading Section: "reloadable-plugin/FluidComparatorRegistryImpl/HideIngredientsFromTagsPlugin of HideIngredientsFromTagsPlugin [roughlyenoughitems]/" done in 9.258 μs
[11:47:03] [REI-ReloadPlugins/TRACE] [REI] [REIPlugin START] Reloading Section: "reloadable-plugin/FluidComparatorRegistryImpl/DefaultClientRuntimePlugin of DefaultClientRuntimePlugin [roughlyenoughitems]/"
[11:47:03] [REI-ReloadPlugins/TRACE] [REI] [REIPlugin START] Reloading Section: "reloadable-plugin/FluidComparatorRegistryImpl/DefaultClientRuntimePlugin of DefaultClientRuntimePlugin [roughlyenoughitems]/" done in 8.917 μs
[11:47:03] [REI-ReloadPlugins/TRACE] [REI] [REIPlugin START] Reloading Section: "reloadable-plugin/FluidComparatorRegistryImpl/DefaultRuntimePlugin of DefaultRuntimePlugin [roughlyenoughitems]/"
[11:47:03] [REI-ReloadPlugins/TRACE] [REI] [REIPlugin START] Reloading Section: "reloadable-plugin/FluidComparatorRegistryImpl/DefaultRuntimePlugin of DefaultRuntimePlugin [roughlyenoughitems]/" done in 8.581 μs
[11:47:03] [REI-ReloadPlugins/TRACE] [REI] [REIPlugin START] Reloading Section: "reloadable-plugin/FluidComparatorRegistryImpl/LDLibREIPlugin of LDLibREIPlugin [ldlib2]/"
[11:47:03] [REI-ReloadPlugins/TRACE] [REI] [REIPlugin START] Reloading Section: "reloadable-plugin/FluidComparatorRegistryImpl/LDLibREIPlugin of LDLibREIPlugin [ldlib2]/" done in 8.912 μs
[11:47:03] [REI-ReloadPlugins/TRACE] [REI] [REIPlugin START] Reloading Section: "reloadable-plugin/FluidComparatorRegistryImpl/AE2 of AE2 [ae2]/"
[11:47:03] [REI-ReloadPlugins/TRACE] [REI] [REIPlugin START] Reloading Section: "reloadable-plugin/FluidComparatorRegistryImpl/AE2 of AE2 [ae2]/" done in 9.421 μs
[11:47:03] [REI-ReloadPlugins/TRACE] [REI] [REIPlugin START] Reloading Section: "reloadable-plugin/FluidComparatorRegistryImpl/" done in 161.7 μs
[11:47:03] [REI-ReloadPlugins/TRACE] [REI] [REIPlugin START] Reloading Section: "reloadable-plugin/DisplaySerializerRegistryImpl/"
[11:47:03] [REI-ReloadPlugins/TRACE] [REI] [REIPlugin START] Reloading Section: "reloadable-plugin/DisplaySerializerRegistryImpl/DefaultClientPluginImpl of DefaultClientPluginImpl [roughlyenoughitems]/"
[11:47:03] [REI-ReloadPlugins/TRACE] [REI] [REIPlugin START] Reloading Section: "reloadable-plugin/DisplaySerializerRegistryImpl/DefaultClientPluginImpl of DefaultClientPluginImpl [roughlyenoughitems]/" done in 10.15 μs
[11:47:03] [REI-ReloadPlugins/TRACE] [REI] [REIPlugin START] Reloading Section: "reloadable-plugin/DisplaySerializerRegistryImpl/DefaultPluginImpl of DefaultPluginImpl [roughlyenoughitems]/"
[11:47:03] [REI-ReloadPlugins/TRACE] [REI] [REIPlugin START] Reloading Section: "reloadable-plugin/DisplaySerializerRegistryImpl/DefaultPluginImpl of DefaultPluginImpl [roughlyenoughitems]/" done in 9.223 μs
[11:47:03] [REI-ReloadPlugins/TRACE] [REI] [REIPlugin START] Reloading Section: "reloadable-plugin/DisplaySerializerRegistryImpl/HideIngredientsFromTagsPlugin of HideIngredientsFromTagsPlugin [roughlyenoughitems]/"
[11:47:03] [REI-ReloadPlugins/TRACE] [REI] [REIPlugin START] Reloading Section: "reloadable-plugin/DisplaySerializerRegistryImpl/HideIngredientsFromTagsPlugin of HideIngredientsFromTagsPlugin [roughlyenoughitems]/" done in 10.34 μs
[11:47:03] [REI-ReloadPlugins/TRACE] [REI] [REIPlugin START] Reloading Section: "reloadable-plugin/DisplaySerializerRegistryImpl/DefaultClientRuntimePlugin of DefaultClientRuntimePlugin [roughlyenoughitems]/"
[11:47:03] [REI-ReloadPlugins/TRACE] [REI] [REIPlugin START] Reloading Section: "reloadable-plugin/DisplaySerializerRegistryImpl/DefaultClientRuntimePlugin of DefaultClientRuntimePlugin [roughlyenoughitems]/" done in 9.077 μs
[11:47:03] [REI-ReloadPlugins/TRACE] [REI] [REIPlugin START] Reloading Section: "reloadable-plugin/DisplaySerializerRegistryImpl/DefaultRuntimePlugin of DefaultRuntimePlugin [roughlyenoughitems]/"
[11:47:03] [REI-ReloadPlugins/TRACE] [REI] [REIPlugin START] Reloading Section: "reloadable-plugin/DisplaySerializerRegistryImpl/DefaultRuntimePlugin of DefaultRuntimePlugin [roughlyenoughitems]/" done in 9.049 μs
[11:47:03] [REI-ReloadPlugins/TRACE] [REI] [REIPlugin START] Reloading Section: "reloadable-plugin/DisplaySerializerRegistryImpl/LDLibREIPlugin of LDLibREIPlugin [ldlib2]/"
[11:47:03] [REI-ReloadPlugins/TRACE] [REI] [REIPlugin START] Reloading Section: "reloadable-plugin/DisplaySerializerRegistryImpl/LDLibREIPlugin of LDLibREIPlugin [ldlib2]/" done in 8.583 μs
[11:47:03] [REI-ReloadPlugins/TRACE] [REI] [REIPlugin START] Reloading Section: "reloadable-plugin/DisplaySerializerRegistryImpl/AE2 of AE2 [ae2]/"
[11:47:03] [REI-ReloadPlugins/TRACE] [REI] [REIPlugin START] Reloading Section: "reloadable-plugin/DisplaySerializerRegistryImpl/AE2 of AE2 [ae2]/" done in 8.659 μs
[11:47:03] [REI-ReloadPlugins/TRACE] [REI] [REIPlugin START] Reloading Section: "reloadable-plugin/DisplaySerializerRegistryImpl/" done in 159.9 μs
[11:47:03] [REI-ReloadPlugins/TRACE] [REI] [REIPlugin START] Reloading Section: "reloadable-plugin/FluidSupportProviderImpl/"
[11:47:03] [REI-ReloadPlugins/TRACE] [REI] [REIPlugin START] Reloading Section: "reloadable-plugin/FluidSupportProviderImpl/DefaultClientPluginImpl of DefaultClientPluginImpl [roughlyenoughitems]/"
[11:47:03] [REI-ReloadPlugins/TRACE] [REI] [REIPlugin START] Reloading Section: "reloadable-plugin/FluidSupportProviderImpl/DefaultClientPluginImpl of DefaultClientPluginImpl [roughlyenoughitems]/" done in 10.61 μs
[11:47:03] [REI-ReloadPlugins/TRACE] [REI] [REIPlugin START] Reloading Section: "reloadable-plugin/FluidSupportProviderImpl/DefaultPluginImpl of DefaultPluginImpl [roughlyenoughitems]/"
[11:47:03] [REI-ReloadPlugins/TRACE] [REI] [REIPlugin START] Reloading Section: "reloadable-plugin/FluidSupportProviderImpl/DefaultPluginImpl of DefaultPluginImpl [roughlyenoughitems]/" done in 13.22 μs
[11:47:03] [REI-ReloadPlugins/TRACE] [REI] [REIPlugin START] Reloading Section: "reloadable-plugin/FluidSupportProviderImpl/HideIngredientsFromTagsPlugin of HideIngredientsFromTagsPlugin [roughlyenoughitems]/"
[11:47:03] [REI-ReloadPlugins/TRACE] [REI] [REIPlugin START] Reloading Section: "reloadable-plugin/FluidSupportProviderImpl/HideIngredientsFromTagsPlugin of HideIngredientsFromTagsPlugin [roughlyenoughitems]/" done in 8.822 μs
[11:47:03] [REI-ReloadPlugins/TRACE] [REI] [REIPlugin START] Reloading Section: "reloadable-plugin/FluidSupportProviderImpl/DefaultClientRuntimePlugin of DefaultClientRuntimePlugin [roughlyenoughitems]/"
[11:47:03] [REI-ReloadPlugins/TRACE] [REI] [REIPlugin START] Reloading Section: "reloadable-plugin/FluidSupportProviderImpl/DefaultClientRuntimePlugin of DefaultClientRuntimePlugin [roughlyenoughitems]/" done in 8.139 μs
[11:47:03] [REI-ReloadPlugins/TRACE] [REI] [REIPlugin START] Reloading Section: "reloadable-plugin/FluidSupportProviderImpl/DefaultRuntimePlugin of DefaultRuntimePlugin [roughlyenoughitems]/"
[11:47:03] [REI-ReloadPlugins/TRACE] [REI] [REIPlugin START] Reloading Section: "reloadable-plugin/FluidSupportProviderImpl/DefaultRuntimePlugin of DefaultRuntimePlugin [roughlyenoughitems]/" done in 8.525 μs
[11:47:03] [REI-ReloadPlugins/TRACE] [REI] [REIPlugin START] Reloading Section: "reloadable-plugin/FluidSupportProviderImpl/LDLibREIPlugin of LDLibREIPlugin [ldlib2]/"
[11:47:03] [REI-ReloadPlugins/TRACE] [REI] [REIPlugin START] Reloading Section: "reloadable-plugin/FluidSupportProviderImpl/LDLibREIPlugin of LDLibREIPlugin [ldlib2]/" done in 8.609 μs
[11:47:03] [REI-ReloadPlugins/TRACE] [REI] [REIPlugin START] Reloading Section: "reloadable-plugin/FluidSupportProviderImpl/AE2 of AE2 [ae2]/"
[11:47:03] [REI-ReloadPlugins/TRACE] [REI] [REIPlugin START] Reloading Section: "reloadable-plugin/FluidSupportProviderImpl/AE2 of AE2 [ae2]/" done in 9.055 μs
[11:47:03] [REI-ReloadPlugins/TRACE] [REI] [REIPlugin START] Reloading Section: "reloadable-plugin/FluidSupportProviderImpl/" done in 157.7 μs
[11:47:03] [REI-ReloadPlugins/TRACE] [REI] [REIPlugin START] Reloading Section: "reloadable-plugin/me.shedaniel.rei.plugin.client.runtime.PluginStageExecutionWatcher$1/"
[11:47:03] [REI-ReloadPlugins/TRACE] [REI] [REIPlugin START] Reloading Section: "reloadable-plugin/me.shedaniel.rei.plugin.client.runtime.PluginStageExecutionWatcher$1/DefaultClientPluginImpl of DefaultClientPluginImpl [roughlyenoughitems]/"
[11:47:03] [REI-ReloadPlugins/TRACE] [REI] [REIPlugin START] Reloading Section: "reloadable-plugin/me.shedaniel.rei.plugin.client.runtime.PluginStageExecutionWatcher$1/DefaultClientPluginImpl of DefaultClientPluginImpl [roughlyenoughitems]/" done in 9.628 μs
[11:47:03] [REI-ReloadPlugins/TRACE] [REI] [REIPlugin START] Reloading Section: "reloadable-plugin/me.shedaniel.rei.plugin.client.runtime.PluginStageExecutionWatcher$1/DefaultPluginImpl of DefaultPluginImpl [roughlyenoughitems]/"
[11:47:03] [REI-ReloadPlugins/TRACE] [REI] [REIPlugin START] Reloading Section: "reloadable-plugin/me.shedaniel.rei.plugin.client.runtime.PluginStageExecutionWatcher$1/DefaultPluginImpl of DefaultPluginImpl [roughlyenoughitems]/" done in 8.914 μs
[11:47:03] [REI-ReloadPlugins/TRACE] [REI] [REIPlugin START] Reloading Section: "reloadable-plugin/me.shedaniel.rei.plugin.client.runtime.PluginStageExecutionWatcher$1/HideIngredientsFromTagsPlugin of HideIngredientsFromTagsPlugin [roughlyenoughitems]/"
[11:47:03] [REI-ReloadPlugins/TRACE] [REI] [REIPlugin START] Reloading Section: "reloadable-plugin/me.shedaniel.rei.plugin.client.runtime.PluginStageExecutionWatcher$1/HideIngredientsFromTagsPlugin of HideIngredientsFromTagsPlugin [roughlyenoughitems]/" done in 8.185 μs
[11:47:03] [REI-ReloadPlugins/TRACE] [REI] [REIPlugin START] Reloading Section: "reloadable-plugin/me.shedaniel.rei.plugin.client.runtime.PluginStageExecutionWatcher$1/DefaultClientRuntimePlugin of DefaultClientRuntimePlugin [roughlyenoughitems]/"
[11:47:03] [REI-ReloadPlugins/TRACE] [REI] [REIPlugin START] Reloading Section: "reloadable-plugin/me.shedaniel.rei.plugin.client.runtime.PluginStageExecutionWatcher$1/DefaultClientRuntimePlugin of DefaultClientRuntimePlugin [roughlyenoughitems]/" done in 8.396 μs
[11:47:03] [REI-ReloadPlugins/TRACE] [REI] [REIPlugin START] Reloading Section: "reloadable-plugin/me.shedaniel.rei.plugin.client.runtime.PluginStageExecutionWatcher$1/DefaultRuntimePlugin of DefaultRuntimePlugin [roughlyenoughitems]/"
[11:47:03] [REI-ReloadPlugins/TRACE] [REI] [REIPlugin START] Reloading Section: "reloadable-plugin/me.shedaniel.rei.plugin.client.runtime.PluginStageExecutionWatcher$1/DefaultRuntimePlugin of DefaultRuntimePlugin [roughlyenoughitems]/" done in 9.963 μs
[11:47:03] [REI-ReloadPlugins/TRACE] [REI] [REIPlugin START] Reloading Section: "reloadable-plugin/me.shedaniel.rei.plugin.client.runtime.PluginStageExecutionWatcher$1/LDLibREIPlugin of LDLibREIPlugin [ldlib2]/"
[11:47:03] [REI-ReloadPlugins/TRACE] [REI] [REIPlugin START] Reloading Section: "reloadable-plugin/me.shedaniel.rei.plugin.client.runtime.PluginStageExecutionWatcher$1/LDLibREIPlugin of LDLibREIPlugin [ldlib2]/" done in 8.541 μs
[11:47:03] [REI-ReloadPlugins/TRACE] [REI] [REIPlugin START] Reloading Section: "reloadable-plugin/me.shedaniel.rei.plugin.client.runtime.PluginStageExecutionWatcher$1/AE2 of AE2 [ae2]/"
[11:47:03] [REI-ReloadPlugins/TRACE] [REI] [REIPlugin START] Reloading Section: "reloadable-plugin/me.shedaniel.rei.plugin.client.runtime.PluginStageExecutionWatcher$1/AE2 of AE2 [ae2]/" done in 8.969 μs
[11:47:03] [REI-ReloadPlugins/TRACE] [REI] [REIPlugin START] Reloading Section: "reloadable-plugin/me.shedaniel.rei.plugin.client.runtime.PluginStageExecutionWatcher$1/" done in 149.2 μs
[11:47:03] [REI-ReloadPlugins/DEBUG] [REI] ========================================
[11:47:03] [REI-ReloadPlugins/DEBUG] [REI] REIPlugin ending main-reload for START.
[11:47:03] [REI-ReloadPlugins/DEBUG] [REI] ========================================
[11:47:03] [REI-ReloadPlugins/TRACE] [REI] [REIPlugin START] Reloading Section: "end-reload/"
[11:47:03] [REI-ReloadPlugins/TRACE] [REI] [REIPlugin START] Reloading Section: "end-reload/EntryTypeRegistryImpl/"
[11:47:03] [REI-ReloadPlugins/TRACE] [REI] [REIPlugin START] Reloading Section: "end-reload/EntryTypeRegistryImpl/" done in 7.550 μs
[11:47:03] [REI-ReloadPlugins/TRACE] [REI] [REIPlugin START] Reloading Section: "end-reload/EntrySettingsAdapterRegistryImpl/"
[11:47:03] [REI-ReloadPlugins/TRACE] [REI] [REIPlugin START] Reloading Section: "end-reload/EntrySettingsAdapterRegistryImpl/" done in 6.393 μs
[11:47:03] [REI-ReloadPlugins/TRACE] [REI] [REIPlugin START] Reloading Section: "end-reload/RecipeManagerContextImpl/"
[11:47:03] [REI-ReloadPlugins/TRACE] [REI] [REIPlugin START] Reloading Section: "end-reload/RecipeManagerContextImpl/" done in 6.078 μs
[11:47:03] [REI-ReloadPlugins/TRACE] [REI] [REIPlugin START] Reloading Section: "end-reload/ItemComparatorRegistryImpl/"
[11:47:03] [REI-ReloadPlugins/TRACE] [REI] [REIPlugin START] Reloading Section: "end-reload/ItemComparatorRegistryImpl/" done in 5.929 μs
[11:47:03] [REI-ReloadPlugins/TRACE] [REI] [REIPlugin START] Reloading Section: "end-reload/FluidComparatorRegistryImpl/"
[11:47:03] [REI-ReloadPlugins/TRACE] [REI] [REIPlugin START] Reloading Section: "end-reload/FluidComparatorRegistryImpl/" done in 5.660 μs
[11:47:03] [REI-ReloadPlugins/TRACE] [REI] [REIPlugin START] Reloading Section: "end-reload/DisplaySerializerRegistryImpl/"
[11:47:03] [REI-ReloadPlugins/TRACE] [REI] [REIPlugin START] Reloading Section: "end-reload/DisplaySerializerRegistryImpl/" done in 5.778 μs
[11:47:03] [REI-ReloadPlugins/TRACE] [REI] [REIPlugin START] Reloading Section: "end-reload/FluidSupportProviderImpl/"
[11:47:03] [REI-ReloadPlugins/TRACE] [REI] [REIPlugin START] Reloading Section: "end-reload/FluidSupportProviderImpl/" done in 5.915 μs
[11:47:03] [REI-ReloadPlugins/TRACE] [REI] [REIPlugin START] Reloading Section: "end-reload/me.shedaniel.rei.plugin.client.runtime.PluginStageExecutionWatcher$1/"
[11:47:03] [REI-ReloadPlugins/TRACE] [REI] [REIPlugin START] Reloading Section: "end-reload/me.shedaniel.rei.plugin.client.runtime.PluginStageExecutionWatcher$1/" done in 5.970 μs
[11:47:03] [REI-ReloadPlugins/TRACE] [REI] [REIPlugin START] Reloading Section: "end-reload/" done in 141.6 μs
[11:47:03] [REI-ReloadPlugins/DEBUG] [REI] ========================================
[11:47:03] [REI-ReloadPlugins/DEBUG] [REI] REIPlugin ended main-reload for START in 2.441 ms.
[11:47:03] [REI-ReloadPlugins/DEBUG] [REI] ========================================
[11:47:03] [REI-ReloadPlugins/INFO] [REI] ########################################
[11:47:03] [REI-ReloadPlugins/INFO] [REI] REIClientPlugin starting main-reload for START.
[11:47:03] [REI-ReloadPlugins/DEBUG] [REI] Reloadables (18):
[11:47:03] [REI-ReloadPlugins/DEBUG] [REI]  - EntryRendererRegistryImpl
[11:47:03] [REI-ReloadPlugins/DEBUG] [REI]  - ViewsImpl
[11:47:03] [REI-ReloadPlugins/DEBUG] [REI]  - InputMethodRegistryImpl
[11:47:03] [REI-ReloadPlugins/DEBUG] [REI]  - SearchProviderImpl
[11:47:03] [REI-ReloadPlugins/DEBUG] [REI]  - ConfigManagerImpl
[11:47:03] [REI-ReloadPlugins/DEBUG] [REI]  - EntryRegistryImpl
[11:47:03] [REI-ReloadPlugins/DEBUG] [REI]  - CollapsibleEntryRegistryImpl
[11:47:03] [REI-ReloadPlugins/DEBUG] [REI]  - BasicFilteringRuleImpl
[11:47:03] [REI-ReloadPlugins/DEBUG] [REI]  - CategoryRegistryImpl
[11:47:03] [REI-ReloadPlugins/DEBUG] [REI]  - DisplayRegistryImpl
[11:47:03] [REI-ReloadPlugins/DEBUG] [REI]  - ScreenRegistryImpl
[11:47:03] [REI-ReloadPlugins/DEBUG] [REI]  - FavoriteEntryTypeRegistryImpl
[11:47:03] [REI-ReloadPlugins/DEBUG] [REI]  - SubsetsRegistryImpl
[11:47:03] [REI-ReloadPlugins/DEBUG] [REI]  - TransferHandlerRegistryImpl
[11:47:03] [REI-ReloadPlugins/DEBUG] [REI]  - SearchRuntime
[11:47:03] [REI-ReloadPlugins/DEBUG] [REI]  - REIRuntimeImpl
[11:47:03] [REI-ReloadPlugins/DEBUG] [REI]  - ConfigAddonRegistryImpl
[11:47:03] [REI-ReloadPlugins/DEBUG] [REI]  - me.shedaniel.rei.plugin.client.runtime.PluginStageExecutionWatcher$1
[11:47:03] [REI-ReloadPlugins/INFO] [REI] Plugins (5):
[11:47:03] [REI-ReloadPlugins/INFO] [REI]  - (-100.00) DefaultClientPluginImpl of DefaultClientPluginImpl [roughlyenoughitems]
[11:47:03] [REI-ReloadPlugins/INFO] [REI]  - (0.00) LDLibREIPlugin of LDLibREIPlugin [ldlib2]
[11:47:03] [REI-ReloadPlugins/INFO] [REI]  - (0.00) AE2 of AE2 [ae2]
[11:47:03] [REI-ReloadPlugins/INFO] [REI]  - (0.00) HideIngredientsFromTagsPlugin of HideIngredientsFromTagsPlugin [roughlyenoughitems]
[11:47:03] [REI-ReloadPlugins/INFO] [REI]  - (0.00) DefaultClientRuntimePlugin of DefaultClientRuntimePlugin [roughlyenoughitems]
[11:47:03] [REI-ReloadPlugins/INFO] [REI] ########################################
[11:47:03] [REI-ReloadPlugins/TRACE] [REI] [REIClientPlugin START] Reloading Section: "start-reload/"
[11:47:03] [REI-ReloadPlugins/TRACE] [REI] [REIClientPlugin START] Reloading Section: "start-reload/EntryRendererRegistryImpl/"
[11:47:03] [REI-ReloadPlugins/TRACE] [REI] [REIClientPlugin START] Reloading Section: "start-reload/EntryRendererRegistryImpl/" done in 10.71 μs
[11:47:03] [REI-ReloadPlugins/TRACE] [REI] [REIClientPlugin START] Reloading Section: "start-reload/ViewsImpl/"
[11:47:03] [REI-ReloadPlugins/TRACE] [REI] [REIClientPlugin START] Reloading Section: "start-reload/ViewsImpl/" done in 7.980 μs
[11:47:03] [REI-ReloadPlugins/TRACE] [REI] [REIClientPlugin START] Reloading Section: "start-reload/InputMethodRegistryImpl/"
[11:47:03] [REI-ReloadPlugins/TRACE] [REI] [REIClientPlugin START] Reloading Section: "start-reload/InputMethodRegistryImpl/" done in 7.202 μs
[11:47:03] [REI-ReloadPlugins/TRACE] [REI] [REIClientPlugin START] Reloading Section: "start-reload/SearchProviderImpl/"
[11:47:03] [REI-ReloadPlugins/TRACE] [REI] [REIClientPlugin START] Reloading Section: "start-reload/SearchProviderImpl/" done in 11.55 μs
[11:47:03] [REI-ReloadPlugins/TRACE] [REI] [REIClientPlugin START] Reloading Section: "start-reload/ConfigManagerImpl/"
[11:47:03] [REI-ReloadPlugins/TRACE] [REI] [REIClientPlugin START] Reloading Section: "start-reload/ConfigManagerImpl/" done in 7.005 μs
[11:47:03] [REI-ReloadPlugins/TRACE] [REI] [REIClientPlugin START] Reloading Section: "start-reload/EntryRegistryImpl/"
[11:47:03] [REI-ReloadPlugins/TRACE] [REI] [REIClientPlugin START] Reloading Section: "start-reload/EntryRegistryImpl/" done in 22.16 μs
[11:47:03] [REI-ReloadPlugins/TRACE] [REI] [REIClientPlugin START] Reloading Section: "start-reload/CollapsibleEntryRegistryImpl/"
[11:47:03] [REI-ReloadPlugins/TRACE] [REI] [REIClientPlugin START] Reloading Section: "start-reload/CollapsibleEntryRegistryImpl/" done in 8.215 μs
[11:47:03] [REI-ReloadPlugins/TRACE] [REI] [REIClientPlugin START] Reloading Section: "start-reload/BasicFilteringRuleImpl/"
[11:47:03] [REI-ReloadPlugins/TRACE] [REI] [REIClientPlugin START] Reloading Section: "start-reload/BasicFilteringRuleImpl/" done in 8.278 μs
[11:47:03] [REI-ReloadPlugins/TRACE] [REI] [REIClientPlugin START] Reloading Section: "start-reload/CategoryRegistryImpl/"
[11:47:03] [REI-ReloadPlugins/TRACE] [REI] [REIClientPlugin START] Reloading Section: "start-reload/CategoryRegistryImpl/" done in 6.327 μs
[11:47:03] [REI-ReloadPlugins/TRACE] [REI] [REIClientPlugin START] Reloading Section: "start-reload/DisplayRegistryImpl/"
[11:47:03] [REI-ReloadPlugins/TRACE] [REI] [REIClientPlugin START] Reloading Section: "start-reload/DisplayRegistryImpl/" done in 6.553 μs
[11:47:03] [REI-ReloadPlugins/TRACE] [REI] [REIClientPlugin START] Reloading Section: "start-reload/ScreenRegistryImpl/"
[11:47:03] [REI-ReloadPlugins/DEBUG] [REI] Added overlay decider: me.shedaniel.rei.impl.client.registry.screen.ExclusionZonesImpl@2251d571 [-5.00 priority]
[11:47:03] [REI-ReloadPlugins/DEBUG] [REI] Added overlay decider: me.shedaniel.rei.impl.client.registry.screen.ScreenRegistryImpl$1@49238076 [-10.00 priority]
[11:47:03] [REI-ReloadPlugins/DEBUG] [REI] Added overlay decider: me.shedaniel.rei.impl.client.registry.screen.ScreenRegistryImpl$2@2cbdd662 [-10.00 priority]
[11:47:03] [REI-ReloadPlugins/DEBUG] [REI] Added overlay decider: me.shedaniel.rei.impl.client.registry.screen.ScreenRegistryImpl$3@1bbefaaf [-20.00 priority]
[11:47:03] [REI-ReloadPlugins/DEBUG] [REI] Added focused stack provider: me.shedaniel.rei.impl.client.registry.screen.ScreenRegistryImpl$4@37e85ef4 [-10.00 priority]
[11:47:03] [REI-ReloadPlugins/DEBUG] [REI] Added draggable component provider: me.shedaniel.rei.api.client.gui.drag.component.DraggableComponentProviderWidget$1@621d584f [0.00 priority]
[11:47:03] [REI-ReloadPlugins/DEBUG] [REI] Added draggable component visitor: me.shedaniel.rei.api.client.gui.drag.component.DraggableComponentVisitorWidget$2@20519ca8 [0.00 priority]
[11:47:03] [REI-ReloadPlugins/TRACE] [REI] [REIClientPlugin START] Reloading Section: "start-reload/ScreenRegistryImpl/" done in 130.7 μs
[11:47:03] [REI-ReloadPlugins/TRACE] [REI] [REIClientPlugin START] Reloading Section: "start-reload/FavoriteEntryTypeRegistryImpl/"
[11:47:03] [REI-ReloadPlugins/TRACE] [REI] [REIClientPlugin START] Reloading Section: "start-reload/FavoriteEntryTypeRegistryImpl/" done in 20.57 μs
[11:47:03] [REI-ReloadPlugins/TRACE] [REI] [REIClientPlugin START] Reloading Section: "start-reload/SubsetsRegistryImpl/"
[11:47:03] [REI-ReloadPlugins/TRACE] [REI] [REIClientPlugin START] Reloading Section: "start-reload/SubsetsRegistryImpl/" done in 19.27 μs
[11:47:03] [REI-ReloadPlugins/TRACE] [REI] [REIClientPlugin START] Reloading Section: "start-reload/TransferHandlerRegistryImpl/"
[11:47:03] [REI-ReloadPlugins/TRACE] [REI] [REIClientPlugin START] Reloading Section: "start-reload/TransferHandlerRegistryImpl/" done in 7.257 μs
[11:47:03] [REI-ReloadPlugins/TRACE] [REI] [REIClientPlugin START] Reloading Section: "start-reload/SearchRuntime/"
[11:47:03] [REI-ReloadPlugins/DEBUG] [REI] Preparing collapsed entry groups cache with 0 entries and 0 stacks
[11:47:03] [REI-ReloadPlugins/DEBUG] [REI] Prepared collapsed entry groups cache with 0 entries and 0 stacks
[11:47:03] [REI-ReloadPlugins/TRACE] [REI] [REIClientPlugin START] Reloading Section: "start-reload/SearchRuntime/" done in 54.50 μs
[11:47:03] [REI-ReloadPlugins/TRACE] [REI] [REIClientPlugin START] Reloading Section: "start-reload/REIRuntimeImpl/"
[11:47:03] [REI-ReloadPlugins/TRACE] [REI] [REIClientPlugin START] Reloading Section: "start-reload/REIRuntimeImpl/" done in 13.62 μs
[11:47:03] [REI-ReloadPlugins/TRACE] [REI] [REIClientPlugin START] Reloading Section: "start-reload/ConfigAddonRegistryImpl/"
[11:47:03] [REI-ReloadPlugins/TRACE] [REI] [REIClientPlugin START] Reloading Section: "start-reload/ConfigAddonRegistryImpl/" done in 13.97 μs
[11:47:03] [REI-ReloadPlugins/TRACE] [REI] [REIClientPlugin START] Reloading Section: "start-reload/me.shedaniel.rei.plugin.client.runtime.PluginStageExecutionWatcher$1/"
[11:47:03] [REI-ReloadPlugins/TRACE] [REI] [REIClientPlugin START] Reloading Section: "start-reload/me.shedaniel.rei.plugin.client.runtime.PluginStageExecutionWatcher$1/" done in 6.969 μs
[11:47:03] [REI-ReloadPlugins/TRACE] [REI] [REIClientPlugin START] Reloading Section: "start-reload/" done in 604.6 μs
[11:47:03] [REI-ReloadPlugins/DEBUG] [REI] ========================================
[11:47:03] [REI-ReloadPlugins/DEBUG] [REI] REIClientPlugin started main-reload for START.
[11:47:03] [REI-ReloadPlugins/DEBUG] [REI] ========================================
[11:47:03] [REI-ReloadPlugins/TRACE] [REI] [REIClientPlugin START] Reloading Section: "reloadable-plugin/EntryRendererRegistryImpl/"
[11:47:03] [REI-ReloadPlugins/TRACE] [REI] [REIClientPlugin START] Reloading Section: "reloadable-plugin/EntryRendererRegistryImpl/DefaultClientPluginImpl of DefaultClientPluginImpl [roughlyenoughitems]/"
[11:47:03] [REI-ReloadPlugins/TRACE] [REI] [REIClientPlugin START] Reloading Section: "reloadable-plugin/EntryRendererRegistryImpl/DefaultClientPluginImpl of DefaultClientPluginImpl [roughlyenoughitems]/" done in 16.80 μs
[11:47:03] [REI-ReloadPlugins/TRACE] [REI] [REIClientPlugin START] Reloading Section: "reloadable-plugin/EntryRendererRegistryImpl/LDLibREIPlugin of LDLibREIPlugin [ldlib2]/"
[11:47:03] [REI-ReloadPlugins/TRACE] [REI] [REIClientPlugin START] Reloading Section: "reloadable-plugin/EntryRendererRegistryImpl/LDLibREIPlugin of LDLibREIPlugin [ldlib2]/" done in 36.35 μs
[11:47:03] [REI-ReloadPlugins/TRACE] [REI] [REIClientPlugin START] Reloading Section: "reloadable-plugin/EntryRendererRegistryImpl/AE2 of AE2 [ae2]/"
[11:47:03] [REI-ReloadPlugins/TRACE] [REI] [REIClientPlugin START] Reloading Section: "reloadable-plugin/EntryRendererRegistryImpl/AE2 of AE2 [ae2]/" done in 14.60 μs
[11:47:03] [REI-ReloadPlugins/TRACE] [REI] [REIClientPlugin START] Reloading Section: "reloadable-plugin/EntryRendererRegistryImpl/HideIngredientsFromTagsPlugin of HideIngredientsFromTagsPlugin [roughlyenoughitems]/"
[11:47:03] [REI-ReloadPlugins/TRACE] [REI] [REIClientPlugin START] Reloading Section: "reloadable-plugin/EntryRendererRegistryImpl/HideIngredientsFromTagsPlugin of HideIngredientsFromTagsPlugin [roughlyenoughitems]/" done in 12.67 μs
[11:47:03] [REI-ReloadPlugins/TRACE] [REI] [REIClientPlugin START] Reloading Section: "reloadable-plugin/EntryRendererRegistryImpl/DefaultClientRuntimePlugin of DefaultClientRuntimePlugin [roughlyenoughitems]/"
[11:47:03] [REI-ReloadPlugins/TRACE] [REI] [REIClientPlugin START] Reloading Section: "reloadable-plugin/EntryRendererRegistryImpl/DefaultClientRuntimePlugin of DefaultClientRuntimePlugin [roughlyenoughitems]/" done in 12.18 μs
[11:47:03] [REI-ReloadPlugins/TRACE] [REI] [REIClientPlugin START] Reloading Section: "reloadable-plugin/EntryRendererRegistryImpl/" done in 180.4 μs
[11:47:03] [REI-ReloadPlugins/TRACE] [REI] [REIClientPlugin START] Reloading Section: "reloadable-plugin/ViewsImpl/"
[11:47:03] [REI-ReloadPlugins/TRACE] [REI] [REIClientPlugin START] Reloading Section: "reloadable-plugin/ViewsImpl/DefaultClientPluginImpl of DefaultClientPluginImpl [roughlyenoughitems]/"
[11:47:03] [REI-ReloadPlugins/TRACE] [REI] [REIClientPlugin START] Reloading Section: "reloadable-plugin/ViewsImpl/DefaultClientPluginImpl of DefaultClientPluginImpl [roughlyenoughitems]/" done in 20.35 μs
[11:47:03] [REI-ReloadPlugins/TRACE] [REI] [REIClientPlugin START] Reloading Section: "reloadable-plugin/ViewsImpl/LDLibREIPlugin of LDLibREIPlugin [ldlib2]/"
[11:47:03] [REI-ReloadPlugins/TRACE] [REI] [REIClientPlugin START] Reloading Section: "reloadable-plugin/ViewsImpl/LDLibREIPlugin of LDLibREIPlugin [ldlib2]/" done in 13.09 μs
[11:47:03] [REI-ReloadPlugins/TRACE] [REI] [REIClientPlugin START] Reloading Section: "reloadable-plugin/ViewsImpl/AE2 of AE2 [ae2]/"
[11:47:03] [REI-ReloadPlugins/TRACE] [REI] [REIClientPlugin START] Reloading Section: "reloadable-plugin/ViewsImpl/AE2 of AE2 [ae2]/" done in 11.98 μs
[11:47:03] [REI-ReloadPlugins/TRACE] [REI] [REIClientPlugin START] Reloading Section: "reloadable-plugin/ViewsImpl/HideIngredientsFromTagsPlugin of HideIngredientsFromTagsPlugin [roughlyenoughitems]/"
[11:47:03] [REI-ReloadPlugins/TRACE] [REI] [REIClientPlugin START] Reloading Section: "reloadable-plugin/ViewsImpl/HideIngredientsFromTagsPlugin of HideIngredientsFromTagsPlugin [roughlyenoughitems]/" done in 12.26 μs
[11:47:03] [REI-ReloadPlugins/TRACE] [REI] [REIClientPlugin START] Reloading Section: "reloadable-plugin/ViewsImpl/DefaultClientRuntimePlugin of DefaultClientRuntimePlugin [roughlyenoughitems]/"
[11:47:03] [REI-ReloadPlugins/TRACE] [REI] [REIClientPlugin START] Reloading Section: "reloadable-plugin/ViewsImpl/DefaultClientRuntimePlugin of DefaultClientRuntimePlugin [roughlyenoughitems]/" done in 11.81 μs
[11:47:03] [REI-ReloadPlugins/TRACE] [REI] [REIClientPlugin START] Reloading Section: "reloadable-plugin/ViewsImpl/" done in 149.2 μs
[11:47:03] [REI-ReloadPlugins/TRACE] [REI] [REIClientPlugin START] Reloading Section: "reloadable-plugin/InputMethodRegistryImpl/"
[11:47:03] [REI-ReloadPlugins/TRACE] [REI] [REIClientPlugin START] Reloading Section: "reloadable-plugin/InputMethodRegistryImpl/DefaultClientPluginImpl of DefaultClientPluginImpl [roughlyenoughitems]/"
[11:47:03] [REI-ReloadPlugins/TRACE] [REI] [REIClientPlugin START] Reloading Section: "reloadable-plugin/InputMethodRegistryImpl/DefaultClientPluginImpl of DefaultClientPluginImpl [roughlyenoughitems]/" done in 16.19 μs
[11:47:03] [REI-ReloadPlugins/TRACE] [REI] [REIClientPlugin START] Reloading Section: "reloadable-plugin/InputMethodRegistryImpl/LDLibREIPlugin of LDLibREIPlugin [ldlib2]/"
[11:47:03] [REI-ReloadPlugins/TRACE] [REI] [REIClientPlugin START] Reloading Section: "reloadable-plugin/InputMethodRegistryImpl/LDLibREIPlugin of LDLibREIPlugin [ldlib2]/" done in 12.36 μs
[11:47:03] [REI-ReloadPlugins/TRACE] [REI] [REIClientPlugin START] Reloading Section: "reloadable-plugin/InputMethodRegistryImpl/AE2 of AE2 [ae2]/"
[11:47:03] [REI-ReloadPlugins/TRACE] [REI] [REIClientPlugin START] Reloading Section: "reloadable-plugin/InputMethodRegistryImpl/AE2 of AE2 [ae2]/" done in 12.25 μs
[11:47:03] [REI-ReloadPlugins/TRACE] [REI] [REIClientPlugin START] Reloading Section: "reloadable-plugin/InputMethodRegistryImpl/HideIngredientsFromTagsPlugin of HideIngredientsFromTagsPlugin [roughlyenoughitems]/"
[11:47:03] [REI-ReloadPlugins/TRACE] [REI] [REIClientPlugin START] Reloading Section: "reloadable-plugin/InputMethodRegistryImpl/HideIngredientsFromTagsPlugin of HideIngredientsFromTagsPlugin [roughlyenoughitems]/" done in 11.98 μs
[11:47:03] [REI-ReloadPlugins/TRACE] [REI] [REIClientPlugin START] Reloading Section: "reloadable-plugin/InputMethodRegistryImpl/DefaultClientRuntimePlugin of DefaultClientRuntimePlugin [roughlyenoughitems]/"
[11:47:03] [REI-ReloadPlugins/TRACE] [REI] [REIClientPlugin START] Reloading Section: "reloadable-plugin/InputMethodRegistryImpl/DefaultClientRuntimePlugin of DefaultClientRuntimePlugin [roughlyenoughitems]/" done in 11.54 μs
[11:47:03] [REI-ReloadPlugins/TRACE] [REI] [REIClientPlugin START] Reloading Section: "reloadable-plugin/InputMethodRegistryImpl/" done in 140.7 μs
[11:47:03] [REI-ReloadPlugins/TRACE] [REI] [REIClientPlugin START] Reloading Section: "reloadable-plugin/SearchProviderImpl/"
[11:47:03] [REI-ReloadPlugins/TRACE] [REI] [REIClientPlugin START] Reloading Section: "reloadable-plugin/SearchProviderImpl/DefaultClientPluginImpl of DefaultClientPluginImpl [roughlyenoughitems]/"
[11:47:03] [REI-ReloadPlugins/TRACE] [REI] [REIClientPlugin START] Reloading Section: "reloadable-plugin/SearchProviderImpl/DefaultClientPluginImpl of DefaultClientPluginImpl [roughlyenoughitems]/" done in 18.48 μs
[11:47:03] [REI-ReloadPlugins/TRACE] [REI] [REIClientPlugin START] Reloading Section: "reloadable-plugin/SearchProviderImpl/LDLibREIPlugin of LDLibREIPlugin [ldlib2]/"
[11:47:03] [REI-ReloadPlugins/TRACE] [REI] [REIClientPlugin START] Reloading Section: "reloadable-plugin/SearchProviderImpl/LDLibREIPlugin of LDLibREIPlugin [ldlib2]/" done in 12.95 μs
[11:47:03] [REI-ReloadPlugins/TRACE] [REI] [REIClientPlugin START] Reloading Section: "reloadable-plugin/SearchProviderImpl/AE2 of AE2 [ae2]/"
[11:47:03] [REI-ReloadPlugins/TRACE] [REI] [REIClientPlugin START] Reloading Section: "reloadable-plugin/SearchProviderImpl/AE2 of AE2 [ae2]/" done in 12.09 μs
[11:47:03] [REI-ReloadPlugins/TRACE] [REI] [REIClientPlugin START] Reloading Section: "reloadable-plugin/SearchProviderImpl/HideIngredientsFromTagsPlugin of HideIngredientsFromTagsPlugin [roughlyenoughitems]/"
[11:47:03] [REI-ReloadPlugins/TRACE] [REI] [REIClientPlugin START] Reloading Section: "reloadable-plugin/SearchProviderImpl/HideIngredientsFromTagsPlugin of HideIngredientsFromTagsPlugin [roughlyenoughitems]/" done in 11.59 μs
[11:47:03] [REI-ReloadPlugins/TRACE] [REI] [REIClientPlugin START] Reloading Section: "reloadable-plugin/SearchProviderImpl/DefaultClientRuntimePlugin of DefaultClientRuntimePlugin [roughlyenoughitems]/"
[11:47:03] [REI-ReloadPlugins/TRACE] [REI] [REIClientPlugin START] Reloading Section: "reloadable-plugin/SearchProviderImpl/DefaultClientRuntimePlugin of DefaultClientRuntimePlugin [roughlyenoughitems]/" done in 11.53 μs
[11:47:03] [REI-ReloadPlugins/TRACE] [REI] [REIClientPlugin START] Reloading Section: "reloadable-plugin/SearchProviderImpl/" done in 158.0 μs
[11:47:03] [REI-ReloadPlugins/TRACE] [REI] [REIClientPlugin START] Reloading Section: "reloadable-plugin/ConfigManagerImpl/"
[11:47:03] [REI-ReloadPlugins/TRACE] [REI] [REIClientPlugin START] Reloading Section: "reloadable-plugin/ConfigManagerImpl/DefaultClientPluginImpl of DefaultClientPluginImpl [roughlyenoughitems]/"
[11:47:03] [REI-ReloadPlugins/TRACE] [REI] [REIClientPlugin START] Reloading Section: "reloadable-plugin/ConfigManagerImpl/DefaultClientPluginImpl of DefaultClientPluginImpl [roughlyenoughitems]/" done in 12.95 μs
[11:47:03] [REI-ReloadPlugins/TRACE] [REI] [REIClientPlugin START] Reloading Section: "reloadable-plugin/ConfigManagerImpl/LDLibREIPlugin of LDLibREIPlugin [ldlib2]/"
[11:47:03] [REI-ReloadPlugins/TRACE] [REI] [REIClientPlugin START] Reloading Section: "reloadable-plugin/ConfigManagerImpl/LDLibREIPlugin of LDLibREIPlugin [ldlib2]/" done in 11.44 μs
[11:47:03] [REI-ReloadPlugins/TRACE] [REI] [REIClientPlugin START] Reloading Section: "reloadable-plugin/ConfigManagerImpl/AE2 of AE2 [ae2]/"
[11:47:03] [REI-ReloadPlugins/TRACE] [REI] [REIClientPlugin START] Reloading Section: "reloadable-plugin/ConfigManagerImpl/AE2 of AE2 [ae2]/" done in 11.44 μs
[11:47:03] [REI-ReloadPlugins/TRACE] [REI] [REIClientPlugin START] Reloading Section: "reloadable-plugin/ConfigManagerImpl/HideIngredientsFromTagsPlugin of HideIngredientsFromTagsPlugin [roughlyenoughitems]/"
[11:47:03] [REI-ReloadPlugins/TRACE] [REI] [REIClientPlugin START] Reloading Section: "reloadable-plugin/ConfigManagerImpl/HideIngredientsFromTagsPlugin of HideIngredientsFromTagsPlugin [roughlyenoughitems]/" done in 11.56 μs
[11:47:03] [REI-ReloadPlugins/TRACE] [REI] [REIClientPlugin START] Reloading Section: "reloadable-plugin/ConfigManagerImpl/DefaultClientRuntimePlugin of DefaultClientRuntimePlugin [roughlyenoughitems]/"
[11:47:03] [REI-ReloadPlugins/TRACE] [REI] [REIClientPlugin START] Reloading Section: "reloadable-plugin/ConfigManagerImpl/DefaultClientRuntimePlugin of DefaultClientRuntimePlugin [roughlyenoughitems]/" done in 14.20 μs
[11:47:03] [REI-ReloadPlugins/TRACE] [REI] [REIClientPlugin START] Reloading Section: "reloadable-plugin/ConfigManagerImpl/" done in 129.9 μs
[11:47:03] [REI-ReloadPlugins/TRACE] [REI] [REIClientPlugin START] Reloading Section: "reloadable-plugin/EntryRegistryImpl/"
[11:47:03] [REI-ReloadPlugins/TRACE] [REI] [REIClientPlugin START] Reloading Section: "reloadable-plugin/EntryRegistryImpl/DefaultClientPluginImpl of DefaultClientPluginImpl [roughlyenoughitems]/"
[11:47:03] [Render thread/DEBUG] [REI] Starting Reload Plugins of stage END
java.lang.Throwable
	at TRANSFORMER/roughlyenoughitems@16.0.799/me.shedaniel.rei.impl.common.plugins.ReloadManagerImpl.reloadPlugins(ReloadManagerImpl.java:110)
	at TRANSFORMER/roughlyenoughitems@16.0.799/me.shedaniel.rei.RoughlyEnoughItemsCoreClient.reloadPlugins(RoughlyEnoughItemsCoreClient.java:478)
	at TRANSFORMER/roughlyenoughitems@16.0.799/me.shedaniel.rei.RoughlyEnoughItemsCoreClient.reloadPlugins(RoughlyEnoughItemsCoreClient.java:465)
	at TRANSFORMER/roughlyenoughitems@16.0.799/me.shedaniel.rei.RoughlyEnoughItemsCoreClient.lambda$registerEvents$10(RoughlyEnoughItemsCoreClient.java:315)
	at TRANSFORMER/architectury@13.0.8/dev.architectury.event.forge.EventHandlerImplClient.event(EventHandlerImplClient.java:176)
	at MC-BOOTSTRAP/net.neoforged.bus/net.neoforged.bus.EventBus.post(EventBus.java:360)
	at MC-BOOTSTRAP/net.neoforged.bus/net.neoforged.bus.EventBus.post(EventBus.java:328)
	at TRANSFORMER/neoforge@21.1.231/net.neoforged.neoforge.client.ClientHooks.onRecipesUpdated(ClientHooks.java:664)
	at TRANSFORMER/minecraft@1.21.1/net.minecraft.client.multiplayer.ClientPacketListener.handleUpdateRecipes(ClientPacketListener.java:1506)
	at TRANSFORMER/minecraft@1.21.1/net.minecraft.network.protocol.game.ClientboundUpdateRecipesPacket.handle(ClientboundUpdateRecipesPacket.java:32)
	at TRANSFORMER/minecraft@1.21.1/net.minecraft.network.protocol.game.ClientboundUpdateRecipesPacket.handle(ClientboundUpdateRecipesPacket.java:13)
	at TRANSFORMER/minecraft@1.21.1/net.minecraft.network.protocol.PacketUtils.lambda$ensureRunningOnSameThread$0(PacketUtils.java:27)
	at TRANSFORMER/minecraft@1.21.1/net.minecraft.util.thread.BlockableEventLoop.doRunTask(BlockableEventLoop.java:148)
	at TRANSFORMER/minecraft@1.21.1/net.minecraft.util.thread.ReentrantBlockableEventLoop.doRunTask(ReentrantBlockableEventLoop.java:23)
	at TRANSFORMER/minecraft@1.21.1/net.minecraft.util.thread.BlockableEventLoop.pollTask(BlockableEventLoop.java:122)
	at TRANSFORMER/minecraft@1.21.1/net.minecraft.util.thread.BlockableEventLoop.runAllTasks(BlockableEventLoop.java:111)
	at TRANSFORMER/minecraft@1.21.1/net.minecraft.client.Minecraft.runTick(Minecraft.java:1155)
	at TRANSFORMER/minecraft@1.21.1/net.minecraft.client.Minecraft.run(Minecraft.java:807)
	at TRANSFORMER/minecraft@1.21.1/net.minecraft.client.main.Main.main(Main.java:230)
	at java.base/jdk.internal.reflect.DirectMethodHandleAccessor.invoke(DirectMethodHandleAccessor.java:103)
	at java.base/java.lang.reflect.Method.invoke(Method.java:580)
	at MC-BOOTSTRAP/fml_loader@4.0.42/net.neoforged.fml.loading.targets.CommonLaunchHandler.runTarget(CommonLaunchHandler.java:136)
	at MC-BOOTSTRAP/fml_loader@4.0.42/net.neoforged.fml.loading.targets.CommonLaunchHandler.clientService(CommonLaunchHandler.java:124)
	at MC-BOOTSTRAP/fml_loader@4.0.42/net.neoforged.fml.loading.targets.CommonClientLaunchHandler.runService(CommonClientLaunchHandler.java:32)
	at MC-BOOTSTRAP/fml_loader@4.0.42/net.neoforged.fml.loading.targets.CommonLaunchHandler.lambda$launchService$4(CommonLaunchHandler.java:118)
	at MC-BOOTSTRAP/cpw.mods.modlauncher@11.0.5/cpw.mods.modlauncher.LaunchServiceHandlerDecorator.launch(LaunchServiceHandlerDecorator.java:30)
	at MC-BOOTSTRAP/cpw.mods.modlauncher@11.0.5/cpw.mods.modlauncher.LaunchServiceHandler.launch(LaunchServiceHandler.java:53)
	at MC-BOOTSTRAP/cpw.mods.modlauncher@11.0.5/cpw.mods.modlauncher.LaunchServiceHandler.launch(LaunchServiceHandler.java:71)
	at MC-BOOTSTRAP/cpw.mods.modlauncher@11.0.5/cpw.mods.modlauncher.Launcher.run(Launcher.java:103)
	at MC-BOOTSTRAP/cpw.mods.modlauncher@11.0.5/cpw.mods.modlauncher.Launcher.main(Launcher.java:74)
	at MC-BOOTSTRAP/cpw.mods.modlauncher@11.0.5/cpw.mods.modlauncher.BootstrapLaunchConsumer.accept(BootstrapLaunchConsumer.java:26)
	at MC-BOOTSTRAP/cpw.mods.modlauncher@11.0.5/cpw.mods.modlauncher.BootstrapLaunchConsumer.accept(BootstrapLaunchConsumer.java:23)
	at cpw.mods.bootstraplauncher@2.0.2/cpw.mods.bootstraplauncher.BootstrapLauncher.run(BootstrapLauncher.java:210)
	at cpw.mods.bootstraplauncher@2.0.2/cpw.mods.bootstraplauncher.BootstrapLauncher.main(BootstrapLauncher.java:69)
	at java.base/jdk.internal.reflect.DirectMethodHandleAccessor.invoke(DirectMethodHandleAccessor.java:103)
	at java.base/java.lang.reflect.Method.invoke(Method.java:580)
	at io.github.zekerzhayard.forgewrapper.installer.Main.main(Main.java:67)
	at org.prismlauncher.launcher.impl.StandardLauncher.launch(StandardLauncher.java:115)
	at org.prismlauncher.EntryPoint.listen(EntryPoint.java:129)
	at org.prismlauncher.EntryPoint.main(EntryPoint.java:70)
[11:47:03] [Render thread/WARN] [REI] Found 1 existing reload task(s) after trying to terminate them!
[11:47:03] [REI-ReloadPlugins/TRACE] [REI] Registered 4460 entries from plugin DefaultClientPluginImpl
[11:47:03] [REI-ReloadPlugins/TRACE] [REI] [REIClientPlugin START] Reloading Section: "reloadable-plugin/EntryRegistryImpl/DefaultClientPluginImpl of DefaultClientPluginImpl [roughlyenoughitems]/" done in 41.17 ms
[11:47:03] [REI-ReloadPlugins/TRACE] [REI] [REIClientPlugin START] Reloading Section: "reloadable-plugin/EntryRegistryImpl/LDLibREIPlugin of LDLibREIPlugin [ldlib2]/"
[11:47:03] [REI-ReloadPlugins/TRACE] [REI] Registered 0 entries from plugin LDLibREIPlugin
[11:47:03] [REI-ReloadPlugins/TRACE] [REI] [REIClientPlugin START] Reloading Section: "reloadable-plugin/EntryRegistryImpl/LDLibREIPlugin of LDLibREIPlugin [ldlib2]/" done in 40.38 μs
[11:47:03] [REI-ReloadPlugins/TRACE] [REI] [REIClientPlugin START] Reloading Section: "reloadable-plugin/EntryRegistryImpl/AE2 of AE2 [ae2]/"
[11:47:03] [REI-ReloadPlugins/TRACE] [REI] Registered -94 entries from plugin AE2
[11:47:03] [REI-ReloadPlugins/TRACE] [REI] [REIClientPlugin START] Reloading Section: "reloadable-plugin/EntryRegistryImpl/AE2 of AE2 [ae2]/" done in 5.750 ms
[11:47:03] [REI-ReloadPlugins/TRACE] [REI] [REIClientPlugin START] Reloading Section: "reloadable-plugin/EntryRegistryImpl/HideIngredientsFromTagsPlugin of HideIngredientsFromTagsPlugin [roughlyenoughitems]/"
[11:47:03] [REI-ReloadPlugins/TRACE] [REI] Registered 0 entries from plugin HideIngredientsFromTagsPlugin
[11:47:03] [REI-ReloadPlugins/TRACE] [REI] [REIClientPlugin START] Reloading Section: "reloadable-plugin/EntryRegistryImpl/HideIngredientsFromTagsPlugin of HideIngredientsFromTagsPlugin [roughlyenoughitems]/" done in 36.93 μs
[11:47:03] [REI-ReloadPlugins/TRACE] [REI] [REIClientPlugin START] Reloading Section: "reloadable-plugin/EntryRegistryImpl/DefaultClientRuntimePlugin of DefaultClientRuntimePlugin [roughlyenoughitems]/"
[11:47:03] [REI-ReloadPlugins/TRACE] [REI] Registered 0 entries from plugin DefaultClientRuntimePlugin
[11:47:03] [REI-ReloadPlugins/TRACE] [REI] [REIClientPlugin START] Reloading Section: "reloadable-plugin/EntryRegistryImpl/DefaultClientRuntimePlugin of DefaultClientRuntimePlugin [roughlyenoughitems]/" done in 61.13 μs
[11:47:03] [REI-ReloadPlugins/TRACE] [REI] [REIClientPlugin START] Reloading Section: "reloadable-plugin/EntryRegistryImpl/" done in 47.30 ms
[11:47:03] [REI-ReloadPlugins/TRACE] [REI] [REIClientPlugin START] Reloading Section: "reloadable-plugin/CollapsibleEntryRegistryImpl/"
[11:47:03] [REI-ReloadPlugins/TRACE] [REI] [REIClientPlugin START] Reloading Section: "reloadable-plugin/CollapsibleEntryRegistryImpl/DefaultClientPluginImpl of DefaultClientPluginImpl [roughlyenoughitems]/"
[11:47:03] [REI-ReloadPlugins/TRACE] [REI] [REIClientPlugin START] Reloading Section: "reloadable-plugin/CollapsibleEntryRegistryImpl/DefaultClientPluginImpl of DefaultClientPluginImpl [roughlyenoughitems]/" done in 27.72 μs
[11:47:03] [REI-ReloadPlugins/TRACE] [REI] [REIClientPlugin START] Reloading Section: "reloadable-plugin/CollapsibleEntryRegistryImpl/LDLibREIPlugin of LDLibREIPlugin [ldlib2]/"
[11:47:03] [REI-ReloadPlugins/TRACE] [REI] [REIClientPlugin START] Reloading Section: "reloadable-plugin/CollapsibleEntryRegistryImpl/LDLibREIPlugin of LDLibREIPlugin [ldlib2]/" done in 12.27 μs
[11:47:03] [REI-ReloadPlugins/TRACE] [REI] [REIClientPlugin START] Reloading Section: "reloadable-plugin/CollapsibleEntryRegistryImpl/AE2 of AE2 [ae2]/"
[11:47:03] [REI-ReloadPlugins/TRACE] [REI] [REIClientPlugin START] Reloading Section: "reloadable-plugin/CollapsibleEntryRegistryImpl/AE2 of AE2 [ae2]/" done in 11.55 μs
[11:47:03] [REI-ReloadPlugins/TRACE] [REI] [REIClientPlugin START] Reloading Section: "reloadable-plugin/CollapsibleEntryRegistryImpl/HideIngredientsFromTagsPlugin of HideIngredientsFromTagsPlugin [roughlyenoughitems]/"
[11:47:03] [REI-ReloadPlugins/TRACE] [REI] [REIClientPlugin START] Reloading Section: "reloadable-plugin/CollapsibleEntryRegistryImpl/HideIngredientsFromTagsPlugin of HideIngredientsFromTagsPlugin [roughlyenoughitems]/" done in 11.31 μs
[11:47:03] [REI-ReloadPlugins/TRACE] [REI] [REIClientPlugin START] Reloading Section: "reloadable-plugin/CollapsibleEntryRegistryImpl/DefaultClientRuntimePlugin of DefaultClientRuntimePlugin [roughlyenoughitems]/"
[11:47:03] [REI-ReloadPlugins/TRACE] [REI] [REIClientPlugin START] Reloading Section: "reloadable-plugin/CollapsibleEntryRegistryImpl/DefaultClientRuntimePlugin of DefaultClientRuntimePlugin [roughlyenoughitems]/" done in 11.24 μs
[11:47:03] [REI-ReloadPlugins/TRACE] [REI] [REIClientPlugin START] Reloading Section: "reloadable-plugin/CollapsibleEntryRegistryImpl/" done in 166.5 μs
[11:47:03] [REI-ReloadPlugins/TRACE] [REI] [REIClientPlugin START] Reloading Section: "reloadable-plugin/BasicFilteringRuleImpl/"
[11:47:03] [REI-ReloadPlugins/TRACE] [REI] [REIClientPlugin START] Reloading Section: "reloadable-plugin/BasicFilteringRuleImpl/DefaultClientPluginImpl of DefaultClientPluginImpl [roughlyenoughitems]/"
[11:47:03] [REI-ReloadPlugins/TRACE] [REI] [REIClientPlugin START] Reloading Section: "reloadable-plugin/BasicFilteringRuleImpl/DefaultClientPluginImpl of DefaultClientPluginImpl [roughlyenoughitems]/" done in 20.48 μs
[11:47:03] [REI-ReloadPlugins/TRACE] [REI] [REIClientPlugin START] Reloading Section: "reloadable-plugin/BasicFilteringRuleImpl/LDLibREIPlugin of LDLibREIPlugin [ldlib2]/"
[11:47:03] [REI-ReloadPlugins/TRACE] [REI] [REIClientPlugin START] Reloading Section: "reloadable-plugin/BasicFilteringRuleImpl/LDLibREIPlugin of LDLibREIPlugin [ldlib2]/" done in 12.08 μs
[11:47:03] [REI-ReloadPlugins/TRACE] [REI] [REIClientPlugin START] Reloading Section: "reloadable-plugin/BasicFilteringRuleImpl/AE2 of AE2 [ae2]/"
[11:47:03] [REI-ReloadPlugins/TRACE] [REI] [REIClientPlugin START] Reloading Section: "reloadable-plugin/BasicFilteringRuleImpl/AE2 of AE2 [ae2]/" done in 12.11 μs
[11:47:03] [REI-ReloadPlugins/TRACE] [REI] [REIClientPlugin START] Reloading Section: "reloadable-plugin/BasicFilteringRuleImpl/HideIngredientsFromTagsPlugin of HideIngredientsFromTagsPlugin [roughlyenoughitems]/"
[11:47:03] [REI-ReloadPlugins/TRACE] [REI] [REIClientPlugin START] Reloading Section: "reloadable-plugin/BasicFilteringRuleImpl/HideIngredientsFromTagsPlugin of HideIngredientsFromTagsPlugin [roughlyenoughitems]/" done in 11.21 μs
[11:47:03] [REI-ReloadPlugins/TRACE] [REI] [REIClientPlugin START] Reloading Section: "reloadable-plugin/BasicFilteringRuleImpl/DefaultClientRuntimePlugin of DefaultClientRuntimePlugin [roughlyenoughitems]/"
[11:47:03] [REI-ReloadPlugins/TRACE] [REI] [REIClientPlugin START] Reloading Section: "reloadable-plugin/BasicFilteringRuleImpl/DefaultClientRuntimePlugin of DefaultClientRuntimePlugin [roughlyenoughitems]/" done in 10.62 μs
[11:47:03] [REI-ReloadPlugins/TRACE] [REI] [REIClientPlugin START] Reloading Section: "reloadable-plugin/BasicFilteringRuleImpl/" done in 148.4 μs
[11:47:03] [REI-ReloadPlugins/TRACE] [REI] [REIClientPlugin START] Reloading Section: "reloadable-plugin/CategoryRegistryImpl/"
[11:47:03] [REI-ReloadPlugins/TRACE] [REI] [REIClientPlugin START] Reloading Section: "reloadable-plugin/CategoryRegistryImpl/DefaultClientPluginImpl of DefaultClientPluginImpl [roughlyenoughitems]/"
[11:47:03] [REI-ReloadPlugins/TRACE] [REI] [REIClientPlugin START] Reloading Section: "reloadable-plugin/CategoryRegistryImpl/DefaultClientPluginImpl of DefaultClientPluginImpl [roughlyenoughitems]/" done in 12.97 μs
[11:47:03] [REI-ReloadPlugins/TRACE] [REI] [REIClientPlugin START] Reloading Section: "reloadable-plugin/CategoryRegistryImpl/LDLibREIPlugin of LDLibREIPlugin [ldlib2]/"
[11:47:03] [REI-ReloadPlugins/TRACE] [REI] [REIClientPlugin START] Reloading Section: "reloadable-plugin/CategoryRegistryImpl/LDLibREIPlugin of LDLibREIPlugin [ldlib2]/" done in 11.83 μs
[11:47:03] [REI-ReloadPlugins/TRACE] [REI] [REIClientPlugin START] Reloading Section: "reloadable-plugin/CategoryRegistryImpl/AE2 of AE2 [ae2]/"
[11:47:03] [REI-ReloadPlugins/TRACE] [REI] [REIClientPlugin START] Reloading Section: "reloadable-plugin/CategoryRegistryImpl/AE2 of AE2 [ae2]/" done in 11.25 μs
[11:47:03] [REI-ReloadPlugins/TRACE] [REI] [REIClientPlugin START] Reloading Section: "reloadable-plugin/CategoryRegistryImpl/HideIngredientsFromTagsPlugin of HideIngredientsFromTagsPlugin [roughlyenoughitems]/"
[11:47:03] [REI-ReloadPlugins/TRACE] [REI] [REIClientPlugin START] Reloading Section: "reloadable-plugin/CategoryRegistryImpl/HideIngredientsFromTagsPlugin of HideIngredientsFromTagsPlugin [roughlyenoughitems]/" done in 12.31 μs
[11:47:03] [REI-ReloadPlugins/TRACE] [REI] [REIClientPlugin START] Reloading Section: "reloadable-plugin/CategoryRegistryImpl/DefaultClientRuntimePlugin of DefaultClientRuntimePlugin [roughlyenoughitems]/"
[11:47:03] [REI-ReloadPlugins/TRACE] [REI] [REIClientPlugin START] Reloading Section: "reloadable-plugin/CategoryRegistryImpl/DefaultClientRuntimePlugin of DefaultClientRuntimePlugin [roughlyenoughitems]/" done in 11.31 μs
[11:47:03] [REI-ReloadPlugins/TRACE] [REI] [REIClientPlugin START] Reloading Section: "reloadable-plugin/CategoryRegistryImpl/" done in 128.3 μs
[11:47:03] [REI-ReloadPlugins/TRACE] [REI] [REIClientPlugin START] Reloading Section: "reloadable-plugin/DisplayRegistryImpl/"
[11:47:03] [REI-ReloadPlugins/TRACE] [REI] [REIClientPlugin START] Reloading Section: "reloadable-plugin/DisplayRegistryImpl/DefaultClientPluginImpl of DefaultClientPluginImpl [roughlyenoughitems]/"
[11:47:03] [REI-ReloadPlugins/TRACE] [REI] [REIClientPlugin START] Reloading Section: "reloadable-plugin/DisplayRegistryImpl/DefaultClientPluginImpl of DefaultClientPluginImpl [roughlyenoughitems]/" done in 11.86 μs
[11:47:03] [REI-ReloadPlugins/TRACE] [REI] [REIClientPlugin START] Reloading Section: "reloadable-plugin/DisplayRegistryImpl/LDLibREIPlugin of LDLibREIPlugin [ldlib2]/"
[11:47:03] [REI-ReloadPlugins/TRACE] [REI] [REIClientPlugin START] Reloading Section: "reloadable-plugin/DisplayRegistryImpl/LDLibREIPlugin of LDLibREIPlugin [ldlib2]/" done in 11.14 μs
[11:47:03] [REI-ReloadPlugins/TRACE] [REI] [REIClientPlugin START] Reloading Section: "reloadable-plugin/DisplayRegistryImpl/AE2 of AE2 [ae2]/"
[11:47:03] [REI-ReloadPlugins/TRACE] [REI] [REIClientPlugin START] Reloading Section: "reloadable-plugin/DisplayRegistryImpl/AE2 of AE2 [ae2]/" done in 15.68 μs
[11:47:03] [REI-ReloadPlugins/TRACE] [REI] [REIClientPlugin START] Reloading Section: "reloadable-plugin/DisplayRegistryImpl/HideIngredientsFromTagsPlugin of HideIngredientsFromTagsPlugin [roughlyenoughitems]/"
[11:47:03] [REI-ReloadPlugins/TRACE] [REI] [REIClientPlugin START] Reloading Section: "reloadable-plugin/DisplayRegistryImpl/HideIngredientsFromTagsPlugin of HideIngredientsFromTagsPlugin [roughlyenoughitems]/" done in 10.34 μs
[11:47:03] [REI-ReloadPlugins/TRACE] [REI] [REIClientPlugin START] Reloading Section: "reloadable-plugin/DisplayRegistryImpl/DefaultClientRuntimePlugin of DefaultClientRuntimePlugin [roughlyenoughitems]/"
[11:47:03] [REI-ReloadPlugins/TRACE] [REI] [REIClientPlugin START] Reloading Section: "reloadable-plugin/DisplayRegistryImpl/DefaultClientRuntimePlugin of DefaultClientRuntimePlugin [roughlyenoughitems]/" done in 14.93 μs
[11:47:03] [REI-ReloadPlugins/TRACE] [REI] [REIClientPlugin START] Reloading Section: "reloadable-plugin/DisplayRegistryImpl/" done in 127.5 μs
[11:47:03] [REI-ReloadPlugins/TRACE] [REI] [REIClientPlugin START] Reloading Section: "reloadable-plugin/ScreenRegistryImpl/"
[11:47:03] [REI-ReloadPlugins/TRACE] [REI] [REIClientPlugin START] Reloading Section: "reloadable-plugin/ScreenRegistryImpl/DefaultClientPluginImpl of DefaultClientPluginImpl [roughlyenoughitems]/"
[11:47:03] [REI-ReloadPlugins/DEBUG] [REI] Added click area provider for net.minecraft.client.gui.screens.inventory.CraftingScreen: me.shedaniel.rei.api.client.registry.screen.SimpleClickArea$$Lambda/0x0000000802732dc0@77bd6795
[11:47:03] [REI-ReloadPlugins/DEBUG] [REI] Added click area provider for net.minecraft.client.gui.screens.inventory.InventoryScreen: me.shedaniel.rei.api.client.registry.screen.SimpleClickArea$$Lambda/0x0000000802732dc0@3c3695a1
[11:47:03] [REI-ReloadPlugins/DEBUG] [REI] Added click area provider for net.minecraft.client.gui.screens.inventory.BrewingStandScreen: me.shedaniel.rei.api.client.registry.screen.SimpleClickArea$$Lambda/0x0000000802732dc0@2728c2c4
[11:47:03] [REI-ReloadPlugins/DEBUG] [REI] Added click area provider for net.minecraft.client.gui.screens.inventory.FurnaceScreen: me.shedaniel.rei.api.client.registry.screen.SimpleClickArea$$Lambda/0x0000000802732dc0@730d873b
[11:47:03] [REI-ReloadPlugins/DEBUG] [REI] Added click area provider for net.minecraft.client.gui.screens.inventory.SmokerScreen: me.shedaniel.rei.api.client.registry.screen.SimpleClickArea$$Lambda/0x0000000802732dc0@6f10d700
[11:47:03] [REI-ReloadPlugins/DEBUG] [REI] Added click area provider for net.minecraft.client.gui.screens.inventory.BlastFurnaceScreen: me.shedaniel.rei.api.client.registry.screen.SimpleClickArea$$Lambda/0x0000000802732dc0@6703dcde
[11:47:03] [REI-ReloadPlugins/DEBUG] [REI] Added exclusion zones provider: me.shedaniel.rei.plugin.client.exclusionzones.DefaultPotionEffectExclusionZones@197777a7 for net.minecraft.client.gui.screens.inventory.EffectRenderingInventoryScreen
[11:47:03] [REI-ReloadPlugins/DEBUG] [REI] Added exclusion zones provider: me.shedaniel.rei.plugin.client.exclusionzones.DefaultRecipeBookExclusionZones@92adcaa for net.minecraft.client.gui.screens.recipebook.RecipeUpdateListener
[11:47:03] [REI-ReloadPlugins/TRACE] [REI] [REIClientPlugin START] Reloading Section: "reloadable-plugin/ScreenRegistryImpl/DefaultClientPluginImpl of DefaultClientPluginImpl [roughlyenoughitems]/" done in 147.4 μs
[11:47:03] [REI-ReloadPlugins/TRACE] [REI] [REIClientPlugin START] Reloading Section: "reloadable-plugin/ScreenRegistryImpl/LDLibREIPlugin of LDLibREIPlugin [ldlib2]/"
[11:47:03] [REI-ReloadPlugins/DEBUG] [REI] Added focused stack provider: com.lowdragmc.lowdraglib2.integration.xei.rei.ModularUIREIHandlers$$Lambda/0x0000000802733c98@661f1e0b [0.00 priority]
[11:47:03] [REI-ReloadPlugins/DEBUG] [REI] Added draggable component visitor: com.lowdragmc.lowdraglib2.integration.xei.rei.ModularUIREIHandlers$1@1da47fc8 [0.00 priority]
[11:47:03] [REI-ReloadPlugins/DEBUG] [REI] Added exclusion zones provider: com.lowdragmc.lowdraglib2.integration.xei.rei.ModularUIREIHandlers$$Lambda/0x0000000802733a88@fa458c8 for net.minecraft.client.gui.screens.Screen
[11:47:03] [REI-ReloadPlugins/TRACE] [REI] [REIClientPlugin START] Reloading Section: "reloadable-plugin/ScreenRegistryImpl/LDLibREIPlugin of LDLibREIPlugin [ldlib2]/" done in 74.65 μs
[11:47:03] [REI-ReloadPlugins/TRACE] [REI] [REIClientPlugin START] Reloading Section: "reloadable-plugin/ScreenRegistryImpl/AE2 of AE2 [ae2]/"
[11:47:03] [REI-ReloadPlugins/DEBUG] [REI] Added draggable component visitor: appeng.integration.modules.rei.GhostIngredientHandler@4d18a55d [0.00 priority]
[11:47:03] [REI-ReloadPlugins/DEBUG] [REI] Added focused stack provider: appeng.integration.modules.rei.ReiPlugin$$Lambda/0x00000008027365f0@2d1434a1 [0.00 priority]
[11:47:03] [REI-ReloadPlugins/DEBUG] [REI] Added click area provider for appeng.client.gui.implementations.InscriberScreen: me.shedaniel.rei.api.client.registry.screen.SimpleClickArea$$Lambda/0x0000000802732dc0@d34ab4b
[11:47:03] [REI-ReloadPlugins/DEBUG] [REI] Added exclusion zones provider: appeng.integration.modules.rei.ReiPlugin$$Lambda/0x0000000802736d38@3dea961b for appeng.client.gui.AEBaseScreen
[11:47:03] [REI-ReloadPlugins/TRACE] [REI] [REIClientPlugin START] Reloading Section: "reloadable-plugin/ScreenRegistryImpl/AE2 of AE2 [ae2]/" done in 85.84 μs
[11:47:03] [REI-ReloadPlugins/TRACE] [REI] [REIClientPlugin START] Reloading Section: "reloadable-plugin/ScreenRegistryImpl/HideIngredientsFromTagsPlugin of HideIngredientsFromTagsPlugin [roughlyenoughitems]/"
[11:47:03] [REI-ReloadPlugins/TRACE] [REI] [REIClientPlugin START] Reloading Section: "reloadable-plugin/ScreenRegistryImpl/HideIngredientsFromTagsPlugin of HideIngredientsFromTagsPlugin [roughlyenoughitems]/" done in 12.90 μs
[11:47:03] [REI-ReloadPlugins/TRACE] [REI] [REIClientPlugin START] Reloading Section: "reloadable-plugin/ScreenRegistryImpl/DefaultClientRuntimePlugin of DefaultClientRuntimePlugin [roughlyenoughitems]/"
[11:47:03] [REI-ReloadPlugins/DEBUG] [REI] Added exclusion zones provider: me.shedaniel.rei.plugin.client.runtime.DefaultClientRuntimePlugin$$Lambda/0x0000000802736f48@5a32b88f for me.shedaniel.rei.impl.client.gui.screen.DefaultDisplayViewingScreen
[11:47:03] [REI-ReloadPlugins/DEBUG] [REI] Added exclusion zones provider: me.shedaniel.rei.plugin.client.runtime.DefaultClientRuntimePlugin$$Lambda/0x0000000802737158@1ea10fa7 for net.minecraft.client.gui.screens.Screen
[11:47:03] [REI-ReloadPlugins/DEBUG] [REI] Added draggable component provider: me.shedaniel.rei.api.client.gui.drag.component.DraggableComponentProviderWidget$1@1cacef0e [0.00 priority]
[11:47:03] [REI-ReloadPlugins/DEBUG] [REI] Added draggable component visitor: me.shedaniel.rei.api.client.gui.drag.component.DraggableComponentVisitorWidget$2@6933a7f1 [0.00 priority]
[11:47:03] [REI-ReloadPlugins/TRACE] [REI] [REIClientPlugin START] Reloading Section: "reloadable-plugin/ScreenRegistryImpl/DefaultClientRuntimePlugin of DefaultClientRuntimePlugin [roughlyenoughitems]/" done in 154.8 μs
[11:47:03] [REI-ReloadPlugins/TRACE] [REI] [REIClientPlugin START] Reloading Section: "reloadable-plugin/ScreenRegistryImpl/" done in 577.9 μs
[11:47:03] [REI-ReloadPlugins/TRACE] [REI] [REIClientPlugin START] Reloading Section: "reloadable-plugin/FavoriteEntryTypeRegistryImpl/"
[11:47:03] [REI-ReloadPlugins/TRACE] [REI] [REIClientPlugin START] Reloading Section: "reloadable-plugin/FavoriteEntryTypeRegistryImpl/DefaultClientPluginImpl of DefaultClientPluginImpl [roughlyenoughitems]/"
[11:47:03] [REI-ReloadPlugins/DEBUG] [REI] Added favorite entry type [roughlyenoughitems:gamemode]: INSTANCE
[11:47:03] [REI-ReloadPlugins/DEBUG] [REI] Added favorite entry type [roughlyenoughitems:weather]: INSTANCE
[11:47:03] [REI-ReloadPlugins/DEBUG] [REI] Added favorite entry type [roughlyenoughitems:time]: INSTANCE
[11:47:03] [REI-ReloadPlugins/TRACE] [REI] [REIClientPlugin START] Reloading Section: "reloadable-plugin/FavoriteEntryTypeRegistryImpl/DefaultClientPluginImpl of DefaultClientPluginImpl [roughlyenoughitems]/" done in 297.8 μs
[11:47:03] [REI-ReloadPlugins/TRACE] [REI] [REIClientPlugin START] Reloading Section: "reloadable-plugin/FavoriteEntryTypeRegistryImpl/LDLibREIPlugin of LDLibREIPlugin [ldlib2]/"
[11:47:03] [REI-ReloadPlugins/TRACE] [REI] [REIClientPlugin START] Reloading Section: "reloadable-plugin/FavoriteEntryTypeRegistryImpl/LDLibREIPlugin of LDLibREIPlugin [ldlib2]/" done in 18.37 μs
[11:47:03] [REI-ReloadPlugins/TRACE] [REI] [REIClientPlugin START] Reloading Section: "reloadable-plugin/FavoriteEntryTypeRegistryImpl/AE2 of AE2 [ae2]/"
[11:47:03] [REI-ReloadPlugins/TRACE] [REI] [REIClientPlugin START] Reloading Section: "reloadable-plugin/FavoriteEntryTypeRegistryImpl/AE2 of AE2 [ae2]/" done in 12.41 μs
[11:47:03] [REI-ReloadPlugins/TRACE] [REI] [REIClientPlugin START] Reloading Section: "reloadable-plugin/FavoriteEntryTypeRegistryImpl/HideIngredientsFromTagsPlugin of HideIngredientsFromTagsPlugin [roughlyenoughitems]/"
[11:47:03] [REI-ReloadPlugins/TRACE] [REI] [REIClientPlugin START] Reloading Section: "reloadable-plugin/FavoriteEntryTypeRegistryImpl/HideIngredientsFromTagsPlugin of HideIngredientsFromTagsPlugin [roughlyenoughitems]/" done in 9.157 μs
[11:47:03] [REI-ReloadPlugins/TRACE] [REI] [REIClientPlugin START] Reloading Section: "reloadable-plugin/FavoriteEntryTypeRegistryImpl/DefaultClientRuntimePlugin of DefaultClientRuntimePlugin [roughlyenoughitems]/"
[11:47:03] [REI-ReloadPlugins/DEBUG] [REI] Added favorite entry type [roughlyenoughitems:entry_stack]: INSTANCE
[11:47:03] [REI-ReloadPlugins/DEBUG] [REI] Added favorite entry type [roughlyenoughitems:display]: INSTANCE
[11:47:03] [REI-ReloadPlugins/TRACE] [REI] [REIClientPlugin START] Reloading Section: "reloadable-plugin/FavoriteEntryTypeRegistryImpl/DefaultClientRuntimePlugin of DefaultClientRuntimePlugin [roughlyenoughitems]/" done in 33.92 μs
[11:47:03] [REI-ReloadPlugins/TRACE] [REI] [REIClientPlugin START] Reloading Section: "reloadable-plugin/FavoriteEntryTypeRegistryImpl/" done in 501.5 μs
[11:47:03] [REI-ReloadPlugins/TRACE] [REI] [REIClientPlugin START] Reloading Section: "reloadable-plugin/SubsetsRegistryImpl/"
[11:47:03] [REI-ReloadPlugins/TRACE] [REI] [REIClientPlugin START] Reloading Section: "reloadable-plugin/SubsetsRegistryImpl/DefaultClientPluginImpl of DefaultClientPluginImpl [roughlyenoughitems]/"
[11:47:03] [REI-ReloadPlugins/TRACE] [REI] [REIClientPlugin START] Reloading Section: "reloadable-plugin/SubsetsRegistryImpl/DefaultClientPluginImpl of DefaultClientPluginImpl [roughlyenoughitems]/" done in 8.131 μs
[11:47:03] [REI-ReloadPlugins/TRACE] [REI] [REIClientPlugin START] Reloading Section: "reloadable-plugin/SubsetsRegistryImpl/LDLibREIPlugin of LDLibREIPlugin [ldlib2]/"
[11:47:03] [REI-ReloadPlugins/TRACE] [REI] [REIClientPlugin START] Reloading Section: "reloadable-plugin/SubsetsRegistryImpl/LDLibREIPlugin of LDLibREIPlugin [ldlib2]/" done in 5.182 μs
[11:47:03] [REI-ReloadPlugins/TRACE] [REI] [REIClientPlugin START] Reloading Section: "reloadable-plugin/SubsetsRegistryImpl/AE2 of AE2 [ae2]/"
[11:47:03] [REI-ReloadPlugins/TRACE] [REI] [REIClientPlugin START] Reloading Section: "reloadable-plugin/SubsetsRegistryImpl/AE2 of AE2 [ae2]/" done in 5.026 μs
[11:47:03] [REI-ReloadPlugins/TRACE] [REI] [REIClientPlugin START] Reloading Section: "reloadable-plugin/SubsetsRegistryImpl/HideIngredientsFromTagsPlugin of HideIngredientsFromTagsPlugin [roughlyenoughitems]/"
[11:47:03] [REI-ReloadPlugins/TRACE] [REI] [REIClientPlugin START] Reloading Section: "reloadable-plugin/SubsetsRegistryImpl/HideIngredientsFromTagsPlugin of HideIngredientsFromTagsPlugin [roughlyenoughitems]/" done in 5.583 μs
[11:47:03] [REI-ReloadPlugins/TRACE] [REI] [REIClientPlugin START] Reloading Section: "reloadable-plugin/SubsetsRegistryImpl/DefaultClientRuntimePlugin of DefaultClientRuntimePlugin [roughlyenoughitems]/"
[11:47:03] [REI-ReloadPlugins/TRACE] [REI] [REIClientPlugin START] Reloading Section: "reloadable-plugin/SubsetsRegistryImpl/DefaultClientRuntimePlugin of DefaultClientRuntimePlugin [roughlyenoughitems]/" done in 4.689 μs
[11:47:03] [REI-ReloadPlugins/TRACE] [REI] [REIClientPlugin START] Reloading Section: "reloadable-plugin/SubsetsRegistryImpl/" done in 82.77 μs
[11:47:03] [REI-ReloadPlugins/TRACE] [REI] [REIClientPlugin START] Reloading Section: "reloadable-plugin/TransferHandlerRegistryImpl/"
[11:47:03] [REI-ReloadPlugins/TRACE] [REI] [REIClientPlugin START] Reloading Section: "reloadable-plugin/TransferHandlerRegistryImpl/DefaultClientPluginImpl of DefaultClientPluginImpl [roughlyenoughitems]/"
[11:47:03] [REI-ReloadPlugins/TRACE] [REI] [REIClientPlugin START] Reloading Section: "reloadable-plugin/TransferHandlerRegistryImpl/DefaultClientPluginImpl of DefaultClientPluginImpl [roughlyenoughitems]/" done in 4.748 μs
[11:47:03] [REI-ReloadPlugins/TRACE] [REI] [REIClientPlugin START] Reloading Section: "reloadable-plugin/TransferHandlerRegistryImpl/LDLibREIPlugin of LDLibREIPlugin [ldlib2]/"
[11:47:03] [REI-ReloadPlugins/TRACE] [REI] [REIClientPlugin START] Reloading Section: "reloadable-plugin/TransferHandlerRegistryImpl/LDLibREIPlugin of LDLibREIPlugin [ldlib2]/" done in 4.774 μs
[11:47:03] [REI-ReloadPlugins/TRACE] [REI] [REIClientPlugin START] Reloading Section: "reloadable-plugin/TransferHandlerRegistryImpl/AE2 of AE2 [ae2]/"
[11:47:03] [REI-ReloadPlugins/TRACE] [REI] [REIClientPlugin START] Reloading Section: "reloadable-plugin/TransferHandlerRegistryImpl/AE2 of AE2 [ae2]/" done in 4.722 μs
[11:47:03] [REI-ReloadPlugins/TRACE] [REI] [REIClientPlugin START] Reloading Section: "reloadable-plugin/TransferHandlerRegistryImpl/HideIngredientsFromTagsPlugin of HideIngredientsFromTagsPlugin [roughlyenoughitems]/"
[11:47:03] [REI-ReloadPlugins/TRACE] [REI] [REIClientPlugin START] Reloading Section: "reloadable-plugin/TransferHandlerRegistryImpl/HideIngredientsFromTagsPlugin of HideIngredientsFromTagsPlugin [roughlyenoughitems]/" done in 4.694 μs
[11:47:03] [REI-ReloadPlugins/TRACE] [REI] [REIClientPlugin START] Reloading Section: "reloadable-plugin/TransferHandlerRegistryImpl/DefaultClientRuntimePlugin of DefaultClientRuntimePlugin [roughlyenoughitems]/"
[11:47:03] [REI-ReloadPlugins/TRACE] [REI] [REIClientPlugin START] Reloading Section: "reloadable-plugin/TransferHandlerRegistryImpl/DefaultClientRuntimePlugin of DefaultClientRuntimePlugin [roughlyenoughitems]/" done in 4.554 μs
[11:47:03] [REI-ReloadPlugins/TRACE] [REI] [REIClientPlugin START] Reloading Section: "reloadable-plugin/TransferHandlerRegistryImpl/" done in 70.86 μs
[11:47:03] [REI-ReloadPlugins/TRACE] [REI] [REIClientPlugin START] Reloading Section: "reloadable-plugin/SearchRuntime/"
[11:47:03] [REI-ReloadPlugins/TRACE] [REI] [REIClientPlugin START] Reloading Section: "reloadable-plugin/SearchRuntime/DefaultClientPluginImpl of DefaultClientPluginImpl [roughlyenoughitems]/"
[11:47:03] [REI-ReloadPlugins/TRACE] [REI] [REIClientPlugin START] Reloading Section: "reloadable-plugin/SearchRuntime/DefaultClientPluginImpl of DefaultClientPluginImpl [roughlyenoughitems]/" done in 4.849 μs
[11:47:03] [REI-ReloadPlugins/TRACE] [REI] [REIClientPlugin START] Reloading Section: "reloadable-plugin/SearchRuntime/LDLibREIPlugin of LDLibREIPlugin [ldlib2]/"
[11:47:03] [REI-ReloadPlugins/TRACE] [REI] [REIClientPlugin START] Reloading Section: "reloadable-plugin/SearchRuntime/LDLibREIPlugin of LDLibREIPlugin [ldlib2]/" done in 4.873 μs
[11:47:03] [REI-ReloadPlugins/TRACE] [REI] [REIClientPlugin START] Reloading Section: "reloadable-plugin/SearchRuntime/AE2 of AE2 [ae2]/"
[11:47:03] [REI-ReloadPlugins/TRACE] [REI] [REIClientPlugin START] Reloading Section: "reloadable-plugin/SearchRuntime/AE2 of AE2 [ae2]/" done in 4.817 μs
[11:47:03] [REI-ReloadPlugins/TRACE] [REI] [REIClientPlugin START] Reloading Section: "reloadable-plugin/SearchRuntime/HideIngredientsFromTagsPlugin of HideIngredientsFromTagsPlugin [roughlyenoughitems]/"
[11:47:03] [REI-ReloadPlugins/TRACE] [REI] [REIClientPlugin START] Reloading Section: "reloadable-plugin/SearchRuntime/HideIngredientsFromTagsPlugin of HideIngredientsFromTagsPlugin [roughlyenoughitems]/" done in 4.673 μs
[11:47:03] [REI-ReloadPlugins/TRACE] [REI] [REIClientPlugin START] Reloading Section: "reloadable-plugin/SearchRuntime/DefaultClientRuntimePlugin of DefaultClientRuntimePlugin [roughlyenoughitems]/"
[11:47:03] [REI-ReloadPlugins/TRACE] [REI] [REIClientPlugin START] Reloading Section: "reloadable-plugin/SearchRuntime/DefaultClientRuntimePlugin of DefaultClientRuntimePlugin [roughlyenoughitems]/" done in 4.574 μs
[11:47:03] [REI-ReloadPlugins/TRACE] [REI] [REIClientPlugin START] Reloading Section: "reloadable-plugin/SearchRuntime/" done in 64.93 μs
[11:47:03] [REI-ReloadPlugins/TRACE] [REI] [REIClientPlugin START] Reloading Section: "reloadable-plugin/REIRuntimeImpl/"
[11:47:03] [REI-ReloadPlugins/TRACE] [REI] [REIClientPlugin START] Reloading Section: "reloadable-plugin/REIRuntimeImpl/DefaultClientPluginImpl of DefaultClientPluginImpl [roughlyenoughitems]/"
[11:47:03] [REI-ReloadPlugins/TRACE] [REI] [REIClientPlugin START] Reloading Section: "reloadable-plugin/REIRuntimeImpl/DefaultClientPluginImpl of DefaultClientPluginImpl [roughlyenoughitems]/" done in 4.911 μs
[11:47:03] [REI-ReloadPlugins/TRACE] [REI] [REIClientPlugin START] Reloading Section: "reloadable-plugin/REIRuntimeImpl/LDLibREIPlugin of LDLibREIPlugin [ldlib2]/"
[11:47:03] [REI-ReloadPlugins/TRACE] [REI] [REIClientPlugin START] Reloading Section: "reloadable-plugin/REIRuntimeImpl/LDLibREIPlugin of LDLibREIPlugin [ldlib2]/" done in 4.531 μs
[11:47:03] [REI-ReloadPlugins/TRACE] [REI] [REIClientPlugin START] Reloading Section: "reloadable-plugin/REIRuntimeImpl/AE2 of AE2 [ae2]/"
[11:47:03] [REI-ReloadPlugins/TRACE] [REI] [REIClientPlugin START] Reloading Section: "reloadable-plugin/REIRuntimeImpl/AE2 of AE2 [ae2]/" done in 4.612 μs
[11:47:03] [REI-ReloadPlugins/TRACE] [REI] [REIClientPlugin START] Reloading Section: "reloadable-plugin/REIRuntimeImpl/HideIngredientsFromTagsPlugin of HideIngredientsFromTagsPlugin [roughlyenoughitems]/"
[11:47:03] [REI-ReloadPlugins/TRACE] [REI] [REIClientPlugin START] Reloading Section: "reloadable-plugin/REIRuntimeImpl/HideIngredientsFromTagsPlugin of HideIngredientsFromTagsPlugin [roughlyenoughitems]/" done in 4.493 μs
[11:47:03] [REI-ReloadPlugins/TRACE] [REI] [REIClientPlugin START] Reloading Section: "reloadable-plugin/REIRuntimeImpl/DefaultClientRuntimePlugin of DefaultClientRuntimePlugin [roughlyenoughitems]/"
[11:47:03] [REI-ReloadPlugins/TRACE] [REI] [REIClientPlugin START] Reloading Section: "reloadable-plugin/REIRuntimeImpl/DefaultClientRuntimePlugin of DefaultClientRuntimePlugin [roughlyenoughitems]/" done in 4.493 μs
[11:47:03] [REI-ReloadPlugins/TRACE] [REI] [REIClientPlugin START] Reloading Section: "reloadable-plugin/REIRuntimeImpl/" done in 66.15 μs
[11:47:03] [REI-ReloadPlugins/TRACE] [REI] [REIClientPlugin START] Reloading Section: "reloadable-plugin/ConfigAddonRegistryImpl/"
[11:47:03] [REI-ReloadPlugins/TRACE] [REI] [REIClientPlugin START] Reloading Section: "reloadable-plugin/ConfigAddonRegistryImpl/DefaultClientPluginImpl of DefaultClientPluginImpl [roughlyenoughitems]/"
[11:47:03] [REI-ReloadPlugins/TRACE] [REI] [REIClientPlugin START] Reloading Section: "reloadable-plugin/ConfigAddonRegistryImpl/DefaultClientPluginImpl of DefaultClientPluginImpl [roughlyenoughitems]/" done in 4.526 μs
[11:47:03] [REI-ReloadPlugins/TRACE] [REI] [REIClientPlugin START] Reloading Section: "reloadable-plugin/ConfigAddonRegistryImpl/LDLibREIPlugin of LDLibREIPlugin [ldlib2]/"
[11:47:03] [REI-ReloadPlugins/TRACE] [REI] [REIClientPlugin START] Reloading Section: "reloadable-plugin/ConfigAddonRegistryImpl/LDLibREIPlugin of LDLibREIPlugin [ldlib2]/" done in 4.579 μs
[11:47:03] [REI-ReloadPlugins/TRACE] [REI] [REIClientPlugin START] Reloading Section: "reloadable-plugin/ConfigAddonRegistryImpl/AE2 of AE2 [ae2]/"
[11:47:03] [REI-ReloadPlugins/TRACE] [REI] [REIClientPlugin START] Reloading Section: "reloadable-plugin/ConfigAddonRegistryImpl/AE2 of AE2 [ae2]/" done in 4.718 μs
[11:47:03] [REI-ReloadPlugins/TRACE] [REI] [REIClientPlugin START] Reloading Section: "reloadable-plugin/ConfigAddonRegistryImpl/HideIngredientsFromTagsPlugin of HideIngredientsFromTagsPlugin [roughlyenoughitems]/"
[11:47:03] [REI-ReloadPlugins/TRACE] [REI] [REIClientPlugin START] Reloading Section: "reloadable-plugin/ConfigAddonRegistryImpl/HideIngredientsFromTagsPlugin of HideIngredientsFromTagsPlugin [roughlyenoughitems]/" done in 4.526 μs
[11:47:03] [REI-ReloadPlugins/TRACE] [REI] [REIClientPlugin START] Reloading Section: "reloadable-plugin/ConfigAddonRegistryImpl/DefaultClientRuntimePlugin of DefaultClientRuntimePlugin [roughlyenoughitems]/"
[11:47:03] [REI-ReloadPlugins/TRACE] [REI] [REIClientPlugin START] Reloading Section: "reloadable-plugin/ConfigAddonRegistryImpl/DefaultClientRuntimePlugin of DefaultClientRuntimePlugin [roughlyenoughitems]/" done in 6.129 μs
[11:47:03] [REI-ReloadPlugins/TRACE] [REI] [REIClientPlugin START] Reloading Section: "reloadable-plugin/ConfigAddonRegistryImpl/" done in 69.44 μs
[11:47:03] [REI-ReloadPlugins/TRACE] [REI] [REIClientPlugin START] Reloading Section: "reloadable-plugin/me.shedaniel.rei.plugin.client.runtime.PluginStageExecutionWatcher$1/"
[11:47:03] [REI-ReloadPlugins/TRACE] [REI] [REIClientPlugin START] Reloading Section: "reloadable-plugin/me.shedaniel.rei.plugin.client.runtime.PluginStageExecutionWatcher$1/DefaultClientPluginImpl of DefaultClientPluginImpl [roughlyenoughitems]/"
[11:47:03] [REI-ReloadPlugins/TRACE] [REI] [REIClientPlugin START] Reloading Section: "reloadable-plugin/me.shedaniel.rei.plugin.client.runtime.PluginStageExecutionWatcher$1/DefaultClientPluginImpl of DefaultClientPluginImpl [roughlyenoughitems]/" done in 5.444 μs
[11:47:03] [REI-ReloadPlugins/TRACE] [REI] [REIClientPlugin START] Reloading Section: "reloadable-plugin/me.shedaniel.rei.plugin.client.runtime.PluginStageExecutionWatcher$1/LDLibREIPlugin of LDLibREIPlugin [ldlib2]/"
[11:47:03] [REI-ReloadPlugins/TRACE] [REI] [REIClientPlugin START] Reloading Section: "reloadable-plugin/me.shedaniel.rei.plugin.client.runtime.PluginStageExecutionWatcher$1/LDLibREIPlugin of LDLibREIPlugin [ldlib2]/" done in 4.779 μs
[11:47:03] [REI-ReloadPlugins/TRACE] [REI] [REIClientPlugin START] Reloading Section: "reloadable-plugin/me.shedaniel.rei.plugin.client.runtime.PluginStageExecutionWatcher$1/AE2 of AE2 [ae2]/"
[11:47:03] [REI-ReloadPlugins/TRACE] [REI] [REIClientPlugin START] Reloading Section: "reloadable-plugin/me.shedaniel.rei.plugin.client.runtime.PluginStageExecutionWatcher$1/AE2 of AE2 [ae2]/" done in 4.530 μs
[11:47:03] [REI-ReloadPlugins/TRACE] [REI] [REIClientPlugin START] Reloading Section: "reloadable-plugin/me.shedaniel.rei.plugin.client.runtime.PluginStageExecutionWatcher$1/HideIngredientsFromTagsPlugin of HideIngredientsFromTagsPlugin [roughlyenoughitems]/"
[11:47:03] [REI-ReloadPlugins/TRACE] [REI] [REIClientPlugin START] Reloading Section: "reloadable-plugin/me.shedaniel.rei.plugin.client.runtime.PluginStageExecutionWatcher$1/HideIngredientsFromTagsPlugin of HideIngredientsFromTagsPlugin [roughlyenoughitems]/" done in 4.781 μs
[11:47:03] [REI-ReloadPlugins/TRACE] [REI] [REIClientPlugin START] Reloading Section: "reloadable-plugin/me.shedaniel.rei.plugin.client.runtime.PluginStageExecutionWatcher$1/DefaultClientRuntimePlugin of DefaultClientRuntimePlugin [roughlyenoughitems]/"
[11:47:03] [REI-ReloadPlugins/TRACE] [REI] [REIClientPlugin START] Reloading Section: "reloadable-plugin/me.shedaniel.rei.plugin.client.runtime.PluginStageExecutionWatcher$1/DefaultClientRuntimePlugin of DefaultClientRuntimePlugin [roughlyenoughitems]/" done in 4.899 μs
[11:47:03] [REI-ReloadPlugins/TRACE] [REI] [REIClientPlugin START] Reloading Section: "reloadable-plugin/me.shedaniel.rei.plugin.client.runtime.PluginStageExecutionWatcher$1/" done in 68.61 μs
[11:47:03] [REI-ReloadPlugins/DEBUG] [REI] ========================================
[11:47:03] [REI-ReloadPlugins/DEBUG] [REI] REIClientPlugin ending main-reload for START.
[11:47:03] [REI-ReloadPlugins/DEBUG] [REI] ========================================
[11:47:03] [REI-ReloadPlugins/TRACE] [REI] [REIClientPlugin START] Reloading Section: "end-reload/"
[11:47:03] [REI-ReloadPlugins/TRACE] [REI] [REIClientPlugin START] Reloading Section: "end-reload/EntryRendererRegistryImpl/"
[11:47:03] [REI-ReloadPlugins/TRACE] [REI] [REIClientPlugin START] Reloading Section: "end-reload/EntryRendererRegistryImpl/" done in 5.158 μs
[11:47:03] [REI-ReloadPlugins/TRACE] [REI] [REIClientPlugin START] Reloading Section: "end-reload/ViewsImpl/"
[11:47:03] [REI-ReloadPlugins/TRACE] [REI] [REIClientPlugin START] Reloading Section: "end-reload/ViewsImpl/" done in 4.014 μs
[11:47:03] [REI-ReloadPlugins/TRACE] [REI] [REIClientPlugin START] Reloading Section: "end-reload/InputMethodRegistryImpl/"
[11:47:03] [REI-ReloadPlugins/TRACE] [REI] [REIClientPlugin START] Reloading Section: "end-reload/InputMethodRegistryImpl/" done in 4.304 μs
[11:47:03] [REI-ReloadPlugins/TRACE] [REI] [REIClientPlugin START] Reloading Section: "end-reload/SearchProviderImpl/"
[11:47:03] [REI-ReloadPlugins/TRACE] [REI] [REIClientPlugin START] Reloading Section: "end-reload/SearchProviderImpl/" done in 3.825 μs
[11:47:03] [REI-ReloadPlugins/TRACE] [REI] [REIClientPlugin START] Reloading Section: "end-reload/ConfigManagerImpl/"
[11:47:03] [REI-ReloadPlugins/TRACE] [REI] [REIClientPlugin START] Reloading Section: "end-reload/ConfigManagerImpl/" done in 3.655 μs
[11:47:03] [REI-ReloadPlugins/TRACE] [REI] [REIClientPlugin START] Reloading Section: "end-reload/EntryRegistryImpl/"
[11:47:03] [REI-ReloadPlugins/DEBUG] [REI] Refiltered rule [INSTANCE] in 1.074 ms.
[11:47:03] [REI-ReloadPlugins/DEBUG] [REI] Refiltered rule [INSTANCE] in 744.1 μs.
[11:47:03] [REI-ReloadPlugins/DEBUG] [REI] Refiltered rule [INSTANCE] in 1.357 ms.
[11:47:03] [REI-ReloadPlugins/DEBUG] [REI] Refiltered 4366 entries with 3 rules in 8.545 ms.
[11:47:03] [REI-ReloadPlugins/DEBUG] [REI] Computed existing filtered displays with 3 rules in 49.86 μs
[11:47:03] [REI-ReloadPlugins/DEBUG] [REI] Reloaded entry registry with 4366 entries and 4365 filtered entries
[11:47:03] [REI-ReloadPlugins/TRACE] [REI] [REIClientPlugin START] Reloading Section: "end-reload/EntryRegistryImpl/" done in 9.418 ms
[11:47:03] [REI-ReloadPlugins/TRACE] [REI] [REIClientPlugin START] Reloading Section: "end-reload/CollapsibleEntryRegistryImpl/"
[11:47:03] [REI-ReloadPlugins/TRACE] [REI] [REIClientPlugin START] Reloading Section: "end-reload/CollapsibleEntryRegistryImpl/" done in 7.938 μs
[11:47:03] [REI-ReloadPlugins/TRACE] [REI] [REIClientPlugin START] Reloading Section: "end-reload/BasicFilteringRuleImpl/"
[11:47:03] [REI-ReloadPlugins/TRACE] [REI] [REIClientPlugin START] Reloading Section: "end-reload/BasicFilteringRuleImpl/" done in 5.139 μs
[11:47:03] [REI-ReloadPlugins/TRACE] [REI] [REIClientPlugin START] Reloading Section: "end-reload/CategoryRegistryImpl/"
[11:47:03] [REI-ReloadPlugins/TRACE] [REI] [REIClientPlugin START] Reloading Section: "end-reload/CategoryRegistryImpl/" done in 5.154 μs
[11:47:03] [REI-ReloadPlugins/TRACE] [REI] [REIClientPlugin START] Reloading Section: "end-reload/DisplayRegistryImpl/"
[11:47:03] [REI-ReloadPlugins/TRACE] [REI] [REIClientPlugin START] Reloading Section: "end-reload/DisplayRegistryImpl/" done in 4.024 μs
[11:47:03] [REI-ReloadPlugins/TRACE] [REI] [REIClientPlugin START] Reloading Section: "end-reload/ScreenRegistryImpl/"
[11:47:03] [REI-ReloadPlugins/DEBUG] [REI] Registered 4 overlay deciders and 6 exclusion zones
[11:47:03] [REI-ReloadPlugins/TRACE] [REI] [REIClientPlugin START] Reloading Section: "end-reload/ScreenRegistryImpl/" done in 15.95 μs
[11:47:03] [REI-ReloadPlugins/TRACE] [REI] [REIClientPlugin START] Reloading Section: "end-reload/FavoriteEntryTypeRegistryImpl/"
[11:47:03] [REI-ReloadPlugins/DEBUG] [REI] Config saved
[11:47:03] [REI-ReloadPlugins/DEBUG] [REI] Registered 5 favorite entry types
[11:47:03] [REI-ReloadPlugins/TRACE] [REI] [REIClientPlugin START] Reloading Section: "end-reload/FavoriteEntryTypeRegistryImpl/" done in 910.8 μs
[11:47:03] [REI-ReloadPlugins/TRACE] [REI] [REIClientPlugin START] Reloading Section: "end-reload/SubsetsRegistryImpl/"
[11:47:03] [REI-ReloadPlugins/TRACE] [REI] [REIClientPlugin START] Reloading Section: "end-reload/SubsetsRegistryImpl/" done in 8.359 μs
[11:47:03] [REI-ReloadPlugins/TRACE] [REI] [REIClientPlugin START] Reloading Section: "end-reload/TransferHandlerRegistryImpl/"
[11:47:03] [REI-ReloadPlugins/TRACE] [REI] [REIClientPlugin START] Reloading Section: "end-reload/TransferHandlerRegistryImpl/" done in 9.195 μs
[11:47:03] [REI-ReloadPlugins/TRACE] [REI] [REIClientPlugin START] Reloading Section: "end-reload/SearchRuntime/"
[11:47:03] [REI-ReloadPlugins/TRACE] [REI] Preparing 30562 stacks for search arguments
[11:47:03] [REI-ReloadPlugins/TRACE] [REI] Prepared 30562 / 30562 stacks for search arguments in 183ms
[11:47:03] [REI-ReloadPlugins/DEBUG] [REI] Preparing collapsed entry groups cache with 0 entries and 4366 stacks
[11:47:03] [REI-ReloadPlugins/DEBUG] [REI] Prepared collapsed entry groups cache with 0 entries and 4366 stacks
[11:47:03] [REI-ReloadPlugins/TRACE] [REI] [REIClientPlugin START] Reloading Section: "end-reload/SearchRuntime/" done in 183.6 ms
[11:47:03] [REI-ReloadPlugins/TRACE] [REI] [REIClientPlugin START] Reloading Section: "end-reload/REIRuntimeImpl/"
[11:47:03] [REI-ReloadPlugins/TRACE] [REI] [REIClientPlugin START] Reloading Section: "end-reload/REIRuntimeImpl/" done in 16.66 μs
[11:47:03] [REI-ReloadPlugins/TRACE] [REI] [REIClientPlugin START] Reloading Section: "end-reload/ConfigAddonRegistryImpl/"
[11:47:03] [REI-ReloadPlugins/TRACE] [REI] [REIClientPlugin START] Reloading Section: "end-reload/ConfigAddonRegistryImpl/" done in 16.44 μs
[11:47:03] [REI-ReloadPlugins/TRACE] [REI] [REIClientPlugin START] Reloading Section: "end-reload/me.shedaniel.rei.plugin.client.runtime.PluginStageExecutionWatcher$1/"
[11:47:03] [REI-ReloadPlugins/TRACE] [REI] [REIClientPlugin START] Reloading Section: "end-reload/me.shedaniel.rei.plugin.client.runtime.PluginStageExecutionWatcher$1/" done in 7.418 μs
[11:47:03] [REI-ReloadPlugins/TRACE] [REI] [REIClientPlugin START] Reloading Section: "end-reload/" done in 194.3 ms
[11:47:03] [REI-ReloadPlugins/DEBUG] [REI] ========================================
[11:47:03] [REI-ReloadPlugins/DEBUG] [REI] REIClientPlugin ended main-reload for START in 245.8 ms.
[11:47:03] [REI-ReloadPlugins/DEBUG] [REI] ========================================
[11:47:03] [REI-ReloadPlugins/INFO] [REI] ~~~~~~~~~~~~~~~~~~~~~~~~~~~~~~~~~~~~~~~~
[11:47:03] [REI-ReloadPlugins/INFO] [REI] REIServerPlugin starting main-reload for START.
[11:47:03] [REI-ReloadPlugins/DEBUG] [REI] Reloadables (3):
[11:47:03] [REI-ReloadPlugins/DEBUG] [REI]  - MenuInfoRegistryImpl
[11:47:03] [REI-ReloadPlugins/DEBUG] [REI]  - SlotAccessorRegistryImpl
[11:47:03] [REI-ReloadPlugins/DEBUG] [REI]  - me.shedaniel.rei.plugin.client.runtime.PluginStageExecutionWatcher$1
[11:47:03] [REI-ReloadPlugins/INFO] [REI] Plugins (2):
[11:47:03] [REI-ReloadPlugins/INFO] [REI]  - (-100.00) DefaultPluginImpl of DefaultPluginImpl [roughlyenoughitems]
[11:47:03] [REI-ReloadPlugins/INFO] [REI]  - (0.00) DefaultRuntimePlugin of DefaultRuntimePlugin [roughlyenoughitems]
[11:47:03] [REI-ReloadPlugins/INFO] [REI] ~~~~~~~~~~~~~~~~~~~~~~~~~~~~~~~~~~~~~~~~
[11:47:03] [REI-ReloadPlugins/TRACE] [REI] [REIServerPlugin START] Reloading Section: "start-reload/"
[11:47:03] [REI-ReloadPlugins/TRACE] [REI] [REIServerPlugin START] Reloading Section: "start-reload/MenuInfoRegistryImpl/"
[11:47:03] [REI-ReloadPlugins/TRACE] [REI] [REIServerPlugin START] Reloading Section: "start-reload/MenuInfoRegistryImpl/" done in 9.226 μs
[11:47:03] [REI-ReloadPlugins/TRACE] [REI] [REIServerPlugin START] Reloading Section: "start-reload/SlotAccessorRegistryImpl/"
[11:47:03] [REI-ReloadPlugins/TRACE] [REI] [REIServerPlugin START] Reloading Section: "start-reload/SlotAccessorRegistryImpl/" done in 6.029 μs
[11:47:03] [REI-ReloadPlugins/TRACE] [REI] [REIServerPlugin START] Reloading Section: "start-reload/me.shedaniel.rei.plugin.client.runtime.PluginStageExecutionWatcher$1/"
[11:47:03] [REI-ReloadPlugins/TRACE] [REI] [REIServerPlugin START] Reloading Section: "start-reload/me.shedaniel.rei.plugin.client.runtime.PluginStageExecutionWatcher$1/" done in 6.220 μs
[11:47:03] [REI-ReloadPlugins/TRACE] [REI] [REIServerPlugin START] Reloading Section: "start-reload/" done in 77.96 μs
[11:47:03] [REI-ReloadPlugins/DEBUG] [REI] ========================================
[11:47:03] [REI-ReloadPlugins/DEBUG] [REI] REIServerPlugin started main-reload for START.
[11:47:03] [REI-ReloadPlugins/DEBUG] [REI] ========================================
[11:47:03] [REI-ReloadPlugins/TRACE] [REI] [REIServerPlugin START] Reloading Section: "reloadable-plugin/MenuInfoRegistryImpl/"
[11:47:03] [REI-ReloadPlugins/TRACE] [REI] [REIServerPlugin START] Reloading Section: "reloadable-plugin/MenuInfoRegistryImpl/DefaultPluginImpl of DefaultPluginImpl [roughlyenoughitems]/"
[11:47:03] [REI-ReloadPlugins/TRACE] [REI] [REIServerPlugin START] Reloading Section: "reloadable-plugin/MenuInfoRegistryImpl/DefaultPluginImpl of DefaultPluginImpl [roughlyenoughitems]/" done in 18.90 μs
[11:47:03] [REI-ReloadPlugins/TRACE] [REI] [REIServerPlugin START] Reloading Section: "reloadable-plugin/MenuInfoRegistryImpl/DefaultRuntimePlugin of DefaultRuntimePlugin [roughlyenoughitems]/"
[11:47:03] [REI-ReloadPlugins/TRACE] [REI] [REIServerPlugin START] Reloading Section: "reloadable-plugin/MenuInfoRegistryImpl/DefaultRuntimePlugin of DefaultRuntimePlugin [roughlyenoughitems]/" done in 7.923 μs
[11:47:03] [REI-ReloadPlugins/TRACE] [REI] [REIServerPlugin START] Reloading Section: "reloadable-plugin/MenuInfoRegistryImpl/" done in 76.68 μs
[11:47:03] [REI-ReloadPlugins/TRACE] [REI] [REIServerPlugin START] Reloading Section: "reloadable-plugin/SlotAccessorRegistryImpl/"
[11:47:03] [REI-ReloadPlugins/TRACE] [REI] [REIServerPlugin START] Reloading Section: "reloadable-plugin/SlotAccessorRegistryImpl/DefaultPluginImpl of DefaultPluginImpl [roughlyenoughitems]/"
[11:47:03] [REI-ReloadPlugins/TRACE] [REI] [REIServerPlugin START] Reloading Section: "reloadable-plugin/SlotAccessorRegistryImpl/DefaultPluginImpl of DefaultPluginImpl [roughlyenoughitems]/" done in 7.684 μs
[11:47:03] [REI-ReloadPlugins/TRACE] [REI] [REIServerPlugin START] Reloading Section: "reloadable-plugin/SlotAccessorRegistryImpl/DefaultRuntimePlugin of DefaultRuntimePlugin [roughlyenoughitems]/"
[11:47:03] [REI-ReloadPlugins/TRACE] [REI] [REIServerPlugin START] Reloading Section: "reloadable-plugin/SlotAccessorRegistryImpl/DefaultRuntimePlugin of DefaultRuntimePlugin [roughlyenoughitems]/" done in 6.767 μs
[11:47:03] [REI-ReloadPlugins/TRACE] [REI] [REIServerPlugin START] Reloading Section: "reloadable-plugin/SlotAccessorRegistryImpl/" done in 50.79 μs
[11:47:03] [REI-ReloadPlugins/TRACE] [REI] [REIServerPlugin START] Reloading Section: "reloadable-plugin/me.shedaniel.rei.plugin.client.runtime.PluginStageExecutionWatcher$1/"
[11:47:03] [REI-ReloadPlugins/TRACE] [REI] [REIServerPlugin START] Reloading Section: "reloadable-plugin/me.shedaniel.rei.plugin.client.runtime.PluginStageExecutionWatcher$1/DefaultPluginImpl of DefaultPluginImpl [roughlyenoughitems]/"
[11:47:03] [REI-ReloadPlugins/TRACE] [REI] [REIServerPlugin START] Reloading Section: "reloadable-plugin/me.shedaniel.rei.plugin.client.runtime.PluginStageExecutionWatcher$1/DefaultPluginImpl of DefaultPluginImpl [roughlyenoughitems]/" done in 8.165 μs
[11:47:03] [REI-ReloadPlugins/TRACE] [REI] [REIServerPlugin START] Reloading Section: "reloadable-plugin/me.shedaniel.rei.plugin.client.runtime.PluginStageExecutionWatcher$1/DefaultRuntimePlugin of DefaultRuntimePlugin [roughlyenoughitems]/"
[11:47:03] [REI-ReloadPlugins/TRACE] [REI] [REIServerPlugin START] Reloading Section: "reloadable-plugin/me.shedaniel.rei.plugin.client.runtime.PluginStageExecutionWatcher$1/DefaultRuntimePlugin of DefaultRuntimePlugin [roughlyenoughitems]/" done in 6.624 μs
[11:47:03] [REI-ReloadPlugins/TRACE] [REI] [REIServerPlugin START] Reloading Section: "reloadable-plugin/me.shedaniel.rei.plugin.client.runtime.PluginStageExecutionWatcher$1/" done in 46.42 μs
[11:47:03] [REI-ReloadPlugins/DEBUG] [REI] ========================================
[11:47:03] [REI-ReloadPlugins/DEBUG] [REI] REIServerPlugin ending main-reload for START.
[11:47:03] [REI-ReloadPlugins/DEBUG] [REI] ========================================
[11:47:03] [REI-ReloadPlugins/TRACE] [REI] [REIServerPlugin START] Reloading Section: "end-reload/"
[11:47:03] [REI-ReloadPlugins/TRACE] [REI] [REIServerPlugin START] Reloading Section: "end-reload/MenuInfoRegistryImpl/"
[11:47:03] [REI-ReloadPlugins/TRACE] [REI] [REIServerPlugin START] Reloading Section: "end-reload/MenuInfoRegistryImpl/" done in 7.508 μs
[11:47:03] [REI-ReloadPlugins/TRACE] [REI] [REIServerPlugin START] Reloading Section: "end-reload/SlotAccessorRegistryImpl/"
[11:47:03] [REI-ReloadPlugins/TRACE] [REI] [REIServerPlugin START] Reloading Section: "end-reload/SlotAccessorRegistryImpl/" done in 6.527 μs
[11:47:03] [REI-ReloadPlugins/TRACE] [REI] [REIServerPlugin START] Reloading Section: "end-reload/me.shedaniel.rei.plugin.client.runtime.PluginStageExecutionWatcher$1/"
[11:47:03] [REI-ReloadPlugins/TRACE] [REI] [REIServerPlugin START] Reloading Section: "end-reload/me.shedaniel.rei.plugin.client.runtime.PluginStageExecutionWatcher$1/" done in 6.293 μs
[11:47:03] [REI-ReloadPlugins/TRACE] [REI] [REIServerPlugin START] Reloading Section: "end-reload/" done in 76.23 μs
[11:47:03] [REI-ReloadPlugins/DEBUG] [REI] ========================================
[11:47:03] [REI-ReloadPlugins/DEBUG] [REI] REIServerPlugin ended main-reload for START in 690.8 μs.
[11:47:03] [REI-ReloadPlugins/DEBUG] [REI] ========================================
[11:47:03] [REI-ReloadPlugins/DEBUG] [REI] ========================================
[11:47:03] [REI-ReloadPlugins/DEBUG] [REI] REIPlugin starting post-reload for START.
[11:47:03] [REI-ReloadPlugins/DEBUG] [REI] Reloadables (8):
[11:47:03] [REI-ReloadPlugins/DEBUG] [REI]  - EntryTypeRegistryImpl
[11:47:03] [REI-ReloadPlugins/DEBUG] [REI]  - EntrySettingsAdapterRegistryImpl
[11:47:03] [REI-ReloadPlugins/DEBUG] [REI]  - RecipeManagerContextImpl
[11:47:03] [REI-ReloadPlugins/DEBUG] [REI]  - ItemComparatorRegistryImpl
[11:47:03] [REI-ReloadPlugins/DEBUG] [REI]  - FluidComparatorRegistryImpl
[11:47:03] [REI-ReloadPlugins/DEBUG] [REI]  - DisplaySerializerRegistryImpl
[11:47:03] [REI-ReloadPlugins/DEBUG] [REI]  - FluidSupportProviderImpl
[11:47:03] [REI-ReloadPlugins/DEBUG] [REI]  - me.shedaniel.rei.plugin.client.runtime.PluginStageExecutionWatcher$1
[11:47:03] [REI-ReloadPlugins/DEBUG] [REI] Plugins (7):
[11:47:03] [REI-ReloadPlugins/DEBUG] [REI]  - (-100.00) DefaultClientPluginImpl of DefaultClientPluginImpl [roughlyenoughitems]
[11:47:03] [REI-ReloadPlugins/DEBUG] [REI]  - (-100.00) DefaultPluginImpl of DefaultPluginImpl [roughlyenoughitems]
[11:47:03] [REI-ReloadPlugins/DEBUG] [REI]  - (0.00) HideIngredientsFromTagsPlugin of HideIngredientsFromTagsPlugin [roughlyenoughitems]
[11:47:03] [REI-ReloadPlugins/DEBUG] [REI]  - (0.00) DefaultClientRuntimePlugin of DefaultClientRuntimePlugin [roughlyenoughitems]
[11:47:03] [REI-ReloadPlugins/DEBUG] [REI]  - (0.00) DefaultRuntimePlugin of DefaultRuntimePlugin [roughlyenoughitems]
[11:47:03] [REI-ReloadPlugins/DEBUG] [REI]  - (0.00) LDLibREIPlugin of LDLibREIPlugin [ldlib2]
[11:47:03] [REI-ReloadPlugins/DEBUG] [REI]  - (0.00) AE2 of AE2 [ae2]
[11:47:03] [REI-ReloadPlugins/DEBUG] [REI] ========================================
[11:47:03] [REI-ReloadPlugins/TRACE] [REI] [REIPlugin START] Reloading Section: "post-register/"
[11:47:03] [REI-ReloadPlugins/TRACE] [REI] [REIPlugin START] Reloading Section: "post-register/DefaultClientPluginImpl of DefaultClientPluginImpl [roughlyenoughitems]/"
[11:47:03] [REI-ReloadPlugins/TRACE] [REI] [REIPlugin START] Reloading Section: "post-register/DefaultClientPluginImpl of DefaultClientPluginImpl [roughlyenoughitems]/" done in 14.07 μs
[11:47:03] [REI-ReloadPlugins/TRACE] [REI] [REIPlugin START] Reloading Section: "post-register/DefaultPluginImpl of DefaultPluginImpl [roughlyenoughitems]/"
[11:47:03] [REI-ReloadPlugins/TRACE] [REI] [REIPlugin START] Reloading Section: "post-register/DefaultPluginImpl of DefaultPluginImpl [roughlyenoughitems]/" done in 8.040 μs
[11:47:03] [REI-ReloadPlugins/TRACE] [REI] [REIPlugin START] Reloading Section: "post-register/HideIngredientsFromTagsPlugin of HideIngredientsFromTagsPlugin [roughlyenoughitems]/"
[11:47:03] [REI-ReloadPlugins/TRACE] [REI] [REIPlugin START] Reloading Section: "post-register/HideIngredientsFromTagsPlugin of HideIngredientsFromTagsPlugin [roughlyenoughitems]/" done in 7.655 μs
[11:47:03] [REI-ReloadPlugins/TRACE] [REI] [REIPlugin START] Reloading Section: "post-register/DefaultClientRuntimePlugin of DefaultClientRuntimePlugin [roughlyenoughitems]/"
[11:47:03] [REI-ReloadPlugins/TRACE] [REI] [REIPlugin START] Reloading Section: "post-register/DefaultClientRuntimePlugin of DefaultClientRuntimePlugin [roughlyenoughitems]/" done in 6.502 μs
[11:47:03] [REI-ReloadPlugins/TRACE] [REI] [REIPlugin START] Reloading Section: "post-register/DefaultRuntimePlugin of DefaultRuntimePlugin [roughlyenoughitems]/"
[11:47:03] [REI-ReloadPlugins/TRACE] [REI] [REIPlugin START] Reloading Section: "post-register/DefaultRuntimePlugin of DefaultRuntimePlugin [roughlyenoughitems]/" done in 9.333 μs
[11:47:03] [REI-ReloadPlugins/TRACE] [REI] [REIPlugin START] Reloading Section: "post-register/LDLibREIPlugin of LDLibREIPlugin [ldlib2]/"
[11:47:03] [REI-ReloadPlugins/TRACE] [REI] [REIPlugin START] Reloading Section: "post-register/LDLibREIPlugin of LDLibREIPlugin [ldlib2]/" done in 6.107 μs
[11:47:03] [REI-ReloadPlugins/TRACE] [REI] [REIPlugin START] Reloading Section: "post-register/AE2 of AE2 [ae2]/"
[11:47:03] [REI-ReloadPlugins/TRACE] [REI] [REIPlugin START] Reloading Section: "post-register/AE2 of AE2 [ae2]/" done in 6.881 μs
[11:47:03] [REI-ReloadPlugins/TRACE] [REI] [REIPlugin START] Reloading Section: "post-register/" done in 157.7 μs
[11:47:03] [REI-ReloadPlugins/TRACE] [REI] [REIPlugin START] Reloading Section: "post-stage/"
[11:47:03] [REI-ReloadPlugins/TRACE] [REI] [REIPlugin START] Reloading Section: "post-stage/EntryTypeRegistryImpl/"
[11:47:03] [REI-ReloadPlugins/TRACE] [REI] [REIPlugin START] Reloading Section: "post-stage/EntryTypeRegistryImpl/" done in 6.954 μs
[11:47:03] [REI-ReloadPlugins/TRACE] [REI] [REIPlugin START] Reloading Section: "post-stage/EntrySettingsAdapterRegistryImpl/"
[11:47:03] [REI-ReloadPlugins/TRACE] [REI] [REIPlugin START] Reloading Section: "post-stage/EntrySettingsAdapterRegistryImpl/" done in 5.808 μs
[11:47:03] [REI-ReloadPlugins/TRACE] [REI] [REIPlugin START] Reloading Section: "post-stage/RecipeManagerContextImpl/"
[11:47:03] [REI-ReloadPlugins/TRACE] [REI] [REIPlugin START] Reloading Section: "post-stage/RecipeManagerContextImpl/" done in 5.713 μs
[11:47:03] [REI-ReloadPlugins/TRACE] [REI] [REIPlugin START] Reloading Section: "post-stage/ItemComparatorRegistryImpl/"
[11:47:03] [REI-ReloadPlugins/TRACE] [REI] [REIPlugin START] Reloading Section: "post-stage/ItemComparatorRegistryImpl/" done in 5.515 μs
[11:47:03] [REI-ReloadPlugins/TRACE] [REI] [REIPlugin START] Reloading Section: "post-stage/FluidComparatorRegistryImpl/"
[11:47:03] [REI-ReloadPlugins/TRACE] [REI] [REIPlugin START] Reloading Section: "post-stage/FluidComparatorRegistryImpl/" done in 5.241 μs
[11:47:03] [REI-ReloadPlugins/TRACE] [REI] [REIPlugin START] Reloading Section: "post-stage/DisplaySerializerRegistryImpl/"
[11:47:03] [REI-ReloadPlugins/TRACE] [REI] [REIPlugin START] Reloading Section: "post-stage/DisplaySerializerRegistryImpl/" done in 7.245 μs
[11:47:03] [REI-ReloadPlugins/TRACE] [REI] [REIPlugin START] Reloading Section: "post-stage/FluidSupportProviderImpl/"
[11:47:03] [REI-ReloadPlugins/TRACE] [REI] [REIPlugin START] Reloading Section: "post-stage/FluidSupportProviderImpl/" done in 6.053 μs
[11:47:03] [REI-ReloadPlugins/TRACE] [REI] [REIPlugin START] Reloading Section: "post-stage/me.shedaniel.rei.plugin.client.runtime.PluginStageExecutionWatcher$1/"
[11:47:03] [REI-ReloadPlugins/TRACE] [REI] [REIPlugin START] Reloading Section: "post-stage/me.shedaniel.rei.plugin.client.runtime.PluginStageExecutionWatcher$1/" done in 7.754 μs
[11:47:03] [REI-ReloadPlugins/TRACE] [REI] [REIPlugin START] Reloading Section: "post-stage/" done in 143.9 μs
[11:47:03] [REI-ReloadPlugins/DEBUG] [REI] ========================================
[11:47:03] [REI-ReloadPlugins/INFO] [REI] REIPlugin finished post-reload for START in 321.0 μs, totaling 3.160 ms.
[11:47:03] [REI-ReloadPlugins/DEBUG] [REI] ========================================
[11:47:03] [REI-ReloadPlugins/DEBUG] [REI] ========================================
[11:47:03] [REI-ReloadPlugins/DEBUG] [REI] REIClientPlugin starting post-reload for START.
[11:47:03] [REI-ReloadPlugins/DEBUG] [REI] Reloadables (18):
[11:47:03] [REI-ReloadPlugins/DEBUG] [REI]  - EntryRendererRegistryImpl
[11:47:03] [REI-ReloadPlugins/DEBUG] [REI]  - ViewsImpl
[11:47:03] [REI-ReloadPlugins/DEBUG] [REI]  - InputMethodRegistryImpl
[11:47:03] [REI-ReloadPlugins/DEBUG] [REI]  - SearchProviderImpl
[11:47:03] [REI-ReloadPlugins/DEBUG] [REI]  - ConfigManagerImpl
[11:47:03] [REI-ReloadPlugins/DEBUG] [REI]  - EntryRegistryImpl
[11:47:03] [REI-ReloadPlugins/DEBUG] [REI]  - CollapsibleEntryRegistryImpl
[11:47:03] [REI-ReloadPlugins/DEBUG] [REI]  - BasicFilteringRuleImpl
[11:47:03] [REI-ReloadPlugins/DEBUG] [REI]  - CategoryRegistryImpl
[11:47:03] [REI-ReloadPlugins/DEBUG] [REI]  - DisplayRegistryImpl
[11:47:03] [REI-ReloadPlugins/DEBUG] [REI]  - ScreenRegistryImpl
[11:47:03] [REI-ReloadPlugins/DEBUG] [REI]  - FavoriteEntryTypeRegistryImpl
[11:47:03] [REI-ReloadPlugins/DEBUG] [REI]  - SubsetsRegistryImpl
[11:47:03] [REI-ReloadPlugins/DEBUG] [REI]  - TransferHandlerRegistryImpl
[11:47:03] [REI-ReloadPlugins/DEBUG] [REI]  - SearchRuntime
[11:47:03] [REI-ReloadPlugins/DEBUG] [REI]  - REIRuntimeImpl
[11:47:03] [REI-ReloadPlugins/DEBUG] [REI]  - ConfigAddonRegistryImpl
[11:47:03] [REI-ReloadPlugins/DEBUG] [REI]  - me.shedaniel.rei.plugin.client.runtime.PluginStageExecutionWatcher$1
[11:47:03] [REI-ReloadPlugins/DEBUG] [REI] Plugins (5):
[11:47:03] [REI-ReloadPlugins/DEBUG] [REI]  - (-100.00) DefaultClientPluginImpl of DefaultClientPluginImpl [roughlyenoughitems]
[11:47:03] [REI-ReloadPlugins/DEBUG] [REI]  - (0.00) LDLibREIPlugin of LDLibREIPlugin [ldlib2]
[11:47:03] [REI-ReloadPlugins/DEBUG] [REI]  - (0.00) AE2 of AE2 [ae2]
[11:47:03] [REI-ReloadPlugins/DEBUG] [REI]  - (0.00) HideIngredientsFromTagsPlugin of HideIngredientsFromTagsPlugin [roughlyenoughitems]
[11:47:03] [REI-ReloadPlugins/DEBUG] [REI]  - (0.00) DefaultClientRuntimePlugin of DefaultClientRuntimePlugin [roughlyenoughitems]
[11:47:03] [REI-ReloadPlugins/DEBUG] [REI] ========================================
[11:47:03] [REI-ReloadPlugins/TRACE] [REI] [REIClientPlugin START] Reloading Section: "post-register/"
[11:47:03] [REI-ReloadPlugins/TRACE] [REI] [REIClientPlugin START] Reloading Section: "post-register/DefaultClientPluginImpl of DefaultClientPluginImpl [roughlyenoughitems]/"
[11:47:03] [REI-ReloadPlugins/TRACE] [REI] [REIClientPlugin START] Reloading Section: "post-register/DefaultClientPluginImpl of DefaultClientPluginImpl [roughlyenoughitems]/" done in 17.49 μs
[11:47:03] [REI-ReloadPlugins/TRACE] [REI] [REIClientPlugin START] Reloading Section: "post-register/LDLibREIPlugin of LDLibREIPlugin [ldlib2]/"
[11:47:03] [REI-ReloadPlugins/TRACE] [REI] [REIClientPlugin START] Reloading Section: "post-register/LDLibREIPlugin of LDLibREIPlugin [ldlib2]/" done in 11.89 μs
[11:47:03] [REI-ReloadPlugins/TRACE] [REI] [REIClientPlugin START] Reloading Section: "post-register/AE2 of AE2 [ae2]/"
[11:47:03] [REI-ReloadPlugins/TRACE] [REI] [REIClientPlugin START] Reloading Section: "post-register/AE2 of AE2 [ae2]/" done in 7.441 μs
[11:47:03] [REI-ReloadPlugins/TRACE] [REI] [REIClientPlugin START] Reloading Section: "post-register/HideIngredientsFromTagsPlugin of HideIngredientsFromTagsPlugin [roughlyenoughitems]/"
[11:47:03] [REI-ReloadPlugins/TRACE] [REI] [REIClientPlugin START] Reloading Section: "post-register/HideIngredientsFromTagsPlugin of HideIngredientsFromTagsPlugin [roughlyenoughitems]/" done in 7.140 μs
[11:47:03] [REI-ReloadPlugins/TRACE] [REI] [REIClientPlugin START] Reloading Section: "post-register/DefaultClientRuntimePlugin of DefaultClientRuntimePlugin [roughlyenoughitems]/"
[11:47:03] [REI-ReloadPlugins/TRACE] [REI] [REIClientPlugin START] Reloading Section: "post-register/DefaultClientRuntimePlugin of DefaultClientRuntimePlugin [roughlyenoughitems]/" done in 6.566 μs
[11:47:03] [REI-ReloadPlugins/TRACE] [REI] [REIClientPlugin START] Reloading Section: "post-register/" done in 167.0 μs
[11:47:03] [REI-ReloadPlugins/TRACE] [REI] [REIClientPlugin START] Reloading Section: "post-stage/"
[11:47:03] [REI-ReloadPlugins/TRACE] [REI] [REIClientPlugin START] Reloading Section: "post-stage/EntryRendererRegistryImpl/"
[11:47:03] [REI-ReloadPlugins/TRACE] [REI] [REIClientPlugin START] Reloading Section: "post-stage/EntryRendererRegistryImpl/" done in 8.012 μs
[11:47:03] [REI-ReloadPlugins/TRACE] [REI] [REIClientPlugin START] Reloading Section: "post-stage/ViewsImpl/"
[11:47:03] [REI-ReloadPlugins/TRACE] [REI] [REIClientPlugin START] Reloading Section: "post-stage/ViewsImpl/" done in 17.56 μs
[11:47:03] [REI-ReloadPlugins/TRACE] [REI] [REIClientPlugin START] Reloading Section: "post-stage/InputMethodRegistryImpl/"
[11:47:03] [REI-ReloadPlugins/TRACE] [REI] [REIClientPlugin START] Reloading Section: "post-stage/InputMethodRegistryImpl/" done in 5.227 μs
[11:47:03] [REI-ReloadPlugins/TRACE] [REI] [REIClientPlugin START] Reloading Section: "post-stage/SearchProviderImpl/"
[11:47:03] [REI-ReloadPlugins/TRACE] [REI] [REIClientPlugin START] Reloading Section: "post-stage/SearchProviderImpl/" done in 8.330 μs
[11:47:03] [REI-ReloadPlugins/TRACE] [REI] [REIClientPlugin START] Reloading Section: "post-stage/ConfigManagerImpl/"
[11:47:03] [REI-ReloadPlugins/TRACE] [REI] [REIClientPlugin START] Reloading Section: "post-stage/ConfigManagerImpl/" done in 7.472 μs
[11:47:03] [REI-ReloadPlugins/TRACE] [REI] [REIClientPlugin START] Reloading Section: "post-stage/EntryRegistryImpl/"
[11:47:03] [REI-ReloadPlugins/TRACE] [REI] [REIClientPlugin START] Reloading Section: "post-stage/EntryRegistryImpl/" done in 5.221 μs
[11:47:03] [REI-ReloadPlugins/TRACE] [REI] [REIClientPlugin START] Reloading Section: "post-stage/CollapsibleEntryRegistryImpl/"
[11:47:03] [REI-ReloadPlugins/TRACE] [REI] [REIClientPlugin START] Reloading Section: "post-stage/CollapsibleEntryRegistryImpl/" done in 5.491 μs
[11:47:03] [REI-ReloadPlugins/TRACE] [REI] [REIClientPlugin START] Reloading Section: "post-stage/BasicFilteringRuleImpl/"
[11:47:03] [REI-ReloadPlugins/TRACE] [REI] [REIClientPlugin START] Reloading Section: "post-stage/BasicFilteringRuleImpl/" done in 5.687 μs
[11:47:03] [REI-ReloadPlugins/TRACE] [REI] [REIClientPlugin START] Reloading Section: "post-stage/CategoryRegistryImpl/"
[11:47:03] [REI-ReloadPlugins/TRACE] [REI] [REIClientPlugin START] Reloading Section: "post-stage/CategoryRegistryImpl/" done in 5.820 μs
[11:47:03] [REI-ReloadPlugins/TRACE] [REI] [REIClientPlugin START] Reloading Section: "post-stage/DisplayRegistryImpl/"
[11:47:03] [REI-ReloadPlugins/TRACE] [REI] [REIClientPlugin START] Reloading Section: "post-stage/DisplayRegistryImpl/" done in 6.431 μs
[11:47:03] [REI-ReloadPlugins/TRACE] [REI] [REIClientPlugin START] Reloading Section: "post-stage/ScreenRegistryImpl/"
[11:47:03] [REI-ReloadPlugins/TRACE] [REI] [REIClientPlugin START] Reloading Section: "post-stage/ScreenRegistryImpl/" done in 6.341 μs
[11:47:03] [REI-ReloadPlugins/TRACE] [REI] [REIClientPlugin START] Reloading Section: "post-stage/FavoriteEntryTypeRegistryImpl/"
[11:47:03] [REI-ReloadPlugins/TRACE] [REI] [REIClientPlugin START] Reloading Section: "post-stage/FavoriteEntryTypeRegistryImpl/" done in 5.449 μs
[11:47:03] [REI-ReloadPlugins/TRACE] [REI] [REIClientPlugin START] Reloading Section: "post-stage/SubsetsRegistryImpl/"
[11:47:03] [REI-ReloadPlugins/TRACE] [REI] [REIClientPlugin START] Reloading Section: "post-stage/SubsetsRegistryImpl/" done in 5.171 μs
[11:47:03] [REI-ReloadPlugins/TRACE] [REI] [REIClientPlugin START] Reloading Section: "post-stage/TransferHandlerRegistryImpl/"
[11:47:03] [REI-ReloadPlugins/TRACE] [REI] [REIClientPlugin START] Reloading Section: "post-stage/TransferHandlerRegistryImpl/" done in 4.915 μs
[11:47:03] [REI-ReloadPlugins/TRACE] [REI] [REIClientPlugin START] Reloading Section: "post-stage/SearchRuntime/"
[11:47:03] [REI-ReloadPlugins/TRACE] [REI] [REIClientPlugin START] Reloading Section: "post-stage/SearchRuntime/" done in 4.963 μs
[11:47:03] [REI-ReloadPlugins/TRACE] [REI] [REIClientPlugin START] Reloading Section: "post-stage/REIRuntimeImpl/"
[11:47:03] [REI-ReloadPlugins/TRACE] [REI] [REIClientPlugin START] Reloading Section: "post-stage/REIRuntimeImpl/" done in 5.022 μs
[11:47:03] [REI-ReloadPlugins/TRACE] [REI] [REIClientPlugin START] Reloading Section: "post-stage/ConfigAddonRegistryImpl/"
[11:47:03] [REI-ReloadPlugins/TRACE] [REI] [REIClientPlugin START] Reloading Section: "post-stage/ConfigAddonRegistryImpl/" done in 5.012 μs
[11:47:03] [REI-ReloadPlugins/TRACE] [REI] [REIClientPlugin START] Reloading Section: "post-stage/me.shedaniel.rei.plugin.client.runtime.PluginStageExecutionWatcher$1/"
[11:47:03] [REI-ReloadPlugins/TRACE] [REI] [REIClientPlugin START] Reloading Section: "post-stage/me.shedaniel.rei.plugin.client.runtime.PluginStageExecutionWatcher$1/" done in 8.734 μs
[11:47:03] [REI-ReloadPlugins/TRACE] [REI] [REIClientPlugin START] Reloading Section: "post-stage/" done in 321.3 μs
[11:47:03] [REI-ReloadPlugins/DEBUG] [REI] ========================================
[11:47:03] [REI-ReloadPlugins/INFO] [REI] REIClientPlugin finished post-reload for START in 505.5 μs, totaling 246.8 ms.
[11:47:03] [REI-ReloadPlugins/DEBUG] [REI] ========================================
[11:47:03] [REI-ReloadPlugins/DEBUG] [REI] ========================================
[11:47:03] [REI-ReloadPlugins/DEBUG] [REI] REIServerPlugin starting post-reload for START.
[11:47:03] [REI-ReloadPlugins/DEBUG] [REI] Reloadables (3):
[11:47:03] [REI-ReloadPlugins/DEBUG] [REI]  - MenuInfoRegistryImpl
[11:47:03] [REI-ReloadPlugins/DEBUG] [REI]  - SlotAccessorRegistryImpl
[11:47:03] [REI-ReloadPlugins/DEBUG] [REI]  - me.shedaniel.rei.plugin.client.runtime.PluginStageExecutionWatcher$1
[11:47:03] [REI-ReloadPlugins/DEBUG] [REI] Plugins (2):
[11:47:03] [REI-ReloadPlugins/DEBUG] [REI]  - (-100.00) DefaultPluginImpl of DefaultPluginImpl [roughlyenoughitems]
[11:47:03] [REI-ReloadPlugins/DEBUG] [REI]  - (0.00) DefaultRuntimePlugin of DefaultRuntimePlugin [roughlyenoughitems]
[11:47:03] [REI-ReloadPlugins/DEBUG] [REI] ========================================
[11:47:03] [REI-ReloadPlugins/TRACE] [REI] [REIServerPlugin START] Reloading Section: "post-register/"
[11:47:03] [REI-ReloadPlugins/TRACE] [REI] [REIServerPlugin START] Reloading Section: "post-register/DefaultPluginImpl of DefaultPluginImpl [roughlyenoughitems]/"
[11:47:03] [REI-ReloadPlugins/TRACE] [REI] [REIServerPlugin START] Reloading Section: "post-register/DefaultPluginImpl of DefaultPluginImpl [roughlyenoughitems]/" done in 12.51 μs
[11:47:03] [REI-ReloadPlugins/TRACE] [REI] [REIServerPlugin START] Reloading Section: "post-register/DefaultRuntimePlugin of DefaultRuntimePlugin [roughlyenoughitems]/"
[11:47:03] [REI-ReloadPlugins/TRACE] [REI] [REIServerPlugin START] Reloading Section: "post-register/DefaultRuntimePlugin of DefaultRuntimePlugin [roughlyenoughitems]/" done in 6.871 μs
[11:47:03] [REI-ReloadPlugins/TRACE] [REI] [REIServerPlugin START] Reloading Section: "post-register/" done in 57.90 μs
[11:47:03] [REI-ReloadPlugins/TRACE] [REI] [REIServerPlugin START] Reloading Section: "post-stage/"
[11:47:03] [REI-ReloadPlugins/TRACE] [REI] [REIServerPlugin START] Reloading Section: "post-stage/MenuInfoRegistryImpl/"
[11:47:03] [REI-ReloadPlugins/TRACE] [REI] [REIServerPlugin START] Reloading Section: "post-stage/MenuInfoRegistryImpl/" done in 39.71 μs
[11:47:03] [REI-ReloadPlugins/TRACE] [REI] [REIServerPlugin START] Reloading Section: "post-stage/SlotAccessorRegistryImpl/"
[11:47:03] [REI-ReloadPlugins/TRACE] [REI] [REIServerPlugin START] Reloading Section: "post-stage/SlotAccessorRegistryImpl/" done in 8.274 μs
[11:47:03] [REI-ReloadPlugins/TRACE] [REI] [REIServerPlugin START] Reloading Section: "post-stage/me.shedaniel.rei.plugin.client.runtime.PluginStageExecutionWatcher$1/"
[11:47:03] [REI-ReloadPlugins/TRACE] [REI] [REIServerPlugin START] Reloading Section: "post-stage/me.shedaniel.rei.plugin.client.runtime.PluginStageExecutionWatcher$1/" done in 10.44 μs
[11:47:03] [REI-ReloadPlugins/TRACE] [REI] [REIServerPlugin START] Reloading Section: "post-stage/" done in 1.208 ms
[11:47:03] [REI-ReloadPlugins/DEBUG] [REI] ========================================
[11:47:03] [REI-ReloadPlugins/INFO] [REI] REIServerPlugin finished post-reload for START in 1.282 ms, totaling 2.146 ms.
[11:47:03] [REI-ReloadPlugins/DEBUG] [REI] ========================================
[11:47:03] [REI-ReloadPlugins/DEBUG] [REI] ========================================
[11:47:03] [REI-ReloadPlugins/DEBUG] [REI] REIPlugin starting pre-reload for END.
[11:47:03] [REI-ReloadPlugins/DEBUG] [REI] Reloadables (8):
[11:47:03] [REI-ReloadPlugins/DEBUG] [REI]  - EntryTypeRegistryImpl
[11:47:03] [REI-ReloadPlugins/DEBUG] [REI]  - EntrySettingsAdapterRegistryImpl
[11:47:03] [REI-ReloadPlugins/DEBUG] [REI]  - RecipeManagerContextImpl
[11:47:03] [REI-ReloadPlugins/DEBUG] [REI]  - ItemComparatorRegistryImpl
[11:47:03] [REI-ReloadPlugins/DEBUG] [REI]  - FluidComparatorRegistryImpl
[11:47:03] [REI-ReloadPlugins/DEBUG] [REI]  - DisplaySerializerRegistryImpl
[11:47:03] [REI-ReloadPlugins/DEBUG] [REI]  - FluidSupportProviderImpl
[11:47:03] [REI-ReloadPlugins/DEBUG] [REI]  - me.shedaniel.rei.plugin.client.runtime.PluginStageExecutionWatcher$1
[11:47:03] [REI-ReloadPlugins/DEBUG] [REI] Plugins (7):
[11:47:03] [REI-ReloadPlugins/DEBUG] [REI]  - (-100.00) DefaultClientPluginImpl of DefaultClientPluginImpl [roughlyenoughitems]
[11:47:03] [REI-ReloadPlugins/DEBUG] [REI]  - (-100.00) DefaultPluginImpl of DefaultPluginImpl [roughlyenoughitems]
[11:47:03] [REI-ReloadPlugins/DEBUG] [REI]  - (0.00) HideIngredientsFromTagsPlugin of HideIngredientsFromTagsPlugin [roughlyenoughitems]
[11:47:03] [REI-ReloadPlugins/DEBUG] [REI]  - (0.00) DefaultClientRuntimePlugin of DefaultClientRuntimePlugin [roughlyenoughitems]
[11:47:03] [REI-ReloadPlugins/DEBUG] [REI]  - (0.00) DefaultRuntimePlugin of DefaultRuntimePlugin [roughlyenoughitems]
[11:47:03] [REI-ReloadPlugins/DEBUG] [REI]  - (0.00) LDLibREIPlugin of LDLibREIPlugin [ldlib2]
[11:47:03] [REI-ReloadPlugins/DEBUG] [REI]  - (0.00) AE2 of AE2 [ae2]
[11:47:03] [REI-ReloadPlugins/DEBUG] [REI] ========================================
[11:47:03] [REI-ReloadPlugins/TRACE] [REI] [REIPlugin END] Reloading Section: "pre-register/"
[11:47:03] [REI-ReloadPlugins/TRACE] [REI] [REIPlugin END] Reloading Section: "pre-register/DefaultClientPluginImpl of DefaultClientPluginImpl [roughlyenoughitems]/"
[11:47:03] [REI-ReloadPlugins/TRACE] [REI] [REIPlugin END] Reloading Section: "pre-register/DefaultClientPluginImpl of DefaultClientPluginImpl [roughlyenoughitems]/" done in 13.23 μs
[11:47:03] [REI-ReloadPlugins/TRACE] [REI] [REIPlugin END] Reloading Section: "pre-register/DefaultPluginImpl of DefaultPluginImpl [roughlyenoughitems]/"
[11:47:03] [REI-ReloadPlugins/TRACE] [REI] [REIPlugin END] Reloading Section: "pre-register/DefaultPluginImpl of DefaultPluginImpl [roughlyenoughitems]/" done in 8.654 μs
[11:47:03] [REI-ReloadPlugins/TRACE] [REI] [REIPlugin END] Reloading Section: "pre-register/HideIngredientsFromTagsPlugin of HideIngredientsFromTagsPlugin [roughlyenoughitems]/"
[11:47:03] [REI-ReloadPlugins/TRACE] [REI] [REIPlugin END] Reloading Section: "pre-register/HideIngredientsFromTagsPlugin of HideIngredientsFromTagsPlugin [roughlyenoughitems]/" done in 8.247 μs
[11:47:03] [REI-ReloadPlugins/TRACE] [REI] [REIPlugin END] Reloading Section: "pre-register/DefaultClientRuntimePlugin of DefaultClientRuntimePlugin [roughlyenoughitems]/"
[11:47:03] [REI-ReloadPlugins/TRACE] [REI] [REIPlugin END] Reloading Section: "pre-register/DefaultClientRuntimePlugin of DefaultClientRuntimePlugin [roughlyenoughitems]/" done in 7.426 μs
[11:47:03] [REI-ReloadPlugins/TRACE] [REI] [REIPlugin END] Reloading Section: "pre-register/DefaultRuntimePlugin of DefaultRuntimePlugin [roughlyenoughitems]/"
[11:47:03] [REI-ReloadPlugins/TRACE] [REI] [REIPlugin END] Reloading Section: "pre-register/DefaultRuntimePlugin of DefaultRuntimePlugin [roughlyenoughitems]/" done in 6.867 μs
[11:47:03] [REI-ReloadPlugins/TRACE] [REI] [REIPlugin END] Reloading Section: "pre-register/LDLibREIPlugin of LDLibREIPlugin [ldlib2]/"
[11:47:03] [REI-ReloadPlugins/TRACE] [REI] [REIPlugin END] Reloading Section: "pre-register/LDLibREIPlugin of LDLibREIPlugin [ldlib2]/" done in 6.941 μs
[11:47:03] [REI-ReloadPlugins/TRACE] [REI] [REIPlugin END] Reloading Section: "pre-register/AE2 of AE2 [ae2]/"
[11:47:03] [REI-ReloadPlugins/TRACE] [REI] [REIPlugin END] Reloading Section: "pre-register/AE2 of AE2 [ae2]/" done in 22.00 μs
[11:47:03] [REI-ReloadPlugins/TRACE] [REI] [REIPlugin END] Reloading Section: "pre-register/" done in 179.7 μs
[11:47:03] [REI-ReloadPlugins/TRACE] [REI] [REIPlugin END] Reloading Section: "pre-stage/"
[11:47:03] [REI-ReloadPlugins/TRACE] [REI] [REIPlugin END] Reloading Section: "pre-stage/EntryTypeRegistryImpl/"
[11:47:03] [REI-ReloadPlugins/TRACE] [REI] [REIPlugin END] Reloading Section: "pre-stage/EntryTypeRegistryImpl/" done in 9.159 μs
[11:47:03] [REI-ReloadPlugins/TRACE] [REI] [REIPlugin END] Reloading Section: "pre-stage/EntrySettingsAdapterRegistryImpl/"
[11:47:03] [REI-ReloadPlugins/TRACE] [REI] [REIPlugin END] Reloading Section: "pre-stage/EntrySettingsAdapterRegistryImpl/" done in 7.365 μs
[11:47:03] [REI-ReloadPlugins/TRACE] [REI] [REIPlugin END] Reloading Section: "pre-stage/RecipeManagerContextImpl/"
[11:47:03] [REI-ReloadPlugins/TRACE] [REI] [REIPlugin END] Reloading Section: "pre-stage/RecipeManagerContextImpl/" done in 8.255 μs
[11:47:03] [REI-ReloadPlugins/TRACE] [REI] [REIPlugin END] Reloading Section: "pre-stage/ItemComparatorRegistryImpl/"
[11:47:03] [REI-ReloadPlugins/TRACE] [REI] [REIPlugin END] Reloading Section: "pre-stage/ItemComparatorRegistryImpl/" done in 6.886 μs
[11:47:03] [REI-ReloadPlugins/TRACE] [REI] [REIPlugin END] Reloading Section: "pre-stage/FluidComparatorRegistryImpl/"
[11:47:03] [REI-ReloadPlugins/TRACE] [REI] [REIPlugin END] Reloading Section: "pre-stage/FluidComparatorRegistryImpl/" done in 6.154 μs
[11:47:03] [REI-ReloadPlugins/TRACE] [REI] [REIPlugin END] Reloading Section: "pre-stage/DisplaySerializerRegistryImpl/"
[11:47:03] [REI-ReloadPlugins/TRACE] [REI] [REIPlugin END] Reloading Section: "pre-stage/DisplaySerializerRegistryImpl/" done in 6.213 μs
[11:47:03] [REI-ReloadPlugins/TRACE] [REI] [REIPlugin END] Reloading Section: "pre-stage/FluidSupportProviderImpl/"
[11:47:03] [REI-ReloadPlugins/TRACE] [REI] [REIPlugin END] Reloading Section: "pre-stage/FluidSupportProviderImpl/" done in 6.438 μs
[11:47:03] [REI-ReloadPlugins/TRACE] [REI] [REIPlugin END] Reloading Section: "pre-stage/me.shedaniel.rei.plugin.client.runtime.PluginStageExecutionWatcher$1/"
[11:47:03] [REI-ReloadPlugins/TRACE] [REI] [REIPlugin END] Reloading Section: "pre-stage/me.shedaniel.rei.plugin.client.runtime.PluginStageExecutionWatcher$1/" done in 10.33 μs
[11:47:03] [REI-ReloadPlugins/TRACE] [REI] [REIPlugin END] Reloading Section: "pre-stage/" done in 171.6 μs
[11:47:03] [REI-ReloadPlugins/DEBUG] [REI] ========================================
[11:47:03] [REI-ReloadPlugins/DEBUG] [REI] REIPlugin finished pre-reload for END in 377.5 μs.
[11:47:03] [REI-ReloadPlugins/DEBUG] [REI] ========================================
[11:47:03] [REI-ReloadPlugins/DEBUG] [REI] ========================================
[11:47:03] [REI-ReloadPlugins/DEBUG] [REI] REIClientPlugin starting pre-reload for END.
[11:47:03] [REI-ReloadPlugins/DEBUG] [REI] Reloadables (18):
[11:47:03] [REI-ReloadPlugins/DEBUG] [REI]  - EntryRendererRegistryImpl
[11:47:03] [REI-ReloadPlugins/DEBUG] [REI]  - ViewsImpl
[11:47:03] [REI-ReloadPlugins/DEBUG] [REI]  - InputMethodRegistryImpl
[11:47:03] [REI-ReloadPlugins/DEBUG] [REI]  - SearchProviderImpl
[11:47:03] [REI-ReloadPlugins/DEBUG] [REI]  - ConfigManagerImpl
[11:47:03] [REI-ReloadPlugins/DEBUG] [REI]  - EntryRegistryImpl
[11:47:03] [REI-ReloadPlugins/DEBUG] [REI]  - CollapsibleEntryRegistryImpl
[11:47:03] [REI-ReloadPlugins/DEBUG] [REI]  - BasicFilteringRuleImpl
[11:47:03] [REI-ReloadPlugins/DEBUG] [REI]  - CategoryRegistryImpl
[11:47:03] [REI-ReloadPlugins/DEBUG] [REI]  - DisplayRegistryImpl
[11:47:03] [REI-ReloadPlugins/DEBUG] [REI]  - ScreenRegistryImpl
[11:47:03] [REI-ReloadPlugins/DEBUG] [REI]  - FavoriteEntryTypeRegistryImpl
[11:47:03] [REI-ReloadPlugins/DEBUG] [REI]  - SubsetsRegistryImpl
[11:47:03] [REI-ReloadPlugins/DEBUG] [REI]  - TransferHandlerRegistryImpl
[11:47:03] [REI-ReloadPlugins/DEBUG] [REI]  - SearchRuntime
[11:47:03] [REI-ReloadPlugins/DEBUG] [REI]  - REIRuntimeImpl
[11:47:03] [REI-ReloadPlugins/DEBUG] [REI]  - ConfigAddonRegistryImpl
[11:47:03] [REI-ReloadPlugins/DEBUG] [REI]  - me.shedaniel.rei.plugin.client.runtime.PluginStageExecutionWatcher$1
[11:47:03] [REI-ReloadPlugins/DEBUG] [REI] Plugins (5):
[11:47:03] [REI-ReloadPlugins/DEBUG] [REI]  - (-100.00) DefaultClientPluginImpl of DefaultClientPluginImpl [roughlyenoughitems]
[11:47:03] [REI-ReloadPlugins/DEBUG] [REI]  - (0.00) LDLibREIPlugin of LDLibREIPlugin [ldlib2]
[11:47:03] [REI-ReloadPlugins/DEBUG] [REI]  - (0.00) AE2 of AE2 [ae2]
[11:47:03] [REI-ReloadPlugins/DEBUG] [REI]  - (0.00) HideIngredientsFromTagsPlugin of HideIngredientsFromTagsPlugin [roughlyenoughitems]
[11:47:03] [REI-ReloadPlugins/DEBUG] [REI]  - (0.00) DefaultClientRuntimePlugin of DefaultClientRuntimePlugin [roughlyenoughitems]
[11:47:03] [REI-ReloadPlugins/DEBUG] [REI] ========================================
[11:47:03] [REI-ReloadPlugins/TRACE] [REI] [REIClientPlugin END] Reloading Section: "pre-register/"
[11:47:03] [REI-ReloadPlugins/TRACE] [REI] [REIClientPlugin END] Reloading Section: "pre-register/DefaultClientPluginImpl of DefaultClientPluginImpl [roughlyenoughitems]/"
[11:47:03] [REI-ReloadPlugins/TRACE] [REI] [REIClientPlugin END] Reloading Section: "pre-register/DefaultClientPluginImpl of DefaultClientPluginImpl [roughlyenoughitems]/" done in 11.29 μs
[11:47:03] [REI-ReloadPlugins/TRACE] [REI] [REIClientPlugin END] Reloading Section: "pre-register/LDLibREIPlugin of LDLibREIPlugin [ldlib2]/"
[11:47:03] [REI-ReloadPlugins/TRACE] [REI] [REIClientPlugin END] Reloading Section: "pre-register/LDLibREIPlugin of LDLibREIPlugin [ldlib2]/" done in 9.610 μs
[11:47:03] [REI-ReloadPlugins/TRACE] [REI] [REIClientPlugin END] Reloading Section: "pre-register/AE2 of AE2 [ae2]/"
[11:47:03] [REI-ReloadPlugins/TRACE] [REI] [REIClientPlugin END] Reloading Section: "pre-register/AE2 of AE2 [ae2]/" done in 7.422 μs
[11:47:03] [REI-ReloadPlugins/TRACE] [REI] [REIClientPlugin END] Reloading Section: "pre-register/HideIngredientsFromTagsPlugin of HideIngredientsFromTagsPlugin [roughlyenoughitems]/"
[11:47:03] [REI-ReloadPlugins/TRACE] [REI] [REIClientPlugin END] Reloading Section: "pre-register/HideIngredientsFromTagsPlugin of HideIngredientsFromTagsPlugin [roughlyenoughitems]/" done in 7.271 μs
[11:47:03] [REI-ReloadPlugins/TRACE] [REI] [REIClientPlugin END] Reloading Section: "pre-register/DefaultClientRuntimePlugin of DefaultClientRuntimePlugin [roughlyenoughitems]/"
[11:47:03] [REI-ReloadPlugins/TRACE] [REI] [REIClientPlugin END] Reloading Section: "pre-register/DefaultClientRuntimePlugin of DefaultClientRuntimePlugin [roughlyenoughitems]/" done in 7.012 μs
[11:47:03] [REI-ReloadPlugins/TRACE] [REI] [REIClientPlugin END] Reloading Section: "pre-register/" done in 119.4 μs
[11:47:03] [REI-ReloadPlugins/TRACE] [REI] [REIClientPlugin END] Reloading Section: "pre-stage/"
[11:47:03] [REI-ReloadPlugins/TRACE] [REI] [REIClientPlugin END] Reloading Section: "pre-stage/EntryRendererRegistryImpl/"
[11:47:03] [REI-ReloadPlugins/TRACE] [REI] [REIClientPlugin END] Reloading Section: "pre-stage/EntryRendererRegistryImpl/" done in 8.029 μs
[11:47:03] [REI-ReloadPlugins/TRACE] [REI] [REIClientPlugin END] Reloading Section: "pre-stage/ViewsImpl/"
[11:47:03] [REI-ReloadPlugins/TRACE] [REI] [REIClientPlugin END] Reloading Section: "pre-stage/ViewsImpl/" done in 6.893 μs
[11:47:03] [REI-ReloadPlugins/TRACE] [REI] [REIClientPlugin END] Reloading Section: "pre-stage/InputMethodRegistryImpl/"
[11:47:03] [REI-ReloadPlugins/TRACE] [REI] [REIClientPlugin END] Reloading Section: "pre-stage/InputMethodRegistryImpl/" done in 24.65 μs
[11:47:03] [REI-ReloadPlugins/TRACE] [REI] [REIClientPlugin END] Reloading Section: "pre-stage/SearchProviderImpl/"
[11:47:03] [REI-ReloadPlugins/TRACE] [REI] [REIClientPlugin END] Reloading Section: "pre-stage/SearchProviderImpl/" done in 6.527 μs
[11:47:03] [REI-ReloadPlugins/TRACE] [REI] [REIClientPlugin END] Reloading Section: "pre-stage/ConfigManagerImpl/"
[11:47:03] [REI-ReloadPlugins/TRACE] [REI] [REIClientPlugin END] Reloading Section: "pre-stage/ConfigManagerImpl/" done in 9.166 μs
[11:47:03] [REI-ReloadPlugins/TRACE] [REI] [REIClientPlugin END] Reloading Section: "pre-stage/EntryRegistryImpl/"
[11:47:03] [REI-ReloadPlugins/TRACE] [REI] [REIClientPlugin END] Reloading Section: "pre-stage/EntryRegistryImpl/" done in 5.738 μs
[11:47:03] [REI-ReloadPlugins/TRACE] [REI] [REIClientPlugin END] Reloading Section: "pre-stage/CollapsibleEntryRegistryImpl/"
[11:47:03] [REI-ReloadPlugins/TRACE] [REI] [REIClientPlugin END] Reloading Section: "pre-stage/CollapsibleEntryRegistryImpl/" done in 6.703 μs
[11:47:03] [REI-ReloadPlugins/TRACE] [REI] [REIClientPlugin END] Reloading Section: "pre-stage/BasicFilteringRuleImpl/"
[11:47:03] [REI-ReloadPlugins/TRACE] [REI] [REIClientPlugin END] Reloading Section: "pre-stage/BasicFilteringRuleImpl/" done in 6.447 μs
[11:47:03] [REI-ReloadPlugins/TRACE] [REI] [REIClientPlugin END] Reloading Section: "pre-stage/CategoryRegistryImpl/"
[11:47:03] [REI-ReloadPlugins/TRACE] [REI] [REIClientPlugin END] Reloading Section: "pre-stage/CategoryRegistryImpl/" done in 6.039 μs
[11:47:03] [REI-ReloadPlugins/TRACE] [REI] [REIClientPlugin END] Reloading Section: "pre-stage/DisplayRegistryImpl/"
[11:47:03] [REI-ReloadPlugins/TRACE] [REI] [REIClientPlugin END] Reloading Section: "pre-stage/DisplayRegistryImpl/" done in 6.144 μs
[11:47:03] [REI-ReloadPlugins/TRACE] [REI] [REIClientPlugin END] Reloading Section: "pre-stage/ScreenRegistryImpl/"
[11:47:03] [REI-ReloadPlugins/TRACE] [REI] [REIClientPlugin END] Reloading Section: "pre-stage/ScreenRegistryImpl/" done in 6.064 μs
[11:47:03] [REI-ReloadPlugins/TRACE] [REI] [REIClientPlugin END] Reloading Section: "pre-stage/FavoriteEntryTypeRegistryImpl/"
[11:47:03] [REI-ReloadPlugins/TRACE] [REI] [REIClientPlugin END] Reloading Section: "pre-stage/FavoriteEntryTypeRegistryImpl/" done in 6.337 μs
[11:47:03] [REI-ReloadPlugins/TRACE] [REI] [REIClientPlugin END] Reloading Section: "pre-stage/SubsetsRegistryImpl/"
[11:47:03] [REI-ReloadPlugins/TRACE] [REI] [REIClientPlugin END] Reloading Section: "pre-stage/SubsetsRegistryImpl/" done in 6.202 μs
[11:47:03] [REI-ReloadPlugins/TRACE] [REI] [REIClientPlugin END] Reloading Section: "pre-stage/TransferHandlerRegistryImpl/"
[11:47:03] [REI-ReloadPlugins/TRACE] [REI] [REIClientPlugin END] Reloading Section: "pre-stage/TransferHandlerRegistryImpl/" done in 6.274 μs
[11:47:03] [REI-ReloadPlugins/TRACE] [REI] [REIClientPlugin END] Reloading Section: "pre-stage/SearchRuntime/"
[11:47:03] [REI-ReloadPlugins/TRACE] [REI] [REIClientPlugin END] Reloading Section: "pre-stage/SearchRuntime/" done in 6.378 μs
[11:47:03] [REI-ReloadPlugins/TRACE] [REI] [REIClientPlugin END] Reloading Section: "pre-stage/REIRuntimeImpl/"
[11:47:03] [REI-ReloadPlugins/TRACE] [REI] [REIClientPlugin END] Reloading Section: "pre-stage/REIRuntimeImpl/" done in 6.277 μs
[11:47:03] [REI-ReloadPlugins/TRACE] [REI] [REIClientPlugin END] Reloading Section: "pre-stage/ConfigAddonRegistryImpl/"
[11:47:03] [REI-ReloadPlugins/TRACE] [REI] [REIClientPlugin END] Reloading Section: "pre-stage/ConfigAddonRegistryImpl/" done in 12.92 μs
[11:47:03] [REI-ReloadPlugins/TRACE] [REI] [REIClientPlugin END] Reloading Section: "pre-stage/me.shedaniel.rei.plugin.client.runtime.PluginStageExecutionWatcher$1/"
[11:47:03] [REI-ReloadPlugins/TRACE] [REI] [REIClientPlugin END] Reloading Section: "pre-stage/me.shedaniel.rei.plugin.client.runtime.PluginStageExecutionWatcher$1/" done in 9.061 μs
[11:47:03] [REI-ReloadPlugins/TRACE] [REI] [REIClientPlugin END] Reloading Section: "pre-stage/" done in 353.4 μs
[11:47:03] [REI-ReloadPlugins/DEBUG] [REI] ========================================
[11:47:03] [REI-ReloadPlugins/DEBUG] [REI] REIClientPlugin finished pre-reload for END in 491.1 μs.
[11:47:03] [REI-ReloadPlugins/DEBUG] [REI] ========================================
[11:47:03] [REI-ReloadPlugins/DEBUG] [REI] ========================================
[11:47:03] [REI-ReloadPlugins/DEBUG] [REI] REIServerPlugin starting pre-reload for END.
[11:47:03] [REI-ReloadPlugins/DEBUG] [REI] Reloadables (3):
[11:47:03] [REI-ReloadPlugins/DEBUG] [REI]  - MenuInfoRegistryImpl
[11:47:03] [REI-ReloadPlugins/DEBUG] [REI]  - SlotAccessorRegistryImpl
[11:47:03] [REI-ReloadPlugins/DEBUG] [REI]  - me.shedaniel.rei.plugin.client.runtime.PluginStageExecutionWatcher$1
[11:47:03] [REI-ReloadPlugins/DEBUG] [REI] Plugins (2):
[11:47:03] [REI-ReloadPlugins/DEBUG] [REI]  - (-100.00) DefaultPluginImpl of DefaultPluginImpl [roughlyenoughitems]
[11:47:03] [REI-ReloadPlugins/DEBUG] [REI]  - (0.00) DefaultRuntimePlugin of DefaultRuntimePlugin [roughlyenoughitems]
[11:47:03] [REI-ReloadPlugins/DEBUG] [REI] ========================================
[11:47:03] [REI-ReloadPlugins/TRACE] [REI] [REIServerPlugin END] Reloading Section: "pre-register/"
[11:47:03] [REI-ReloadPlugins/TRACE] [REI] [REIServerPlugin END] Reloading Section: "pre-register/DefaultPluginImpl of DefaultPluginImpl [roughlyenoughitems]/"
[11:47:03] [REI-ReloadPlugins/TRACE] [REI] [REIServerPlugin END] Reloading Section: "pre-register/DefaultPluginImpl of DefaultPluginImpl [roughlyenoughitems]/" done in 9.905 μs
[11:47:03] [REI-ReloadPlugins/TRACE] [REI] [REIServerPlugin END] Reloading Section: "pre-register/DefaultRuntimePlugin of DefaultRuntimePlugin [roughlyenoughitems]/"
[11:47:03] [REI-ReloadPlugins/TRACE] [REI] [REIServerPlugin END] Reloading Section: "pre-register/DefaultRuntimePlugin of DefaultRuntimePlugin [roughlyenoughitems]/" done in 8.118 μs
[11:47:03] [REI-ReloadPlugins/TRACE] [REI] [REIServerPlugin END] Reloading Section: "pre-register/" done in 54.01 μs
[11:47:03] [REI-ReloadPlugins/TRACE] [REI] [REIServerPlugin END] Reloading Section: "pre-stage/"
[11:47:03] [REI-ReloadPlugins/TRACE] [REI] [REIServerPlugin END] Reloading Section: "pre-stage/MenuInfoRegistryImpl/"
[11:47:03] [REI-ReloadPlugins/TRACE] [REI] [REIServerPlugin END] Reloading Section: "pre-stage/MenuInfoRegistryImpl/" done in 7.759 μs
[11:47:03] [REI-ReloadPlugins/TRACE] [REI] [REIServerPlugin END] Reloading Section: "pre-stage/SlotAccessorRegistryImpl/"
[11:47:03] [REI-ReloadPlugins/TRACE] [REI] [REIServerPlugin END] Reloading Section: "pre-stage/SlotAccessorRegistryImpl/" done in 6.830 μs
[11:47:03] [REI-ReloadPlugins/TRACE] [REI] [REIServerPlugin END] Reloading Section: "pre-stage/me.shedaniel.rei.plugin.client.runtime.PluginStageExecutionWatcher$1/"
[11:47:03] [REI-ReloadPlugins/TRACE] [REI] [REIServerPlugin END] Reloading Section: "pre-stage/me.shedaniel.rei.plugin.client.runtime.PluginStageExecutionWatcher$1/" done in 7.880 μs
[11:47:03] [REI-ReloadPlugins/TRACE] [REI] [REIServerPlugin END] Reloading Section: "pre-stage/" done in 65.51 μs
[11:47:03] [REI-ReloadPlugins/DEBUG] [REI] ========================================
[11:47:03] [REI-ReloadPlugins/DEBUG] [REI] REIServerPlugin finished pre-reload for END in 137.3 μs.
[11:47:03] [REI-ReloadPlugins/DEBUG] [REI] ========================================
[11:47:03] [REI-ReloadPlugins/INFO] [REI] ~~~~~~~~~~~~~~~~~~~~~~~~~~~~~~~~~~~~~~~~
[11:47:03] [REI-ReloadPlugins/INFO] [REI] REIPlugin starting main-reload for END.
[11:47:03] [REI-ReloadPlugins/DEBUG] [REI] Reloadables (8):
[11:47:03] [REI-ReloadPlugins/DEBUG] [REI]  - EntryTypeRegistryImpl
[11:47:03] [REI-ReloadPlugins/DEBUG] [REI]  - EntrySettingsAdapterRegistryImpl
[11:47:03] [REI-ReloadPlugins/DEBUG] [REI]  - RecipeManagerContextImpl
[11:47:03] [REI-ReloadPlugins/DEBUG] [REI]  - ItemComparatorRegistryImpl
[11:47:03] [REI-ReloadPlugins/DEBUG] [REI]  - FluidComparatorRegistryImpl
[11:47:03] [REI-ReloadPlugins/DEBUG] [REI]  - DisplaySerializerRegistryImpl
[11:47:03] [REI-ReloadPlugins/DEBUG] [REI]  - FluidSupportProviderImpl
[11:47:03] [REI-ReloadPlugins/DEBUG] [REI]  - me.shedaniel.rei.plugin.client.runtime.PluginStageExecutionWatcher$1
[11:47:03] [REI-ReloadPlugins/INFO] [REI] Plugins (7):
[11:47:03] [REI-ReloadPlugins/INFO] [REI]  - (-100.00) DefaultClientPluginImpl of DefaultClientPluginImpl [roughlyenoughitems]
[11:47:03] [REI-ReloadPlugins/INFO] [REI]  - (-100.00) DefaultPluginImpl of DefaultPluginImpl [roughlyenoughitems]
[11:47:03] [REI-ReloadPlugins/INFO] [REI]  - (0.00) HideIngredientsFromTagsPlugin of HideIngredientsFromTagsPlugin [roughlyenoughitems]
[11:47:03] [REI-ReloadPlugins/INFO] [REI]  - (0.00) DefaultClientRuntimePlugin of DefaultClientRuntimePlugin [roughlyenoughitems]
[11:47:03] [REI-ReloadPlugins/INFO] [REI]  - (0.00) DefaultRuntimePlugin of DefaultRuntimePlugin [roughlyenoughitems]
[11:47:03] [REI-ReloadPlugins/INFO] [REI]  - (0.00) LDLibREIPlugin of LDLibREIPlugin [ldlib2]
[11:47:03] [REI-ReloadPlugins/INFO] [REI]  - (0.00) AE2 of AE2 [ae2]
[11:47:03] [REI-ReloadPlugins/INFO] [REI] ~~~~~~~~~~~~~~~~~~~~~~~~~~~~~~~~~~~~~~~~
[11:47:03] [REI-ReloadPlugins/TRACE] [REI] [REIPlugin END] Reloading Section: "start-reload/"
[11:47:03] [REI-ReloadPlugins/TRACE] [REI] [REIPlugin END] Reloading Section: "start-reload/EntryTypeRegistryImpl/"
[11:47:03] [REI-ReloadPlugins/TRACE] [REI] [REIPlugin END] Reloading Section: "start-reload/EntryTypeRegistryImpl/" done in 7.898 μs
[11:47:03] [REI-ReloadPlugins/TRACE] [REI] [REIPlugin END] Reloading Section: "start-reload/EntrySettingsAdapterRegistryImpl/"
[11:47:03] [REI-ReloadPlugins/TRACE] [REI] [REIPlugin END] Reloading Section: "start-reload/EntrySettingsAdapterRegistryImpl/" done in 10.16 μs
[11:47:03] [REI-ReloadPlugins/TRACE] [REI] [REIPlugin END] Reloading Section: "start-reload/RecipeManagerContextImpl/"
[11:47:03] [REI-ReloadPlugins/TRACE] [REI] [REIPlugin END] Reloading Section: "start-reload/RecipeManagerContextImpl/" done in 6.117 μs
[11:47:03] [REI-ReloadPlugins/TRACE] [REI] [REIPlugin END] Reloading Section: "start-reload/ItemComparatorRegistryImpl/"
[11:47:03] [REI-ReloadPlugins/TRACE] [REI] [REIPlugin END] Reloading Section: "start-reload/ItemComparatorRegistryImpl/" done in 5.939 μs
[11:47:03] [REI-ReloadPlugins/TRACE] [REI] [REIPlugin END] Reloading Section: "start-reload/FluidComparatorRegistryImpl/"
[11:47:03] [REI-ReloadPlugins/TRACE] [REI] [REIPlugin END] Reloading Section: "start-reload/FluidComparatorRegistryImpl/" done in 5.193 μs
[11:47:03] [REI-ReloadPlugins/TRACE] [REI] [REIPlugin END] Reloading Section: "start-reload/DisplaySerializerRegistryImpl/"
[11:47:03] [REI-ReloadPlugins/TRACE] [REI] [REIPlugin END] Reloading Section: "start-reload/DisplaySerializerRegistryImpl/" done in 9.460 μs
[11:47:03] [REI-ReloadPlugins/TRACE] [REI] [REIPlugin END] Reloading Section: "start-reload/FluidSupportProviderImpl/"
[11:47:03] [REI-ReloadPlugins/TRACE] [REI] [REIPlugin END] Reloading Section: "start-reload/FluidSupportProviderImpl/" done in 7.829 μs
[11:47:03] [REI-ReloadPlugins/TRACE] [REI] [REIPlugin END] Reloading Section: "start-reload/me.shedaniel.rei.plugin.client.runtime.PluginStageExecutionWatcher$1/"
[11:47:03] [REI-ReloadPlugins/TRACE] [REI] [REIPlugin END] Reloading Section: "start-reload/me.shedaniel.rei.plugin.client.runtime.PluginStageExecutionWatcher$1/" done in 6.031 μs
[11:47:03] [REI-ReloadPlugins/TRACE] [REI] [REIPlugin END] Reloading Section: "start-reload/" done in 152.0 μs
[11:47:03] [REI-ReloadPlugins/DEBUG] [REI] ========================================
[11:47:03] [REI-ReloadPlugins/DEBUG] [REI] REIPlugin started main-reload for END.
[11:47:03] [REI-ReloadPlugins/DEBUG] [REI] ========================================
[11:47:03] [REI-ReloadPlugins/TRACE] [REI] [REIPlugin END] Reloading Section: "reloadable-plugin/EntryTypeRegistryImpl/"
[11:47:03] [REI-ReloadPlugins/TRACE] [REI] [REIPlugin END] Reloading Section: "reloadable-plugin/EntryTypeRegistryImpl/DefaultClientPluginImpl of DefaultClientPluginImpl [roughlyenoughitems]/"
[11:47:03] [REI-ReloadPlugins/TRACE] [REI] [REIPlugin END] Reloading Section: "reloadable-plugin/EntryTypeRegistryImpl/DefaultClientPluginImpl of DefaultClientPluginImpl [roughlyenoughitems]/" done in 11.62 μs
[11:47:03] [REI-ReloadPlugins/TRACE] [REI] [REIPlugin END] Reloading Section: "reloadable-plugin/EntryTypeRegistryImpl/DefaultPluginImpl of DefaultPluginImpl [roughlyenoughitems]/"
[11:47:03] [REI-ReloadPlugins/TRACE] [REI] [REIPlugin END] Reloading Section: "reloadable-plugin/EntryTypeRegistryImpl/DefaultPluginImpl of DefaultPluginImpl [roughlyenoughitems]/" done in 7.121 μs
[11:47:03] [REI-ReloadPlugins/TRACE] [REI] [REIPlugin END] Reloading Section: "reloadable-plugin/EntryTypeRegistryImpl/HideIngredientsFromTagsPlugin of HideIngredientsFromTagsPlugin [roughlyenoughitems]/"
[11:47:03] [REI-ReloadPlugins/TRACE] [REI] [REIPlugin END] Reloading Section: "reloadable-plugin/EntryTypeRegistryImpl/HideIngredientsFromTagsPlugin of HideIngredientsFromTagsPlugin [roughlyenoughitems]/" done in 6.432 μs
[11:47:03] [REI-ReloadPlugins/TRACE] [REI] [REIPlugin END] Reloading Section: "reloadable-plugin/EntryTypeRegistryImpl/DefaultClientRuntimePlugin of DefaultClientRuntimePlugin [roughlyenoughitems]/"
[11:47:03] [REI-ReloadPlugins/TRACE] [REI] [REIPlugin END] Reloading Section: "reloadable-plugin/EntryTypeRegistryImpl/DefaultClientRuntimePlugin of DefaultClientRuntimePlugin [roughlyenoughitems]/" done in 7.589 μs
[11:47:03] [REI-ReloadPlugins/TRACE] [REI] [REIPlugin END] Reloading Section: "reloadable-plugin/EntryTypeRegistryImpl/DefaultRuntimePlugin of DefaultRuntimePlugin [roughlyenoughitems]/"
[11:47:03] [REI-ReloadPlugins/TRACE] [REI] [REIPlugin END] Reloading Section: "reloadable-plugin/EntryTypeRegistryImpl/DefaultRuntimePlugin of DefaultRuntimePlugin [roughlyenoughitems]/" done in 7.271 μs
[11:47:03] [REI-ReloadPlugins/TRACE] [REI] [REIPlugin END] Reloading Section: "reloadable-plugin/EntryTypeRegistryImpl/LDLibREIPlugin of LDLibREIPlugin [ldlib2]/"
[11:47:03] [REI-ReloadPlugins/TRACE] [REI] [REIPlugin END] Reloading Section: "reloadable-plugin/EntryTypeRegistryImpl/LDLibREIPlugin of LDLibREIPlugin [ldlib2]/" done in 6.558 μs
[11:47:03] [REI-ReloadPlugins/TRACE] [REI] [REIPlugin END] Reloading Section: "reloadable-plugin/EntryTypeRegistryImpl/AE2 of AE2 [ae2]/"
[11:47:03] [REI-ReloadPlugins/TRACE] [REI] [REIPlugin END] Reloading Section: "reloadable-plugin/EntryTypeRegistryImpl/AE2 of AE2 [ae2]/" done in 6.985 μs
[11:47:03] [REI-ReloadPlugins/TRACE] [REI] [REIPlugin END] Reloading Section: "reloadable-plugin/EntryTypeRegistryImpl/" done in 142.2 μs
[11:47:03] [REI-ReloadPlugins/TRACE] [REI] [REIPlugin END] Reloading Section: "reloadable-plugin/EntrySettingsAdapterRegistryImpl/"
[11:47:03] [REI-ReloadPlugins/TRACE] [REI] [REIPlugin END] Reloading Section: "reloadable-plugin/EntrySettingsAdapterRegistryImpl/DefaultClientPluginImpl of DefaultClientPluginImpl [roughlyenoughitems]/"
[11:47:03] [REI-ReloadPlugins/TRACE] [REI] [REIPlugin END] Reloading Section: "reloadable-plugin/EntrySettingsAdapterRegistryImpl/DefaultClientPluginImpl of DefaultClientPluginImpl [roughlyenoughitems]/" done in 13.79 μs
[11:47:03] [REI-ReloadPlugins/TRACE] [REI] [REIPlugin END] Reloading Section: "reloadable-plugin/EntrySettingsAdapterRegistryImpl/DefaultPluginImpl of DefaultPluginImpl [roughlyenoughitems]/"
[11:47:03] [REI-ReloadPlugins/TRACE] [REI] [REIPlugin END] Reloading Section: "reloadable-plugin/EntrySettingsAdapterRegistryImpl/DefaultPluginImpl of DefaultPluginImpl [roughlyenoughitems]/" done in 7.395 μs
[11:47:03] [REI-ReloadPlugins/TRACE] [REI] [REIPlugin END] Reloading Section: "reloadable-plugin/EntrySettingsAdapterRegistryImpl/HideIngredientsFromTagsPlugin of HideIngredientsFromTagsPlugin [roughlyenoughitems]/"
[11:47:03] [REI-ReloadPlugins/TRACE] [REI] [REIPlugin END] Reloading Section: "reloadable-plugin/EntrySettingsAdapterRegistryImpl/HideIngredientsFromTagsPlugin of HideIngredientsFromTagsPlugin [roughlyenoughitems]/" done in 11.10 μs
[11:47:03] [REI-ReloadPlugins/TRACE] [REI] [REIPlugin END] Reloading Section: "reloadable-plugin/EntrySettingsAdapterRegistryImpl/DefaultClientRuntimePlugin of DefaultClientRuntimePlugin [roughlyenoughitems]/"
[11:47:03] [REI-ReloadPlugins/TRACE] [REI] [REIPlugin END] Reloading Section: "reloadable-plugin/EntrySettingsAdapterRegistryImpl/DefaultClientRuntimePlugin of DefaultClientRuntimePlugin [roughlyenoughitems]/" done in 7.066 μs
[11:47:03] [REI-ReloadPlugins/TRACE] [REI] [REIPlugin END] Reloading Section: "reloadable-plugin/EntrySettingsAdapterRegistryImpl/DefaultRuntimePlugin of DefaultRuntimePlugin [roughlyenoughitems]/"
[11:47:03] [REI-ReloadPlugins/TRACE] [REI] [REIPlugin END] Reloading Section: "reloadable-plugin/EntrySettingsAdapterRegistryImpl/DefaultRuntimePlugin of DefaultRuntimePlugin [roughlyenoughitems]/" done in 6.729 μs
[11:47:03] [REI-ReloadPlugins/TRACE] [REI] [REIPlugin END] Reloading Section: "reloadable-plugin/EntrySettingsAdapterRegistryImpl/LDLibREIPlugin of LDLibREIPlugin [ldlib2]/"
[11:47:03] [REI-ReloadPlugins/TRACE] [REI] [REIPlugin END] Reloading Section: "reloadable-plugin/EntrySettingsAdapterRegistryImpl/LDLibREIPlugin of LDLibREIPlugin [ldlib2]/" done in 10.55 μs
[11:47:03] [REI-ReloadPlugins/TRACE] [REI] [REIPlugin END] Reloading Section: "reloadable-plugin/EntrySettingsAdapterRegistryImpl/AE2 of AE2 [ae2]/"
[11:47:03] [REI-ReloadPlugins/TRACE] [REI] [REIPlugin END] Reloading Section: "reloadable-plugin/EntrySettingsAdapterRegistryImpl/AE2 of AE2 [ae2]/" done in 7.001 μs
[11:47:03] [REI-ReloadPlugins/TRACE] [REI] [REIPlugin END] Reloading Section: "reloadable-plugin/EntrySettingsAdapterRegistryImpl/" done in 145.2 μs
[11:47:03] [REI-ReloadPlugins/TRACE] [REI] [REIPlugin END] Reloading Section: "reloadable-plugin/RecipeManagerContextImpl/"
[11:47:03] [REI-ReloadPlugins/TRACE] [REI] [REIPlugin END] Reloading Section: "reloadable-plugin/RecipeManagerContextImpl/DefaultClientPluginImpl of DefaultClientPluginImpl [roughlyenoughitems]/"
[11:47:03] [REI-ReloadPlugins/TRACE] [REI] [REIPlugin END] Reloading Section: "reloadable-plugin/RecipeManagerContextImpl/DefaultClientPluginImpl of DefaultClientPluginImpl [roughlyenoughitems]/" done in 7.480 μs
[11:47:03] [REI-ReloadPlugins/TRACE] [REI] [REIPlugin END] Reloading Section: "reloadable-plugin/RecipeManagerContextImpl/DefaultPluginImpl of DefaultPluginImpl [roughlyenoughitems]/"
[11:47:03] [REI-ReloadPlugins/TRACE] [REI] [REIPlugin END] Reloading Section: "reloadable-plugin/RecipeManagerContextImpl/DefaultPluginImpl of DefaultPluginImpl [roughlyenoughitems]/" done in 7.039 μs
[11:47:03] [REI-ReloadPlugins/TRACE] [REI] [REIPlugin END] Reloading Section: "reloadable-plugin/RecipeManagerContextImpl/HideIngredientsFromTagsPlugin of HideIngredientsFromTagsPlugin [roughlyenoughitems]/"
[11:47:03] [REI-ReloadPlugins/TRACE] [REI] [REIPlugin END] Reloading Section: "reloadable-plugin/RecipeManagerContextImpl/HideIngredientsFromTagsPlugin of HideIngredientsFromTagsPlugin [roughlyenoughitems]/" done in 6.623 μs
[11:47:03] [REI-ReloadPlugins/TRACE] [REI] [REIPlugin END] Reloading Section: "reloadable-plugin/RecipeManagerContextImpl/DefaultClientRuntimePlugin of DefaultClientRuntimePlugin [roughlyenoughitems]/"
[11:47:03] [REI-ReloadPlugins/TRACE] [REI] [REIPlugin END] Reloading Section: "reloadable-plugin/RecipeManagerContextImpl/DefaultClientRuntimePlugin of DefaultClientRuntimePlugin [roughlyenoughitems]/" done in 6.934 μs
[11:47:03] [REI-ReloadPlugins/TRACE] [REI] [REIPlugin END] Reloading Section: "reloadable-plugin/RecipeManagerContextImpl/DefaultRuntimePlugin of DefaultRuntimePlugin [roughlyenoughitems]/"
[11:47:03] [REI-ReloadPlugins/TRACE] [REI] [REIPlugin END] Reloading Section: "reloadable-plugin/RecipeManagerContextImpl/DefaultRuntimePlugin of DefaultRuntimePlugin [roughlyenoughitems]/" done in 6.982 μs
[11:47:03] [REI-ReloadPlugins/TRACE] [REI] [REIPlugin END] Reloading Section: "reloadable-plugin/RecipeManagerContextImpl/LDLibREIPlugin of LDLibREIPlugin [ldlib2]/"
[11:47:03] [REI-ReloadPlugins/TRACE] [REI] [REIPlugin END] Reloading Section: "reloadable-plugin/RecipeManagerContextImpl/LDLibREIPlugin of LDLibREIPlugin [ldlib2]/" done in 6.816 μs
[11:47:03] [REI-ReloadPlugins/TRACE] [REI] [REIPlugin END] Reloading Section: "reloadable-plugin/RecipeManagerContextImpl/AE2 of AE2 [ae2]/"
[11:47:03] [REI-ReloadPlugins/TRACE] [REI] [REIPlugin END] Reloading Section: "reloadable-plugin/RecipeManagerContextImpl/AE2 of AE2 [ae2]/" done in 7.415 μs
[11:47:03] [REI-ReloadPlugins/TRACE] [REI] [REIPlugin END] Reloading Section: "reloadable-plugin/RecipeManagerContextImpl/" done in 135.6 μs
[11:47:03] [REI-ReloadPlugins/TRACE] [REI] [REIPlugin END] Reloading Section: "reloadable-plugin/ItemComparatorRegistryImpl/"
[11:47:03] [REI-ReloadPlugins/TRACE] [REI] [REIPlugin END] Reloading Section: "reloadable-plugin/ItemComparatorRegistryImpl/DefaultClientPluginImpl of DefaultClientPluginImpl [roughlyenoughitems]/"
[11:47:03] [REI-ReloadPlugins/TRACE] [REI] [REIPlugin END] Reloading Section: "reloadable-plugin/ItemComparatorRegistryImpl/DefaultClientPluginImpl of DefaultClientPluginImpl [roughlyenoughitems]/" done in 7.528 μs
[11:47:03] [REI-ReloadPlugins/TRACE] [REI] [REIPlugin END] Reloading Section: "reloadable-plugin/ItemComparatorRegistryImpl/DefaultPluginImpl of DefaultPluginImpl [roughlyenoughitems]/"
[11:47:03] [REI-ReloadPlugins/TRACE] [REI] [REIPlugin END] Reloading Section: "reloadable-plugin/ItemComparatorRegistryImpl/DefaultPluginImpl of DefaultPluginImpl [roughlyenoughitems]/" done in 7.258 μs
[11:47:03] [REI-ReloadPlugins/TRACE] [REI] [REIPlugin END] Reloading Section: "reloadable-plugin/ItemComparatorRegistryImpl/HideIngredientsFromTagsPlugin of HideIngredientsFromTagsPlugin [roughlyenoughitems]/"
[11:47:03] [REI-ReloadPlugins/TRACE] [REI] [REIPlugin END] Reloading Section: "reloadable-plugin/ItemComparatorRegistryImpl/HideIngredientsFromTagsPlugin of HideIngredientsFromTagsPlugin [roughlyenoughitems]/" done in 3.038 ms
[11:47:03] [REI-ReloadPlugins/TRACE] [REI] [REIPlugin END] Reloading Section: "reloadable-plugin/ItemComparatorRegistryImpl/DefaultClientRuntimePlugin of DefaultClientRuntimePlugin [roughlyenoughitems]/"
[11:47:03] [REI-ReloadPlugins/TRACE] [REI] [REIPlugin END] Reloading Section: "reloadable-plugin/ItemComparatorRegistryImpl/DefaultClientRuntimePlugin of DefaultClientRuntimePlugin [roughlyenoughitems]/" done in 20.80 μs
[11:47:03] [REI-ReloadPlugins/TRACE] [REI] [REIPlugin END] Reloading Section: "reloadable-plugin/ItemComparatorRegistryImpl/DefaultRuntimePlugin of DefaultRuntimePlugin [roughlyenoughitems]/"
[11:47:03] [REI-ReloadPlugins/TRACE] [REI] [REIPlugin END] Reloading Section: "reloadable-plugin/ItemComparatorRegistryImpl/DefaultRuntimePlugin of DefaultRuntimePlugin [roughlyenoughitems]/" done in 9.858 μs
[11:47:03] [REI-ReloadPlugins/TRACE] [REI] [REIPlugin END] Reloading Section: "reloadable-plugin/ItemComparatorRegistryImpl/LDLibREIPlugin of LDLibREIPlugin [ldlib2]/"
[11:47:03] [REI-ReloadPlugins/TRACE] [REI] [REIPlugin END] Reloading Section: "reloadable-plugin/ItemComparatorRegistryImpl/LDLibREIPlugin of LDLibREIPlugin [ldlib2]/" done in 8.197 μs
[11:47:03] [REI-ReloadPlugins/TRACE] [REI] [REIPlugin END] Reloading Section: "reloadable-plugin/ItemComparatorRegistryImpl/AE2 of AE2 [ae2]/"
[11:47:03] [REI-ReloadPlugins/TRACE] [REI] [REIPlugin END] Reloading Section: "reloadable-plugin/ItemComparatorRegistryImpl/AE2 of AE2 [ae2]/" done in 8.111 μs
[11:47:03] [REI-ReloadPlugins/TRACE] [REI] [REIPlugin END] Reloading Section: "reloadable-plugin/ItemComparatorRegistryImpl/" done in 3.270 ms
[11:47:03] [REI-ReloadPlugins/TRACE] [REI] [REIPlugin END] Reloading Section: "reloadable-plugin/FluidComparatorRegistryImpl/"
[11:47:03] [REI-ReloadPlugins/TRACE] [REI] [REIPlugin END] Reloading Section: "reloadable-plugin/FluidComparatorRegistryImpl/DefaultClientPluginImpl of DefaultClientPluginImpl [roughlyenoughitems]/"
[11:47:03] [REI-ReloadPlugins/TRACE] [REI] [REIPlugin END] Reloading Section: "reloadable-plugin/FluidComparatorRegistryImpl/DefaultClientPluginImpl of DefaultClientPluginImpl [roughlyenoughitems]/" done in 8.887 μs
[11:47:03] [REI-ReloadPlugins/TRACE] [REI] [REIPlugin END] Reloading Section: "reloadable-plugin/FluidComparatorRegistryImpl/DefaultPluginImpl of DefaultPluginImpl [roughlyenoughitems]/"
[11:47:03] [REI-ReloadPlugins/TRACE] [REI] [REIPlugin END] Reloading Section: "reloadable-plugin/FluidComparatorRegistryImpl/DefaultPluginImpl of DefaultPluginImpl [roughlyenoughitems]/" done in 7.344 μs
[11:47:03] [REI-ReloadPlugins/TRACE] [REI] [REIPlugin END] Reloading Section: "reloadable-plugin/FluidComparatorRegistryImpl/HideIngredientsFromTagsPlugin of HideIngredientsFromTagsPlugin [roughlyenoughitems]/"
[11:47:03] [REI-ReloadPlugins/TRACE] [REI] [REIPlugin END] Reloading Section: "reloadable-plugin/FluidComparatorRegistryImpl/HideIngredientsFromTagsPlugin of HideIngredientsFromTagsPlugin [roughlyenoughitems]/" done in 7.422 μs
[11:47:03] [REI-ReloadPlugins/TRACE] [REI] [REIPlugin END] Reloading Section: "reloadable-plugin/FluidComparatorRegistryImpl/DefaultClientRuntimePlugin of DefaultClientRuntimePlugin [roughlyenoughitems]/"
[11:47:03] [REI-ReloadPlugins/TRACE] [REI] [REIPlugin END] Reloading Section: "reloadable-plugin/FluidComparatorRegistryImpl/DefaultClientRuntimePlugin of DefaultClientRuntimePlugin [roughlyenoughitems]/" done in 14.59 μs
[11:47:03] [REI-ReloadPlugins/TRACE] [REI] [REIPlugin END] Reloading Section: "reloadable-plugin/FluidComparatorRegistryImpl/DefaultRuntimePlugin of DefaultRuntimePlugin [roughlyenoughitems]/"
[11:47:03] [REI-ReloadPlugins/TRACE] [REI] [REIPlugin END] Reloading Section: "reloadable-plugin/FluidComparatorRegistryImpl/DefaultRuntimePlugin of DefaultRuntimePlugin [roughlyenoughitems]/" done in 6.956 μs
[11:47:03] [REI-ReloadPlugins/TRACE] [REI] [REIPlugin END] Reloading Section: "reloadable-plugin/FluidComparatorRegistryImpl/LDLibREIPlugin of LDLibREIPlugin [ldlib2]/"
[11:47:03] [REI-ReloadPlugins/TRACE] [REI] [REIPlugin END] Reloading Section: "reloadable-plugin/FluidComparatorRegistryImpl/LDLibREIPlugin of LDLibREIPlugin [ldlib2]/" done in 7.242 μs
[11:47:03] [REI-ReloadPlugins/TRACE] [REI] [REIPlugin END] Reloading Section: "reloadable-plugin/FluidComparatorRegistryImpl/AE2 of AE2 [ae2]/"
[11:47:03] [REI-ReloadPlugins/TRACE] [REI] [REIPlugin END] Reloading Section: "reloadable-plugin/FluidComparatorRegistryImpl/AE2 of AE2 [ae2]/" done in 7.204 μs
[11:47:03] [REI-ReloadPlugins/TRACE] [REI] [REIPlugin END] Reloading Section: "reloadable-plugin/FluidComparatorRegistryImpl/" done in 149.9 μs
[11:47:03] [REI-ReloadPlugins/TRACE] [REI] [REIPlugin END] Reloading Section: "reloadable-plugin/DisplaySerializerRegistryImpl/"
[11:47:03] [REI-ReloadPlugins/TRACE] [REI] [REIPlugin END] Reloading Section: "reloadable-plugin/DisplaySerializerRegistryImpl/DefaultClientPluginImpl of DefaultClientPluginImpl [roughlyenoughitems]/"
[11:47:03] [REI-ReloadPlugins/TRACE] [REI] [REIPlugin END] Reloading Section: "reloadable-plugin/DisplaySerializerRegistryImpl/DefaultClientPluginImpl of DefaultClientPluginImpl [roughlyenoughitems]/" done in 77.41 μs
[11:47:03] [REI-ReloadPlugins/TRACE] [REI] [REIPlugin END] Reloading Section: "reloadable-plugin/DisplaySerializerRegistryImpl/DefaultPluginImpl of DefaultPluginImpl [roughlyenoughitems]/"
[11:47:04] [REI-ReloadPlugins/TRACE] [REI] [REIPlugin END] Reloading Section: "reloadable-plugin/DisplaySerializerRegistryImpl/DefaultPluginImpl of DefaultPluginImpl [roughlyenoughitems]/" done in 29.26 ms
[11:47:04] [REI-ReloadPlugins/TRACE] [REI] [REIPlugin END] Reloading Section: "reloadable-plugin/DisplaySerializerRegistryImpl/HideIngredientsFromTagsPlugin of HideIngredientsFromTagsPlugin [roughlyenoughitems]/"
[11:47:04] [REI-ReloadPlugins/TRACE] [REI] [REIPlugin END] Reloading Section: "reloadable-plugin/DisplaySerializerRegistryImpl/HideIngredientsFromTagsPlugin of HideIngredientsFromTagsPlugin [roughlyenoughitems]/" done in 43.71 μs
[11:47:04] [REI-ReloadPlugins/TRACE] [REI] [REIPlugin END] Reloading Section: "reloadable-plugin/DisplaySerializerRegistryImpl/DefaultClientRuntimePlugin of DefaultClientRuntimePlugin [roughlyenoughitems]/"
[11:47:04] [REI-ReloadPlugins/TRACE] [REI] [REIPlugin END] Reloading Section: "reloadable-plugin/DisplaySerializerRegistryImpl/DefaultClientRuntimePlugin of DefaultClientRuntimePlugin [roughlyenoughitems]/" done in 11.99 μs
[11:47:04] [REI-ReloadPlugins/TRACE] [REI] [REIPlugin END] Reloading Section: "reloadable-plugin/DisplaySerializerRegistryImpl/DefaultRuntimePlugin of DefaultRuntimePlugin [roughlyenoughitems]/"
[11:47:04] [REI-ReloadPlugins/TRACE] [REI] [REIPlugin END] Reloading Section: "reloadable-plugin/DisplaySerializerRegistryImpl/DefaultRuntimePlugin of DefaultRuntimePlugin [roughlyenoughitems]/" done in 10.67 μs
[11:47:04] [REI-ReloadPlugins/TRACE] [REI] [REIPlugin END] Reloading Section: "reloadable-plugin/DisplaySerializerRegistryImpl/LDLibREIPlugin of LDLibREIPlugin [ldlib2]/"
[11:47:04] [REI-ReloadPlugins/TRACE] [REI] [REIPlugin END] Reloading Section: "reloadable-plugin/DisplaySerializerRegistryImpl/LDLibREIPlugin of LDLibREIPlugin [ldlib2]/" done in 9.606 μs
[11:47:04] [REI-ReloadPlugins/TRACE] [REI] [REIPlugin END] Reloading Section: "reloadable-plugin/DisplaySerializerRegistryImpl/AE2 of AE2 [ae2]/"
[11:47:04] [REI-ReloadPlugins/TRACE] [REI] [REIPlugin END] Reloading Section: "reloadable-plugin/DisplaySerializerRegistryImpl/AE2 of AE2 [ae2]/" done in 9.367 μs
[11:47:04] [REI-ReloadPlugins/TRACE] [REI] [REIPlugin END] Reloading Section: "reloadable-plugin/DisplaySerializerRegistryImpl/" done in 35.60 ms
[11:47:04] [REI-ReloadPlugins/TRACE] [REI] [REIPlugin END] Reloading Section: "reloadable-plugin/FluidSupportProviderImpl/"
[11:47:04] [REI-ReloadPlugins/TRACE] [REI] [REIPlugin END] Reloading Section: "reloadable-plugin/FluidSupportProviderImpl/DefaultClientPluginImpl of DefaultClientPluginImpl [roughlyenoughitems]/"
[11:47:04] [REI-ReloadPlugins/TRACE] [REI] [REIPlugin END] Reloading Section: "reloadable-plugin/FluidSupportProviderImpl/DefaultClientPluginImpl of DefaultClientPluginImpl [roughlyenoughitems]/" done in 17.96 μs
[11:47:04] [REI-ReloadPlugins/TRACE] [REI] [REIPlugin END] Reloading Section: "reloadable-plugin/FluidSupportProviderImpl/DefaultPluginImpl of DefaultPluginImpl [roughlyenoughitems]/"
[11:47:04] [REI-ReloadPlugins/TRACE] [REI] [REIPlugin END] Reloading Section: "reloadable-plugin/FluidSupportProviderImpl/DefaultPluginImpl of DefaultPluginImpl [roughlyenoughitems]/" done in 9.473 μs
[11:47:04] [REI-ReloadPlugins/TRACE] [REI] [REIPlugin END] Reloading Section: "reloadable-plugin/FluidSupportProviderImpl/HideIngredientsFromTagsPlugin of HideIngredientsFromTagsPlugin [roughlyenoughitems]/"
[11:47:04] [REI-ReloadPlugins/TRACE] [REI] [REIPlugin END] Reloading Section: "reloadable-plugin/FluidSupportProviderImpl/HideIngredientsFromTagsPlugin of HideIngredientsFromTagsPlugin [roughlyenoughitems]/" done in 7.427 μs
[11:47:04] [REI-ReloadPlugins/TRACE] [REI] [REIPlugin END] Reloading Section: "reloadable-plugin/FluidSupportProviderImpl/DefaultClientRuntimePlugin of DefaultClientRuntimePlugin [roughlyenoughitems]/"
[11:47:04] [REI-ReloadPlugins/TRACE] [REI] [REIPlugin END] Reloading Section: "reloadable-plugin/FluidSupportProviderImpl/DefaultClientRuntimePlugin of DefaultClientRuntimePlugin [roughlyenoughitems]/" done in 9.474 μs
[11:47:04] [REI-ReloadPlugins/TRACE] [REI] [REIPlugin END] Reloading Section: "reloadable-plugin/FluidSupportProviderImpl/DefaultRuntimePlugin of DefaultRuntimePlugin [roughlyenoughitems]/"
[11:47:04] [REI-ReloadPlugins/TRACE] [REI] [REIPlugin END] Reloading Section: "reloadable-plugin/FluidSupportProviderImpl/DefaultRuntimePlugin of DefaultRuntimePlugin [roughlyenoughitems]/" done in 7.290 μs
[11:47:04] [REI-ReloadPlugins/TRACE] [REI] [REIPlugin END] Reloading Section: "reloadable-plugin/FluidSupportProviderImpl/LDLibREIPlugin of LDLibREIPlugin [ldlib2]/"
[11:47:04] [REI-ReloadPlugins/TRACE] [REI] [REIPlugin END] Reloading Section: "reloadable-plugin/FluidSupportProviderImpl/LDLibREIPlugin of LDLibREIPlugin [ldlib2]/" done in 6.961 μs
[11:47:04] [REI-ReloadPlugins/TRACE] [REI] [REIPlugin END] Reloading Section: "reloadable-plugin/FluidSupportProviderImpl/AE2 of AE2 [ae2]/"
[11:47:04] [REI-ReloadPlugins/TRACE] [REI] [REIPlugin END] Reloading Section: "reloadable-plugin/FluidSupportProviderImpl/AE2 of AE2 [ae2]/" done in 8.242 μs
[11:47:04] [REI-ReloadPlugins/TRACE] [REI] [REIPlugin END] Reloading Section: "reloadable-plugin/FluidSupportProviderImpl/" done in 221.8 μs
[11:47:04] [REI-ReloadPlugins/TRACE] [REI] [REIPlugin END] Reloading Section: "reloadable-plugin/me.shedaniel.rei.plugin.client.runtime.PluginStageExecutionWatcher$1/"
[11:47:04] [REI-ReloadPlugins/TRACE] [REI] [REIPlugin END] Reloading Section: "reloadable-plugin/me.shedaniel.rei.plugin.client.runtime.PluginStageExecutionWatcher$1/DefaultClientPluginImpl of DefaultClientPluginImpl [roughlyenoughitems]/"
[11:47:04] [REI-ReloadPlugins/TRACE] [REI] [REIPlugin END] Reloading Section: "reloadable-plugin/me.shedaniel.rei.plugin.client.runtime.PluginStageExecutionWatcher$1/DefaultClientPluginImpl of DefaultClientPluginImpl [roughlyenoughitems]/" done in 9.185 μs
[11:47:04] [REI-ReloadPlugins/TRACE] [REI] [REIPlugin END] Reloading Section: "reloadable-plugin/me.shedaniel.rei.plugin.client.runtime.PluginStageExecutionWatcher$1/DefaultPluginImpl of DefaultPluginImpl [roughlyenoughitems]/"
[11:47:04] [REI-ReloadPlugins/TRACE] [REI] [REIPlugin END] Reloading Section: "reloadable-plugin/me.shedaniel.rei.plugin.client.runtime.PluginStageExecutionWatcher$1/DefaultPluginImpl of DefaultPluginImpl [roughlyenoughitems]/" done in 7.790 μs
[11:47:04] [REI-ReloadPlugins/TRACE] [REI] [REIPlugin END] Reloading Section: "reloadable-plugin/me.shedaniel.rei.plugin.client.runtime.PluginStageExecutionWatcher$1/HideIngredientsFromTagsPlugin of HideIngredientsFromTagsPlugin [roughlyenoughitems]/"
[11:47:04] [REI-ReloadPlugins/TRACE] [REI] [REIPlugin END] Reloading Section: "reloadable-plugin/me.shedaniel.rei.plugin.client.runtime.PluginStageExecutionWatcher$1/HideIngredientsFromTagsPlugin of HideIngredientsFromTagsPlugin [roughlyenoughitems]/" done in 7.231 μs
[11:47:04] [REI-ReloadPlugins/TRACE] [REI] [REIPlugin END] Reloading Section: "reloadable-plugin/me.shedaniel.rei.plugin.client.runtime.PluginStageExecutionWatcher$1/DefaultClientRuntimePlugin of DefaultClientRuntimePlugin [roughlyenoughitems]/"
[11:47:04] [REI-ReloadPlugins/TRACE] [REI] [REIPlugin END] Reloading Section: "reloadable-plugin/me.shedaniel.rei.plugin.client.runtime.PluginStageExecutionWatcher$1/DefaultClientRuntimePlugin of DefaultClientRuntimePlugin [roughlyenoughitems]/" done in 6.857 μs
[11:47:04] [REI-ReloadPlugins/TRACE] [REI] [REIPlugin END] Reloading Section: "reloadable-plugin/me.shedaniel.rei.plugin.client.runtime.PluginStageExecutionWatcher$1/DefaultRuntimePlugin of DefaultRuntimePlugin [roughlyenoughitems]/"
[11:47:04] [REI-ReloadPlugins/TRACE] [REI] [REIPlugin END] Reloading Section: "reloadable-plugin/me.shedaniel.rei.plugin.client.runtime.PluginStageExecutionWatcher$1/DefaultRuntimePlugin of DefaultRuntimePlugin [roughlyenoughitems]/" done in 7.252 μs
[11:47:04] [REI-ReloadPlugins/TRACE] [REI] [REIPlugin END] Reloading Section: "reloadable-plugin/me.shedaniel.rei.plugin.client.runtime.PluginStageExecutionWatcher$1/LDLibREIPlugin of LDLibREIPlugin [ldlib2]/"
[11:47:04] [REI-ReloadPlugins/TRACE] [REI] [REIPlugin END] Reloading Section: "reloadable-plugin/me.shedaniel.rei.plugin.client.runtime.PluginStageExecutionWatcher$1/LDLibREIPlugin of LDLibREIPlugin [ldlib2]/" done in 7.128 μs
[11:47:04] [REI-ReloadPlugins/TRACE] [REI] [REIPlugin END] Reloading Section: "reloadable-plugin/me.shedaniel.rei.plugin.client.runtime.PluginStageExecutionWatcher$1/AE2 of AE2 [ae2]/"
[11:47:04] [REI-ReloadPlugins/TRACE] [REI] [REIPlugin END] Reloading Section: "reloadable-plugin/me.shedaniel.rei.plugin.client.runtime.PluginStageExecutionWatcher$1/AE2 of AE2 [ae2]/" done in 7.383 μs
[11:47:04] [REI-ReloadPlugins/TRACE] [REI] [REIPlugin END] Reloading Section: "reloadable-plugin/me.shedaniel.rei.plugin.client.runtime.PluginStageExecutionWatcher$1/" done in 146.9 μs
[11:47:04] [REI-ReloadPlugins/DEBUG] [REI] ========================================
[11:47:04] [REI-ReloadPlugins/DEBUG] [REI] REIPlugin ending main-reload for END.
[11:47:04] [REI-ReloadPlugins/DEBUG] [REI] ========================================
[11:47:04] [REI-ReloadPlugins/TRACE] [REI] [REIPlugin END] Reloading Section: "end-reload/"
[11:47:04] [REI-ReloadPlugins/TRACE] [REI] [REIPlugin END] Reloading Section: "end-reload/EntryTypeRegistryImpl/"
[11:47:04] [REI-ReloadPlugins/TRACE] [REI] [REIPlugin END] Reloading Section: "end-reload/EntryTypeRegistryImpl/" done in 7.456 μs
[11:47:04] [REI-ReloadPlugins/TRACE] [REI] [REIPlugin END] Reloading Section: "end-reload/EntrySettingsAdapterRegistryImpl/"
[11:47:04] [REI-ReloadPlugins/TRACE] [REI] [REIPlugin END] Reloading Section: "end-reload/EntrySettingsAdapterRegistryImpl/" done in 5.998 μs
[11:47:04] [REI-ReloadPlugins/TRACE] [REI] [REIPlugin END] Reloading Section: "end-reload/RecipeManagerContextImpl/"
[11:47:04] [REI-ReloadPlugins/TRACE] [REI] [REIPlugin END] Reloading Section: "end-reload/RecipeManagerContextImpl/" done in 5.618 μs
[11:47:04] [REI-ReloadPlugins/TRACE] [REI] [REIPlugin END] Reloading Section: "end-reload/ItemComparatorRegistryImpl/"
[11:47:04] [REI-ReloadPlugins/TRACE] [REI] [REIPlugin END] Reloading Section: "end-reload/ItemComparatorRegistryImpl/" done in 5.437 μs
[11:47:04] [REI-ReloadPlugins/TRACE] [REI] [REIPlugin END] Reloading Section: "end-reload/FluidComparatorRegistryImpl/"
[11:47:04] [REI-ReloadPlugins/TRACE] [REI] [REIPlugin END] Reloading Section: "end-reload/FluidComparatorRegistryImpl/" done in 5.432 μs
[11:47:04] [REI-ReloadPlugins/TRACE] [REI] [REIPlugin END] Reloading Section: "end-reload/DisplaySerializerRegistryImpl/"
[11:47:04] [REI-ReloadPlugins/TRACE] [REI] [REIPlugin END] Reloading Section: "end-reload/DisplaySerializerRegistryImpl/" done in 4.786 μs
[11:47:04] [REI-ReloadPlugins/TRACE] [REI] [REIPlugin END] Reloading Section: "end-reload/FluidSupportProviderImpl/"
[11:47:04] [REI-ReloadPlugins/TRACE] [REI] [REIPlugin END] Reloading Section: "end-reload/FluidSupportProviderImpl/" done in 5.874 μs
[11:47:04] [REI-ReloadPlugins/TRACE] [REI] [REIPlugin END] Reloading Section: "end-reload/me.shedaniel.rei.plugin.client.runtime.PluginStageExecutionWatcher$1/"
[11:47:04] [REI-ReloadPlugins/TRACE] [REI] [REIPlugin END] Reloading Section: "end-reload/me.shedaniel.rei.plugin.client.runtime.PluginStageExecutionWatcher$1/" done in 6.232 μs
[11:47:04] [REI-ReloadPlugins/TRACE] [REI] [REIPlugin END] Reloading Section: "end-reload/" done in 143.1 μs
[11:47:04] [REI-ReloadPlugins/DEBUG] [REI] ========================================
[11:47:04] [REI-ReloadPlugins/DEBUG] [REI] REIPlugin ended main-reload for END in 40.68 ms.
[11:47:04] [REI-ReloadPlugins/DEBUG] [REI] ========================================
[11:47:04] [REI-ReloadPlugins/INFO] [REI] ++++++++++++++++++++++++++++++++++++++++
[11:47:04] [REI-ReloadPlugins/INFO] [REI] REIClientPlugin starting main-reload for END.
[11:47:04] [REI-ReloadPlugins/DEBUG] [REI] Reloadables (18):
[11:47:04] [REI-ReloadPlugins/DEBUG] [REI]  - EntryRendererRegistryImpl
[11:47:04] [REI-ReloadPlugins/DEBUG] [REI]  - ViewsImpl
[11:47:04] [REI-ReloadPlugins/DEBUG] [REI]  - InputMethodRegistryImpl
[11:47:04] [REI-ReloadPlugins/DEBUG] [REI]  - SearchProviderImpl
[11:47:04] [REI-ReloadPlugins/DEBUG] [REI]  - ConfigManagerImpl
[11:47:04] [REI-ReloadPlugins/DEBUG] [REI]  - EntryRegistryImpl
[11:47:04] [REI-ReloadPlugins/DEBUG] [REI]  - CollapsibleEntryRegistryImpl
[11:47:04] [REI-ReloadPlugins/DEBUG] [REI]  - BasicFilteringRuleImpl
[11:47:04] [REI-ReloadPlugins/DEBUG] [REI]  - CategoryRegistryImpl
[11:47:04] [REI-ReloadPlugins/DEBUG] [REI]  - DisplayRegistryImpl
[11:47:04] [REI-ReloadPlugins/DEBUG] [REI]  - ScreenRegistryImpl
[11:47:04] [REI-ReloadPlugins/DEBUG] [REI]  - FavoriteEntryTypeRegistryImpl
[11:47:04] [REI-ReloadPlugins/DEBUG] [REI]  - SubsetsRegistryImpl
[11:47:04] [REI-ReloadPlugins/DEBUG] [REI]  - TransferHandlerRegistryImpl
[11:47:04] [REI-ReloadPlugins/DEBUG] [REI]  - SearchRuntime
[11:47:04] [REI-ReloadPlugins/DEBUG] [REI]  - REIRuntimeImpl
[11:47:04] [REI-ReloadPlugins/DEBUG] [REI]  - ConfigAddonRegistryImpl
[11:47:04] [REI-ReloadPlugins/DEBUG] [REI]  - me.shedaniel.rei.plugin.client.runtime.PluginStageExecutionWatcher$1
[11:47:04] [REI-ReloadPlugins/INFO] [REI] Plugins (5):
[11:47:04] [REI-ReloadPlugins/INFO] [REI]  - (-100.00) DefaultClientPluginImpl of DefaultClientPluginImpl [roughlyenoughitems]
[11:47:04] [REI-ReloadPlugins/INFO] [REI]  - (0.00) LDLibREIPlugin of LDLibREIPlugin [ldlib2]
[11:47:04] [REI-ReloadPlugins/INFO] [REI]  - (0.00) AE2 of AE2 [ae2]
[11:47:04] [REI-ReloadPlugins/INFO] [REI]  - (0.00) HideIngredientsFromTagsPlugin of HideIngredientsFromTagsPlugin [roughlyenoughitems]
[11:47:04] [REI-ReloadPlugins/INFO] [REI]  - (0.00) DefaultClientRuntimePlugin of DefaultClientRuntimePlugin [roughlyenoughitems]
[11:47:04] [REI-ReloadPlugins/INFO] [REI] ++++++++++++++++++++++++++++++++++++++++
[11:47:04] [REI-ReloadPlugins/TRACE] [REI] [REIClientPlugin END] Reloading Section: "start-reload/"
[11:47:04] [REI-ReloadPlugins/TRACE] [REI] [REIClientPlugin END] Reloading Section: "start-reload/EntryRendererRegistryImpl/"
[11:47:04] [REI-ReloadPlugins/TRACE] [REI] [REIClientPlugin END] Reloading Section: "start-reload/EntryRendererRegistryImpl/" done in 63.14 μs
[11:47:04] [REI-ReloadPlugins/TRACE] [REI] [REIClientPlugin END] Reloading Section: "start-reload/ViewsImpl/"
[11:47:04] [REI-ReloadPlugins/TRACE] [REI] [REIClientPlugin END] Reloading Section: "start-reload/ViewsImpl/" done in 9.568 μs
[11:47:04] [REI-ReloadPlugins/TRACE] [REI] [REIClientPlugin END] Reloading Section: "start-reload/InputMethodRegistryImpl/"
[11:47:04] [REI-ReloadPlugins/TRACE] [REI] [REIClientPlugin END] Reloading Section: "start-reload/InputMethodRegistryImpl/" done in 10.99 μs
[11:47:04] [REI-ReloadPlugins/TRACE] [REI] [REIClientPlugin END] Reloading Section: "start-reload/SearchProviderImpl/"
[11:47:04] [REI-ReloadPlugins/TRACE] [REI] [REIClientPlugin END] Reloading Section: "start-reload/SearchProviderImpl/" done in 8.822 μs
[11:47:04] [REI-ReloadPlugins/TRACE] [REI] [REIClientPlugin END] Reloading Section: "start-reload/ConfigManagerImpl/"
[11:47:04] [REI-ReloadPlugins/TRACE] [REI] [REIClientPlugin END] Reloading Section: "start-reload/ConfigManagerImpl/" done in 6.326 μs
[11:47:04] [REI-ReloadPlugins/TRACE] [REI] [REIClientPlugin END] Reloading Section: "start-reload/EntryRegistryImpl/"
[11:47:04] [REI-ReloadPlugins/TRACE] [REI] [REIClientPlugin END] Reloading Section: "start-reload/EntryRegistryImpl/" done in 6.415 μs
[11:47:04] [REI-ReloadPlugins/TRACE] [REI] [REIClientPlugin END] Reloading Section: "start-reload/CollapsibleEntryRegistryImpl/"
[11:47:04] [REI-ReloadPlugins/TRACE] [REI] [REIClientPlugin END] Reloading Section: "start-reload/CollapsibleEntryRegistryImpl/" done in 8.296 μs
[11:47:04] [REI-ReloadPlugins/TRACE] [REI] [REIClientPlugin END] Reloading Section: "start-reload/BasicFilteringRuleImpl/"
[11:47:04] [REI-ReloadPlugins/TRACE] [REI] [REIClientPlugin END] Reloading Section: "start-reload/BasicFilteringRuleImpl/" done in 6.136 μs
[11:47:04] [REI-ReloadPlugins/TRACE] [REI] [REIClientPlugin END] Reloading Section: "start-reload/CategoryRegistryImpl/"
[11:47:04] [REI-ReloadPlugins/DEBUG] [REI] Added category visibility predicate: me.shedaniel.rei.impl.client.registry.category.CategoryRegistryImpl$$Lambda/0x00000008027cf658@2bdd3980 [0.00 priority]
[11:47:04] [REI-ReloadPlugins/TRACE] [REI] [REIClientPlugin END] Reloading Section: "start-reload/CategoryRegistryImpl/" done in 446.6 μs
[11:47:04] [REI-ReloadPlugins/TRACE] [REI] [REIClientPlugin END] Reloading Section: "start-reload/DisplayRegistryImpl/"
[11:47:04] [REI-ReloadPlugins/TRACE] [REI] [REIClientPlugin END] Reloading Section: "start-reload/DisplayRegistryImpl/" done in 60.56 μs
[11:47:04] [REI-ReloadPlugins/TRACE] [REI] [REIClientPlugin END] Reloading Section: "start-reload/ScreenRegistryImpl/"
[11:47:04] [REI-ReloadPlugins/TRACE] [REI] [REIClientPlugin END] Reloading Section: "start-reload/ScreenRegistryImpl/" done in 9.881 μs
[11:47:04] [REI-ReloadPlugins/TRACE] [REI] [REIClientPlugin END] Reloading Section: "start-reload/FavoriteEntryTypeRegistryImpl/"
[11:47:04] [REI-ReloadPlugins/TRACE] [REI] [REIClientPlugin END] Reloading Section: "start-reload/FavoriteEntryTypeRegistryImpl/" done in 7.083 μs
[11:47:04] [REI-ReloadPlugins/TRACE] [REI] [REIClientPlugin END] Reloading Section: "start-reload/SubsetsRegistryImpl/"
[11:47:04] [REI-ReloadPlugins/TRACE] [REI] [REIClientPlugin END] Reloading Section: "start-reload/SubsetsRegistryImpl/" done in 7.135 μs
[11:47:04] [REI-ReloadPlugins/TRACE] [REI] [REIClientPlugin END] Reloading Section: "start-reload/TransferHandlerRegistryImpl/"
[11:47:04] [REI-ReloadPlugins/TRACE] [REI] [REIClientPlugin END] Reloading Section: "start-reload/TransferHandlerRegistryImpl/" done in 8.518 μs
[11:47:04] [REI-ReloadPlugins/TRACE] [REI] [REIClientPlugin END] Reloading Section: "start-reload/SearchRuntime/"
[11:47:04] [REI-ReloadPlugins/DEBUG] [REI] Preparing collapsed entry groups cache with 0 entries and 4366 stacks
[11:47:04] [REI-ReloadPlugins/DEBUG] [REI] Prepared collapsed entry groups cache with 0 entries and 4366 stacks
[11:47:04] [REI-ReloadPlugins/TRACE] [REI] [REIClientPlugin END] Reloading Section: "start-reload/SearchRuntime/" done in 333.3 μs
[11:47:04] [REI-ReloadPlugins/TRACE] [REI] [REIClientPlugin END] Reloading Section: "start-reload/REIRuntimeImpl/"
[11:47:04] [REI-ReloadPlugins/TRACE] [REI] [REIClientPlugin END] Reloading Section: "start-reload/REIRuntimeImpl/" done in 15.69 μs
[11:47:04] [REI-ReloadPlugins/TRACE] [REI] [REIClientPlugin END] Reloading Section: "start-reload/ConfigAddonRegistryImpl/"
[11:47:04] [REI-ReloadPlugins/TRACE] [REI] [REIClientPlugin END] Reloading Section: "start-reload/ConfigAddonRegistryImpl/" done in 10.13 μs
[11:47:04] [REI-ReloadPlugins/TRACE] [REI] [REIClientPlugin END] Reloading Section: "start-reload/me.shedaniel.rei.plugin.client.runtime.PluginStageExecutionWatcher$1/"
[11:47:04] [REI-ReloadPlugins/TRACE] [REI] [REIClientPlugin END] Reloading Section: "start-reload/me.shedaniel.rei.plugin.client.runtime.PluginStageExecutionWatcher$1/" done in 7.461 μs
[11:47:04] [REI-ReloadPlugins/TRACE] [REI] [REIClientPlugin END] Reloading Section: "start-reload/" done in 1.354 ms
[11:47:04] [REI-ReloadPlugins/DEBUG] [REI] ========================================
[11:47:04] [REI-ReloadPlugins/DEBUG] [REI] REIClientPlugin started main-reload for END.
[11:47:04] [REI-ReloadPlugins/DEBUG] [REI] ========================================
[11:47:04] [REI-ReloadPlugins/TRACE] [REI] [REIClientPlugin END] Reloading Section: "reloadable-plugin/EntryRendererRegistryImpl/"
[11:47:04] [REI-ReloadPlugins/TRACE] [REI] [REIClientPlugin END] Reloading Section: "reloadable-plugin/EntryRendererRegistryImpl/DefaultClientPluginImpl of DefaultClientPluginImpl [roughlyenoughitems]/"
[11:47:04] [REI-ReloadPlugins/TRACE] [REI] [REIClientPlugin END] Reloading Section: "reloadable-plugin/EntryRendererRegistryImpl/DefaultClientPluginImpl of DefaultClientPluginImpl [roughlyenoughitems]/" done in 23.81 μs
[11:47:04] [REI-ReloadPlugins/TRACE] [REI] [REIClientPlugin END] Reloading Section: "reloadable-plugin/EntryRendererRegistryImpl/LDLibREIPlugin of LDLibREIPlugin [ldlib2]/"
[11:47:04] [REI-ReloadPlugins/TRACE] [REI] [REIClientPlugin END] Reloading Section: "reloadable-plugin/EntryRendererRegistryImpl/LDLibREIPlugin of LDLibREIPlugin [ldlib2]/" done in 9.729 μs
[11:47:04] [REI-ReloadPlugins/TRACE] [REI] [REIClientPlugin END] Reloading Section: "reloadable-plugin/EntryRendererRegistryImpl/AE2 of AE2 [ae2]/"
[11:47:04] [REI-ReloadPlugins/TRACE] [REI] [REIClientPlugin END] Reloading Section: "reloadable-plugin/EntryRendererRegistryImpl/AE2 of AE2 [ae2]/" done in 8.521 μs
[11:47:04] [REI-ReloadPlugins/TRACE] [REI] [REIClientPlugin END] Reloading Section: "reloadable-plugin/EntryRendererRegistryImpl/HideIngredientsFromTagsPlugin of HideIngredientsFromTagsPlugin [roughlyenoughitems]/"
[11:47:04] [REI-ReloadPlugins/TRACE] [REI] [REIClientPlugin END] Reloading Section: "reloadable-plugin/EntryRendererRegistryImpl/HideIngredientsFromTagsPlugin of HideIngredientsFromTagsPlugin [roughlyenoughitems]/" done in 8.236 μs
[11:47:04] [REI-ReloadPlugins/TRACE] [REI] [REIClientPlugin END] Reloading Section: "reloadable-plugin/EntryRendererRegistryImpl/DefaultClientRuntimePlugin of DefaultClientRuntimePlugin [roughlyenoughitems]/"
[11:47:04] [REI-ReloadPlugins/TRACE] [REI] [REIClientPlugin END] Reloading Section: "reloadable-plugin/EntryRendererRegistryImpl/DefaultClientRuntimePlugin of DefaultClientRuntimePlugin [roughlyenoughitems]/" done in 7.742 μs
[11:47:04] [REI-ReloadPlugins/TRACE] [REI] [REIClientPlugin END] Reloading Section: "reloadable-plugin/EntryRendererRegistryImpl/" done in 159.8 μs
[11:47:04] [REI-ReloadPlugins/TRACE] [REI] [REIClientPlugin END] Reloading Section: "reloadable-plugin/ViewsImpl/"
[11:47:04] [REI-ReloadPlugins/TRACE] [REI] [REIClientPlugin END] Reloading Section: "reloadable-plugin/ViewsImpl/DefaultClientPluginImpl of DefaultClientPluginImpl [roughlyenoughitems]/"
[11:47:04] [REI-ReloadPlugins/TRACE] [REI] [REIClientPlugin END] Reloading Section: "reloadable-plugin/ViewsImpl/DefaultClientPluginImpl of DefaultClientPluginImpl [roughlyenoughitems]/" done in 9.166 μs
[11:47:04] [REI-ReloadPlugins/TRACE] [REI] [REIClientPlugin END] Reloading Section: "reloadable-plugin/ViewsImpl/LDLibREIPlugin of LDLibREIPlugin [ldlib2]/"
[11:47:04] [REI-ReloadPlugins/TRACE] [REI] [REIClientPlugin END] Reloading Section: "reloadable-plugin/ViewsImpl/LDLibREIPlugin of LDLibREIPlugin [ldlib2]/" done in 8.185 μs
[11:47:04] [REI-ReloadPlugins/TRACE] [REI] [REIClientPlugin END] Reloading Section: "reloadable-plugin/ViewsImpl/AE2 of AE2 [ae2]/"
[11:47:04] [REI-ReloadPlugins/TRACE] [REI] [REIClientPlugin END] Reloading Section: "reloadable-plugin/ViewsImpl/AE2 of AE2 [ae2]/" done in 7.364 μs
[11:47:04] [REI-ReloadPlugins/TRACE] [REI] [REIClientPlugin END] Reloading Section: "reloadable-plugin/ViewsImpl/HideIngredientsFromTagsPlugin of HideIngredientsFromTagsPlugin [roughlyenoughitems]/"
[11:47:04] [REI-ReloadPlugins/TRACE] [REI] [REIClientPlugin END] Reloading Section: "reloadable-plugin/ViewsImpl/HideIngredientsFromTagsPlugin of HideIngredientsFromTagsPlugin [roughlyenoughitems]/" done in 7.395 μs
[11:47:04] [REI-ReloadPlugins/TRACE] [REI] [REIClientPlugin END] Reloading Section: "reloadable-plugin/ViewsImpl/DefaultClientRuntimePlugin of DefaultClientRuntimePlugin [roughlyenoughitems]/"
[11:47:04] [REI-ReloadPlugins/TRACE] [REI] [REIClientPlugin END] Reloading Section: "reloadable-plugin/ViewsImpl/DefaultClientRuntimePlugin of DefaultClientRuntimePlugin [roughlyenoughitems]/" done in 7.378 μs
[11:47:04] [REI-ReloadPlugins/TRACE] [REI] [REIClientPlugin END] Reloading Section: "reloadable-plugin/ViewsImpl/" done in 114.0 μs
[11:47:04] [REI-ReloadPlugins/TRACE] [REI] [REIClientPlugin END] Reloading Section: "reloadable-plugin/InputMethodRegistryImpl/"
[11:47:04] [REI-ReloadPlugins/TRACE] [REI] [REIClientPlugin END] Reloading Section: "reloadable-plugin/InputMethodRegistryImpl/DefaultClientPluginImpl of DefaultClientPluginImpl [roughlyenoughitems]/"
[11:47:04] [REI-ReloadPlugins/TRACE] [REI] [REIClientPlugin END] Reloading Section: "reloadable-plugin/InputMethodRegistryImpl/DefaultClientPluginImpl of DefaultClientPluginImpl [roughlyenoughitems]/" done in 17.23 μs
[11:47:04] [REI-ReloadPlugins/TRACE] [REI] [REIClientPlugin END] Reloading Section: "reloadable-plugin/InputMethodRegistryImpl/LDLibREIPlugin of LDLibREIPlugin [ldlib2]/"
[11:47:04] [REI-ReloadPlugins/TRACE] [REI] [REIClientPlugin END] Reloading Section: "reloadable-plugin/InputMethodRegistryImpl/LDLibREIPlugin of LDLibREIPlugin [ldlib2]/" done in 9.582 μs
[11:47:04] [REI-ReloadPlugins/TRACE] [REI] [REIClientPlugin END] Reloading Section: "reloadable-plugin/InputMethodRegistryImpl/AE2 of AE2 [ae2]/"
[11:47:04] [REI-ReloadPlugins/TRACE] [REI] [REIClientPlugin END] Reloading Section: "reloadable-plugin/InputMethodRegistryImpl/AE2 of AE2 [ae2]/" done in 7.925 μs
[11:47:04] [REI-ReloadPlugins/TRACE] [REI] [REIClientPlugin END] Reloading Section: "reloadable-plugin/InputMethodRegistryImpl/HideIngredientsFromTagsPlugin of HideIngredientsFromTagsPlugin [roughlyenoughitems]/"
[11:47:04] [REI-ReloadPlugins/TRACE] [REI] [REIClientPlugin END] Reloading Section: "reloadable-plugin/InputMethodRegistryImpl/HideIngredientsFromTagsPlugin of HideIngredientsFromTagsPlugin [roughlyenoughitems]/" done in 7.572 μs
[11:47:04] [REI-ReloadPlugins/TRACE] [REI] [REIClientPlugin END] Reloading Section: "reloadable-plugin/InputMethodRegistryImpl/DefaultClientRuntimePlugin of DefaultClientRuntimePlugin [roughlyenoughitems]/"
[11:47:04] [REI-ReloadPlugins/DEBUG] [REI] Added input method [rei:default]: Default
[11:47:04] [REI-ReloadPlugins/DEBUG] [REI] Added input method [rei:pinyin]: Pinyin (Mandarin)
[11:47:04] [REI-ReloadPlugins/DEBUG] [REI] Added input method [rei:jyutping]: Jyutping (Cantonese)
[11:47:04] [REI-ReloadPlugins/DEBUG] [REI] Added input method [rei:bomopofo]: Bopomofo (Mandarin)
[11:47:04] [REI-ReloadPlugins/DEBUG] [REI] Added input method [rei:double_pinyin]: Double Pinyin (Mandarin)
[11:47:04] [REI-ReloadPlugins/TRACE] [REI] [REIClientPlugin END] Reloading Section: "reloadable-plugin/InputMethodRegistryImpl/DefaultClientRuntimePlugin of DefaultClientRuntimePlugin [roughlyenoughitems]/" done in 20.68 ms
[11:47:04] [REI-ReloadPlugins/TRACE] [REI] [REIClientPlugin END] Reloading Section: "reloadable-plugin/InputMethodRegistryImpl/" done in 20.90 ms
[11:47:04] [REI-ReloadPlugins/TRACE] [REI] [REIClientPlugin END] Reloading Section: "reloadable-plugin/SearchProviderImpl/"
[11:47:04] [REI-ReloadPlugins/TRACE] [REI] [REIClientPlugin END] Reloading Section: "reloadable-plugin/SearchProviderImpl/DefaultClientPluginImpl of DefaultClientPluginImpl [roughlyenoughitems]/"
[11:47:04] [REI-ReloadPlugins/TRACE] [REI] [REIClientPlugin END] Reloading Section: "reloadable-plugin/SearchProviderImpl/DefaultClientPluginImpl of DefaultClientPluginImpl [roughlyenoughitems]/" done in 12.84 μs
[11:47:04] [REI-ReloadPlugins/TRACE] [REI] [REIClientPlugin END] Reloading Section: "reloadable-plugin/SearchProviderImpl/LDLibREIPlugin of LDLibREIPlugin [ldlib2]/"
[11:47:04] [REI-ReloadPlugins/TRACE] [REI] [REIClientPlugin END] Reloading Section: "reloadable-plugin/SearchProviderImpl/LDLibREIPlugin of LDLibREIPlugin [ldlib2]/" done in 6.277 μs
[11:47:04] [REI-ReloadPlugins/TRACE] [REI] [REIClientPlugin END] Reloading Section: "reloadable-plugin/SearchProviderImpl/AE2 of AE2 [ae2]/"
[11:47:04] [REI-ReloadPlugins/TRACE] [REI] [REIClientPlugin END] Reloading Section: "reloadable-plugin/SearchProviderImpl/AE2 of AE2 [ae2]/" done in 6.619 μs
[11:47:04] [REI-ReloadPlugins/TRACE] [REI] [REIClientPlugin END] Reloading Section: "reloadable-plugin/SearchProviderImpl/HideIngredientsFromTagsPlugin of HideIngredientsFromTagsPlugin [roughlyenoughitems]/"
[11:47:04] [REI-ReloadPlugins/TRACE] [REI] [REIClientPlugin END] Reloading Section: "reloadable-plugin/SearchProviderImpl/HideIngredientsFromTagsPlugin of HideIngredientsFromTagsPlugin [roughlyenoughitems]/" done in 6.462 μs
[11:47:04] [REI-ReloadPlugins/TRACE] [REI] [REIClientPlugin END] Reloading Section: "reloadable-plugin/SearchProviderImpl/DefaultClientRuntimePlugin of DefaultClientRuntimePlugin [roughlyenoughitems]/"
[11:47:04] [REI-ReloadPlugins/TRACE] [REI] [REIClientPlugin END] Reloading Section: "reloadable-plugin/SearchProviderImpl/DefaultClientRuntimePlugin of DefaultClientRuntimePlugin [roughlyenoughitems]/" done in 5.624 μs
[11:47:04] [REI-ReloadPlugins/TRACE] [REI] [REIClientPlugin END] Reloading Section: "reloadable-plugin/SearchProviderImpl/" done in 118.9 μs
[11:47:04] [REI-ReloadPlugins/TRACE] [REI] [REIClientPlugin END] Reloading Section: "reloadable-plugin/ConfigManagerImpl/"
[11:47:04] [REI-ReloadPlugins/TRACE] [REI] [REIClientPlugin END] Reloading Section: "reloadable-plugin/ConfigManagerImpl/DefaultClientPluginImpl of DefaultClientPluginImpl [roughlyenoughitems]/"
[11:47:04] [REI-ReloadPlugins/TRACE] [REI] [REIClientPlugin END] Reloading Section: "reloadable-plugin/ConfigManagerImpl/DefaultClientPluginImpl of DefaultClientPluginImpl [roughlyenoughitems]/" done in 5.733 μs
[11:47:04] [REI-ReloadPlugins/TRACE] [REI] [REIClientPlugin END] Reloading Section: "reloadable-plugin/ConfigManagerImpl/LDLibREIPlugin of LDLibREIPlugin [ldlib2]/"
[11:47:04] [REI-ReloadPlugins/TRACE] [REI] [REIClientPlugin END] Reloading Section: "reloadable-plugin/ConfigManagerImpl/LDLibREIPlugin of LDLibREIPlugin [ldlib2]/" done in 5.186 μs
[11:47:04] [REI-ReloadPlugins/TRACE] [REI] [REIClientPlugin END] Reloading Section: "reloadable-plugin/ConfigManagerImpl/AE2 of AE2 [ae2]/"
[11:47:04] [REI-ReloadPlugins/TRACE] [REI] [REIClientPlugin END] Reloading Section: "reloadable-plugin/ConfigManagerImpl/AE2 of AE2 [ae2]/" done in 5.202 μs
[11:47:04] [REI-ReloadPlugins/TRACE] [REI] [REIClientPlugin END] Reloading Section: "reloadable-plugin/ConfigManagerImpl/HideIngredientsFromTagsPlugin of HideIngredientsFromTagsPlugin [roughlyenoughitems]/"
[11:47:04] [REI-ReloadPlugins/TRACE] [REI] [REIClientPlugin END] Reloading Section: "reloadable-plugin/ConfigManagerImpl/HideIngredientsFromTagsPlugin of HideIngredientsFromTagsPlugin [roughlyenoughitems]/" done in 6.502 μs
[11:47:04] [REI-ReloadPlugins/TRACE] [REI] [REIClientPlugin END] Reloading Section: "reloadable-plugin/ConfigManagerImpl/DefaultClientRuntimePlugin of DefaultClientRuntimePlugin [roughlyenoughitems]/"
[11:47:04] [REI-ReloadPlugins/TRACE] [REI] [REIClientPlugin END] Reloading Section: "reloadable-plugin/ConfigManagerImpl/DefaultClientRuntimePlugin of DefaultClientRuntimePlugin [roughlyenoughitems]/" done in 5.177 μs
[11:47:04] [REI-ReloadPlugins/TRACE] [REI] [REIClientPlugin END] Reloading Section: "reloadable-plugin/ConfigManagerImpl/" done in 75.93 μs
[11:47:04] [REI-ReloadPlugins/TRACE] [REI] [REIClientPlugin END] Reloading Section: "reloadable-plugin/EntryRegistryImpl/"
[11:47:04] [REI-ReloadPlugins/TRACE] [REI] [REIClientPlugin END] Reloading Section: "reloadable-plugin/EntryRegistryImpl/DefaultClientPluginImpl of DefaultClientPluginImpl [roughlyenoughitems]/"
[11:47:04] [REI-ReloadPlugins/TRACE] [REI] [REIClientPlugin END] Reloading Section: "reloadable-plugin/EntryRegistryImpl/DefaultClientPluginImpl of DefaultClientPluginImpl [roughlyenoughitems]/" done in 8.435 μs
[11:47:04] [REI-ReloadPlugins/TRACE] [REI] [REIClientPlugin END] Reloading Section: "reloadable-plugin/EntryRegistryImpl/LDLibREIPlugin of LDLibREIPlugin [ldlib2]/"
[11:47:04] [REI-ReloadPlugins/TRACE] [REI] [REIClientPlugin END] Reloading Section: "reloadable-plugin/EntryRegistryImpl/LDLibREIPlugin of LDLibREIPlugin [ldlib2]/" done in 7.009 μs
[11:47:04] [REI-ReloadPlugins/TRACE] [REI] [REIClientPlugin END] Reloading Section: "reloadable-plugin/EntryRegistryImpl/AE2 of AE2 [ae2]/"
[11:47:04] [REI-ReloadPlugins/TRACE] [REI] [REIClientPlugin END] Reloading Section: "reloadable-plugin/EntryRegistryImpl/AE2 of AE2 [ae2]/" done in 10.85 μs
[11:47:04] [REI-ReloadPlugins/TRACE] [REI] [REIClientPlugin END] Reloading Section: "reloadable-plugin/EntryRegistryImpl/HideIngredientsFromTagsPlugin of HideIngredientsFromTagsPlugin [roughlyenoughitems]/"
[11:47:04] [REI-ReloadPlugins/TRACE] [REI] [REIClientPlugin END] Reloading Section: "reloadable-plugin/EntryRegistryImpl/HideIngredientsFromTagsPlugin of HideIngredientsFromTagsPlugin [roughlyenoughitems]/" done in 6.601 μs
[11:47:04] [REI-ReloadPlugins/TRACE] [REI] [REIClientPlugin END] Reloading Section: "reloadable-plugin/EntryRegistryImpl/DefaultClientRuntimePlugin of DefaultClientRuntimePlugin [roughlyenoughitems]/"
[11:47:04] [REI-ReloadPlugins/TRACE] [REI] [REIClientPlugin END] Reloading Section: "reloadable-plugin/EntryRegistryImpl/DefaultClientRuntimePlugin of DefaultClientRuntimePlugin [roughlyenoughitems]/" done in 7.133 μs
[11:47:04] [REI-ReloadPlugins/TRACE] [REI] [REIClientPlugin END] Reloading Section: "reloadable-plugin/EntryRegistryImpl/" done in 100.4 μs
[11:47:04] [REI-ReloadPlugins/TRACE] [REI] [REIClientPlugin END] Reloading Section: "reloadable-plugin/CollapsibleEntryRegistryImpl/"
[11:47:04] [REI-ReloadPlugins/TRACE] [REI] [REIClientPlugin END] Reloading Section: "reloadable-plugin/CollapsibleEntryRegistryImpl/DefaultClientPluginImpl of DefaultClientPluginImpl [roughlyenoughitems]/"
[11:47:04] [REI-ReloadPlugins/DEBUG] [REI] Added collapsible entry group [roughlyenoughitems:enchanted_book] Enchanted Book with dynamic predicate
[11:47:04] [REI-ReloadPlugins/DEBUG] [REI] Added collapsible entry group [roughlyenoughitems:potion] Potion with dynamic predicate
[11:47:04] [REI-ReloadPlugins/DEBUG] [REI] Added collapsible entry group [roughlyenoughitems:splash_potion] Splash Potion with dynamic predicate
[11:47:04] [REI-ReloadPlugins/DEBUG] [REI] Added collapsible entry group [roughlyenoughitems:lingering_potion] Lingering Potion with dynamic predicate
[11:47:04] [REI-ReloadPlugins/DEBUG] [REI] Added collapsible entry group [roughlyenoughitems:spawn_egg] Spawn Egg with dynamic predicate
[11:47:04] [REI-ReloadPlugins/DEBUG] [REI] Added collapsible entry group [roughlyenoughitems:tipped_arrow] Tipped Arrow with dynamic predicate
[11:47:04] [REI-ReloadPlugins/DEBUG] [REI] Added collapsible entry group [roughlyenoughitems:music_disc] Music Disc with dynamic predicate
[11:47:04] [REI-ReloadPlugins/TRACE] [REI] [REIClientPlugin END] Reloading Section: "reloadable-plugin/CollapsibleEntryRegistryImpl/DefaultClientPluginImpl of DefaultClientPluginImpl [roughlyenoughitems]/" done in 848.3 μs
[11:47:04] [REI-ReloadPlugins/TRACE] [REI] [REIClientPlugin END] Reloading Section: "reloadable-plugin/CollapsibleEntryRegistryImpl/LDLibREIPlugin of LDLibREIPlugin [ldlib2]/"
[11:47:04] [REI-ReloadPlugins/TRACE] [REI] [REIClientPlugin END] Reloading Section: "reloadable-plugin/CollapsibleEntryRegistryImpl/LDLibREIPlugin of LDLibREIPlugin [ldlib2]/" done in 13.90 μs
[11:47:04] [REI-ReloadPlugins/TRACE] [REI] [REIClientPlugin END] Reloading Section: "reloadable-plugin/CollapsibleEntryRegistryImpl/AE2 of AE2 [ae2]/"
[11:47:04] [REI-ReloadPlugins/TRACE] [REI] [REIClientPlugin END] Reloading Section: "reloadable-plugin/CollapsibleEntryRegistryImpl/AE2 of AE2 [ae2]/" done in 7.887 μs
[11:47:04] [REI-ReloadPlugins/TRACE] [REI] [REIClientPlugin END] Reloading Section: "reloadable-plugin/CollapsibleEntryRegistryImpl/HideIngredientsFromTagsPlugin of HideIngredientsFromTagsPlugin [roughlyenoughitems]/"
[11:47:04] [REI-ReloadPlugins/TRACE] [REI] [REIClientPlugin END] Reloading Section: "reloadable-plugin/CollapsibleEntryRegistryImpl/HideIngredientsFromTagsPlugin of HideIngredientsFromTagsPlugin [roughlyenoughitems]/" done in 5.925 μs
[11:47:04] [REI-ReloadPlugins/TRACE] [REI] [REIClientPlugin END] Reloading Section: "reloadable-plugin/CollapsibleEntryRegistryImpl/DefaultClientRuntimePlugin of DefaultClientRuntimePlugin [roughlyenoughitems]/"
[11:47:04] [REI-ReloadPlugins/TRACE] [REI] [REIClientPlugin END] Reloading Section: "reloadable-plugin/CollapsibleEntryRegistryImpl/DefaultClientRuntimePlugin of DefaultClientRuntimePlugin [roughlyenoughitems]/" done in 5.528 μs
[11:47:04] [REI-ReloadPlugins/TRACE] [REI] [REIClientPlugin END] Reloading Section: "reloadable-plugin/CollapsibleEntryRegistryImpl/" done in 964.2 μs
[11:47:04] [REI-ReloadPlugins/TRACE] [REI] [REIClientPlugin END] Reloading Section: "reloadable-plugin/BasicFilteringRuleImpl/"
[11:47:04] [REI-ReloadPlugins/TRACE] [REI] [REIClientPlugin END] Reloading Section: "reloadable-plugin/BasicFilteringRuleImpl/DefaultClientPluginImpl of DefaultClientPluginImpl [roughlyenoughitems]/"
[11:47:04] [REI-ReloadPlugins/TRACE] [REI] [REIClientPlugin END] Reloading Section: "reloadable-plugin/BasicFilteringRuleImpl/DefaultClientPluginImpl of DefaultClientPluginImpl [roughlyenoughitems]/" done in 6.383 μs
[11:47:04] [REI-ReloadPlugins/TRACE] [REI] [REIClientPlugin END] Reloading Section: "reloadable-plugin/BasicFilteringRuleImpl/LDLibREIPlugin of LDLibREIPlugin [ldlib2]/"
[11:47:04] [REI-ReloadPlugins/TRACE] [REI] [REIClientPlugin END] Reloading Section: "reloadable-plugin/BasicFilteringRuleImpl/LDLibREIPlugin of LDLibREIPlugin [ldlib2]/" done in 5.303 μs
[11:47:04] [REI-ReloadPlugins/TRACE] [REI] [REIClientPlugin END] Reloading Section: "reloadable-plugin/BasicFilteringRuleImpl/AE2 of AE2 [ae2]/"
[11:47:04] [REI-ReloadPlugins/TRACE] [REI] [REIClientPlugin END] Reloading Section: "reloadable-plugin/BasicFilteringRuleImpl/AE2 of AE2 [ae2]/" done in 5.222 μs
[11:47:04] [REI-ReloadPlugins/TRACE] [REI] [REIClientPlugin END] Reloading Section: "reloadable-plugin/BasicFilteringRuleImpl/HideIngredientsFromTagsPlugin of HideIngredientsFromTagsPlugin [roughlyenoughitems]/"
[11:47:04] [REI-ReloadPlugins/TRACE] [REI] [REIClientPlugin END] Reloading Section: "reloadable-plugin/BasicFilteringRuleImpl/HideIngredientsFromTagsPlugin of HideIngredientsFromTagsPlugin [roughlyenoughitems]/" done in 5.780 μs
[11:47:04] [REI-ReloadPlugins/TRACE] [REI] [REIClientPlugin END] Reloading Section: "reloadable-plugin/BasicFilteringRuleImpl/DefaultClientRuntimePlugin of DefaultClientRuntimePlugin [roughlyenoughitems]/"
[11:47:04] [REI-ReloadPlugins/TRACE] [REI] [REIClientPlugin END] Reloading Section: "reloadable-plugin/BasicFilteringRuleImpl/DefaultClientRuntimePlugin of DefaultClientRuntimePlugin [roughlyenoughitems]/" done in 5.135 μs
[11:47:04] [REI-ReloadPlugins/TRACE] [REI] [REIClientPlugin END] Reloading Section: "reloadable-plugin/BasicFilteringRuleImpl/" done in 75.20 μs
[11:47:04] [REI-ReloadPlugins/TRACE] [REI] [REIClientPlugin END] Reloading Section: "reloadable-plugin/CategoryRegistryImpl/"
[11:47:04] [REI-ReloadPlugins/TRACE] [REI] [REIClientPlugin END] Reloading Section: "reloadable-plugin/CategoryRegistryImpl/DefaultClientPluginImpl of DefaultClientPluginImpl [roughlyenoughitems]/"
[11:47:04] [REI-ReloadPlugins/DEBUG] [REI] Added category [minecraft:plugins/crafting]: Crafting
[11:47:04] [REI-ReloadPlugins/DEBUG] [REI] Added category [minecraft:plugins/smelting]: Smelting
[11:47:04] [REI-ReloadPlugins/DEBUG] [REI] Added category [minecraft:plugins/smoking]: Smoking
[11:47:04] [REI-ReloadPlugins/DEBUG] [REI] Added category [minecraft:plugins/blasting]: Blasting
[11:47:04] [REI-ReloadPlugins/DEBUG] [REI] Added category [minecraft:plugins/campfire]: Campfire
[11:47:04] [REI-ReloadPlugins/DEBUG] [REI] Added category [minecraft:plugins/stone_cutting]: Stone Cutting
[11:47:04] [REI-ReloadPlugins/DEBUG] [REI] Added category [minecraft:plugins/fuel]: Fuel
[11:47:04] [REI-ReloadPlugins/DEBUG] [REI] Added category [minecraft:plugins/brewing]: Brewing
[11:47:04] [REI-ReloadPlugins/DEBUG] [REI] Added category [minecraft:plugins/composting]: Composting
[11:47:04] [REI-ReloadPlugins/DEBUG] [REI] Added category [minecraft:plugins/stripping]: Stripping
[11:47:04] [REI-ReloadPlugins/DEBUG] [REI] Added category [minecraft:plugins/smithing]: Smithing
[11:47:04] [REI-ReloadPlugins/DEBUG] [REI] Added category [minecraft:plugins/anvil]: Anvil
[11:47:04] [REI-ReloadPlugins/DEBUG] [REI] Added category [minecraft:plugins/beacon_base]: Beacon Base
[11:47:04] [REI-ReloadPlugins/DEBUG] [REI] Added category [minecraft:plugins/beacon_payment]: Beacon Payment
[11:47:04] [REI-ReloadPlugins/DEBUG] [REI] Added category [minecraft:plugins/tilling]: Tilling
[11:47:04] [REI-ReloadPlugins/DEBUG] [REI] Added category [minecraft:plugins/pathing]: Pathing
[11:47:04] [REI-ReloadPlugins/DEBUG] [REI] Added category [minecraft:plugins/waxing]: Waxing
[11:47:04] [REI-ReloadPlugins/DEBUG] [REI] Added category [minecraft:plugins/wax_scraping]: Wax Scraping
[11:47:04] [REI-ReloadPlugins/DEBUG] [REI] Added category [minecraft:plugins/oxidizing]: Oxidizing
[11:47:04] [REI-ReloadPlugins/DEBUG] [REI] Added category [minecraft:plugins/oxidation_scraping]: Oxidation Scraping
[11:47:04] [REI-ReloadPlugins/DEBUG] [REI] Added category visibility predicate: me.shedaniel.rei.plugin.client.DefaultClientPlugin$$Lambda/0x00000008027e5838@2bb97606 [0.00 priority]
[11:47:04] [REI-ReloadPlugins/TRACE] [REI] [REIClientPlugin END] Reloading Section: "reloadable-plugin/CategoryRegistryImpl/DefaultClientPluginImpl of DefaultClientPluginImpl [roughlyenoughitems]/" done in 11.69 ms
[11:47:04] [REI-ReloadPlugins/TRACE] [REI] [REIClientPlugin END] Reloading Section: "reloadable-plugin/CategoryRegistryImpl/LDLibREIPlugin of LDLibREIPlugin [ldlib2]/"
[11:47:04] [REI-ReloadPlugins/TRACE] [REI] [REIClientPlugin END] Reloading Section: "reloadable-plugin/CategoryRegistryImpl/LDLibREIPlugin of LDLibREIPlugin [ldlib2]/" done in 25.11 μs
[11:47:04] [REI-ReloadPlugins/TRACE] [REI] [REIClientPlugin END] Reloading Section: "reloadable-plugin/CategoryRegistryImpl/AE2 of AE2 [ae2]/"
[11:47:04] [REI-ReloadPlugins/DEBUG] [REI] Added category [ae2:item_transformation]: In-World Transformation
[11:47:04] [REI-ReloadPlugins/DEBUG] [REI] Added category [ae2:condenser]: Matter Condenser
[11:47:04] [REI-ReloadPlugins/DEBUG] [REI] Added category [ae2:ae2.inscriber]: Inscriber
[11:47:04] [REI-ReloadPlugins/DEBUG] [REI] Added category [ae2:attunement]: P2P Tunnel Attunement
[11:47:04] [REI-ReloadPlugins/DEBUG] [REI] Added category [ae2:charger]: Charger
[11:47:04] [REI-ReloadPlugins/DEBUG] [REI] Added category [ae2:ae2.entropy_manipulator]: Entropy Manipulator
[11:47:04] [REI-ReloadPlugins/TRACE] [REI] [REIClientPlugin END] Reloading Section: "reloadable-plugin/CategoryRegistryImpl/AE2 of AE2 [ae2]/" done in 3.410 ms
[11:47:04] [REI-ReloadPlugins/TRACE] [REI] [REIClientPlugin END] Reloading Section: "reloadable-plugin/CategoryRegistryImpl/HideIngredientsFromTagsPlugin of HideIngredientsFromTagsPlugin [roughlyenoughitems]/"
[11:47:04] [REI-ReloadPlugins/TRACE] [REI] [REIClientPlugin END] Reloading Section: "reloadable-plugin/CategoryRegistryImpl/HideIngredientsFromTagsPlugin of HideIngredientsFromTagsPlugin [roughlyenoughitems]/" done in 30.21 μs
[11:47:04] [REI-ReloadPlugins/TRACE] [REI] [REIClientPlugin END] Reloading Section: "reloadable-plugin/CategoryRegistryImpl/DefaultClientRuntimePlugin of DefaultClientRuntimePlugin [roughlyenoughitems]/"
[11:47:04] [REI-ReloadPlugins/TRACE] [REI] [REIClientPlugin END] Reloading Section: "reloadable-plugin/CategoryRegistryImpl/DefaultClientRuntimePlugin of DefaultClientRuntimePlugin [roughlyenoughitems]/" done in 6.469 μs
[11:47:04] [REI-ReloadPlugins/TRACE] [REI] [REIClientPlugin END] Reloading Section: "reloadable-plugin/CategoryRegistryImpl/" done in 15.39 ms
[11:47:04] [REI-ReloadPlugins/TRACE] [REI] [REIClientPlugin END] Reloading Section: "reloadable-plugin/DisplayRegistryImpl/"
[11:47:04] [REI-ReloadPlugins/TRACE] [REI] [REIClientPlugin END] Reloading Section: "reloadable-plugin/DisplayRegistryImpl/DefaultClientPluginImpl of DefaultClientPluginImpl [roughlyenoughitems]/"
[11:47:04] [REI-ReloadPlugins/DEBUG] [REI] Added category [roughlyenoughitems:plugins/information]: Information
[11:47:04] [REI-ReloadPlugins/DEBUG] [REI] Added category [minecraft:plugins/tag]: Tag
[11:47:04] [REI-ReloadPlugins/DEBUG] [REI] Added display filter: me.shedaniel.rei.impl.client.registry.display.DisplayRegistryImpl$$Lambda/0x00000008027ec018@42723485
[11:47:04] [REI-ReloadPlugins/DEBUG] [REI] Added display filter: me.shedaniel.rei.impl.client.registry.display.DisplayRegistryImpl$$Lambda/0x00000008027ec018@aee4b3e
[11:47:04] [REI-ReloadPlugins/DEBUG] [REI] Added display filter: me.shedaniel.rei.impl.client.registry.display.DisplayRegistryImpl$$Lambda/0x00000008027ec018@d20411c
[11:47:04] [REI-ReloadPlugins/DEBUG] [REI] Added display filter: me.shedaniel.rei.impl.client.registry.display.DisplayRegistryImpl$$Lambda/0x00000008027ec018@37847c5b
[11:47:04] [REI-ReloadPlugins/DEBUG] [REI] Added display filter: me.shedaniel.rei.impl.client.registry.display.DisplayRegistryImpl$$Lambda/0x00000008027ec018@4af6d475
[11:47:04] [REI-ReloadPlugins/DEBUG] [REI] Added display filter: me.shedaniel.rei.impl.client.registry.display.DisplayRegistryImpl$$Lambda/0x00000008027ec018@4a92d77e
[11:47:04] [REI-ReloadPlugins/DEBUG] [REI] Added display filter: me.shedaniel.rei.impl.client.registry.display.DisplayRegistryImpl$$Lambda/0x00000008027ec018@790ed826
[11:47:04] [REI-ReloadPlugins/DEBUG] [REI] Added display filter: me.shedaniel.rei.impl.client.registry.display.DisplayRegistryImpl$$Lambda/0x00000008027ee548@4ac6402e
[11:47:04] [REI-ReloadPlugins/DEBUG] [REI] Added display filter: me.shedaniel.rei.impl.client.registry.display.DisplayRegistryImpl$$Lambda/0x00000008027ec018@1fa386cc
[11:47:04] [REI-ReloadPlugins/DEBUG] [REI] Added display filter: me.shedaniel.rei.impl.client.registry.display.DisplayRegistryImpl$$Lambda/0x00000008027ec018@47492ab0
[11:47:04] [REI-ReloadPlugins/DEBUG] [REI] Added display filter: me.shedaniel.rei.impl.client.registry.display.DisplayRegistryImpl$$Lambda/0x00000008027ec018@3be618c1
[11:47:04] [REI-ReloadPlugins/DEBUG] [REI] Added display filter: me.shedaniel.rei.impl.client.registry.display.DisplayRegistryImpl$$Lambda/0x00000008027ee548@5096ea2d
[11:47:04] [REI-ReloadPlugins/DEBUG] [REI] Added display filter: me.shedaniel.rei.impl.client.registry.display.DisplayRegistryImpl$$Lambda/0x00000008027ee548@5fbb7ee3
[11:47:04] [REI-ReloadPlugins/DEBUG] [REI] Added display filter: me.shedaniel.rei.impl.client.registry.display.DisplayRegistryImpl$$Lambda/0x00000008027ee548@64f57f61
[11:47:04] [REI-ReloadPlugins/DEBUG] [REI] Added display filter: me.shedaniel.rei.impl.client.registry.display.DisplayRegistryImpl$$Lambda/0x00000008027ee548@2fab3c2b
[11:47:04] [REI-ReloadPlugins/DEBUG] [REI] Added display filter: me.shedaniel.rei.impl.client.registry.display.DisplayRegistryImpl$$Lambda/0x00000008027ee548@488b6c71
[11:47:04] [REI-ReloadPlugins/DEBUG] [REI] Added display filter: me.shedaniel.rei.impl.client.registry.display.DisplayRegistryImpl$$Lambda/0x00000008027ee548@4cc34fe5
[11:47:04] [REI-ReloadPlugins/DEBUG] [REI] Added display filter: me.shedaniel.rei.impl.client.registry.display.DisplayRegistryImpl$$Lambda/0x00000008027ee548@3823f6b
[11:47:04] [REI-ReloadPlugins/DEBUG] [REI] Added display filter: me.shedaniel.rei.impl.client.registry.display.DisplayRegistryImpl$$Lambda/0x00000008027ee548@753e1154
[11:47:04] [REI-ReloadPlugins/DEBUG] [REI] Added display filter: me.shedaniel.rei.impl.client.registry.display.DisplayRegistryImpl$$Lambda/0x00000008027ee548@66c50366
[11:47:04] [REI-ReloadPlugins/DEBUG] [REI] Added display filter: me.shedaniel.rei.impl.client.registry.display.DisplayRegistryImpl$$Lambda/0x00000008027ee548@302fc43c
[11:47:04] [REI-ReloadPlugins/TRACE] [REI] [REIClientPlugin END] Reloading Section: "reloadable-plugin/DisplayRegistryImpl/DefaultClientPluginImpl of DefaultClientPluginImpl [roughlyenoughitems]/" done in 220.2 ms
[11:47:04] [REI-ReloadPlugins/TRACE] [REI] [REIClientPlugin END] Reloading Section: "reloadable-plugin/DisplayRegistryImpl/LDLibREIPlugin of LDLibREIPlugin [ldlib2]/"
[11:47:04] [REI-ReloadPlugins/TRACE] [REI] [REIClientPlugin END] Reloading Section: "reloadable-plugin/DisplayRegistryImpl/LDLibREIPlugin of LDLibREIPlugin [ldlib2]/" done in 54.50 μs
[11:47:04] [REI-ReloadPlugins/TRACE] [REI] [REIClientPlugin END] Reloading Section: "reloadable-plugin/DisplayRegistryImpl/AE2 of AE2 [ae2]/"
[11:47:04] [REI-ReloadPlugins/DEBUG] [REI] Added global display generator: appeng.integration.modules.rei.FacadeRegistryGenerator@50cbf22c
[11:47:04] [REI-ReloadPlugins/DEBUG] [REI] Added display filter: me.shedaniel.rei.impl.client.registry.display.DisplayRegistryImpl$$Lambda/0x00000008027ec018@77dd3beb
[11:47:04] [REI-ReloadPlugins/DEBUG] [REI] Added display filter: me.shedaniel.rei.impl.client.registry.display.DisplayRegistryImpl$$Lambda/0x00000008027ec018@720bd480
[11:47:04] [REI-ReloadPlugins/DEBUG] [REI] Added display filter: me.shedaniel.rei.impl.client.registry.display.DisplayRegistryImpl$$Lambda/0x00000008027ec018@6e031131
[11:47:04] [REI-ReloadPlugins/DEBUG] [REI] Added display filter: me.shedaniel.rei.impl.client.registry.display.DisplayRegistryImpl$$Lambda/0x00000008027ec018@528a041
[11:47:04] [REI-ReloadPlugins/DEBUG] [REI] Added display filter: me.shedaniel.rei.impl.client.registry.display.DisplayRegistryImpl$$Lambda/0x00000008027ec018@41bb00a6
[11:47:04] [REI-ReloadPlugins/TRACE] [REI] [REIClientPlugin END] Reloading Section: "reloadable-plugin/DisplayRegistryImpl/AE2 of AE2 [ae2]/" done in 12.66 ms
[11:47:04] [REI-ReloadPlugins/TRACE] [REI] [REIClientPlugin END] Reloading Section: "reloadable-plugin/DisplayRegistryImpl/HideIngredientsFromTagsPlugin of HideIngredientsFromTagsPlugin [roughlyenoughitems]/"
[11:47:04] [REI-ReloadPlugins/TRACE] [REI] [REIClientPlugin END] Reloading Section: "reloadable-plugin/DisplayRegistryImpl/HideIngredientsFromTagsPlugin of HideIngredientsFromTagsPlugin [roughlyenoughitems]/" done in 25.29 μs
[11:47:04] [REI-ReloadPlugins/TRACE] [REI] [REIClientPlugin END] Reloading Section: "reloadable-plugin/DisplayRegistryImpl/DefaultClientRuntimePlugin of DefaultClientRuntimePlugin [roughlyenoughitems]/"
[11:47:04] [REI-ReloadPlugins/DEBUG] [REI] Computed existing filtered displays with 3 rules in 253.8 ms
[11:47:04] [REI-ReloadPlugins/DEBUG] [REI] Added display visibility predicate: me.shedaniel.rei.plugin.client.runtime.FilteredStacksVisibilityHandler@1b9e98d7 [0.00 priority]
[11:47:04] [REI-ReloadPlugins/TRACE] [REI] [REIClientPlugin END] Reloading Section: "reloadable-plugin/DisplayRegistryImpl/DefaultClientRuntimePlugin of DefaultClientRuntimePlugin [roughlyenoughitems]/" done in 254.2 ms
[11:47:04] [REI-ReloadPlugins/TRACE] [REI] [REIClientPlugin END] Reloading Section: "reloadable-plugin/DisplayRegistryImpl/" done in 487.8 ms
[11:47:04] [REI-ReloadPlugins/TRACE] [REI] [REIClientPlugin END] Reloading Section: "reloadable-plugin/ScreenRegistryImpl/"
[11:47:04] [REI-ReloadPlugins/TRACE] [REI] [REIClientPlugin END] Reloading Section: "reloadable-plugin/ScreenRegistryImpl/DefaultClientPluginImpl of DefaultClientPluginImpl [roughlyenoughitems]/"
[11:47:04] [REI-ReloadPlugins/TRACE] [REI] [REIClientPlugin END] Reloading Section: "reloadable-plugin/ScreenRegistryImpl/DefaultClientPluginImpl of DefaultClientPluginImpl [roughlyenoughitems]/" done in 17.03 μs
[11:47:04] [REI-ReloadPlugins/TRACE] [REI] [REIClientPlugin END] Reloading Section: "reloadable-plugin/ScreenRegistryImpl/LDLibREIPlugin of LDLibREIPlugin [ldlib2]/"
[11:47:04] [REI-ReloadPlugins/TRACE] [REI] [REIClientPlugin END] Reloading Section: "reloadable-plugin/ScreenRegistryImpl/LDLibREIPlugin of LDLibREIPlugin [ldlib2]/" done in 8.656 μs
[11:47:04] [REI-ReloadPlugins/TRACE] [REI] [REIClientPlugin END] Reloading Section: "reloadable-plugin/ScreenRegistryImpl/AE2 of AE2 [ae2]/"
[11:47:04] [REI-ReloadPlugins/TRACE] [REI] [REIClientPlugin END] Reloading Section: "reloadable-plugin/ScreenRegistryImpl/AE2 of AE2 [ae2]/" done in 8.176 μs
[11:47:04] [REI-ReloadPlugins/TRACE] [REI] [REIClientPlugin END] Reloading Section: "reloadable-plugin/ScreenRegistryImpl/HideIngredientsFromTagsPlugin of HideIngredientsFromTagsPlugin [roughlyenoughitems]/"
[11:47:04] [REI-ReloadPlugins/TRACE] [REI] [REIClientPlugin END] Reloading Section: "reloadable-plugin/ScreenRegistryImpl/HideIngredientsFromTagsPlugin of HideIngredientsFromTagsPlugin [roughlyenoughitems]/" done in 8.490 μs
[11:47:04] [REI-ReloadPlugins/TRACE] [REI] [REIClientPlugin END] Reloading Section: "reloadable-plugin/ScreenRegistryImpl/DefaultClientRuntimePlugin of DefaultClientRuntimePlugin [roughlyenoughitems]/"
[11:47:04] [REI-ReloadPlugins/TRACE] [REI] [REIClientPlugin END] Reloading Section: "reloadable-plugin/ScreenRegistryImpl/DefaultClientRuntimePlugin of DefaultClientRuntimePlugin [roughlyenoughitems]/" done in 7.276 μs
[11:47:04] [REI-ReloadPlugins/TRACE] [REI] [REIClientPlugin END] Reloading Section: "reloadable-plugin/ScreenRegistryImpl/" done in 168.0 μs
[11:47:04] [REI-ReloadPlugins/TRACE] [REI] [REIClientPlugin END] Reloading Section: "reloadable-plugin/FavoriteEntryTypeRegistryImpl/"
[11:47:04] [REI-ReloadPlugins/TRACE] [REI] [REIClientPlugin END] Reloading Section: "reloadable-plugin/FavoriteEntryTypeRegistryImpl/DefaultClientPluginImpl of DefaultClientPluginImpl [roughlyenoughitems]/"
[11:47:04] [REI-ReloadPlugins/TRACE] [REI] [REIClientPlugin END] Reloading Section: "reloadable-plugin/FavoriteEntryTypeRegistryImpl/DefaultClientPluginImpl of DefaultClientPluginImpl [roughlyenoughitems]/" done in 8.009 μs
[11:47:04] [REI-ReloadPlugins/TRACE] [REI] [REIClientPlugin END] Reloading Section: "reloadable-plugin/FavoriteEntryTypeRegistryImpl/LDLibREIPlugin of LDLibREIPlugin [ldlib2]/"
[11:47:04] [REI-ReloadPlugins/TRACE] [REI] [REIClientPlugin END] Reloading Section: "reloadable-plugin/FavoriteEntryTypeRegistryImpl/LDLibREIPlugin of LDLibREIPlugin [ldlib2]/" done in 9.183 μs
[11:47:04] [REI-ReloadPlugins/TRACE] [REI] [REIClientPlugin END] Reloading Section: "reloadable-plugin/FavoriteEntryTypeRegistryImpl/AE2 of AE2 [ae2]/"
[11:47:04] [REI-ReloadPlugins/TRACE] [REI] [REIClientPlugin END] Reloading Section: "reloadable-plugin/FavoriteEntryTypeRegistryImpl/AE2 of AE2 [ae2]/" done in 7.539 μs
[11:47:04] [REI-ReloadPlugins/TRACE] [REI] [REIClientPlugin END] Reloading Section: "reloadable-plugin/FavoriteEntryTypeRegistryImpl/HideIngredientsFromTagsPlugin of HideIngredientsFromTagsPlugin [roughlyenoughitems]/"
[11:47:04] [REI-ReloadPlugins/TRACE] [REI] [REIClientPlugin END] Reloading Section: "reloadable-plugin/FavoriteEntryTypeRegistryImpl/HideIngredientsFromTagsPlugin of HideIngredientsFromTagsPlugin [roughlyenoughitems]/" done in 8.692 μs
[11:47:04] [REI-ReloadPlugins/TRACE] [REI] [REIClientPlugin END] Reloading Section: "reloadable-plugin/FavoriteEntryTypeRegistryImpl/DefaultClientRuntimePlugin of DefaultClientRuntimePlugin [roughlyenoughitems]/"
[11:47:04] [REI-ReloadPlugins/TRACE] [REI] [REIClientPlugin END] Reloading Section: "reloadable-plugin/FavoriteEntryTypeRegistryImpl/DefaultClientRuntimePlugin of DefaultClientRuntimePlugin [roughlyenoughitems]/" done in 7.550 μs
[11:47:04] [REI-ReloadPlugins/TRACE] [REI] [REIClientPlugin END] Reloading Section: "reloadable-plugin/FavoriteEntryTypeRegistryImpl/" done in 110.3 μs
[11:47:04] [REI-ReloadPlugins/TRACE] [REI] [REIClientPlugin END] Reloading Section: "reloadable-plugin/SubsetsRegistryImpl/"
[11:47:04] [REI-ReloadPlugins/TRACE] [REI] [REIClientPlugin END] Reloading Section: "reloadable-plugin/SubsetsRegistryImpl/DefaultClientPluginImpl of DefaultClientPluginImpl [roughlyenoughitems]/"
[11:47:04] [REI-ReloadPlugins/TRACE] [REI] [REIClientPlugin END] Reloading Section: "reloadable-plugin/SubsetsRegistryImpl/DefaultClientPluginImpl of DefaultClientPluginImpl [roughlyenoughitems]/" done in 8.009 μs
[11:47:04] [REI-ReloadPlugins/TRACE] [REI] [REIClientPlugin END] Reloading Section: "reloadable-plugin/SubsetsRegistryImpl/LDLibREIPlugin of LDLibREIPlugin [ldlib2]/"
[11:47:04] [REI-ReloadPlugins/TRACE] [REI] [REIClientPlugin END] Reloading Section: "reloadable-plugin/SubsetsRegistryImpl/LDLibREIPlugin of LDLibREIPlugin [ldlib2]/" done in 7.369 μs
[11:47:04] [REI-ReloadPlugins/TRACE] [REI] [REIClientPlugin END] Reloading Section: "reloadable-plugin/SubsetsRegistryImpl/AE2 of AE2 [ae2]/"
[11:47:04] [REI-ReloadPlugins/TRACE] [REI] [REIClientPlugin END] Reloading Section: "reloadable-plugin/SubsetsRegistryImpl/AE2 of AE2 [ae2]/" done in 7.202 μs
[11:47:04] [REI-ReloadPlugins/TRACE] [REI] [REIClientPlugin END] Reloading Section: "reloadable-plugin/SubsetsRegistryImpl/HideIngredientsFromTagsPlugin of HideIngredientsFromTagsPlugin [roughlyenoughitems]/"
[11:47:04] [REI-ReloadPlugins/TRACE] [REI] [REIClientPlugin END] Reloading Section: "reloadable-plugin/SubsetsRegistryImpl/HideIngredientsFromTagsPlugin of HideIngredientsFromTagsPlugin [roughlyenoughitems]/" done in 7.255 μs
[11:47:04] [REI-ReloadPlugins/TRACE] [REI] [REIClientPlugin END] Reloading Section: "reloadable-plugin/SubsetsRegistryImpl/DefaultClientRuntimePlugin of DefaultClientRuntimePlugin [roughlyenoughitems]/"
[11:47:04] [REI-ReloadPlugins/TRACE] [REI] [REIClientPlugin END] Reloading Section: "reloadable-plugin/SubsetsRegistryImpl/DefaultClientRuntimePlugin of DefaultClientRuntimePlugin [roughlyenoughitems]/" done in 7.264 μs
[11:47:04] [REI-ReloadPlugins/TRACE] [REI] [REIClientPlugin END] Reloading Section: "reloadable-plugin/SubsetsRegistryImpl/" done in 100.1 μs
[11:47:04] [REI-ReloadPlugins/TRACE] [REI] [REIClientPlugin END] Reloading Section: "reloadable-plugin/TransferHandlerRegistryImpl/"
[11:47:04] [REI-ReloadPlugins/TRACE] [REI] [REIClientPlugin END] Reloading Section: "reloadable-plugin/TransferHandlerRegistryImpl/DefaultClientPluginImpl of DefaultClientPluginImpl [roughlyenoughitems]/"
[11:47:04] [REI-ReloadPlugins/DEBUG] [REI] Added transfer handler: me.shedaniel.rei.api.client.registry.transfer.simple.SimpleTransferHandler$1@511f507c [0.00 priority]
[11:47:04] [REI-ReloadPlugins/DEBUG] [REI] Added transfer handler: me.shedaniel.rei.plugin.autocrafting.InventoryCraftingTransferHandler@72b215be [0.00 priority]
[11:47:04] [REI-ReloadPlugins/DEBUG] [REI] Added transfer handler: me.shedaniel.rei.api.client.registry.transfer.simple.SimpleTransferHandler$1@691db35b [0.00 priority]
[11:47:04] [REI-ReloadPlugins/DEBUG] [REI] Added transfer handler: me.shedaniel.rei.api.client.registry.transfer.simple.SimpleTransferHandler$1@68d4c15a [0.00 priority]
[11:47:04] [REI-ReloadPlugins/DEBUG] [REI] Added transfer handler: me.shedaniel.rei.api.client.registry.transfer.simple.SimpleTransferHandler$1@1833f9b0 [0.00 priority]
[11:47:04] [REI-ReloadPlugins/DEBUG] [REI] Added transfer handler: me.shedaniel.rei.plugin.autocrafting.recipebook.DefaultRecipeBookHandler@3724a2c4 [-20.00 priority]
[11:47:04] [REI-ReloadPlugins/TRACE] [REI] [REIClientPlugin END] Reloading Section: "reloadable-plugin/TransferHandlerRegistryImpl/DefaultClientPluginImpl of DefaultClientPluginImpl [roughlyenoughitems]/" done in 2.854 ms
[11:47:04] [REI-ReloadPlugins/TRACE] [REI] [REIClientPlugin END] Reloading Section: "reloadable-plugin/TransferHandlerRegistryImpl/LDLibREIPlugin of LDLibREIPlugin [ldlib2]/"
[11:47:04] [REI-ReloadPlugins/TRACE] [REI] [REIClientPlugin END] Reloading Section: "reloadable-plugin/TransferHandlerRegistryImpl/LDLibREIPlugin of LDLibREIPlugin [ldlib2]/" done in 46.73 μs
[11:47:04] [REI-ReloadPlugins/TRACE] [REI] [REIClientPlugin END] Reloading Section: "reloadable-plugin/TransferHandlerRegistryImpl/AE2 of AE2 [ae2]/"
[11:47:04] [REI-ReloadPlugins/DEBUG] [REI] Added transfer handler: appeng.integration.modules.rei.transfer.EncodePatternTransferHandler@7fc5a45e [0.00 priority]
[11:47:04] [REI-ReloadPlugins/DEBUG] [REI] Added transfer handler: appeng.integration.modules.rei.transfer.UseCraftingRecipeTransfer@6aa2b845 [0.00 priority]
[11:47:04] [REI-ReloadPlugins/TRACE] [REI] [REIClientPlugin END] Reloading Section: "reloadable-plugin/TransferHandlerRegistryImpl/AE2 of AE2 [ae2]/" done in 2.306 ms
[11:47:04] [REI-ReloadPlugins/TRACE] [REI] [REIClientPlugin END] Reloading Section: "reloadable-plugin/TransferHandlerRegistryImpl/HideIngredientsFromTagsPlugin of HideIngredientsFromTagsPlugin [roughlyenoughitems]/"
[11:47:04] [REI-ReloadPlugins/TRACE] [REI] [REIClientPlugin END] Reloading Section: "reloadable-plugin/TransferHandlerRegistryImpl/HideIngredientsFromTagsPlugin of HideIngredientsFromTagsPlugin [roughlyenoughitems]/" done in 22.44 μs
[11:47:04] [REI-ReloadPlugins/TRACE] [REI] [REIClientPlugin END] Reloading Section: "reloadable-plugin/TransferHandlerRegistryImpl/DefaultClientRuntimePlugin of DefaultClientRuntimePlugin [roughlyenoughitems]/"
[11:47:04] [REI-ReloadPlugins/DEBUG] [REI] Added transfer handler: me.shedaniel.rei.plugin.autocrafting.DefaultCategoryHandler@68709cc [-10.00 priority]
[11:47:04] [REI-ReloadPlugins/TRACE] [REI] [REIClientPlugin END] Reloading Section: "reloadable-plugin/TransferHandlerRegistryImpl/DefaultClientRuntimePlugin of DefaultClientRuntimePlugin [roughlyenoughitems]/" done in 1.393 ms
[11:47:04] [REI-ReloadPlugins/TRACE] [REI] [REIClientPlugin END] Reloading Section: "reloadable-plugin/TransferHandlerRegistryImpl/" done in 6.908 ms
[11:47:04] [REI-ReloadPlugins/TRACE] [REI] [REIClientPlugin END] Reloading Section: "reloadable-plugin/SearchRuntime/"
[11:47:04] [REI-ReloadPlugins/TRACE] [REI] [REIClientPlugin END] Reloading Section: "reloadable-plugin/SearchRuntime/DefaultClientPluginImpl of DefaultClientPluginImpl [roughlyenoughitems]/"
[11:47:04] [REI-ReloadPlugins/TRACE] [REI] [REIClientPlugin END] Reloading Section: "reloadable-plugin/SearchRuntime/DefaultClientPluginImpl of DefaultClientPluginImpl [roughlyenoughitems]/" done in 15.60 μs
[11:47:04] [REI-ReloadPlugins/TRACE] [REI] [REIClientPlugin END] Reloading Section: "reloadable-plugin/SearchRuntime/LDLibREIPlugin of LDLibREIPlugin [ldlib2]/"
[11:47:04] [REI-ReloadPlugins/TRACE] [REI] [REIClientPlugin END] Reloading Section: "reloadable-plugin/SearchRuntime/LDLibREIPlugin of LDLibREIPlugin [ldlib2]/" done in 8.588 μs
[11:47:04] [REI-ReloadPlugins/TRACE] [REI] [REIClientPlugin END] Reloading Section: "reloadable-plugin/SearchRuntime/AE2 of AE2 [ae2]/"
[11:47:04] [REI-ReloadPlugins/TRACE] [REI] [REIClientPlugin END] Reloading Section: "reloadable-plugin/SearchRuntime/AE2 of AE2 [ae2]/" done in 7.241 μs
[11:47:04] [REI-ReloadPlugins/TRACE] [REI] [REIClientPlugin END] Reloading Section: "reloadable-plugin/SearchRuntime/HideIngredientsFromTagsPlugin of HideIngredientsFromTagsPlugin [roughlyenoughitems]/"
[11:47:04] [REI-ReloadPlugins/TRACE] [REI] [REIClientPlugin END] Reloading Section: "reloadable-plugin/SearchRuntime/HideIngredientsFromTagsPlugin of HideIngredientsFromTagsPlugin [roughlyenoughitems]/" done in 7.509 μs
[11:47:04] [REI-ReloadPlugins/TRACE] [REI] [REIClientPlugin END] Reloading Section: "reloadable-plugin/SearchRuntime/DefaultClientRuntimePlugin of DefaultClientRuntimePlugin [roughlyenoughitems]/"
[11:47:04] [REI-ReloadPlugins/TRACE] [REI] [REIClientPlugin END] Reloading Section: "reloadable-plugin/SearchRuntime/DefaultClientRuntimePlugin of DefaultClientRuntimePlugin [roughlyenoughitems]/" done in 6.984 μs
[11:47:04] [REI-ReloadPlugins/TRACE] [REI] [REIClientPlugin END] Reloading Section: "reloadable-plugin/SearchRuntime/" done in 139.4 μs
[11:47:04] [REI-ReloadPlugins/TRACE] [REI] [REIClientPlugin END] Reloading Section: "reloadable-plugin/REIRuntimeImpl/"
[11:47:04] [REI-ReloadPlugins/TRACE] [REI] [REIClientPlugin END] Reloading Section: "reloadable-plugin/REIRuntimeImpl/DefaultClientPluginImpl of DefaultClientPluginImpl [roughlyenoughitems]/"
[11:47:04] [REI-ReloadPlugins/TRACE] [REI] [REIClientPlugin END] Reloading Section: "reloadable-plugin/REIRuntimeImpl/DefaultClientPluginImpl of DefaultClientPluginImpl [roughlyenoughitems]/" done in 7.579 μs
[11:47:04] [REI-ReloadPlugins/TRACE] [REI] [REIClientPlugin END] Reloading Section: "reloadable-plugin/REIRuntimeImpl/LDLibREIPlugin of LDLibREIPlugin [ldlib2]/"
[11:47:04] [REI-ReloadPlugins/TRACE] [REI] [REIClientPlugin END] Reloading Section: "reloadable-plugin/REIRuntimeImpl/LDLibREIPlugin of LDLibREIPlugin [ldlib2]/" done in 14.89 μs
[11:47:04] [REI-ReloadPlugins/TRACE] [REI] [REIClientPlugin END] Reloading Section: "reloadable-plugin/REIRuntimeImpl/AE2 of AE2 [ae2]/"
[11:47:04] [REI-ReloadPlugins/TRACE] [REI] [REIClientPlugin END] Reloading Section: "reloadable-plugin/REIRuntimeImpl/AE2 of AE2 [ae2]/" done in 6.830 μs
[11:47:04] [REI-ReloadPlugins/TRACE] [REI] [REIClientPlugin END] Reloading Section: "reloadable-plugin/REIRuntimeImpl/HideIngredientsFromTagsPlugin of HideIngredientsFromTagsPlugin [roughlyenoughitems]/"
[11:47:04] [REI-ReloadPlugins/TRACE] [REI] [REIClientPlugin END] Reloading Section: "reloadable-plugin/REIRuntimeImpl/HideIngredientsFromTagsPlugin of HideIngredientsFromTagsPlugin [roughlyenoughitems]/" done in 6.855 μs
[11:47:04] [REI-ReloadPlugins/TRACE] [REI] [REIClientPlugin END] Reloading Section: "reloadable-plugin/REIRuntimeImpl/DefaultClientRuntimePlugin of DefaultClientRuntimePlugin [roughlyenoughitems]/"
[11:47:04] [REI-ReloadPlugins/TRACE] [REI] [REIClientPlugin END] Reloading Section: "reloadable-plugin/REIRuntimeImpl/DefaultClientRuntimePlugin of DefaultClientRuntimePlugin [roughlyenoughitems]/" done in 7.020 μs
[11:47:04] [REI-ReloadPlugins/TRACE] [REI] [REIClientPlugin END] Reloading Section: "reloadable-plugin/REIRuntimeImpl/" done in 106.1 μs
[11:47:04] [REI-ReloadPlugins/TRACE] [REI] [REIClientPlugin END] Reloading Section: "reloadable-plugin/ConfigAddonRegistryImpl/"
[11:47:04] [REI-ReloadPlugins/TRACE] [REI] [REIClientPlugin END] Reloading Section: "reloadable-plugin/ConfigAddonRegistryImpl/DefaultClientPluginImpl of DefaultClientPluginImpl [roughlyenoughitems]/"
[11:47:04] [REI-ReloadPlugins/TRACE] [REI] [REIClientPlugin END] Reloading Section: "reloadable-plugin/ConfigAddonRegistryImpl/DefaultClientPluginImpl of DefaultClientPluginImpl [roughlyenoughitems]/" done in 14.65 μs
[11:47:04] [REI-ReloadPlugins/TRACE] [REI] [REIClientPlugin END] Reloading Section: "reloadable-plugin/ConfigAddonRegistryImpl/LDLibREIPlugin of LDLibREIPlugin [ldlib2]/"
[11:47:04] [REI-ReloadPlugins/TRACE] [REI] [REIClientPlugin END] Reloading Section: "reloadable-plugin/ConfigAddonRegistryImpl/LDLibREIPlugin of LDLibREIPlugin [ldlib2]/" done in 18.69 μs
[11:47:04] [REI-ReloadPlugins/TRACE] [REI] [REIClientPlugin END] Reloading Section: "reloadable-plugin/ConfigAddonRegistryImpl/AE2 of AE2 [ae2]/"
[11:47:04] [REI-ReloadPlugins/TRACE] [REI] [REIClientPlugin END] Reloading Section: "reloadable-plugin/ConfigAddonRegistryImpl/AE2 of AE2 [ae2]/" done in 8.123 μs
[11:47:04] [REI-ReloadPlugins/TRACE] [REI] [REIClientPlugin END] Reloading Section: "reloadable-plugin/ConfigAddonRegistryImpl/HideIngredientsFromTagsPlugin of HideIngredientsFromTagsPlugin [roughlyenoughitems]/"
[11:47:04] [REI-ReloadPlugins/TRACE] [REI] [REIClientPlugin END] Reloading Section: "reloadable-plugin/ConfigAddonRegistryImpl/HideIngredientsFromTagsPlugin of HideIngredientsFromTagsPlugin [roughlyenoughitems]/" done in 7.729 μs
[11:47:04] [REI-ReloadPlugins/TRACE] [REI] [REIClientPlugin END] Reloading Section: "reloadable-plugin/ConfigAddonRegistryImpl/DefaultClientRuntimePlugin of DefaultClientRuntimePlugin [roughlyenoughitems]/"
[11:47:04] [REI-ReloadPlugins/TRACE] [REI] [REIClientPlugin END] Reloading Section: "reloadable-plugin/ConfigAddonRegistryImpl/DefaultClientRuntimePlugin of DefaultClientRuntimePlugin [roughlyenoughitems]/" done in 18.07 μs
[11:47:04] [REI-ReloadPlugins/TRACE] [REI] [REIClientPlugin END] Reloading Section: "reloadable-plugin/ConfigAddonRegistryImpl/" done in 125.9 μs
[11:47:04] [REI-ReloadPlugins/TRACE] [REI] [REIClientPlugin END] Reloading Section: "reloadable-plugin/me.shedaniel.rei.plugin.client.runtime.PluginStageExecutionWatcher$1/"
[11:47:04] [REI-ReloadPlugins/TRACE] [REI] [REIClientPlugin END] Reloading Section: "reloadable-plugin/me.shedaniel.rei.plugin.client.runtime.PluginStageExecutionWatcher$1/DefaultClientPluginImpl of DefaultClientPluginImpl [roughlyenoughitems]/"
[11:47:04] [REI-ReloadPlugins/TRACE] [REI] [REIClientPlugin END] Reloading Section: "reloadable-plugin/me.shedaniel.rei.plugin.client.runtime.PluginStageExecutionWatcher$1/DefaultClientPluginImpl of DefaultClientPluginImpl [roughlyenoughitems]/" done in 7.389 μs
[11:47:04] [REI-ReloadPlugins/TRACE] [REI] [REIClientPlugin END] Reloading Section: "reloadable-plugin/me.shedaniel.rei.plugin.client.runtime.PluginStageExecutionWatcher$1/LDLibREIPlugin of LDLibREIPlugin [ldlib2]/"
[11:47:04] [REI-ReloadPlugins/TRACE] [REI] [REIClientPlugin END] Reloading Section: "reloadable-plugin/me.shedaniel.rei.plugin.client.runtime.PluginStageExecutionWatcher$1/LDLibREIPlugin of LDLibREIPlugin [ldlib2]/" done in 7.114 μs
[11:47:04] [REI-ReloadPlugins/TRACE] [REI] [REIClientPlugin END] Reloading Section: "reloadable-plugin/me.shedaniel.rei.plugin.client.runtime.PluginStageExecutionWatcher$1/AE2 of AE2 [ae2]/"
[11:47:04] [REI-ReloadPlugins/TRACE] [REI] [REIClientPlugin END] Reloading Section: "reloadable-plugin/me.shedaniel.rei.plugin.client.runtime.PluginStageExecutionWatcher$1/AE2 of AE2 [ae2]/" done in 7.387 μs
[11:47:04] [REI-ReloadPlugins/TRACE] [REI] [REIClientPlugin END] Reloading Section: "reloadable-plugin/me.shedaniel.rei.plugin.client.runtime.PluginStageExecutionWatcher$1/HideIngredientsFromTagsPlugin of HideIngredientsFromTagsPlugin [roughlyenoughitems]/"
[11:47:04] [REI-ReloadPlugins/TRACE] [REI] [REIClientPlugin END] Reloading Section: "reloadable-plugin/me.shedaniel.rei.plugin.client.runtime.PluginStageExecutionWatcher$1/HideIngredientsFromTagsPlugin of HideIngredientsFromTagsPlugin [roughlyenoughitems]/" done in 9.286 μs
[11:47:04] [REI-ReloadPlugins/TRACE] [REI] [REIClientPlugin END] Reloading Section: "reloadable-plugin/me.shedaniel.rei.plugin.client.runtime.PluginStageExecutionWatcher$1/DefaultClientRuntimePlugin of DefaultClientRuntimePlugin [roughlyenoughitems]/"
[11:47:04] [REI-ReloadPlugins/TRACE] [REI] [REIClientPlugin END] Reloading Section: "reloadable-plugin/me.shedaniel.rei.plugin.client.runtime.PluginStageExecutionWatcher$1/DefaultClientRuntimePlugin of DefaultClientRuntimePlugin [roughlyenoughitems]/" done in 7.584 μs
[11:47:04] [REI-ReloadPlugins/TRACE] [REI] [REIClientPlugin END] Reloading Section: "reloadable-plugin/me.shedaniel.rei.plugin.client.runtime.PluginStageExecutionWatcher$1/" done in 97.81 μs
[11:47:04] [REI-ReloadPlugins/DEBUG] [REI] ========================================
[11:47:04] [REI-ReloadPlugins/DEBUG] [REI] REIClientPlugin ending main-reload for END.
[11:47:04] [REI-ReloadPlugins/DEBUG] [REI] ========================================
[11:47:04] [REI-ReloadPlugins/TRACE] [REI] [REIClientPlugin END] Reloading Section: "end-reload/"
[11:47:04] [REI-ReloadPlugins/TRACE] [REI] [REIClientPlugin END] Reloading Section: "end-reload/EntryRendererRegistryImpl/"
[11:47:04] [REI-ReloadPlugins/TRACE] [REI] [REIClientPlugin END] Reloading Section: "end-reload/EntryRendererRegistryImpl/" done in 10.04 μs
[11:47:04] [REI-ReloadPlugins/TRACE] [REI] [REIClientPlugin END] Reloading Section: "end-reload/ViewsImpl/"
[11:47:04] [REI-ReloadPlugins/TRACE] [REI] [REIClientPlugin END] Reloading Section: "end-reload/ViewsImpl/" done in 5.433 μs
[11:47:04] [REI-ReloadPlugins/TRACE] [REI] [REIClientPlugin END] Reloading Section: "end-reload/InputMethodRegistryImpl/"
[11:47:04] [REI-ReloadPlugins/DEBUG] [REI] Registered 5 input methods: Default, Jyutping (Cantonese), Pinyin (Mandarin), Bopomofo (Mandarin), Double Pinyin (Mandarin)
[11:47:04] [REI-ReloadPlugins/TRACE] [REI] [REIClientPlugin END] Reloading Section: "end-reload/InputMethodRegistryImpl/" done in 1.338 ms
[11:47:04] [REI-ReloadPlugins/TRACE] [REI] [REIClientPlugin END] Reloading Section: "end-reload/SearchProviderImpl/"
[11:47:04] [REI-ReloadPlugins/TRACE] [REI] [REIClientPlugin END] Reloading Section: "end-reload/SearchProviderImpl/" done in 13.37 μs
[11:47:04] [REI-ReloadPlugins/TRACE] [REI] [REIClientPlugin END] Reloading Section: "end-reload/ConfigManagerImpl/"
[11:47:04] [REI-ReloadPlugins/TRACE] [REI] [REIClientPlugin END] Reloading Section: "end-reload/ConfigManagerImpl/" done in 7.111 μs
[11:47:04] [REI-ReloadPlugins/TRACE] [REI] [REIClientPlugin END] Reloading Section: "end-reload/EntryRegistryImpl/"
[11:47:04] [REI-ReloadPlugins/TRACE] [REI] [REIClientPlugin END] Reloading Section: "end-reload/EntryRegistryImpl/" done in 6.647 μs
[11:47:04] [REI-ReloadPlugins/TRACE] [REI] [REIClientPlugin END] Reloading Section: "end-reload/CollapsibleEntryRegistryImpl/"
[11:47:04] [REI-ReloadPlugins/DEBUG] [REI] Recollecting custom collapsible entry groups
[11:47:04] [REI-ReloadPlugins/DEBUG] [REI] Registered 0 custom collapsible entry groups: 
[11:47:04] [REI-ReloadPlugins/DEBUG] [REI] Registered 7 collapsible entry groups: Enchanted Book, Potion, Splash Potion, Lingering Potion, Spawn Egg, Tipped Arrow, Music Disc
[11:47:04] [REI-ReloadPlugins/TRACE] [REI] [REIClientPlugin END] Reloading Section: "end-reload/CollapsibleEntryRegistryImpl/" done in 338.2 μs
[11:47:04] [REI-ReloadPlugins/TRACE] [REI] [REIClientPlugin END] Reloading Section: "end-reload/BasicFilteringRuleImpl/"
[11:47:04] [REI-ReloadPlugins/TRACE] [REI] [REIClientPlugin END] Reloading Section: "end-reload/BasicFilteringRuleImpl/" done in 10.65 μs
[11:47:04] [REI-ReloadPlugins/TRACE] [REI] [REIClientPlugin END] Reloading Section: "end-reload/CategoryRegistryImpl/"
[11:47:04] [REI-ReloadPlugins/DEBUG] [REI] Registered 28 categories: Crafting, Smelting, Smoking, Blasting, Campfire, Stone Cutting, Fuel, Brewing, Composting, Stripping, Smithing, Anvil, Beacon Base, Beacon Payment, Tilling, Pathing, Waxing, Wax Scraping, Oxidizing, Oxidation Scraping, In-World Transformation, Matter Condenser, Inscriber, P2P Tunnel Attunement, Charger, Entropy Manipulator, Information, Tag
[11:47:04] [REI-ReloadPlugins/TRACE] [REI] [REIClientPlugin END] Reloading Section: "end-reload/CategoryRegistryImpl/" done in 269.2 μs
[11:47:04] [REI-ReloadPlugins/TRACE] [REI] [REIClientPlugin END] Reloading Section: "end-reload/DisplayRegistryImpl/"
[11:47:04] [REI-ReloadPlugins/DEBUG] [REI] Found preliminary 4774 displays
[11:47:04] [REI-ReloadPlugins/DEBUG] [REI] Filled 4360 displays from recipe manager in 101.9 ms
[11:47:04] [REI-ReloadPlugins/DEBUG] [REI] Removing 0 failed displays
[11:47:04] [REI-ReloadPlugins/DEBUG] [REI] Processing 9134 displays for optimal lookup performance...
[11:47:04] [REI-ReloadPlugins/DEBUG] [REI] Processed displays for optimal lookup performance in 123.7 ms.
[11:47:04] [REI-ReloadPlugins/DEBUG] [REI] 9134 displays registration have completed
[11:47:04] [REI-ReloadPlugins/TRACE] [REI] [REIClientPlugin END] Reloading Section: "end-reload/DisplayRegistryImpl/" done in 230.9 ms
[11:47:04] [REI-ReloadPlugins/TRACE] [REI] [REIClientPlugin END] Reloading Section: "end-reload/ScreenRegistryImpl/"
[11:47:04] [REI-ReloadPlugins/TRACE] [REI] [REIClientPlugin END] Reloading Section: "end-reload/ScreenRegistryImpl/" done in 21.46 μs
[11:47:04] [REI-ReloadPlugins/TRACE] [REI] [REIClientPlugin END] Reloading Section: "end-reload/FavoriteEntryTypeRegistryImpl/"
[11:47:04] [REI-ReloadPlugins/TRACE] [REI] [REIClientPlugin END] Reloading Section: "end-reload/FavoriteEntryTypeRegistryImpl/" done in 7.825 μs
[11:47:04] [REI-ReloadPlugins/TRACE] [REI] [REIClientPlugin END] Reloading Section: "end-reload/SubsetsRegistryImpl/"
[11:47:04] [REI-ReloadPlugins/TRACE] [REI] [REIClientPlugin END] Reloading Section: "end-reload/SubsetsRegistryImpl/" done in 20.29 μs
[11:47:04] [REI-ReloadPlugins/TRACE] [REI] [REIClientPlugin END] Reloading Section: "end-reload/TransferHandlerRegistryImpl/"
[11:47:04] [REI-ReloadPlugins/DEBUG] [REI] Registered 9 transfer handlers
[11:47:04] [REI-ReloadPlugins/TRACE] [REI] [REIClientPlugin END] Reloading Section: "end-reload/TransferHandlerRegistryImpl/" done in 51.06 μs
[11:47:04] [REI-ReloadPlugins/TRACE] [REI] [REIClientPlugin END] Reloading Section: "end-reload/SearchRuntime/"
[11:47:04] [REI-ReloadPlugins/TRACE] [REI] Preparing 30562 stacks for search arguments
[11:47:04] [REI-ReloadPlugins/TRACE] [REI] Prepared 30562 / 30562 stacks for search arguments in 82ms
[11:47:04] [REI-ReloadPlugins/DEBUG] [REI] Preparing collapsed entry groups cache with 7 entries and 4366 stacks
[11:47:04] [REI-ReloadPlugins/DEBUG] [REI] Prepared collapsed entry groups cache with 7 entries and 4366 stacks
[11:47:04] [REI-ReloadPlugins/TRACE] [REI] [REIClientPlugin END] Reloading Section: "end-reload/SearchRuntime/" done in 83.21 ms
[11:47:04] [REI-ReloadPlugins/TRACE] [REI] [REIClientPlugin END] Reloading Section: "end-reload/REIRuntimeImpl/"
[11:47:04] [REI-ReloadPlugins/TRACE] [REI] [REIClientPlugin END] Reloading Section: "end-reload/REIRuntimeImpl/" done in 26.56 μs
[11:47:04] [REI-ReloadPlugins/TRACE] [REI] [REIClientPlugin END] Reloading Section: "end-reload/ConfigAddonRegistryImpl/"
[11:47:04] [REI-ReloadPlugins/DEBUG] [REI] Registered 0 config addons
[11:47:04] [REI-ReloadPlugins/TRACE] [REI] [REIClientPlugin END] Reloading Section: "end-reload/ConfigAddonRegistryImpl/" done in 52.82 μs
[11:47:04] [REI-ReloadPlugins/TRACE] [REI] [REIClientPlugin END] Reloading Section: "end-reload/me.shedaniel.rei.plugin.client.runtime.PluginStageExecutionWatcher$1/"
[11:47:04] [REI-ReloadPlugins/TRACE] [REI] [REIClientPlugin END] Reloading Section: "end-reload/me.shedaniel.rei.plugin.client.runtime.PluginStageExecutionWatcher$1/" done in 7.655 μs
[11:47:04] [REI-ReloadPlugins/TRACE] [REI] [REIClientPlugin END] Reloading Section: "end-reload/" done in 316.7 ms
[11:47:04] [REI-ReloadPlugins/DEBUG] [REI] ========================================
[11:47:04] [REI-ReloadPlugins/DEBUG] [REI] REIClientPlugin ended main-reload for END in 859.5 ms.
[11:47:04] [REI-ReloadPlugins/DEBUG] [REI] ========================================
[11:47:04] [REI-ReloadPlugins/INFO] [REI] ========================================
[11:47:04] [REI-ReloadPlugins/INFO] [REI] REIServerPlugin starting main-reload for END.
[11:47:04] [REI-ReloadPlugins/DEBUG] [REI] Reloadables (3):
[11:47:04] [REI-ReloadPlugins/DEBUG] [REI]  - MenuInfoRegistryImpl
[11:47:04] [REI-ReloadPlugins/DEBUG] [REI]  - SlotAccessorRegistryImpl
[11:47:04] [REI-ReloadPlugins/DEBUG] [REI]  - me.shedaniel.rei.plugin.client.runtime.PluginStageExecutionWatcher$1
[11:47:04] [REI-ReloadPlugins/INFO] [REI] Plugins (2):
[11:47:04] [REI-ReloadPlugins/INFO] [REI]  - (-100.00) DefaultPluginImpl of DefaultPluginImpl [roughlyenoughitems]
[11:47:04] [REI-ReloadPlugins/INFO] [REI]  - (0.00) DefaultRuntimePlugin of DefaultRuntimePlugin [roughlyenoughitems]
[11:47:04] [REI-ReloadPlugins/INFO] [REI] ========================================
[11:47:04] [REI-ReloadPlugins/TRACE] [REI] [REIServerPlugin END] Reloading Section: "start-reload/"
[11:47:04] [REI-ReloadPlugins/TRACE] [REI] [REIServerPlugin END] Reloading Section: "start-reload/MenuInfoRegistryImpl/"
[11:47:04] [REI-ReloadPlugins/TRACE] [REI] [REIServerPlugin END] Reloading Section: "start-reload/MenuInfoRegistryImpl/" done in 16.71 μs
[11:47:04] [REI-ReloadPlugins/TRACE] [REI] [REIServerPlugin END] Reloading Section: "start-reload/SlotAccessorRegistryImpl/"
[11:47:04] [REI-ReloadPlugins/TRACE] [REI] [REIServerPlugin END] Reloading Section: "start-reload/SlotAccessorRegistryImpl/" done in 10.54 μs
[11:47:04] [REI-ReloadPlugins/TRACE] [REI] [REIServerPlugin END] Reloading Section: "start-reload/me.shedaniel.rei.plugin.client.runtime.PluginStageExecutionWatcher$1/"
[11:47:04] [REI-ReloadPlugins/TRACE] [REI] [REIServerPlugin END] Reloading Section: "start-reload/me.shedaniel.rei.plugin.client.runtime.PluginStageExecutionWatcher$1/" done in 13.16 μs
[11:47:04] [REI-ReloadPlugins/TRACE] [REI] [REIServerPlugin END] Reloading Section: "start-reload/" done in 92.24 μs
[11:47:04] [REI-ReloadPlugins/DEBUG] [REI] ========================================
[11:47:04] [REI-ReloadPlugins/DEBUG] [REI] REIServerPlugin started main-reload for END.
[11:47:04] [REI-ReloadPlugins/DEBUG] [REI] ========================================
[11:47:04] [REI-ReloadPlugins/TRACE] [REI] [REIServerPlugin END] Reloading Section: "reloadable-plugin/MenuInfoRegistryImpl/"
[11:47:04] [REI-ReloadPlugins/TRACE] [REI] [REIServerPlugin END] Reloading Section: "reloadable-plugin/MenuInfoRegistryImpl/DefaultPluginImpl of DefaultPluginImpl [roughlyenoughitems]/"
[11:47:04] [REI-ReloadPlugins/TRACE] [REI] [REIServerPlugin END] Reloading Section: "reloadable-plugin/MenuInfoRegistryImpl/DefaultPluginImpl of DefaultPluginImpl [roughlyenoughitems]/" done in 94.36 μs
[11:47:04] [REI-ReloadPlugins/TRACE] [REI] [REIServerPlugin END] Reloading Section: "reloadable-plugin/MenuInfoRegistryImpl/DefaultRuntimePlugin of DefaultRuntimePlugin [roughlyenoughitems]/"
[11:47:04] [REI-ReloadPlugins/TRACE] [REI] [REIServerPlugin END] Reloading Section: "reloadable-plugin/MenuInfoRegistryImpl/DefaultRuntimePlugin of DefaultRuntimePlugin [roughlyenoughitems]/" done in 18.08 μs
[11:47:04] [REI-ReloadPlugins/TRACE] [REI] [REIServerPlugin END] Reloading Section: "reloadable-plugin/MenuInfoRegistryImpl/" done in 167.8 μs
[11:47:04] [REI-ReloadPlugins/TRACE] [REI] [REIServerPlugin END] Reloading Section: "reloadable-plugin/SlotAccessorRegistryImpl/"
[11:47:04] [REI-ReloadPlugins/TRACE] [REI] [REIServerPlugin END] Reloading Section: "reloadable-plugin/SlotAccessorRegistryImpl/DefaultPluginImpl of DefaultPluginImpl [roughlyenoughitems]/"
[11:47:04] [REI-ReloadPlugins/TRACE] [REI] [REIServerPlugin END] Reloading Section: "reloadable-plugin/SlotAccessorRegistryImpl/DefaultPluginImpl of DefaultPluginImpl [roughlyenoughitems]/" done in 12.88 μs
[11:47:04] [REI-ReloadPlugins/TRACE] [REI] [REIServerPlugin END] Reloading Section: "reloadable-plugin/SlotAccessorRegistryImpl/DefaultRuntimePlugin of DefaultRuntimePlugin [roughlyenoughitems]/"
[11:47:04] [REI-ReloadPlugins/DEBUG] [REI] Added slot accessor serializer: me.shedaniel.rei.plugin.common.runtime.DefaultRuntimePlugin$1@76e7a290 [roughlyenoughitems:vanilla]
[11:47:04] [REI-ReloadPlugins/DEBUG] [REI] Added slot accessor serializer: me.shedaniel.rei.plugin.common.runtime.DefaultRuntimePlugin$2@2994f08a [roughlyenoughitems:player]
[11:47:04] [REI-ReloadPlugins/TRACE] [REI] [REIServerPlugin END] Reloading Section: "reloadable-plugin/SlotAccessorRegistryImpl/DefaultRuntimePlugin of DefaultRuntimePlugin [roughlyenoughitems]/" done in 1.352 ms
[11:47:04] [REI-ReloadPlugins/TRACE] [REI] [REIServerPlugin END] Reloading Section: "reloadable-plugin/SlotAccessorRegistryImpl/" done in 1.429 ms
[11:47:04] [REI-ReloadPlugins/TRACE] [REI] [REIServerPlugin END] Reloading Section: "reloadable-plugin/me.shedaniel.rei.plugin.client.runtime.PluginStageExecutionWatcher$1/"
[11:47:04] [REI-ReloadPlugins/TRACE] [REI] [REIServerPlugin END] Reloading Section: "reloadable-plugin/me.shedaniel.rei.plugin.client.runtime.PluginStageExecutionWatcher$1/DefaultPluginImpl of DefaultPluginImpl [roughlyenoughitems]/"
[11:47:04] [REI-ReloadPlugins/TRACE] [REI] [REIServerPlugin END] Reloading Section: "reloadable-plugin/me.shedaniel.rei.plugin.client.runtime.PluginStageExecutionWatcher$1/DefaultPluginImpl of DefaultPluginImpl [roughlyenoughitems]/" done in 15.27 μs
[11:47:04] [REI-ReloadPlugins/TRACE] [REI] [REIServerPlugin END] Reloading Section: "reloadable-plugin/me.shedaniel.rei.plugin.client.runtime.PluginStageExecutionWatcher$1/DefaultRuntimePlugin of DefaultRuntimePlugin [roughlyenoughitems]/"
[11:47:04] [REI-ReloadPlugins/TRACE] [REI] [REIServerPlugin END] Reloading Section: "reloadable-plugin/me.shedaniel.rei.plugin.client.runtime.PluginStageExecutionWatcher$1/DefaultRuntimePlugin of DefaultRuntimePlugin [roughlyenoughitems]/" done in 7.062 μs
[11:47:04] [REI-ReloadPlugins/TRACE] [REI] [REIServerPlugin END] Reloading Section: "reloadable-plugin/me.shedaniel.rei.plugin.client.runtime.PluginStageExecutionWatcher$1/" done in 86.76 μs
[11:47:04] [REI-ReloadPlugins/DEBUG] [REI] ========================================
[11:47:04] [REI-ReloadPlugins/DEBUG] [REI] REIServerPlugin ending main-reload for END.
[11:47:04] [REI-ReloadPlugins/DEBUG] [REI] ========================================
[11:47:04] [REI-ReloadPlugins/TRACE] [REI] [REIServerPlugin END] Reloading Section: "end-reload/"
[11:47:04] [REI-ReloadPlugins/TRACE] [REI] [REIServerPlugin END] Reloading Section: "end-reload/MenuInfoRegistryImpl/"
[11:47:04] [REI-ReloadPlugins/DEBUG] [REI] Registered 0 menu infos
[11:47:04] [REI-ReloadPlugins/TRACE] [REI] [REIServerPlugin END] Reloading Section: "end-reload/MenuInfoRegistryImpl/" done in 49.68 μs
[11:47:04] [REI-ReloadPlugins/TRACE] [REI] [REIServerPlugin END] Reloading Section: "end-reload/SlotAccessorRegistryImpl/"
[11:47:04] [REI-ReloadPlugins/DEBUG] [REI] Registered 2 slot accessor serializers
[11:47:04] [REI-ReloadPlugins/TRACE] [REI] [REIServerPlugin END] Reloading Section: "end-reload/SlotAccessorRegistryImpl/" done in 23.35 μs
[11:47:04] [REI-ReloadPlugins/TRACE] [REI] [REIServerPlugin END] Reloading Section: "end-reload/me.shedaniel.rei.plugin.client.runtime.PluginStageExecutionWatcher$1/"
[11:47:04] [REI-ReloadPlugins/TRACE] [REI] [REIServerPlugin END] Reloading Section: "end-reload/me.shedaniel.rei.plugin.client.runtime.PluginStageExecutionWatcher$1/" done in 6.986 μs
[11:47:04] [REI-ReloadPlugins/TRACE] [REI] [REIServerPlugin END] Reloading Section: "end-reload/" done in 136.2 μs
[11:47:04] [REI-ReloadPlugins/DEBUG] [REI] ========================================
[11:47:04] [REI-ReloadPlugins/DEBUG] [REI] REIServerPlugin ended main-reload for END in 2.313 ms.
[11:47:04] [REI-ReloadPlugins/DEBUG] [REI] ========================================
[11:47:04] [REI-ReloadPlugins/DEBUG] [REI] ========================================
[11:47:04] [REI-ReloadPlugins/DEBUG] [REI] REIPlugin starting post-reload for END.
[11:47:04] [REI-ReloadPlugins/DEBUG] [REI] Reloadables (8):
[11:47:04] [REI-ReloadPlugins/DEBUG] [REI]  - EntryTypeRegistryImpl
[11:47:04] [REI-ReloadPlugins/DEBUG] [REI]  - EntrySettingsAdapterRegistryImpl
[11:47:04] [REI-ReloadPlugins/DEBUG] [REI]  - RecipeManagerContextImpl
[11:47:04] [REI-ReloadPlugins/DEBUG] [REI]  - ItemComparatorRegistryImpl
[11:47:04] [REI-ReloadPlugins/DEBUG] [REI]  - FluidComparatorRegistryImpl
[11:47:04] [REI-ReloadPlugins/DEBUG] [REI]  - DisplaySerializerRegistryImpl
[11:47:04] [REI-ReloadPlugins/DEBUG] [REI]  - FluidSupportProviderImpl
[11:47:04] [REI-ReloadPlugins/DEBUG] [REI]  - me.shedaniel.rei.plugin.client.runtime.PluginStageExecutionWatcher$1
[11:47:04] [REI-ReloadPlugins/DEBUG] [REI] Plugins (7):
[11:47:04] [REI-ReloadPlugins/DEBUG] [REI]  - (-100.00) DefaultClientPluginImpl of DefaultClientPluginImpl [roughlyenoughitems]
[11:47:04] [REI-ReloadPlugins/DEBUG] [REI]  - (-100.00) DefaultPluginImpl of DefaultPluginImpl [roughlyenoughitems]
[11:47:04] [REI-ReloadPlugins/DEBUG] [REI]  - (0.00) HideIngredientsFromTagsPlugin of HideIngredientsFromTagsPlugin [roughlyenoughitems]
[11:47:04] [REI-ReloadPlugins/DEBUG] [REI]  - (0.00) DefaultClientRuntimePlugin of DefaultClientRuntimePlugin [roughlyenoughitems]
[11:47:04] [REI-ReloadPlugins/DEBUG] [REI]  - (0.00) DefaultRuntimePlugin of DefaultRuntimePlugin [roughlyenoughitems]
[11:47:04] [REI-ReloadPlugins/DEBUG] [REI]  - (0.00) LDLibREIPlugin of LDLibREIPlugin [ldlib2]
[11:47:04] [REI-ReloadPlugins/DEBUG] [REI]  - (0.00) AE2 of AE2 [ae2]
[11:47:04] [REI-ReloadPlugins/DEBUG] [REI] ========================================
[11:47:04] [REI-ReloadPlugins/TRACE] [REI] [REIPlugin END] Reloading Section: "post-register/"
[11:47:04] [REI-ReloadPlugins/TRACE] [REI] [REIPlugin END] Reloading Section: "post-register/DefaultClientPluginImpl of DefaultClientPluginImpl [roughlyenoughitems]/"
[11:47:04] [REI-ReloadPlugins/TRACE] [REI] [REIPlugin END] Reloading Section: "post-register/DefaultClientPluginImpl of DefaultClientPluginImpl [roughlyenoughitems]/" done in 21.95 μs
[11:47:04] [REI-ReloadPlugins/TRACE] [REI] [REIPlugin END] Reloading Section: "post-register/DefaultPluginImpl of DefaultPluginImpl [roughlyenoughitems]/"
[11:47:04] [REI-ReloadPlugins/TRACE] [REI] [REIPlugin END] Reloading Section: "post-register/DefaultPluginImpl of DefaultPluginImpl [roughlyenoughitems]/" done in 7.657 μs
[11:47:04] [REI-ReloadPlugins/TRACE] [REI] [REIPlugin END] Reloading Section: "post-register/HideIngredientsFromTagsPlugin of HideIngredientsFromTagsPlugin [roughlyenoughitems]/"
[11:47:04] [REI-ReloadPlugins/TRACE] [REI] [REIPlugin END] Reloading Section: "post-register/HideIngredientsFromTagsPlugin of HideIngredientsFromTagsPlugin [roughlyenoughitems]/" done in 6.524 μs
[11:47:04] [REI-ReloadPlugins/TRACE] [REI] [REIPlugin END] Reloading Section: "post-register/DefaultClientRuntimePlugin of DefaultClientRuntimePlugin [roughlyenoughitems]/"
[11:47:04] [REI-ReloadPlugins/TRACE] [REI] [REIPlugin END] Reloading Section: "post-register/DefaultClientRuntimePlugin of DefaultClientRuntimePlugin [roughlyenoughitems]/" done in 6.375 μs
[11:47:04] [REI-ReloadPlugins/TRACE] [REI] [REIPlugin END] Reloading Section: "post-register/DefaultRuntimePlugin of DefaultRuntimePlugin [roughlyenoughitems]/"
[11:47:04] [REI-ReloadPlugins/TRACE] [REI] [REIPlugin END] Reloading Section: "post-register/DefaultRuntimePlugin of DefaultRuntimePlugin [roughlyenoughitems]/" done in 6.083 μs
[11:47:04] [REI-ReloadPlugins/TRACE] [REI] [REIPlugin END] Reloading Section: "post-register/LDLibREIPlugin of LDLibREIPlugin [ldlib2]/"
[11:47:04] [REI-ReloadPlugins/TRACE] [REI] [REIPlugin END] Reloading Section: "post-register/LDLibREIPlugin of LDLibREIPlugin [ldlib2]/" done in 6.354 μs
[11:47:04] [REI-ReloadPlugins/TRACE] [REI] [REIPlugin END] Reloading Section: "post-register/AE2 of AE2 [ae2]/"
[11:47:04] [REI-ReloadPlugins/TRACE] [REI] [REIPlugin END] Reloading Section: "post-register/AE2 of AE2 [ae2]/" done in 6.968 μs
[11:47:04] [REI-ReloadPlugins/TRACE] [REI] [REIPlugin END] Reloading Section: "post-register/" done in 141.0 μs
[11:47:04] [REI-ReloadPlugins/TRACE] [REI] [REIPlugin END] Reloading Section: "post-stage/"
[11:47:04] [REI-ReloadPlugins/TRACE] [REI] [REIPlugin END] Reloading Section: "post-stage/EntryTypeRegistryImpl/"
[11:47:04] [REI-ReloadPlugins/TRACE] [REI] [REIPlugin END] Reloading Section: "post-stage/EntryTypeRegistryImpl/" done in 8.087 μs
[11:47:04] [REI-ReloadPlugins/TRACE] [REI] [REIPlugin END] Reloading Section: "post-stage/EntrySettingsAdapterRegistryImpl/"
[11:47:04] [REI-ReloadPlugins/TRACE] [REI] [REIPlugin END] Reloading Section: "post-stage/EntrySettingsAdapterRegistryImpl/" done in 6.089 μs
[11:47:04] [REI-ReloadPlugins/TRACE] [REI] [REIPlugin END] Reloading Section: "post-stage/RecipeManagerContextImpl/"
[11:47:04] [REI-ReloadPlugins/TRACE] [REI] [REIPlugin END] Reloading Section: "post-stage/RecipeManagerContextImpl/" done in 7.044 μs
[11:47:04] [REI-ReloadPlugins/TRACE] [REI] [REIPlugin END] Reloading Section: "post-stage/ItemComparatorRegistryImpl/"
[11:47:04] [REI-ReloadPlugins/TRACE] [REI] [REIPlugin END] Reloading Section: "post-stage/ItemComparatorRegistryImpl/" done in 6.270 μs
[11:47:04] [REI-ReloadPlugins/TRACE] [REI] [REIPlugin END] Reloading Section: "post-stage/FluidComparatorRegistryImpl/"
[11:47:04] [REI-ReloadPlugins/TRACE] [REI] [REIPlugin END] Reloading Section: "post-stage/FluidComparatorRegistryImpl/" done in 6.054 μs
[11:47:04] [REI-ReloadPlugins/TRACE] [REI] [REIPlugin END] Reloading Section: "post-stage/DisplaySerializerRegistryImpl/"
[11:47:04] [REI-ReloadPlugins/TRACE] [REI] [REIPlugin END] Reloading Section: "post-stage/DisplaySerializerRegistryImpl/" done in 7.048 μs
[11:47:04] [REI-ReloadPlugins/TRACE] [REI] [REIPlugin END] Reloading Section: "post-stage/FluidSupportProviderImpl/"
[11:47:04] [REI-ReloadPlugins/TRACE] [REI] [REIPlugin END] Reloading Section: "post-stage/FluidSupportProviderImpl/" done in 9.041 μs
[11:47:04] [REI-ReloadPlugins/TRACE] [REI] [REIPlugin END] Reloading Section: "post-stage/me.shedaniel.rei.plugin.client.runtime.PluginStageExecutionWatcher$1/"
[11:47:04] [REI-ReloadPlugins/TRACE] [REI] [REIPlugin END] Reloading Section: "post-stage/me.shedaniel.rei.plugin.client.runtime.PluginStageExecutionWatcher$1/" done in 9.488 μs
[11:47:04] [REI-ReloadPlugins/TRACE] [REI] [REIPlugin END] Reloading Section: "post-stage/" done in 163.5 μs
[11:47:04] [REI-ReloadPlugins/DEBUG] [REI] ========================================
[11:47:04] [REI-ReloadPlugins/INFO] [REI] REIPlugin finished post-reload for END in 321.1 μs, totaling 41.37 ms.
[11:47:04] [REI-ReloadPlugins/DEBUG] [REI] ========================================
[11:47:04] [REI-ReloadPlugins/DEBUG] [REI] ========================================
[11:47:04] [REI-ReloadPlugins/DEBUG] [REI] REIClientPlugin starting post-reload for END.
[11:47:04] [REI-ReloadPlugins/DEBUG] [REI] Reloadables (18):
[11:47:04] [REI-ReloadPlugins/DEBUG] [REI]  - EntryRendererRegistryImpl
[11:47:04] [REI-ReloadPlugins/DEBUG] [REI]  - ViewsImpl
[11:47:04] [REI-ReloadPlugins/DEBUG] [REI]  - InputMethodRegistryImpl
[11:47:04] [REI-ReloadPlugins/DEBUG] [REI]  - SearchProviderImpl
[11:47:04] [REI-ReloadPlugins/DEBUG] [REI]  - ConfigManagerImpl
[11:47:04] [REI-ReloadPlugins/DEBUG] [REI]  - EntryRegistryImpl
[11:47:04] [REI-ReloadPlugins/DEBUG] [REI]  - CollapsibleEntryRegistryImpl
[11:47:04] [REI-ReloadPlugins/DEBUG] [REI]  - BasicFilteringRuleImpl
[11:47:04] [REI-ReloadPlugins/DEBUG] [REI]  - CategoryRegistryImpl
[11:47:04] [REI-ReloadPlugins/DEBUG] [REI]  - DisplayRegistryImpl
[11:47:04] [REI-ReloadPlugins/DEBUG] [REI]  - ScreenRegistryImpl
[11:47:04] [REI-ReloadPlugins/DEBUG] [REI]  - FavoriteEntryTypeRegistryImpl
[11:47:04] [REI-ReloadPlugins/DEBUG] [REI]  - SubsetsRegistryImpl
[11:47:04] [REI-ReloadPlugins/DEBUG] [REI]  - TransferHandlerRegistryImpl
[11:47:04] [REI-ReloadPlugins/DEBUG] [REI]  - SearchRuntime
[11:47:04] [REI-ReloadPlugins/DEBUG] [REI]  - REIRuntimeImpl
[11:47:04] [REI-ReloadPlugins/DEBUG] [REI]  - ConfigAddonRegistryImpl
[11:47:04] [REI-ReloadPlugins/DEBUG] [REI]  - me.shedaniel.rei.plugin.client.runtime.PluginStageExecutionWatcher$1
[11:47:04] [REI-ReloadPlugins/DEBUG] [REI] Plugins (5):
[11:47:04] [REI-ReloadPlugins/DEBUG] [REI]  - (-100.00) DefaultClientPluginImpl of DefaultClientPluginImpl [roughlyenoughitems]
[11:47:04] [REI-ReloadPlugins/DEBUG] [REI]  - (0.00) LDLibREIPlugin of LDLibREIPlugin [ldlib2]
[11:47:04] [REI-ReloadPlugins/DEBUG] [REI]  - (0.00) AE2 of AE2 [ae2]
[11:47:04] [REI-ReloadPlugins/DEBUG] [REI]  - (0.00) HideIngredientsFromTagsPlugin of HideIngredientsFromTagsPlugin [roughlyenoughitems]
[11:47:04] [REI-ReloadPlugins/DEBUG] [REI]  - (0.00) DefaultClientRuntimePlugin of DefaultClientRuntimePlugin [roughlyenoughitems]
[11:47:04] [REI-ReloadPlugins/DEBUG] [REI] ========================================
[11:47:04] [REI-ReloadPlugins/TRACE] [REI] [REIClientPlugin END] Reloading Section: "post-register/"
[11:47:04] [REI-ReloadPlugins/TRACE] [REI] [REIClientPlugin END] Reloading Section: "post-register/DefaultClientPluginImpl of DefaultClientPluginImpl [roughlyenoughitems]/"
[11:47:04] [REI-ReloadPlugins/TRACE] [REI] [REIClientPlugin END] Reloading Section: "post-register/DefaultClientPluginImpl of DefaultClientPluginImpl [roughlyenoughitems]/" done in 10.86 μs
[11:47:04] [REI-ReloadPlugins/TRACE] [REI] [REIClientPlugin END] Reloading Section: "post-register/LDLibREIPlugin of LDLibREIPlugin [ldlib2]/"
[11:47:04] [REI-ReloadPlugins/TRACE] [REI] [REIClientPlugin END] Reloading Section: "post-register/LDLibREIPlugin of LDLibREIPlugin [ldlib2]/" done in 7.054 μs
[11:47:04] [REI-ReloadPlugins/TRACE] [REI] [REIClientPlugin END] Reloading Section: "post-register/AE2 of AE2 [ae2]/"
[11:47:04] [REI-ReloadPlugins/TRACE] [REI] [REIClientPlugin END] Reloading Section: "post-register/AE2 of AE2 [ae2]/" done in 6.642 μs
[11:47:04] [REI-ReloadPlugins/TRACE] [REI] [REIClientPlugin END] Reloading Section: "post-register/HideIngredientsFromTagsPlugin of HideIngredientsFromTagsPlugin [roughlyenoughitems]/"
[11:47:04] [REI-ReloadPlugins/TRACE] [REI] [REIClientPlugin END] Reloading Section: "post-register/HideIngredientsFromTagsPlugin of HideIngredientsFromTagsPlugin [roughlyenoughitems]/" done in 9.138 μs
[11:47:04] [REI-ReloadPlugins/TRACE] [REI] [REIClientPlugin END] Reloading Section: "post-register/DefaultClientRuntimePlugin of DefaultClientRuntimePlugin [roughlyenoughitems]/"
[11:47:04] [REI-ReloadPlugins/TRACE] [REI] [REIClientPlugin END] Reloading Section: "post-register/DefaultClientRuntimePlugin of DefaultClientRuntimePlugin [roughlyenoughitems]/" done in 6.610 μs
[11:47:04] [REI-ReloadPlugins/TRACE] [REI] [REIClientPlugin END] Reloading Section: "post-register/" done in 106.9 μs
[11:47:04] [REI-ReloadPlugins/TRACE] [REI] [REIClientPlugin END] Reloading Section: "post-stage/"
[11:47:04] [REI-ReloadPlugins/TRACE] [REI] [REIClientPlugin END] Reloading Section: "post-stage/EntryRendererRegistryImpl/"
[11:47:04] [REI-ReloadPlugins/TRACE] [REI] [REIClientPlugin END] Reloading Section: "post-stage/EntryRendererRegistryImpl/" done in 8.192 μs
[11:47:04] [REI-ReloadPlugins/TRACE] [REI] [REIClientPlugin END] Reloading Section: "post-stage/ViewsImpl/"
[11:47:04] [REI-ReloadPlugins/TRACE] [REI] [REIClientPlugin END] Reloading Section: "post-stage/ViewsImpl/" done in 6.392 μs
[11:47:04] [REI-ReloadPlugins/TRACE] [REI] [REIClientPlugin END] Reloading Section: "post-stage/InputMethodRegistryImpl/"
[11:47:04] [REI-ReloadPlugins/TRACE] [REI] [REIClientPlugin END] Reloading Section: "post-stage/InputMethodRegistryImpl/" done in 6.184 μs
[11:47:04] [REI-ReloadPlugins/TRACE] [REI] [REIClientPlugin END] Reloading Section: "post-stage/SearchProviderImpl/"
[11:47:04] [REI-ReloadPlugins/TRACE] [REI] [REIClientPlugin END] Reloading Section: "post-stage/SearchProviderImpl/" done in 6.370 μs
[11:47:04] [REI-ReloadPlugins/TRACE] [REI] [REIClientPlugin END] Reloading Section: "post-stage/ConfigManagerImpl/"
[11:47:04] [REI-ReloadPlugins/TRACE] [REI] [REIClientPlugin END] Reloading Section: "post-stage/ConfigManagerImpl/" done in 6.366 μs
[11:47:04] [REI-ReloadPlugins/TRACE] [REI] [REIClientPlugin END] Reloading Section: "post-stage/EntryRegistryImpl/"
[11:47:04] [REI-ReloadPlugins/TRACE] [REI] [REIClientPlugin END] Reloading Section: "post-stage/EntryRegistryImpl/" done in 5.881 μs
[11:47:04] [REI-ReloadPlugins/TRACE] [REI] [REIClientPlugin END] Reloading Section: "post-stage/CollapsibleEntryRegistryImpl/"
[11:47:04] [REI-ReloadPlugins/TRACE] [REI] [REIClientPlugin END] Reloading Section: "post-stage/CollapsibleEntryRegistryImpl/" done in 6.317 μs
[11:47:04] [REI-ReloadPlugins/TRACE] [REI] [REIClientPlugin END] Reloading Section: "post-stage/BasicFilteringRuleImpl/"
[11:47:04] [REI-ReloadPlugins/TRACE] [REI] [REIClientPlugin END] Reloading Section: "post-stage/BasicFilteringRuleImpl/" done in 6.308 μs
[11:47:04] [REI-ReloadPlugins/TRACE] [REI] [REIClientPlugin END] Reloading Section: "post-stage/CategoryRegistryImpl/"
[11:47:04] [REI-ReloadPlugins/TRACE] [REI] [REIClientPlugin END] Reloading Section: "post-stage/CategoryRegistryImpl/" done in 5.986 μs
[11:47:04] [REI-ReloadPlugins/TRACE] [REI] [REIClientPlugin END] Reloading Section: "post-stage/DisplayRegistryImpl/"
[11:47:04] [REI-ReloadPlugins/DEBUG] [REI] Registered displays report (9134 displays, 9134 cached / 0 not cached):
[11:47:04] [REI-ReloadPlugins/DEBUG] [REI] - ae2:ae2.entropy_manipulator: 10 displays
[11:47:04] [REI-ReloadPlugins/DEBUG] [REI] - ae2:ae2.inscriber: 15 displays
[11:47:04] [REI-ReloadPlugins/DEBUG] [REI] - ae2:attunement: 8 displays
[11:47:04] [REI-ReloadPlugins/DEBUG] [REI] - ae2:charger: 3 displays
[11:47:04] [REI-ReloadPlugins/DEBUG] [REI] - ae2:condenser: 2 displays
[11:47:04] [REI-ReloadPlugins/DEBUG] [REI] - ae2:item_transformation: 8 displays
[11:47:04] [REI-ReloadPlugins/DEBUG] [REI] - minecraft:plugins/anvil: 2655 displays
[11:47:04] [REI-ReloadPlugins/DEBUG] [REI] - minecraft:plugins/beacon_base: 1 display
[11:47:04] [REI-ReloadPlugins/DEBUG] [REI] - minecraft:plugins/beacon_payment: 1 display
[11:47:04] [REI-ReloadPlugins/DEBUG] [REI] - minecraft:plugins/blasting: 86 displays
[11:47:04] [REI-ReloadPlugins/DEBUG] [REI] - minecraft:plugins/brewing: 284 displays
[11:47:04] [REI-ReloadPlugins/DEBUG] [REI] - minecraft:plugins/campfire: 10 displays
[11:47:04] [REI-ReloadPlugins/DEBUG] [REI] - minecraft:plugins/composting: 3 displays
[11:47:04] [REI-ReloadPlugins/DEBUG] [REI] - minecraft:plugins/crafting: 3271 displays
[11:47:04] [REI-ReloadPlugins/DEBUG] [REI] - minecraft:plugins/fuel: 248 displays
[11:47:04] [REI-ReloadPlugins/DEBUG] [REI] - minecraft:plugins/oxidation_scraping: 27 displays
[11:47:04] [REI-ReloadPlugins/DEBUG] [REI] - minecraft:plugins/oxidizing: 27 displays
[11:47:04] [REI-ReloadPlugins/DEBUG] [REI] - minecraft:plugins/pathing: 6 displays
[11:47:04] [REI-ReloadPlugins/DEBUG] [REI] - minecraft:plugins/smelting: 131 displays
[11:47:04] [REI-ReloadPlugins/DEBUG] [REI] - minecraft:plugins/smithing: 200 displays
[11:47:04] [REI-ReloadPlugins/DEBUG] [REI] - minecraft:plugins/smoking: 10 displays
[11:47:04] [REI-ReloadPlugins/DEBUG] [REI] - minecraft:plugins/stone_cutting: 616 displays
[11:47:04] [REI-ReloadPlugins/DEBUG] [REI] - minecraft:plugins/stripping: 21 displays
[11:47:04] [REI-ReloadPlugins/DEBUG] [REI] - minecraft:plugins/tag: 1413 displays
[11:47:04] [REI-ReloadPlugins/DEBUG] [REI] - minecraft:plugins/wax_scraping: 36 displays
[11:47:04] [REI-ReloadPlugins/DEBUG] [REI] - minecraft:plugins/waxing: 36 displays
[11:47:04] [REI-ReloadPlugins/DEBUG] [REI] - roughlyenoughitems:plugins/information: 6 displays
[11:47:04] [REI-ReloadPlugins/TRACE] [REI] [REIClientPlugin END] Reloading Section: "post-stage/DisplayRegistryImpl/" done in 967.7 μs
[11:47:04] [REI-ReloadPlugins/TRACE] [REI] [REIClientPlugin END] Reloading Section: "post-stage/ScreenRegistryImpl/"
[11:47:04] [REI-ReloadPlugins/TRACE] [REI] [REIClientPlugin END] Reloading Section: "post-stage/ScreenRegistryImpl/" done in 21.85 μs
[11:47:04] [REI-ReloadPlugins/TRACE] [REI] [REIClientPlugin END] Reloading Section: "post-stage/FavoriteEntryTypeRegistryImpl/"
[11:47:04] [REI-ReloadPlugins/TRACE] [REI] [REIClientPlugin END] Reloading Section: "post-stage/FavoriteEntryTypeRegistryImpl/" done in 7.197 μs
[11:47:04] [REI-ReloadPlugins/TRACE] [REI] [REIClientPlugin END] Reloading Section: "post-stage/SubsetsRegistryImpl/"
[11:47:04] [REI-ReloadPlugins/TRACE] [REI] [REIClientPlugin END] Reloading Section: "post-stage/SubsetsRegistryImpl/" done in 6.793 μs
[11:47:04] [REI-ReloadPlugins/TRACE] [REI] [REIClientPlugin END] Reloading Section: "post-stage/TransferHandlerRegistryImpl/"
[11:47:04] [REI-ReloadPlugins/TRACE] [REI] [REIClientPlugin END] Reloading Section: "post-stage/TransferHandlerRegistryImpl/" done in 6.845 μs
[11:47:04] [REI-ReloadPlugins/TRACE] [REI] [REIClientPlugin END] Reloading Section: "post-stage/SearchRuntime/"
[11:47:04] [REI-ReloadPlugins/TRACE] [REI] [REIClientPlugin END] Reloading Section: "post-stage/SearchRuntime/" done in 5.971 μs
[11:47:04] [REI-ReloadPlugins/TRACE] [REI] [REIClientPlugin END] Reloading Section: "post-stage/REIRuntimeImpl/"
[11:47:04] [REI-ReloadPlugins/TRACE] [REI] [REIClientPlugin END] Reloading Section: "post-stage/REIRuntimeImpl/" done in 6.315 μs
[11:47:04] [REI-ReloadPlugins/TRACE] [REI] [REIClientPlugin END] Reloading Section: "post-stage/ConfigAddonRegistryImpl/"
[11:47:04] [REI-ReloadPlugins/TRACE] [REI] [REIClientPlugin END] Reloading Section: "post-stage/ConfigAddonRegistryImpl/" done in 6.809 μs
[11:47:04] [REI-ReloadPlugins/TRACE] [REI] [REIClientPlugin END] Reloading Section: "post-stage/me.shedaniel.rei.plugin.client.runtime.PluginStageExecutionWatcher$1/"
[11:47:04] [REI-ReloadPlugins/TRACE] [REI] [REIClientPlugin END] Reloading Section: "post-stage/me.shedaniel.rei.plugin.client.runtime.PluginStageExecutionWatcher$1/" done in 9.950 μs
[11:47:04] [REI-ReloadPlugins/TRACE] [REI] [REIClientPlugin END] Reloading Section: "post-stage/" done in 1.325 ms
[11:47:04] [REI-ReloadPlugins/DEBUG] [REI] ========================================
[11:47:04] [REI-ReloadPlugins/INFO] [REI] REIClientPlugin finished post-reload for END in 1.447 ms, totaling 861.4 ms.
[11:47:04] [REI-ReloadPlugins/DEBUG] [REI] ========================================
[11:47:04] [REI-ReloadPlugins/DEBUG] [REI] ========================================
[11:47:04] [REI-ReloadPlugins/DEBUG] [REI] REIServerPlugin starting post-reload for END.
[11:47:04] [REI-ReloadPlugins/DEBUG] [REI] Reloadables (3):
[11:47:04] [REI-ReloadPlugins/DEBUG] [REI]  - MenuInfoRegistryImpl
[11:47:04] [REI-ReloadPlugins/DEBUG] [REI]  - SlotAccessorRegistryImpl
[11:47:04] [REI-ReloadPlugins/DEBUG] [REI]  - me.shedaniel.rei.plugin.client.runtime.PluginStageExecutionWatcher$1
[11:47:04] [REI-ReloadPlugins/DEBUG] [REI] Plugins (2):
[11:47:04] [REI-ReloadPlugins/DEBUG] [REI]  - (-100.00) DefaultPluginImpl of DefaultPluginImpl [roughlyenoughitems]
[11:47:04] [REI-ReloadPlugins/DEBUG] [REI]  - (0.00) DefaultRuntimePlugin of DefaultRuntimePlugin [roughlyenoughitems]
[11:47:04] [REI-ReloadPlugins/DEBUG] [REI] ========================================
[11:47:04] [REI-ReloadPlugins/TRACE] [REI] [REIServerPlugin END] Reloading Section: "post-register/"
[11:47:04] [REI-ReloadPlugins/TRACE] [REI] [REIServerPlugin END] Reloading Section: "post-register/DefaultPluginImpl of DefaultPluginImpl [roughlyenoughitems]/"
[11:47:04] [REI-ReloadPlugins/TRACE] [REI] [REIServerPlugin END] Reloading Section: "post-register/DefaultPluginImpl of DefaultPluginImpl [roughlyenoughitems]/" done in 13.78 μs
[11:47:04] [REI-ReloadPlugins/TRACE] [REI] [REIServerPlugin END] Reloading Section: "post-register/DefaultRuntimePlugin of DefaultRuntimePlugin [roughlyenoughitems]/"
[11:47:04] [REI-ReloadPlugins/TRACE] [REI] [REIServerPlugin END] Reloading Section: "post-register/DefaultRuntimePlugin of DefaultRuntimePlugin [roughlyenoughitems]/" done in 6.634 μs
[11:47:04] [REI-ReloadPlugins/TRACE] [REI] [REIServerPlugin END] Reloading Section: "post-register/" done in 56.31 μs
[11:47:04] [REI-ReloadPlugins/TRACE] [REI] [REIServerPlugin END] Reloading Section: "post-stage/"
[11:47:04] [REI-ReloadPlugins/TRACE] [REI] [REIServerPlugin END] Reloading Section: "post-stage/MenuInfoRegistryImpl/"
[11:47:04] [REI-ReloadPlugins/TRACE] [REI] [REIServerPlugin END] Reloading Section: "post-stage/MenuInfoRegistryImpl/" done in 8.246 μs
[11:47:04] [REI-ReloadPlugins/TRACE] [REI] [REIServerPlugin END] Reloading Section: "post-stage/SlotAccessorRegistryImpl/"
[11:47:04] [REI-ReloadPlugins/TRACE] [REI] [REIServerPlugin END] Reloading Section: "post-stage/SlotAccessorRegistryImpl/" done in 10.25 μs
[11:47:04] [REI-ReloadPlugins/TRACE] [REI] [REIServerPlugin END] Reloading Section: "post-stage/me.shedaniel.rei.plugin.client.runtime.PluginStageExecutionWatcher$1/"
[11:47:04] [REI-ReloadPlugins/TRACE] [REI] [REIServerPlugin END] Reloading Section: "post-stage/me.shedaniel.rei.plugin.client.runtime.PluginStageExecutionWatcher$1/" done in 8.217 μs
[11:47:04] [REI-ReloadPlugins/TRACE] [REI] [REIServerPlugin END] Reloading Section: "post-stage/" done in 74.01 μs
[11:47:04] [REI-ReloadPlugins/DEBUG] [REI] ========================================
[11:47:04] [REI-ReloadPlugins/INFO] [REI] REIServerPlugin finished post-reload for END in 145.9 μs, totaling 2.588 ms.
[11:47:04] [REI-ReloadPlugins/DEBUG] [REI] ========================================
[11:47:24] [Render thread/DEBUG] [REI] Created search filter with "" using Default
[11:47:24] [Render thread/DEBUG] [REI] Starting Search: "" with 4365 stacks, shouldAsync: true on Render thread
[11:47:24] [Render thread/DEBUG] [REI] Async Search: 11 partitions for ""
[11:47:24] [REI-AsyncSearchManager-1/TRACE] [REI] Search "" Used [Thread[#183,REI-AsyncSearchManager-1,10,main]]: 9.349 ms
[11:47:24] [REI-AsyncSearchManager-1/TRACE] [REI] Search "" Used and Applied [Thread[#183,REI-AsyncSearchManager-1,10,main]]: 27.06 ms
[11:47:25] [Render thread/DEBUG] [REI] Created search filter with "p" using Default
[11:47:25] [Render thread/DEBUG] [REI] Starting Search: "p" with 4365 stacks, shouldAsync: true on Render thread
[11:47:25] [Render thread/DEBUG] [REI] Async Search: 11 partitions for "p"
[11:47:25] [REI-AsyncSearchManager-1/DEBUG] [REI] Preparing collapsed entry groups cache with 7 entries and 4366 stacks
[11:47:25] [REI-AsyncSearchManager-1/DEBUG] [REI] Prepared collapsed entry groups cache with 7 entries and 4366 stacks
[11:47:25] [REI-AsyncSearchManager-2/TRACE] [REI] Search "p" Used [Thread[#184,REI-AsyncSearchManager-2,10,main]]: 38.69 ms
[11:47:25] [REI-AsyncSearchManager-2/TRACE] [REI] Search "p" Used and Applied [Thread[#184,REI-AsyncSearchManager-2,10,main]]: 43.17 ms
[11:47:25] [Render thread/DEBUG] [REI] Created search filter with "pr" using Default
[11:47:25] [Render thread/DEBUG] [REI] Starting Search: "pr" with 4365 stacks, shouldAsync: true on Render thread
[11:47:25] [Render thread/DEBUG] [REI] Async Search: 11 partitions for "pr"
[11:47:25] [REI-AsyncSearchManager-0/TRACE] [REI] Search "pr" Used [Thread[#181,REI-AsyncSearchManager-0,10,main]]: 9.540 ms
[11:47:25] [REI-AsyncSearchManager-0/TRACE] [REI] Search "pr" Used and Applied [Thread[#181,REI-AsyncSearchManager-0,10,main]]: 9.963 ms
[11:47:25] [Render thread/DEBUG] [REI] Created search filter with "pro" using Default
[11:47:25] [Render thread/DEBUG] [REI] Starting Search: "pro" with 4365 stacks, shouldAsync: true on Render thread
[11:47:25] [Render thread/DEBUG] [REI] Async Search: 11 partitions for "pro"
[11:47:25] [REI-AsyncSearchManager-2/TRACE] [REI] Search "pro" Used [Thread[#184,REI-AsyncSearchManager-2,10,main]]: 12.26 ms
[11:47:25] [REI-AsyncSearchManager-2/TRACE] [REI] Search "pro" Used and Applied [Thread[#184,REI-AsyncSearchManager-2,10,main]]: 12.48 ms
[11:47:25] [Render thread/DEBUG] [REI] Created search filter with "pros" using Default
[11:47:25] [Render thread/DEBUG] [REI] Starting Search: "pros" with 4365 stacks, shouldAsync: true on Render thread
[11:47:25] [Render thread/DEBUG] [REI] Async Search: 11 partitions for "pros"
[11:47:25] [REI-AsyncSearchManager-0/TRACE] [REI] Search "pros" Used [Thread[#181,REI-AsyncSearchManager-0,10,main]]: 3.689 ms
[11:47:25] [REI-AsyncSearchManager-0/TRACE] [REI] Search "pros" Used and Applied [Thread[#181,REI-AsyncSearchManager-0,10,main]]: 3.835 ms
[11:47:29] [Render thread/DEBUG] [REI] Created search filter with "" using Default
[11:47:29] [Render thread/DEBUG] [REI] Starting Search: "" with 4365 stacks, shouldAsync: true on Render thread
[11:47:29] [Render thread/DEBUG] [REI] Async Search: 11 partitions for ""
[11:47:29] [REI-AsyncSearchManager-2/TRACE] [REI] Search "" Used [Thread[#184,REI-AsyncSearchManager-2,10,main]]: 1.242 ms
[11:47:29] [REI-AsyncSearchManager-2/TRACE] [REI] Search "" Used and Applied [Thread[#184,REI-AsyncSearchManager-2,10,main]]: 6.479 ms
[11:47:30] [Render thread/DEBUG] [REI] Created search filter with "o" using Default
[11:47:30] [Render thread/DEBUG] [REI] Starting Search: "o" with 4365 stacks, shouldAsync: true on Render thread
[11:47:30] [Render thread/DEBUG] [REI] Async Search: 11 partitions for "o"
[11:47:30] [REI-AsyncSearchManager-1/TRACE] [REI] Search "o" Used [Thread[#183,REI-AsyncSearchManager-1,10,main]]: 2.141 ms
[11:47:30] [REI-AsyncSearchManager-1/TRACE] [REI] Search "o" Used and Applied [Thread[#183,REI-AsyncSearchManager-1,10,main]]: 3.998 ms
[11:47:30] [Render thread/DEBUG] [REI] Created search filter with "or" using Default
[11:47:30] [Render thread/DEBUG] [REI] Starting Search: "or" with 4365 stacks, shouldAsync: true on Render thread
[11:47:30] [Render thread/DEBUG] [REI] Async Search: 11 partitions for "or"
[11:47:30] [REI-AsyncSearchManager-2/TRACE] [REI] Search "or" Used [Thread[#184,REI-AsyncSearchManager-2,10,main]]: 2.986 ms
[11:47:30] [REI-AsyncSearchManager-2/TRACE] [REI] Search "or" Used and Applied [Thread[#184,REI-AsyncSearchManager-2,10,main]]: 3.906 ms
[11:47:30] [Render thread/DEBUG] [REI] Created search filter with "ore" using Default
[11:47:30] [Render thread/DEBUG] [REI] Starting Search: "ore" with 4365 stacks, shouldAsync: true on Render thread
[11:47:30] [Render thread/DEBUG] [REI] Async Search: 11 partitions for "ore"
[11:47:30] [REI-AsyncSearchManager-1/TRACE] [REI] Search "ore" Used [Thread[#183,REI-AsyncSearchManager-1,10,main]]: 1.692 ms
[11:47:30] [REI-AsyncSearchManager-1/TRACE] [REI] Search "ore" Used and Applied [Thread[#183,REI-AsyncSearchManager-1,10,main]]: 1.924 ms
[11:47:31] [Render thread/DEBUG] [REI] Created search filter with "ore " using Default
[11:47:31] [Render thread/DEBUG] [REI] Starting Search: "ore " with 4365 stacks, shouldAsync: true on Render thread
[11:47:31] [Render thread/DEBUG] [REI] Async Search: 11 partitions for "ore "
[11:47:31] [REI-AsyncSearchManager-2/TRACE] [REI] Search "ore " Used [Thread[#184,REI-AsyncSearchManager-2,10,main]]: 1.487 ms
[11:47:31] [REI-AsyncSearchManager-2/TRACE] [REI] Search "ore " Used and Applied [Thread[#184,REI-AsyncSearchManager-2,10,main]]: 1.653 ms
[11:47:31] [Render thread/DEBUG] [REI] Created search filter with "ore s" using Default
[11:47:31] [Render thread/DEBUG] [REI] Starting Search: "ore s" with 4365 stacks, shouldAsync: true on Render thread
[11:47:31] [Render thread/DEBUG] [REI] Async Search: 11 partitions for "ore s"
[11:47:31] [REI-AsyncSearchManager-2/TRACE] [REI] Search "ore s" Used [Thread[#184,REI-AsyncSearchManager-2,10,main]]: 1.298 ms
[11:47:31] [REI-AsyncSearchManager-2/TRACE] [REI] Search "ore s" Used and Applied [Thread[#184,REI-AsyncSearchManager-2,10,main]]: 1.467 ms
[11:47:31] [Render thread/DEBUG] [REI] Created search filter with "ore sc" using Default
[11:47:31] [Render thread/DEBUG] [REI] Starting Search: "ore sc" with 4365 stacks, shouldAsync: true on Render thread
[11:47:31] [Render thread/DEBUG] [REI] Async Search: 11 partitions for "ore sc"
[11:47:31] [REI-AsyncSearchManager-1/TRACE] [REI] Search "ore sc" Used [Thread[#183,REI-AsyncSearchManager-1,10,main]]: 1.364 ms
[11:47:31] [REI-AsyncSearchManager-1/TRACE] [REI] Search "ore sc" Used and Applied [Thread[#183,REI-AsyncSearchManager-1,10,main]]: 1.456 ms
[11:47:37] [Render thread/TRACE] [REI] Built Recipe View in 73.71 ms for 0 categories, 1 recipes for, 0 usages for and 1 live recipe generators.
[11:47:37] [Render thread/DEBUG] [REI] Starting Search: "ore sc" with 4365 stacks, shouldAsync: true on Render thread
[11:47:37] [Render thread/DEBUG] [REI] Async Search: 11 partitions for "ore sc"
[11:47:37] [REI-AsyncSearchManager-2/TRACE] [REI] Search "ore sc" Used [Thread[#184,REI-AsyncSearchManager-2,10,main]]: 1.542 ms
[11:47:37] [REI-AsyncSearchManager-2/TRACE] [REI] Search "ore sc" Used and Applied [Thread[#184,REI-AsyncSearchManager-2,10,main]]: 1.681 ms
[11:47:39] [Render thread/DEBUG] [REI] Starting Search: "ore sc" with 4365 stacks, shouldAsync: true on Render thread
[11:47:39] [Render thread/DEBUG] [REI] Async Search: 11 partitions for "ore sc"
[11:47:39] [REI-AsyncSearchManager-1/TRACE] [REI] Search "ore sc" Used [Thread[#183,REI-AsyncSearchManager-1,10,main]]: 1.522 ms
[11:47:39] [REI-AsyncSearchManager-1/TRACE] [REI] Search "ore sc" Used and Applied [Thread[#183,REI-AsyncSearchManager-1,10,main]]: 1.661 ms
[11:47:43] [Render thread/DEBUG] [REI] Config saved
[11:47:43] [Render thread/DEBUG] [REI] Recollecting custom collapsible entry groups
[11:47:43] [Render thread/DEBUG] [REI] Registered 0 custom collapsible entry groups: 
[11:47:43] [Render thread/DEBUG] [REI] Config saved
[11:47:43] [Render thread/DEBUG] [REI] Refiltered rule [INSTANCE] in 306.6 μs.
[11:47:43] [Render thread/DEBUG] [REI] Refiltered rule [INSTANCE] in 710.9 μs.
[11:47:43] [Render thread/DEBUG] [REI] Refiltered rule [INSTANCE] in 827.4 μs.
[11:47:43] [Render thread/DEBUG] [REI] Refiltered 4366 entries with 3 rules in 10.28 ms.
[11:47:43] [Render thread/DEBUG] [REI] Computed existing filtered displays with 3 rules in 83.06 ms
[11:47:43] [Render thread/DEBUG] [REI] Starting Search: "ore sc" with 4365 stacks, shouldAsync: true on Render thread
[11:47:43] [Render thread/DEBUG] [REI] Async Search: 11 partitions for "ore sc"
[11:47:43] [REI-AsyncSearchManager-2/TRACE] [REI] Search "ore sc" Used [Thread[#184,REI-AsyncSearchManager-2,10,main]]: 2.698 ms
[11:47:43] [REI-AsyncSearchManager-2/TRACE] [REI] Search "ore sc" Used and Applied [Thread[#184,REI-AsyncSearchManager-2,10,main]]: 2.765 ms
[11:47:43] [Render thread/DEBUG] [REI] Starting Search: "ore sc" with 4365 stacks, shouldAsync: true on Render thread
[11:47:43] [Render thread/DEBUG] [REI] Async Search: 11 partitions for "ore sc"
[11:47:43] [REI-AsyncSearchManager-2/TRACE] [REI] Search "ore sc" Used [Thread[#184,REI-AsyncSearchManager-2,10,main]]: 1.516 ms
[11:47:43] [REI-AsyncSearchManager-2/TRACE] [REI] Search "ore sc" Used and Applied [Thread[#184,REI-AsyncSearchManager-2,10,main]]: 1.587 ms
[11:47:45] [Render thread/DEBUG] [REI] Starting Search: "ore sc" with 4365 stacks, shouldAsync: true on Render thread
[11:47:45] [Render thread/DEBUG] [REI] Async Search: 11 partitions for "ore sc"
[11:47:45] [REI-AsyncSearchManager-0/TRACE] [REI] Search "ore sc" Used [Thread[#181,REI-AsyncSearchManager-0,10,main]]: 1.551 ms
[11:47:45] [REI-AsyncSearchManager-0/TRACE] [REI] Search "ore sc" Used and Applied [Thread[#181,REI-AsyncSearchManager-0,10,main]]: 1.632 ms
[11:47:49] [Render thread/DEBUG] [REI] Created search filter with "b" using Default
[11:47:49] [Render thread/DEBUG] [REI] Starting Search: "b" with 4365 stacks, shouldAsync: true on Render thread
[11:47:49] [Render thread/DEBUG] [REI] Async Search: 11 partitions for "b"
[11:47:49] [REI-AsyncSearchManager-1/TRACE] [REI] Search "b" Used [Thread[#183,REI-AsyncSearchManager-1,10,main]]: 1.185 ms
[11:47:49] [REI-AsyncSearchManager-1/TRACE] [REI] Search "b" Used and Applied [Thread[#183,REI-AsyncSearchManager-1,10,main]]: 1.822 ms
[11:47:49] [Render thread/DEBUG] [REI] Created search filter with "ba" using Default
[11:47:49] [Render thread/DEBUG] [REI] Starting Search: "ba" with 4365 stacks, shouldAsync: true on Render thread
[11:47:49] [Render thread/DEBUG] [REI] Async Search: 11 partitions for "ba"
[11:47:49] [REI-AsyncSearchManager-1/TRACE] [REI] Search "ba" Used [Thread[#183,REI-AsyncSearchManager-1,10,main]]: 1.341 ms
[11:47:49] [REI-AsyncSearchManager-1/TRACE] [REI] Search "ba" Used and Applied [Thread[#183,REI-AsyncSearchManager-1,10,main]]: 1.500 ms
[11:47:50] [Render thread/DEBUG] [REI] Created search filter with "bat" using Default
[11:47:50] [Render thread/DEBUG] [REI] Starting Search: "bat" with 4365 stacks, shouldAsync: true on Render thread
[11:47:50] [Render thread/DEBUG] [REI] Async Search: 11 partitions for "bat"
[11:47:50] [REI-AsyncSearchManager-1/TRACE] [REI] Search "bat" Used [Thread[#183,REI-AsyncSearchManager-1,10,main]]: 3.752 ms
[11:47:50] [REI-AsyncSearchManager-1/TRACE] [REI] Search "bat" Used and Applied [Thread[#183,REI-AsyncSearchManager-1,10,main]]: 3.934 ms
[11:47:50] [Render thread/DEBUG] [REI] Created search filter with "batt" using Default
[11:47:50] [Render thread/DEBUG] [REI] Starting Search: "batt" with 4365 stacks, shouldAsync: true on Render thread
[11:47:50] [Render thread/DEBUG] [REI] Async Search: 11 partitions for "batt"
[11:47:50] [REI-AsyncSearchManager-2/TRACE] [REI] Search "batt" Used [Thread[#184,REI-AsyncSearchManager-2,10,main]]: 3.431 ms
[11:47:50] [REI-AsyncSearchManager-2/TRACE] [REI] Search "batt" Used and Applied [Thread[#184,REI-AsyncSearchManager-2,10,main]]: 3.603 ms
[11:47:50] [Render thread/DEBUG] [REI] Created search filter with "batte" using Default
[11:47:50] [Render thread/DEBUG] [REI] Starting Search: "batte" with 4365 stacks, shouldAsync: true on Render thread
[11:47:50] [Render thread/DEBUG] [REI] Async Search: 11 partitions for "batte"
[11:47:50] [REI-AsyncSearchManager-2/TRACE] [REI] Search "batte" Used [Thread[#184,REI-AsyncSearchManager-2,10,main]]: 3.377 ms
[11:47:50] [REI-AsyncSearchManager-2/TRACE] [REI] Search "batte" Used and Applied [Thread[#184,REI-AsyncSearchManager-2,10,main]]: 3.553 ms
[11:47:50] [Render thread/DEBUG] [REI] Created search filter with "batter" using Default
[11:47:50] [Render thread/DEBUG] [REI] Starting Search: "batter" with 4365 stacks, shouldAsync: true on Render thread
[11:47:50] [Render thread/DEBUG] [REI] Async Search: 11 partitions for "batter"
[11:47:50] [REI-AsyncSearchManager-2/TRACE] [REI] Search "batter" Used [Thread[#184,REI-AsyncSearchManager-2,10,main]]: 3.170 ms
[11:47:50] [REI-AsyncSearchManager-2/TRACE] [REI] Search "batter" Used and Applied [Thread[#184,REI-AsyncSearchManager-2,10,main]]: 3.264 ms
[11:47:50] [Render thread/DEBUG] [REI] Created search filter with "battery" using Default
[11:47:50] [Render thread/DEBUG] [REI] Starting Search: "battery" with 4365 stacks, shouldAsync: true on Render thread
[11:47:50] [Render thread/DEBUG] [REI] Async Search: 11 partitions for "battery"
[11:47:50] [REI-AsyncSearchManager-1/TRACE] [REI] Search "battery" Used [Thread[#183,REI-AsyncSearchManager-1,10,main]]: 1.686 ms
[11:47:50] [REI-AsyncSearchManager-1/TRACE] [REI] Search "battery" Used and Applied [Thread[#183,REI-AsyncSearchManager-1,10,main]]: 1.757 ms
[11:47:51] [Render thread/TRACE] [REI] Built Recipe View in 8.345 ms for 0 categories, 1 recipes for, 0 usages for and 1 live recipe generators.
[11:48:07] [Render thread/DEBUG] [REI] Starting Search: "battery" with 4365 stacks, shouldAsync: true on Render thread
[11:48:07] [Render thread/DEBUG] [REI] Async Search: 11 partitions for "battery"
[11:48:07] [REI-AsyncSearchManager-0/TRACE] [REI] Search "battery" Used [Thread[#181,REI-AsyncSearchManager-0,10,main]]: 2.959 ms
[11:48:07] [REI-AsyncSearchManager-0/TRACE] [REI] Search "battery" Used and Applied [Thread[#181,REI-AsyncSearchManager-0,10,main]]: 3.349 ms
[11:48:16] [Render thread/DEBUG] [REI] Created search filter with "c" using Default
[11:48:16] [Render thread/DEBUG] [REI] Starting Search: "c" with 4365 stacks, shouldAsync: true on Render thread
[11:48:16] [Render thread/DEBUG] [REI] Async Search: 11 partitions for "c"
[11:48:16] [REI-AsyncSearchManager-0/TRACE] [REI] Search "c" Used [Thread[#181,REI-AsyncSearchManager-0,10,main]]: 1.026 ms
[11:48:16] [REI-AsyncSearchManager-0/TRACE] [REI] Search "c" Used and Applied [Thread[#181,REI-AsyncSearchManager-0,10,main]]: 1.523 ms
[11:48:16] [Render thread/DEBUG] [REI] Created search filter with "ch" using Default
[11:48:16] [Render thread/DEBUG] [REI] Starting Search: "ch" with 4365 stacks, shouldAsync: true on Render thread
[11:48:16] [Render thread/DEBUG] [REI] Async Search: 11 partitions for "ch"
[11:48:16] [REI-AsyncSearchManager-1/TRACE] [REI] Search "ch" Used [Thread[#183,REI-AsyncSearchManager-1,10,main]]: 1.219 ms
[11:48:16] [REI-AsyncSearchManager-1/TRACE] [REI] Search "ch" Used and Applied [Thread[#183,REI-AsyncSearchManager-1,10,main]]: 1.393 ms
[11:48:16] [Render thread/DEBUG] [REI] Created search filter with "cha" using Default
[11:48:16] [Render thread/DEBUG] [REI] Starting Search: "cha" with 4365 stacks, shouldAsync: true on Render thread
[11:48:16] [Render thread/DEBUG] [REI] Async Search: 11 partitions for "cha"
[11:48:16] [REI-AsyncSearchManager-0/TRACE] [REI] Search "cha" Used [Thread[#181,REI-AsyncSearchManager-0,10,main]]: 1.231 ms
[11:48:16] [REI-AsyncSearchManager-0/TRACE] [REI] Search "cha" Used and Applied [Thread[#181,REI-AsyncSearchManager-0,10,main]]: 1.321 ms
[11:48:16] [Render thread/DEBUG] [REI] Created search filter with "char" using Default
[11:48:16] [Render thread/DEBUG] [REI] Starting Search: "char" with 4365 stacks, shouldAsync: true on Render thread
[11:48:16] [Render thread/DEBUG] [REI] Async Search: 11 partitions for "char"
[11:48:16] [REI-AsyncSearchManager-2/TRACE] [REI] Search "char" Used [Thread[#184,REI-AsyncSearchManager-2,10,main]]: 4.530 ms
[11:48:16] [REI-AsyncSearchManager-2/TRACE] [REI] Search "char" Used and Applied [Thread[#184,REI-AsyncSearchManager-2,10,main]]: 4.785 ms
[11:48:16] [Render thread/DEBUG] [REI] Created search filter with "charg" using Default
[11:48:16] [Render thread/DEBUG] [REI] Starting Search: "charg" with 4365 stacks, shouldAsync: true on Render thread
[11:48:16] [Render thread/DEBUG] [REI] Async Search: 11 partitions for "charg"
[11:48:16] [REI-AsyncSearchManager-1/TRACE] [REI] Search "charg" Used [Thread[#183,REI-AsyncSearchManager-1,10,main]]: 1.350 ms
[11:48:16] [REI-AsyncSearchManager-1/TRACE] [REI] Search "charg" Used and Applied [Thread[#183,REI-AsyncSearchManager-1,10,main]]: 1.414 ms
[11:48:16] [Render thread/DEBUG] [REI] Created search filter with "charge" using Default
[11:48:16] [Render thread/DEBUG] [REI] Starting Search: "charge" with 4365 stacks, shouldAsync: true on Render thread
[11:48:16] [Render thread/DEBUG] [REI] Async Search: 11 partitions for "charge"
[11:48:16] [REI-AsyncSearchManager-1/TRACE] [REI] Search "charge" Used [Thread[#183,REI-AsyncSearchManager-1,10,main]]: 5.415 ms
[11:48:16] [REI-AsyncSearchManager-1/TRACE] [REI] Search "charge" Used and Applied [Thread[#183,REI-AsyncSearchManager-1,10,main]]: 5.644 ms
[11:48:29] [Render thread/DEBUG] [REI] Starting Search: "charge" with 4365 stacks, shouldAsync: true on Render thread
[11:48:29] [Render thread/DEBUG] [REI] Async Search: 11 partitions for "charge"
[11:48:29] [REI-AsyncSearchManager-1/TRACE] [REI] Search "charge" Used [Thread[#183,REI-AsyncSearchManager-1,10,main]]: 2.877 ms
[11:48:29] [REI-AsyncSearchManager-1/TRACE] [REI] Search "charge" Used and Applied [Thread[#183,REI-AsyncSearchManager-1,10,main]]: 3.124 ms
[11:48:43] [Render thread/DEBUG] [REI] Created search filter with "s" using Default
[11:48:43] [Render thread/DEBUG] [REI] Starting Search: "s" with 4365 stacks, shouldAsync: true on Render thread
[11:48:43] [Render thread/DEBUG] [REI] Async Search: 11 partitions for "s"
[11:48:43] [REI-AsyncSearchManager-0/TRACE] [REI] Search "s" Used [Thread[#181,REI-AsyncSearchManager-0,10,main]]: 2.491 ms
[11:48:43] [REI-AsyncSearchManager-0/TRACE] [REI] Search "s" Used and Applied [Thread[#181,REI-AsyncSearchManager-0,10,main]]: 3.337 ms
[11:48:43] [Render thread/DEBUG] [REI] Created search filter with "sc" using Default
[11:48:43] [Render thread/DEBUG] [REI] Starting Search: "sc" with 4365 stacks, shouldAsync: true on Render thread
[11:48:43] [Render thread/DEBUG] [REI] Async Search: 11 partitions for "sc"
[11:48:43] [REI-AsyncSearchManager-1/TRACE] [REI] Search "sc" Used [Thread[#183,REI-AsyncSearchManager-1,10,main]]: 2.797 ms
[11:48:43] [REI-AsyncSearchManager-1/TRACE] [REI] Search "sc" Used and Applied [Thread[#183,REI-AsyncSearchManager-1,10,main]]: 2.954 ms
[11:48:43] [Render thread/DEBUG] [REI] Created search filter with "sca" using Default
[11:48:43] [Render thread/DEBUG] [REI] Starting Search: "sca" with 4365 stacks, shouldAsync: true on Render thread
[11:48:43] [Render thread/DEBUG] [REI] Async Search: 11 partitions for "sca"
[11:48:43] [REI-AsyncSearchManager-1/TRACE] [REI] Search "sca" Used [Thread[#183,REI-AsyncSearchManager-1,10,main]]: 2.541 ms
[11:48:43] [REI-AsyncSearchManager-1/TRACE] [REI] Search "sca" Used and Applied [Thread[#183,REI-AsyncSearchManager-1,10,main]]: 2.634 ms
[11:48:43] [Render thread/DEBUG] [REI] Created search filter with "scan" using Default
[11:48:43] [Render thread/DEBUG] [REI] Starting Search: "scan" with 4365 stacks, shouldAsync: true on Render thread
[11:48:43] [Render thread/DEBUG] [REI] Async Search: 11 partitions for "scan"
[11:48:43] [REI-AsyncSearchManager-2/TRACE] [REI] Search "scan" Used [Thread[#184,REI-AsyncSearchManager-2,10,main]]: 1.418 ms
[11:48:43] [REI-AsyncSearchManager-2/TRACE] [REI] Search "scan" Used and Applied [Thread[#184,REI-AsyncSearchManager-2,10,main]]: 1.472 ms
[11:48:43] [Render thread/DEBUG] [REI] Created search filter with "scann" using Default
[11:48:43] [Render thread/DEBUG] [REI] Starting Search: "scann" with 4365 stacks, shouldAsync: true on Render thread
[11:48:43] [Render thread/DEBUG] [REI] Async Search: 11 partitions for "scann"
[11:48:43] [REI-AsyncSearchManager-1/TRACE] [REI] Search "scann" Used [Thread[#183,REI-AsyncSearchManager-1,10,main]]: 1.907 ms
[11:48:43] [REI-AsyncSearchManager-1/TRACE] [REI] Search "scann" Used and Applied [Thread[#183,REI-AsyncSearchManager-1,10,main]]: 1.970 ms
[11:48:46] [Render thread/DEBUG] [REI] Created search filter with "b" using Default
[11:48:46] [Render thread/DEBUG] [REI] Starting Search: "b" with 4365 stacks, shouldAsync: true on Render thread
[11:48:46] [Render thread/DEBUG] [REI] Async Search: 11 partitions for "b"
[11:48:46] [REI-AsyncSearchManager-2/TRACE] [REI] Search "b" Used [Thread[#184,REI-AsyncSearchManager-2,10,main]]: 3.271 ms
[11:48:46] [REI-AsyncSearchManager-2/TRACE] [REI] Search "b" Used and Applied [Thread[#184,REI-AsyncSearchManager-2,10,main]]: 3.936 ms
[11:48:46] [Render thread/DEBUG] [REI] Created search filter with "ba" using Default
[11:48:46] [Render thread/DEBUG] [REI] Starting Search: "ba" with 4365 stacks, shouldAsync: true on Render thread
[11:48:46] [Render thread/DEBUG] [REI] Async Search: 11 partitions for "ba"
[11:48:46] [REI-AsyncSearchManager-1/TRACE] [REI] Search "ba" Used [Thread[#183,REI-AsyncSearchManager-1,10,main]]: 4.112 ms
[11:48:46] [REI-AsyncSearchManager-1/TRACE] [REI] Search "ba" Used and Applied [Thread[#183,REI-AsyncSearchManager-1,10,main]]: 4.354 ms
[11:48:46] [Render thread/DEBUG] [REI] Created search filter with "bat" using Default
[11:48:46] [Render thread/DEBUG] [REI] Starting Search: "bat" with 4365 stacks, shouldAsync: true on Render thread
[11:48:46] [Render thread/DEBUG] [REI] Async Search: 11 partitions for "bat"
[11:48:46] [REI-AsyncSearchManager-2/TRACE] [REI] Search "bat" Used [Thread[#184,REI-AsyncSearchManager-2,10,main]]: 2.561 ms
[11:48:46] [REI-AsyncSearchManager-2/TRACE] [REI] Search "bat" Used and Applied [Thread[#184,REI-AsyncSearchManager-2,10,main]]: 2.735 ms
[11:48:46] [Render thread/DEBUG] [REI] Created search filter with "batt" using Default
[11:48:46] [Render thread/DEBUG] [REI] Starting Search: "batt" with 4365 stacks, shouldAsync: true on Render thread
[11:48:46] [Render thread/DEBUG] [REI] Async Search: 11 partitions for "batt"
[11:48:46] [REI-AsyncSearchManager-1/TRACE] [REI] Search "batt" Used [Thread[#183,REI-AsyncSearchManager-1,10,main]]: 1.453 ms
[11:48:46] [REI-AsyncSearchManager-1/TRACE] [REI] Search "batt" Used and Applied [Thread[#183,REI-AsyncSearchManager-1,10,main]]: 1.518 ms
[11:48:46] [Render thread/DEBUG] [REI] Created search filter with "batte" using Default
[11:48:46] [Render thread/DEBUG] [REI] Starting Search: "batte" with 4365 stacks, shouldAsync: true on Render thread
[11:48:46] [Render thread/DEBUG] [REI] Async Search: 11 partitions for "batte"
[11:48:46] [REI-AsyncSearchManager-1/TRACE] [REI] Search "batte" Used [Thread[#183,REI-AsyncSearchManager-1,10,main]]: 1.262 ms
[11:48:46] [REI-AsyncSearchManager-1/TRACE] [REI] Search "batte" Used and Applied [Thread[#183,REI-AsyncSearchManager-1,10,main]]: 1.328 ms
[11:48:47] [Render thread/DEBUG] [REI] Created search filter with "batter" using Default
[11:48:47] [Render thread/DEBUG] [REI] Starting Search: "batter" with 4365 stacks, shouldAsync: true on Render thread
[11:48:47] [Render thread/DEBUG] [REI] Async Search: 11 partitions for "batter"
[11:48:47] [REI-AsyncSearchManager-1/TRACE] [REI] Search "batter" Used [Thread[#183,REI-AsyncSearchManager-1,10,main]]: 1.525 ms
[11:48:47] [REI-AsyncSearchManager-1/TRACE] [REI] Search "batter" Used and Applied [Thread[#183,REI-AsyncSearchManager-1,10,main]]: 1.616 ms
[11:48:47] [Render thread/TRACE] [REI] Built Recipe View in 3.150 ms for 0 categories, 1 recipes for, 0 usages for and 1 live recipe generators.
[11:49:07] [Render thread/DEBUG] [REI] Created search filter with "s" using Default
[11:49:07] [Render thread/DEBUG] [REI] Starting Search: "s" with 4365 stacks, shouldAsync: true on Render thread
[11:49:07] [Render thread/DEBUG] [REI] Async Search: 11 partitions for "s"
[11:49:07] [REI-AsyncSearchManager-2/TRACE] [REI] Search "s" Used [Thread[#184,REI-AsyncSearchManager-2,10,main]]: 1.712 ms
[11:49:07] [REI-AsyncSearchManager-2/TRACE] [REI] Search "s" Used and Applied [Thread[#184,REI-AsyncSearchManager-2,10,main]]: 2.336 ms
[11:49:07] [Render thread/DEBUG] [REI] Created search filter with "sn" using Default
[11:49:07] [Render thread/DEBUG] [REI] Starting Search: "sn" with 4365 stacks, shouldAsync: true on Render thread
[11:49:07] [Render thread/DEBUG] [REI] Async Search: 11 partitions for "sn"
[11:49:07] [REI-AsyncSearchManager-1/TRACE] [REI] Search "sn" Used [Thread[#183,REI-AsyncSearchManager-1,10,main]]: 2.955 ms
[11:49:07] [REI-AsyncSearchManager-1/TRACE] [REI] Search "sn" Used and Applied [Thread[#183,REI-AsyncSearchManager-1,10,main]]: 3.047 ms
[11:49:08] [Render thread/DEBUG] [REI] Created search filter with "s" using Default
[11:49:08] [Render thread/DEBUG] [REI] Starting Search: "s" with 4365 stacks, shouldAsync: true on Render thread
[11:49:08] [Render thread/DEBUG] [REI] Async Search: 11 partitions for "s"
[11:49:08] [REI-AsyncSearchManager-2/TRACE] [REI] Search "s" Used [Thread[#184,REI-AsyncSearchManager-2,10,main]]: 806.3 μs
[11:49:08] [REI-AsyncSearchManager-2/TRACE] [REI] Search "s" Used and Applied [Thread[#184,REI-AsyncSearchManager-2,10,main]]: 1.297 ms
[11:49:08] [Render thread/DEBUG] [REI] Created search filter with "sc" using Default
[11:49:08] [Render thread/DEBUG] [REI] Starting Search: "sc" with 4365 stacks, shouldAsync: true on Render thread
[11:49:08] [Render thread/DEBUG] [REI] Async Search: 11 partitions for "sc"
[11:49:08] [REI-AsyncSearchManager-2/TRACE] [REI] Search "sc" Used [Thread[#184,REI-AsyncSearchManager-2,10,main]]: 5.282 ms
[11:49:08] [REI-AsyncSearchManager-2/TRACE] [REI] Search "sc" Used and Applied [Thread[#184,REI-AsyncSearchManager-2,10,main]]: 5.541 ms
[11:49:08] [Render thread/DEBUG] [REI] Created search filter with "sca" using Default
[11:49:08] [Render thread/DEBUG] [REI] Starting Search: "sca" with 4365 stacks, shouldAsync: true on Render thread
[11:49:08] [Render thread/DEBUG] [REI] Async Search: 11 partitions for "sca"
[11:49:08] [REI-AsyncSearchManager-1/TRACE] [REI] Search "sca" Used [Thread[#183,REI-AsyncSearchManager-1,10,main]]: 4.440 ms
[11:49:08] [REI-AsyncSearchManager-1/TRACE] [REI] Search "sca" Used and Applied [Thread[#183,REI-AsyncSearchManager-1,10,main]]: 4.567 ms
[11:49:08] [Render thread/DEBUG] [REI] Created search filter with "scan" using Default
[11:49:08] [Render thread/DEBUG] [REI] Starting Search: "scan" with 4365 stacks, shouldAsync: true on Render thread
[11:49:08] [Render thread/DEBUG] [REI] Async Search: 11 partitions for "scan"
[11:49:08] [REI-AsyncSearchManager-1/TRACE] [REI] Search "scan" Used [Thread[#183,REI-AsyncSearchManager-1,10,main]]: 1.279 ms
[11:49:08] [REI-AsyncSearchManager-1/TRACE] [REI] Search "scan" Used and Applied [Thread[#183,REI-AsyncSearchManager-1,10,main]]: 1.339 ms
[11:49:10] [Render thread/DEBUG] [REI] Created search filter with "p" using Default
[11:49:10] [Render thread/DEBUG] [REI] Starting Search: "p" with 4365 stacks, shouldAsync: true on Render thread
[11:49:10] [Render thread/DEBUG] [REI] Async Search: 11 partitions for "p"
[11:49:10] [REI-AsyncSearchManager-2/TRACE] [REI] Search "p" Used [Thread[#184,REI-AsyncSearchManager-2,10,main]]: 2.041 ms
[11:49:10] [REI-AsyncSearchManager-2/TRACE] [REI] Search "p" Used and Applied [Thread[#184,REI-AsyncSearchManager-2,10,main]]: 2.466 ms
[11:49:10] [Render thread/DEBUG] [REI] Created search filter with "pa" using Default
[11:49:10] [Render thread/DEBUG] [REI] Starting Search: "pa" with 4365 stacks, shouldAsync: true on Render thread
[11:49:10] [Render thread/DEBUG] [REI] Async Search: 11 partitions for "pa"
[11:49:10] [REI-AsyncSearchManager-2/TRACE] [REI] Search "pa" Used [Thread[#184,REI-AsyncSearchManager-2,10,main]]: 1.616 ms
[11:49:10] [REI-AsyncSearchManager-2/TRACE] [REI] Search "pa" Used and Applied [Thread[#184,REI-AsyncSearchManager-2,10,main]]: 1.745 ms
[11:49:10] [Render thread/DEBUG] [REI] Created search filter with "pat" using Default
[11:49:10] [Render thread/DEBUG] [REI] Starting Search: "pat" with 4365 stacks, shouldAsync: true on Render thread
[11:49:10] [Render thread/DEBUG] [REI] Async Search: 11 partitions for "pat"
[11:49:10] [REI-AsyncSearchManager-2/TRACE] [REI] Search "pat" Used [Thread[#184,REI-AsyncSearchManager-2,10,main]]: 3.836 ms
[11:49:10] [REI-AsyncSearchManager-2/TRACE] [REI] Search "pat" Used and Applied [Thread[#184,REI-AsyncSearchManager-2,10,main]]: 3.930 ms
[11:49:11] [Render thread/DEBUG] [REI] Created search filter with "patt" using Default
[11:49:11] [Render thread/DEBUG] [REI] Starting Search: "patt" with 4365 stacks, shouldAsync: true on Render thread
[11:49:11] [Render thread/DEBUG] [REI] Async Search: 11 partitions for "patt"
[11:49:11] [REI-AsyncSearchManager-1/TRACE] [REI] Search "patt" Used [Thread[#183,REI-AsyncSearchManager-1,10,main]]: 7.850 ms
[11:49:11] [REI-AsyncSearchManager-1/TRACE] [REI] Search "patt" Used and Applied [Thread[#183,REI-AsyncSearchManager-1,10,main]]: 8.072 ms
[11:49:11] [Render thread/DEBUG] [REI] Created search filter with "patte" using Default
[11:49:11] [Render thread/DEBUG] [REI] Starting Search: "patte" with 4365 stacks, shouldAsync: true on Render thread
[11:49:11] [Render thread/DEBUG] [REI] Async Search: 11 partitions for "patte"
[11:49:11] [REI-AsyncSearchManager-0/TRACE] [REI] Search "patte" Used [Thread[#181,REI-AsyncSearchManager-0,10,main]]: 3.030 ms
[11:49:11] [REI-AsyncSearchManager-0/TRACE] [REI] Search "patte" Used and Applied [Thread[#181,REI-AsyncSearchManager-0,10,main]]: 3.133 ms
[11:49:11] [Render thread/DEBUG] [REI] Created search filter with "patter" using Default
[11:49:11] [Render thread/DEBUG] [REI] Starting Search: "patter" with 4365 stacks, shouldAsync: true on Render thread
[11:49:11] [Render thread/DEBUG] [REI] Async Search: 11 partitions for "patter"
[11:49:11] [REI-AsyncSearchManager-1/TRACE] [REI] Search "patter" Used [Thread[#183,REI-AsyncSearchManager-1,10,main]]: 1.927 ms
[11:49:11] [REI-AsyncSearchManager-1/TRACE] [REI] Search "patter" Used and Applied [Thread[#183,REI-AsyncSearchManager-1,10,main]]: 2.012 ms
[11:49:12] [Render thread/TRACE] [REI] Built Recipe View in 5.423 ms for 0 categories, 1 recipes for, 0 usages for and 1 live recipe generators.
[11:49:18] [Render thread/DEBUG] [REI] Created search filter with "@" using Default
[11:49:18] [Render thread/DEBUG] [REI] Starting Search: "@" with 4365 stacks, shouldAsync: true on Render thread
[11:49:18] [Render thread/DEBUG] [REI] Async Search: 11 partitions for "@"
[11:49:18] [REI-AsyncSearchManager-2/TRACE] [REI] Search "@" Used [Thread[#184,REI-AsyncSearchManager-2,10,main]]: 19.78 ms
[11:49:18] [REI-AsyncSearchManager-2/TRACE] [REI] Search "@" Used and Applied [Thread[#184,REI-AsyncSearchManager-2,10,main]]: 21.69 ms
[11:49:20] [Render thread/DEBUG] [REI] Created search filter with "@e" using Default
[11:49:20] [Render thread/DEBUG] [REI] Starting Search: "@e" with 4365 stacks, shouldAsync: true on Render thread
[11:49:20] [Render thread/DEBUG] [REI] Async Search: 11 partitions for "@e"
[11:49:20] [REI-AsyncSearchManager-0/TRACE] [REI] Search "@e" Used [Thread[#181,REI-AsyncSearchManager-0,10,main]]: 12.53 ms
[11:49:20] [REI-AsyncSearchManager-0/TRACE] [REI] Search "@e" Used and Applied [Thread[#181,REI-AsyncSearchManager-0,10,main]]: 14.41 ms
[11:49:20] [Render thread/DEBUG] [REI] Created search filter with "@el" using Default
[11:49:20] [Render thread/DEBUG] [REI] Starting Search: "@el" with 4365 stacks, shouldAsync: true on Render thread
[11:49:20] [Render thread/DEBUG] [REI] Async Search: 11 partitions for "@el"
[11:49:20] [REI-AsyncSearchManager-1/TRACE] [REI] Search "@el" Used [Thread[#183,REI-AsyncSearchManager-1,10,main]]: 856.7 μs
[11:49:20] [REI-AsyncSearchManager-1/TRACE] [REI] Search "@el" Used and Applied [Thread[#183,REI-AsyncSearchManager-1,10,main]]: 1.055 ms
[11:49:20] [Render thread/DEBUG] [REI] Created search filter with "@ele" using Default
[11:49:20] [Render thread/DEBUG] [REI] Starting Search: "@ele" with 4365 stacks, shouldAsync: true on Render thread
[11:49:20] [Render thread/DEBUG] [REI] Async Search: 11 partitions for "@ele"
[11:49:20] [REI-AsyncSearchManager-1/TRACE] [REI] Search "@ele" Used [Thread[#183,REI-AsyncSearchManager-1,10,main]]: 1.603 ms
[11:49:20] [REI-AsyncSearchManager-1/TRACE] [REI] Search "@ele" Used and Applied [Thread[#183,REI-AsyncSearchManager-1,10,main]]: 1.996 ms
[11:49:20] [Render thread/DEBUG] [REI] Created search filter with "@elec" using Default
[11:49:20] [Render thread/DEBUG] [REI] Starting Search: "@elec" with 4365 stacks, shouldAsync: true on Render thread
[11:49:20] [Render thread/DEBUG] [REI] Async Search: 11 partitions for "@elec"
[11:49:20] [REI-AsyncSearchManager-2/TRACE] [REI] Search "@elec" Used [Thread[#184,REI-AsyncSearchManager-2,10,main]]: 1.456 ms
[11:49:20] [REI-AsyncSearchManager-2/TRACE] [REI] Search "@elec" Used and Applied [Thread[#184,REI-AsyncSearchManager-2,10,main]]: 1.858 ms
[11:49:21] [Render thread/DEBUG] [REI] Created search filter with "@elect" using Default
[11:49:21] [Render thread/DEBUG] [REI] Starting Search: "@elect" with 4365 stacks, shouldAsync: true on Render thread
[11:49:21] [Render thread/DEBUG] [REI] Async Search: 11 partitions for "@elect"
[11:49:21] [REI-AsyncSearchManager-1/TRACE] [REI] Search "@elect" Used [Thread[#183,REI-AsyncSearchManager-1,10,main]]: 1.118 ms
[11:49:21] [REI-AsyncSearchManager-1/TRACE] [REI] Search "@elect" Used and Applied [Thread[#183,REI-AsyncSearchManager-1,10,main]]: 3.246 ms
[11:49:21] [Render thread/DEBUG] [REI] Created search filter with "@electr" using Default
[11:49:21] [Render thread/DEBUG] [REI] Starting Search: "@electr" with 4365 stacks, shouldAsync: true on Render thread
[11:49:21] [Render thread/DEBUG] [REI] Async Search: 11 partitions for "@electr"
[11:49:21] [REI-AsyncSearchManager-2/TRACE] [REI] Search "@electr" Used [Thread[#184,REI-AsyncSearchManager-2,10,main]]: 1.045 ms
[11:49:21] [REI-AsyncSearchManager-2/TRACE] [REI] Search "@electr" Used and Applied [Thread[#184,REI-AsyncSearchManager-2,10,main]]: 1.292 ms
[11:49:29] [Render thread/DEBUG] [REI] Created search filter with "o" using Default
[11:49:29] [Render thread/DEBUG] [REI] Starting Search: "o" with 4365 stacks, shouldAsync: true on Render thread
[11:49:29] [Render thread/DEBUG] [REI] Async Search: 11 partitions for "o"
[11:49:29] [REI-AsyncSearchManager-1/TRACE] [REI] Search "o" Used [Thread[#183,REI-AsyncSearchManager-1,10,main]]: 2.495 ms
[11:49:29] [REI-AsyncSearchManager-1/TRACE] [REI] Search "o" Used and Applied [Thread[#183,REI-AsyncSearchManager-1,10,main]]: 4.076 ms
[11:49:29] [Render thread/DEBUG] [REI] Created search filter with "or" using Default
[11:49:29] [Render thread/DEBUG] [REI] Starting Search: "or" with 4365 stacks, shouldAsync: true on Render thread
[11:49:29] [Render thread/DEBUG] [REI] Async Search: 11 partitions for "or"
[11:49:29] [REI-AsyncSearchManager-1/TRACE] [REI] Search "or" Used [Thread[#183,REI-AsyncSearchManager-1,10,main]]: 2.185 ms
[11:49:29] [REI-AsyncSearchManager-1/TRACE] [REI] Search "or" Used and Applied [Thread[#183,REI-AsyncSearchManager-1,10,main]]: 2.482 ms
[11:49:29] [Render thread/DEBUG] [REI] Created search filter with "ore" using Default
[11:49:29] [Render thread/DEBUG] [REI] Starting Search: "ore" with 4365 stacks, shouldAsync: true on Render thread
[11:49:29] [Render thread/DEBUG] [REI] Async Search: 11 partitions for "ore"
[11:49:29] [REI-AsyncSearchManager-2/TRACE] [REI] Search "ore" Used [Thread[#184,REI-AsyncSearchManager-2,10,main]]: 1.311 ms
[11:49:29] [REI-AsyncSearchManager-2/TRACE] [REI] Search "ore" Used and Applied [Thread[#184,REI-AsyncSearchManager-2,10,main]]: 1.445 ms
[11:51:07] [Render thread/DEBUG] [REI] Starting Search: "ore" with 4365 stacks, shouldAsync: true on Render thread
[11:51:07] [Render thread/DEBUG] [REI] Async Search: 11 partitions for "ore"
[11:51:07] [REI-AsyncSearchManager-1/TRACE] [REI] Search "ore" Used [Thread[#183,REI-AsyncSearchManager-1,10,main]]: 5.092 ms
[11:51:07] [REI-AsyncSearchManager-1/TRACE] [REI] Search "ore" Used and Applied [Thread[#183,REI-AsyncSearchManager-1,10,main]]: 5.569 ms
[11:51:17] [Render thread/DEBUG] [REI] Starting Search: "ore" with 4365 stacks, shouldAsync: true on Render thread
[11:51:17] [Render thread/DEBUG] [REI] Async Search: 11 partitions for "ore"
[11:51:17] [REI-AsyncSearchManager-1/TRACE] [REI] Search "ore" Used [Thread[#183,REI-AsyncSearchManager-1,10,main]]: 1.981 ms
[11:51:17] [REI-AsyncSearchManager-1/TRACE] [REI] Search "ore" Used and Applied [Thread[#183,REI-AsyncSearchManager-1,10,main]]: 2.338 ms
[11:51:30] [Render thread/DEBUG] [REI] Created search filter with "g" using Default
[11:51:30] [Render thread/DEBUG] [REI] Starting Search: "g" with 4365 stacks, shouldAsync: true on Render thread
[11:51:30] [Render thread/DEBUG] [REI] Async Search: 11 partitions for "g"
[11:51:30] [REI-AsyncSearchManager-3/TRACE] [REI] Search "g" Used [Thread[#190,REI-AsyncSearchManager-3,10,main]]: 3.730 ms
[11:51:30] [REI-AsyncSearchManager-3/TRACE] [REI] Search "g" Used and Applied [Thread[#190,REI-AsyncSearchManager-3,10,main]]: 4.835 ms
[11:51:31] [Render thread/DEBUG] [REI] Created search filter with "ga" using Default
[11:51:31] [Render thread/DEBUG] [REI] Starting Search: "ga" with 4365 stacks, shouldAsync: true on Render thread
[11:51:31] [Render thread/DEBUG] [REI] Async Search: 11 partitions for "ga"
[11:51:31] [REI-AsyncSearchManager-0/TRACE] [REI] Search "ga" Used [Thread[#181,REI-AsyncSearchManager-0,10,main]]: 5.360 ms
[11:51:31] [REI-AsyncSearchManager-0/TRACE] [REI] Search "ga" Used and Applied [Thread[#181,REI-AsyncSearchManager-0,10,main]]: 5.656 ms
[11:51:31] [Render thread/DEBUG] [REI] Created search filter with "g" using Default
[11:51:31] [Render thread/DEBUG] [REI] Starting Search: "g" with 4365 stacks, shouldAsync: true on Render thread
[11:51:31] [Render thread/DEBUG] [REI] Async Search: 11 partitions for "g"
[11:51:31] [REI-AsyncSearchManager-1/TRACE] [REI] Search "g" Used [Thread[#183,REI-AsyncSearchManager-1,10,main]]: 3.027 ms
[11:51:31] [REI-AsyncSearchManager-1/TRACE] [REI] Search "g" Used and Applied [Thread[#183,REI-AsyncSearchManager-1,10,main]]: 4.257 ms
[11:51:31] [Render thread/DEBUG] [REI] Created search filter with "gr" using Default
[11:51:31] [Render thread/DEBUG] [REI] Starting Search: "gr" with 4365 stacks, shouldAsync: true on Render thread
[11:51:31] [Render thread/DEBUG] [REI] Async Search: 11 partitions for "gr"
[11:51:31] [REI-AsyncSearchManager-3/TRACE] [REI] Search "gr" Used [Thread[#190,REI-AsyncSearchManager-3,10,main]]: 4.417 ms
[11:51:31] [REI-AsyncSearchManager-3/TRACE] [REI] Search "gr" Used and Applied [Thread[#190,REI-AsyncSearchManager-3,10,main]]: 4.762 ms
[11:51:31] [Render thread/DEBUG] [REI] Created search filter with "gra" using Default
[11:51:31] [Render thread/DEBUG] [REI] Starting Search: "gra" with 4365 stacks, shouldAsync: true on Render thread
[11:51:31] [Render thread/DEBUG] [REI] Async Search: 11 partitions for "gra"
[11:51:31] [REI-AsyncSearchManager-3/TRACE] [REI] Search "gra" Used [Thread[#190,REI-AsyncSearchManager-3,10,main]]: 1.348 ms
[11:51:31] [REI-AsyncSearchManager-3/TRACE] [REI] Search "gra" Used and Applied [Thread[#190,REI-AsyncSearchManager-3,10,main]]: 1.435 ms
[11:51:31] [Render thread/DEBUG] [REI] Created search filter with "gras" using Default
[11:51:31] [Render thread/DEBUG] [REI] Starting Search: "gras" with 4365 stacks, shouldAsync: true on Render thread
[11:51:31] [Render thread/DEBUG] [REI] Async Search: 11 partitions for "gras"
[11:51:31] [REI-AsyncSearchManager-0/TRACE] [REI] Search "gras" Used [Thread[#181,REI-AsyncSearchManager-0,10,main]]: 1.948 ms
[11:51:31] [REI-AsyncSearchManager-0/TRACE] [REI] Search "gras" Used and Applied [Thread[#181,REI-AsyncSearchManager-0,10,main]]: 2.065 ms
[11:51:32] [Render thread/DEBUG] [REI] Created search filter with "grass" using Default
[11:51:32] [Render thread/DEBUG] [REI] Starting Search: "grass" with 4365 stacks, shouldAsync: true on Render thread
[11:51:32] [Render thread/DEBUG] [REI] Async Search: 11 partitions for "grass"
[11:51:32] [REI-AsyncSearchManager-0/TRACE] [REI] Search "grass" Used [Thread[#181,REI-AsyncSearchManager-0,10,main]]: 1.391 ms
[11:51:32] [REI-AsyncSearchManager-0/TRACE] [REI] Search "grass" Used and Applied [Thread[#181,REI-AsyncSearchManager-0,10,main]]: 1.467 ms
[11:51:54] [Render thread/DEBUG] [REI] Starting Search: "grass" with 4365 stacks, shouldAsync: true on Render thread
[11:51:54] [Render thread/DEBUG] [REI] Async Search: 11 partitions for "grass"
[11:51:54] [REI-AsyncSearchManager-0/TRACE] [REI] Search "grass" Used [Thread[#181,REI-AsyncSearchManager-0,10,main]]: 3.702 ms
[11:51:54] [REI-AsyncSearchManager-0/TRACE] [REI] Search "grass" Used and Applied [Thread[#181,REI-AsyncSearchManager-0,10,main]]: 4.011 ms
[11:52:12] [Render thread/DEBUG] [REI] Created search filter with "'" using Default
[11:52:12] [Render thread/DEBUG] [REI] Starting Search: "'" with 4365 stacks, shouldAsync: true on Render thread
[11:52:12] [Render thread/DEBUG] [REI] Async Search: 11 partitions for "'"
[11:52:12] [REI-AsyncSearchManager-1/TRACE] [REI] Search "'" Used [Thread[#183,REI-AsyncSearchManager-1,10,main]]: 3.831 ms
[11:52:12] [REI-AsyncSearchManager-1/TRACE] [REI] Search "'" Used and Applied [Thread[#183,REI-AsyncSearchManager-1,10,main]]: 4.266 ms
[11:52:13] [Render thread/DEBUG] [REI] Created search filter with "'e" using Default
[11:52:13] [Render thread/DEBUG] [REI] Starting Search: "'e" with 4365 stacks, shouldAsync: true on Render thread
[11:52:13] [Render thread/DEBUG] [REI] Async Search: 11 partitions for "'e"
[11:52:13] [REI-AsyncSearchManager-3/TRACE] [REI] Search "'e" Used [Thread[#190,REI-AsyncSearchManager-3,10,main]]: 1.197 ms
[11:52:13] [REI-AsyncSearchManager-3/TRACE] [REI] Search "'e" Used and Applied [Thread[#190,REI-AsyncSearchManager-3,10,main]]: 1.260 ms
[11:52:13] [Render thread/DEBUG] [REI] Created search filter with "'el" using Default
[11:52:13] [Render thread/DEBUG] [REI] Starting Search: "'el" with 4365 stacks, shouldAsync: true on Render thread
[11:52:13] [Render thread/DEBUG] [REI] Async Search: 11 partitions for "'el"
[11:52:13] [REI-AsyncSearchManager-3/TRACE] [REI] Search "'el" Used [Thread[#190,REI-AsyncSearchManager-3,10,main]]: 1.329 ms
[11:52:13] [REI-AsyncSearchManager-3/TRACE] [REI] Search "'el" Used and Applied [Thread[#190,REI-AsyncSearchManager-3,10,main]]: 1.383 ms
[11:52:13] [Render thread/DEBUG] [REI] Created search filter with "'ele" using Default
[11:52:13] [Render thread/DEBUG] [REI] Starting Search: "'ele" with 4365 stacks, shouldAsync: true on Render thread
[11:52:13] [Render thread/DEBUG] [REI] Async Search: 11 partitions for "'ele"
[11:52:13] [REI-AsyncSearchManager-3/TRACE] [REI] Search "'ele" Used [Thread[#190,REI-AsyncSearchManager-3,10,main]]: 2.263 ms
[11:52:13] [REI-AsyncSearchManager-3/TRACE] [REI] Search "'ele" Used and Applied [Thread[#190,REI-AsyncSearchManager-3,10,main]]: 2.326 ms
[11:52:13] [Render thread/DEBUG] [REI] Created search filter with "'elec" using Default
[11:52:13] [Render thread/DEBUG] [REI] Starting Search: "'elec" with 4365 stacks, shouldAsync: true on Render thread
[11:52:13] [Render thread/DEBUG] [REI] Async Search: 11 partitions for "'elec"
[11:52:13] [REI-AsyncSearchManager-1/TRACE] [REI] Search "'elec" Used [Thread[#183,REI-AsyncSearchManager-1,10,main]]: 2.788 ms
[11:52:13] [REI-AsyncSearchManager-1/TRACE] [REI] Search "'elec" Used and Applied [Thread[#183,REI-AsyncSearchManager-1,10,main]]: 2.916 ms
[11:52:13] [Render thread/DEBUG] [REI] Created search filter with "'elect" using Default
[11:52:13] [Render thread/DEBUG] [REI] Starting Search: "'elect" with 4365 stacks, shouldAsync: true on Render thread
[11:52:13] [Render thread/DEBUG] [REI] Async Search: 11 partitions for "'elect"
[11:52:13] [REI-AsyncSearchManager-3/TRACE] [REI] Search "'elect" Used [Thread[#190,REI-AsyncSearchManager-3,10,main]]: 2.984 ms
[11:52:13] [REI-AsyncSearchManager-3/TRACE] [REI] Search "'elect" Used and Applied [Thread[#190,REI-AsyncSearchManager-3,10,main]]: 3.071 ms
[11:52:14] [Render thread/DEBUG] [REI] Created search filter with "@" using Default
[11:52:14] [Render thread/DEBUG] [REI] Starting Search: "@" with 4365 stacks, shouldAsync: true on Render thread
[11:52:14] [Render thread/DEBUG] [REI] Async Search: 11 partitions for "@"
[11:52:14] [REI-AsyncSearchManager-3/TRACE] [REI] Search "@" Used [Thread[#190,REI-AsyncSearchManager-3,10,main]]: 6.002 ms
[11:52:14] [REI-AsyncSearchManager-3/TRACE] [REI] Search "@" Used and Applied [Thread[#190,REI-AsyncSearchManager-3,10,main]]: 7.737 ms
[11:52:15] [Render thread/DEBUG] [REI] Created search filter with "@e" using Default
[11:52:15] [Render thread/DEBUG] [REI] Starting Search: "@e" with 4365 stacks, shouldAsync: true on Render thread
[11:52:15] [Render thread/DEBUG] [REI] Async Search: 11 partitions for "@e"
[11:52:15] [REI-AsyncSearchManager-0/TRACE] [REI] Search "@e" Used [Thread[#181,REI-AsyncSearchManager-0,10,main]]: 1.471 ms
[11:52:15] [REI-AsyncSearchManager-0/TRACE] [REI] Search "@e" Used and Applied [Thread[#181,REI-AsyncSearchManager-0,10,main]]: 2.593 ms
[11:52:15] [Render thread/DEBUG] [REI] Created search filter with "@el" using Default
[11:52:15] [Render thread/DEBUG] [REI] Starting Search: "@el" with 4365 stacks, shouldAsync: true on Render thread
[11:52:15] [Render thread/DEBUG] [REI] Async Search: 11 partitions for "@el"
[11:52:15] [REI-AsyncSearchManager-0/TRACE] [REI] Search "@el" Used [Thread[#181,REI-AsyncSearchManager-0,10,main]]: 2.097 ms
[11:52:15] [REI-AsyncSearchManager-0/TRACE] [REI] Search "@el" Used and Applied [Thread[#181,REI-AsyncSearchManager-0,10,main]]: 2.494 ms
[11:52:15] [Render thread/DEBUG] [REI] Created search filter with "@ele" using Default
[11:52:15] [Render thread/DEBUG] [REI] Starting Search: "@ele" with 4365 stacks, shouldAsync: true on Render thread
[11:52:15] [Render thread/DEBUG] [REI] Async Search: 11 partitions for "@ele"
[11:52:15] [REI-AsyncSearchManager-3/TRACE] [REI] Search "@ele" Used [Thread[#190,REI-AsyncSearchManager-3,10,main]]: 642.2 μs
[11:52:15] [REI-AsyncSearchManager-3/TRACE] [REI] Search "@ele" Used and Applied [Thread[#190,REI-AsyncSearchManager-3,10,main]]: 817.2 μs
[11:52:15] [Render thread/DEBUG] [REI] Created search filter with "@elec" using Default
[11:52:15] [Render thread/DEBUG] [REI] Starting Search: "@elec" with 4365 stacks, shouldAsync: true on Render thread
[11:52:15] [Render thread/DEBUG] [REI] Async Search: 11 partitions for "@elec"
[11:52:15] [REI-AsyncSearchManager-3/TRACE] [REI] Search "@elec" Used [Thread[#190,REI-AsyncSearchManager-3,10,main]]: 1.454 ms
[11:52:15] [REI-AsyncSearchManager-3/TRACE] [REI] Search "@elec" Used and Applied [Thread[#190,REI-AsyncSearchManager-3,10,main]]: 1.903 ms
[11:52:15] [Render thread/DEBUG] [REI] Created search filter with "@elect" using Default
[11:52:15] [Render thread/DEBUG] [REI] Starting Search: "@elect" with 4365 stacks, shouldAsync: true on Render thread
[11:52:15] [Render thread/DEBUG] [REI] Async Search: 11 partitions for "@elect"
[11:52:15] [REI-AsyncSearchManager-0/TRACE] [REI] Search "@elect" Used [Thread[#181,REI-AsyncSearchManager-0,10,main]]: 2.658 ms
[11:52:15] [REI-AsyncSearchManager-0/TRACE] [REI] Search "@elect" Used and Applied [Thread[#181,REI-AsyncSearchManager-0,10,main]]: 3.279 ms
[11:52:15] [Render thread/DEBUG] [REI] Created search filter with "@electr" using Default
[11:52:15] [Render thread/DEBUG] [REI] Starting Search: "@electr" with 4365 stacks, shouldAsync: true on Render thread
[11:52:15] [Render thread/DEBUG] [REI] Async Search: 11 partitions for "@electr"
[11:52:15] [REI-AsyncSearchManager-0/TRACE] [REI] Search "@electr" Used [Thread[#181,REI-AsyncSearchManager-0,10,main]]: 2.258 ms
[11:52:15] [REI-AsyncSearchManager-0/TRACE] [REI] Search "@electr" Used and Applied [Thread[#181,REI-AsyncSearchManager-0,10,main]]: 2.774 ms
[11:52:20] [Render thread/TRACE] [REI] Built Recipe View in 6.279 ms for 0 categories, 0 recipes for, 1 usages for and 1 live recipe generators.
[11:52:20] [Render thread/DEBUG] [REI] Starting Search: "@electr" with 4365 stacks, shouldAsync: true on Render thread
[11:52:20] [Render thread/DEBUG] [REI] Async Search: 11 partitions for "@electr"
[11:52:20] [REI-AsyncSearchManager-0/TRACE] [REI] Search "@electr" Used [Thread[#181,REI-AsyncSearchManager-0,10,main]]: 956.2 μs
[11:52:20] [REI-AsyncSearchManager-0/TRACE] [REI] Search "@electr" Used and Applied [Thread[#181,REI-AsyncSearchManager-0,10,main]]: 1.222 ms
[11:52:23] [Render thread/TRACE] [REI] Built Recipe View in 3.447 ms for 0 categories, 0 recipes for, 1 usages for and 1 live recipe generators.
[11:52:24] [Render thread/TRACE] [REI] Built Recipe View in 3.979 ms for 0 categories, 0 recipes for, 1 usages for and 1 live recipe generators.
[11:52:25] [Render thread/TRACE] [REI] Built Recipe View in 2.316 ms for 0 categories, 0 recipes for, 1 usages for and 1 live recipe generators.
[11:52:26] [Render thread/TRACE] [REI] Built Recipe View in 2.442 ms for 0 categories, 0 recipes for, 1 usages for and 1 live recipe generators.
[11:52:27] [Render thread/TRACE] [REI] Built Recipe View in 3.071 ms for 0 categories, 0 recipes for, 1 usages for and 1 live recipe generators.
[11:52:29] [Render thread/TRACE] [REI] Built Recipe View in 2.890 ms for 0 categories, 0 recipes for, 1 usages for and 1 live recipe generators.
[11:52:29] [Render thread/TRACE] [REI] Built Recipe View in 4.082 ms for 0 categories, 0 recipes for, 1 usages for and 1 live recipe generators.
[11:52:29] [Render thread/TRACE] [REI] Built Recipe View in 2.771 ms for 0 categories, 0 recipes for, 1 usages for and 1 live recipe generators.
[11:52:29] [Render thread/TRACE] [REI] Built Recipe View in 4.094 ms for 0 categories, 0 recipes for, 1 usages for and 1 live recipe generators.
[11:52:30] [Render thread/TRACE] [REI] Built Recipe View in 2.122 ms for 0 categories, 0 recipes for, 1 usages for and 1 live recipe generators.
[11:52:32] [Render thread/DEBUG] [REI] Player quit, clearing reload tasks!
[11:52:32] [Render thread/DEBUG] [REI] Did not fulfill the request of termination of REI reload tasks because there are no uninterrupted running tasks. This is not an error.
