[28May2026 14:49:00.225] [main/INFO] [cpw.mods.modlauncher.Launcher/MODLAUNCHER]: ModLauncher running: args [--username, Bigh2011x, --version, 1.20.1, --gameDir, /home/bigh/.var/app/org.prismlauncher.PrismLauncher/data/PrismLauncher/instances/GregTech Community Pack Modern/minecraft, --assetsDir, /home/bigh/.var/app/org.prismlauncher.PrismLauncher/data/PrismLauncher/assets, --assetIndex, 5, --uuid, 4ad7ad70dd98470aa438bf61b02daec8, --accessToken, ❄❄❄❄❄❄❄❄, --userType, msa, --versionType, release, --launchTarget, forgeclient, --fml.forgeVersion, 47.4.10, --fml.mcVersion, 1.20.1, --fml.forgeGroup, net.minecraftforge, --fml.mcpVersion, 20230612.114412, --width, 854, --height, 480]
[28May2026 14:49:00.228] [main/INFO] [cpw.mods.modlauncher.Launcher/MODLAUNCHER]: ModLauncher 10.0.9+10.0.9+main.dcd20f30 starting: java version 17.0.15 by Microsoft; OS Linux arch amd64 version 6.17.0-29-generic
[28May2026 14:49:00.925] [main/INFO] [net.minecraftforge.fml.loading.ImmediateWindowHandler/]: Loading ImmediateWindowProvider fmlearlywindow
[28May2026 14:49:00.981] [main/INFO] [EARLYDISPLAY/]: Trying GL version 4.6
[28May2026 14:49:01.104] [main/INFO] [EARLYDISPLAY/]: Requested GL version 4.6 got version 4.6
[28May2026 14:49:01.220] [main/WARN] [CrashAssistantJarInJarHelper/]: Stream injection failed; legacy loggers may retain blocking behavior.
[28May2026 14:49:01.221] [main/INFO] [CrashAssistantJarInJarHelper/]: Launching CrashAssistantApp (CrashAssistant-forge-1.19-1.20.1-1.11.9.jar)
[28May2026 14:49:01.223] [main/WARN] [CrashAssistantJarInJarHelper/]: Closed old CrashAssistantApp process to prevent confusing the player with window containing information from old crash.
[28May2026 14:49:01.295] [pool-2-thread-1/INFO] [EARLYDISPLAY/]: GL info: NVIDIA GeForce RTX 3060/PCIe/SSE2 GL version 4.6.0 NVIDIA 595.71.05, NVIDIA Corporation
[28May2026 14:49:01.465] [main/INFO] [mixin/]: SpongePowered MIXIN Subsystem Version=0.8.5 Source=union:/home/bigh/.var/app/org.prismlauncher.PrismLauncher/data/PrismLauncher/libraries/org/spongepowered/mixin/0.8.5/mixin-0.8.5.jar%23140!/ Service=ModLauncher Env=CLIENT
[28May2026 14:49:01.810] [main/WARN] [net.minecraftforge.fml.loading.moddiscovery.ModFileParser/LOADING]: Mod file /home/bigh/.var/app/org.prismlauncher.PrismLauncher/data/PrismLauncher/libraries/net/minecraftforge/fmlcore/1.20.1-47.4.10/fmlcore-1.20.1-47.4.10.jar is missing mods.toml file
[28May2026 14:49:01.811] [main/WARN] [net.minecraftforge.fml.loading.moddiscovery.ModFileParser/LOADING]: Mod file /home/bigh/.var/app/org.prismlauncher.PrismLauncher/data/PrismLauncher/libraries/net/minecraftforge/javafmllanguage/1.20.1-47.4.10/javafmllanguage-1.20.1-47.4.10.jar is missing mods.toml file
[28May2026 14:49:01.811] [main/WARN] [net.minecraftforge.fml.loading.moddiscovery.ModFileParser/LOADING]: Mod file /home/bigh/.var/app/org.prismlauncher.PrismLauncher/data/PrismLauncher/libraries/net/minecraftforge/lowcodelanguage/1.20.1-47.4.10/lowcodelanguage-1.20.1-47.4.10.jar is missing mods.toml file
[28May2026 14:49:01.811] [main/WARN] [net.minecraftforge.fml.loading.moddiscovery.ModFileParser/LOADING]: Mod file /home/bigh/.var/app/org.prismlauncher.PrismLauncher/data/PrismLauncher/libraries/net/minecraftforge/mclanguage/1.20.1-47.4.10/mclanguage-1.20.1-47.4.10.jar is missing mods.toml file
[28May2026 14:49:01.983] [CrashAssistantApp process logger/INFO] [ChildProcessLogger/]: CrashAssistantApp process successfully started.
[28May2026 14:49:02.660] [main/WARN] [net.minecraftforge.jarjar.selection.JarSelector/]: Attempted to select a dependency jar for JarJar which was passed in as source: configuration. Using Mod File: /home/bigh/.var/app/org.prismlauncher.PrismLauncher/data/PrismLauncher/instances/GregTech Community Pack Modern/minecraft/mods/configuration-forge-1.20.1-3.1.0.jar
[28May2026 14:49:02.660] [main/INFO] [net.minecraftforge.fml.loading.moddiscovery.JarInJarDependencyLocator/]: Found 39 dependencies adding them to mods collection
[28May2026 14:49:04.761] [main/INFO] [mixin/]: Compatibility level set to JAVA_17
[28May2026 14:49:04.863] [main/ERROR] [mixin/]: Mixin config zfastnoise.mixins.json does not specify "minVersion" property
[28May2026 14:49:04.911] [main/ERROR] [mixin/]: Mixin config rei.mixins.json does not specify "minVersion" property
[28May2026 14:49:04.934] [main/ERROR] [mixin/]: Mixin config yacl.mixins.json does not specify "minVersion" property
[28May2026 14:49:04.954] [main/INFO] [mixin/]: Successfully loaded Mixin Connector [de.erdbeerbaerlp.dcintegration.forge.DCMixinConnector]
[28May2026 14:49:04.954] [main/INFO] [mixin/]: Successfully loaded Mixin Connector [com.leobeliik.extremesoundmuffler.MixinConnector]
[28May2026 14:49:04.955] [main/INFO] [mixin/]: Successfully loaded Mixin Connector [mcinterface1201.mixin.MixinConnector]
[28May2026 14:49:04.955] [main/INFO] [cpw.mods.modlauncher.LaunchServiceHandler/MODLAUNCHER]: Launching target 'forgeclient' with arguments [--version, 1.20.1, --gameDir, /home/bigh/.var/app/org.prismlauncher.PrismLauncher/data/PrismLauncher/instances/GregTech Community Pack Modern/minecraft, --assetsDir, /home/bigh/.var/app/org.prismlauncher.PrismLauncher/data/PrismLauncher/assets, --uuid, 4ad7ad70dd98470aa438bf61b02daec8, --username, Bigh2011x, --assetIndex, 5, --accessToken, ❄❄❄❄❄❄❄❄, --userType, msa, --versionType, release, --width, 854, --height, 480]
[28May2026 14:49:04.999] [main/INFO] [ModernFix/]: Loaded configuration file for ModernFix 5.27.40+mc1.20.1: 108 options available, 1 override(s) found
[28May2026 14:49:05.000] [main/WARN] [ModernFix/]: Option 'mixin.perf.thread_priorities' overriden (by mods [smoothboot]) to 'false'
[28May2026 14:49:05.000] [main/INFO] [ModernFix/]: Applying Nashorn fix
[28May2026 14:49:05.011] [main/INFO] [ModernFix/]: Applied Forge config corruption patch
[28May2026 14:49:05.027] [main/WARN] [mixin/]: Reference map '' for chat_heads.forge.mixins.json could not be read. If this is a development environment you can ignore this message
[28May2026 14:49:05.040] [main/INFO] [Embeddium/]: Loaded configuration file for Embeddium: 223 options available, 3 override(s) found
[28May2026 14:49:05.041] [main/INFO] [Embeddium-GraphicsAdapterProbe/]: Searching for graphics cards...
[28May2026 14:49:05.065] [main/INFO] [Embeddium-GraphicsAdapterProbe/]: Found graphics card: GraphicsAdapterInfo[vendor=NVIDIA, name=GA106 [GeForce RTX 3060 Lite Hash Rate], version=unknown]
[28May2026 14:49:05.068] [main/WARN] [Embeddium-Workarounds/]: Embeddium has applied one or more workarounds to prevent crashes or other issues on your system: [NVIDIA_THREADED_OPTIMIZATIONS]
[28May2026 14:49:05.068] [main/WARN] [Embeddium-Workarounds/]: This is not necessarily an issue, but it may result in certain features or optimizations being disabled. You can sometimes fix these issues by upgrading your graphics driver.
[28May2026 14:49:05.080] [main/WARN] [mixin/]: Reference map 'handcrafted-forge-1.20.1-forge-refmap.json' for handcrafted.mixins.json could not be read. If this is a development environment you can ignore this message
[28May2026 14:49:05.083] [main/WARN] [mixin/]: Reference map 'expanded_ecosphere-forge-refmap.json' for wwoo.mixins.json could not be read. If this is a development environment you can ignore this message
[28May2026 14:49:05.129] [main/INFO] [Radium Config/]: Loaded configuration file for Radium: 125 options available, 1 override(s) found
[28May2026 14:49:05.143] [main/WARN] [mixin/]: Reference map 'puzzlesaccessapi.common.refmap.json' for puzzlesaccessapi.common.mixins.json could not be read. If this is a development environment you can ignore this message
[28May2026 14:49:05.153] [main/WARN] [mixin/]: Reference map 'LongerChatHistory-forge-refmap.json' for longerchathistory.mixins.json could not be read. If this is a development environment you can ignore this message
[28May2026 14:49:05.185] [main/INFO] [Puzzles Lib/]: Loading 178 mods:
	- adorn 5.0.1+1.20.1
	- advancedperipherals 0.7.46r
	- ae2 15.4.10
	- ae2ct 1.20.1-1.1.1
	- ae2wtlib 15.3.3-forge
	- almostunified 1.20.1-0.11.0
	- alternate_current 1.7.0
	- appleskin 2.5.1+mc1.20.1
	- architects_palette 1.3.6.1
	- architectury 9.2.14
	- attributefix 21.0.5
	- badpackets 0.4.3
	- balm 7.3.38
		\-- kuma_api 20.1.12
	- betterendcities 1.0.0-1.20.1
	- betterfortresses 1.20-Forge-2.0.6
	- bookshelf 20.2.15
	- botarium 2.3.4
	- buildinggadgets2 1.0.8
	- carryon 2.1.2.7
	- chat_heads 0.15.1
	- chatplus 2.8.1
	- chunky 1.3.146
	- clienttweaks 11.1.6
	- cloth_config 11.1.136
	- clumps 12.0.0.4
	- codechickenlib 4.4.0.516
	- computercraft 1.119.0
	- configuration 3.1.0
	- controlling 12.0.2
	- cookingforblockheads 16.0.15
	- craftingstation 1.20.1-1.4.0
	- craftingtweaks 18.2.9
	- crash_assistant 1.11.9
	- create 6.0.8
	- create_enchantment_industry 1.3.3-for-create-6.0.6
	- createaddition 1.20.1-1.3.3
	- createbigcannons 5.11.3
	- createdeco 2.0.3-1.20.1-forge
	- cristellib 1.1.6
	- cucumber 7.0.16
	- curios 5.14.1+1.20.1
	- dcintegration 3.0.7.1
	- defaultoptions 18.0.4
	- delightlib 26.05.18-1.20-forge
	- embeddium 0.3.31+mc1.20.1
		\-- rubidium 0.7.1
	- emojiful 4.2.0
	- enderio 6.2.18-beta
	- enderstorage 2.11.0.188
	- enigmaticgraves 1.8.0
	- expanded_ecosphere 3.2.4
	- expatternprovider 1.20-1.4.15-forge
	- extendedcrafting 6.0.10
	- extremesoundmuffler 3.51
	- farmers_structures 1.0.4
	- farmersdelight 1.20.1-1.3.2
	- fastleafdecay 32
	- fastload 3.4.0
	- fastsuite 5.1.2
	- ferritecore 6.0.1
	- findme 3.2.3
	- forge 47.4.10
	- fpsreducer 1.20.1-2.5.1
	- fragmentum 1.3.0
		\-- yet_another_config_lib_v3 3.6.6+1.20.1-forge
	- framedblocks 9.4.3
	- ftbbackups2 1.0.23
	- ftbchunks 2001.3.7
	- ftbessentials 2001.2.4
	- ftblibrary 2001.2.12
	- ftbquests 2001.4.22
	- ftbteams 2001.3.2
	- ftbxmodcompat 2.1.3
	- gcyr 0.2.8
	- geophilic 3.5
	- glitchcore 0.0.1.1
	- glodium 1.20-1.5-forge
	- greate 0.0.77
	- gt_solar 0.2.1
	- gtceu 7.5.3
		\-- ldlib 1.0.40.b
	- gtec 0.2.1
	- gtmutils 2.9.1
	- guideme 20.1.14
	- handcrafted 3.0.6
	- hangglider 8.0.1
	- iceberg 1.1.25
	- incendium 5.3.5
	- industrialforegoing 3.5.22
	- inventoryessentials 8.2.16
	- inventoryprofilesnext 1.10.20
	- ironjetpacks 7.0.9
	- itemfilters 2001.1.0-build.59
	- jade 11.13.2+forge
	- javd 5.0.1+mc1.20.1
	- kotlinforforge 4.12.0
	- kubejs 2001.6.5-build.26
	- libipn 4.0.2
	- libx 1.20.1-5.0.14
	- lithostitched 1.4.11
	- longerchathistory 1.3
	- lootjs 1.20.1-2.13.1
	- lootr 0.7.35.94
	- mae2 2.0.0
	- mantle 1.11.104
	- mes 2.0.3
	- minecraft 1.20.1
	- mns 2.0.4
	- modelfix 1.15
	- modernfix 5.27.40+mc1.20.1
	- moldraw 3.3.0
	- moogs_structures 1.1.0-1.20-1.20.4
	- moonlight 1.20-2.16.32
		\-- mixinsquared 0.1.1
	- moredelight 26.05.20-1.20-forge
	- mousetweaks 2.25.1
	- mss 2.1.0
	- mts 24.0.0
	- mtsofficialpack 29
	- mvs 5.0.6
	- nochatreports 1.20.1-v2.2.2
	- nochatrestrictions 1.20.1-v1.0.0
	- notenoughcrashes 4.4.9+1.20.1
	- nuclearcraft 1.2.23
		|-- flywheel 1.0.6-278
		\-- ponder 1.0.92
	- nullscape 1.2.8
	- obscure_tooltips 3.10.0
	- oculus 1.8.0
	- packagedauto 3.4.15.46
	- packagedexcrafting 3.4.0.20
	- packagedexexcrafting 1.0.0.6
	- patchouli 1.20.1-85-FORGE
	- placebo 8.6.3
	- polyeng 0.1.1-1.20.1
	- polylib 2000.0.3-build.143
	- polymorph 0.49.10+1.20.1
		\-- spectrelib 0.13.17+1.20.1
	- puzzleslib 8.1.33
		\-- puzzlesaccessapi 20.1.1
	- quark 4.0-462
	- radium 0.12.4+git.26c9d8e
	- railways 1.7.2+forge-mc1.20.1
	- resourcefulconfig 2.1.3
	- resourcefullib 2.1.29
	- rhino 2001.2.3-build.10
	- ritchiesprojectilelib 2.1.1
	- roughlyenoughitems 12.1.785
	- searchables 1.0.3
	- smoothboot 0.0.4
	- solcarrot 1.15.1
	- sophisticatedbackpacks 3.24.43.1789
	- sophisticatedcore 1.3.38.1893
	- sophisticatedstorage 1.4.48.1754
	- spark 1.10.53
	- steamadditions 1.5.1
	- supplementaries 1.20-3.1.43
	- tconstruct 3.11.2.172
	- terrablender 3.0.1.10
	- tinygates 1.20-4.0.0
	- tinypipes 1.20-4.0.1
	- tinyredstone 1.20-5.0.3
	- titanium 3.8.34
	- toastcontrol 8.0.3
	- toolbelt 1.20.03
	- tooltipoverhaul 1.4.3
	- torchmaster 20.1.9
	- travelanchors 1.20.1-5.0.1
	- trenzalore 3.3.10
	- vista 1.20-3.1.3
	- xaerominimap 25.3.13
	- xaeroworldmap 1.40.16
		\-- xaerolib 1.1.15
	- xtonesreworked 1.0.4
	- yeetusexperimentus 2.3.1-build.6+mc1.20.1
	- yungsapi 1.20-Forge-4.0.6
	- zeta 1.0-31
	- zfastnoise 1.0.11
[28May2026 14:49:05.230] [main/WARN] [mixin/]: Reference map 'cristellib-forge-refmap.json' for cristellib.mixins.json could not be read. If this is a development environment you can ignore this message
[28May2026 14:49:05.244] [main/WARN] [mixin/]: Reference map 'cookingforblockheads.refmap.json' for cookingforblockheads.mixins.json could not be read. If this is a development environment you can ignore this message
[28May2026 14:49:05.257] [main/INFO] [fpsreducer/]: OptiFine was NOT detected.
[28May2026 14:49:05.259] [main/INFO] [fpsreducer/]: OptiFabric was NOT detected.
[28May2026 14:49:05.731] [main/WARN] [mixin/]: Error loading class: com/ultramega/showcaseitem/ShowcaseItemFeature (java.lang.ClassNotFoundException: com.ultramega.showcaseitem.ShowcaseItemFeature)
[28May2026 14:49:05.822] [main/WARN] [mixin/]: Error loading class: mekanism/client/render/entity/RenderFlame (java.lang.ClassNotFoundException: mekanism.client.render.entity.RenderFlame)
[28May2026 14:49:05.823] [main/WARN] [mixin/]: Error loading class: mekanism/client/render/armor/MekaSuitArmor (java.lang.ClassNotFoundException: mekanism.client.render.armor.MekaSuitArmor)
[28May2026 14:49:05.874] [main/WARN] [Radium Config/]: Force-disabling mixin 'alloc.blockstate.StateMixin' as option 'mixin.alloc.blockstate' (added by mods [ferritecore]) disables it and children
[28May2026 14:49:06.082] [main/INFO] [net.minecraftforge.coremod.CoreMod.placebo/COREMODLOG]: Patching IForgeItemStack#getEnchantmentLevel
[28May2026 14:49:06.086] [main/INFO] [net.minecraftforge.coremod.CoreMod.placebo/COREMODLOG]: Patching IForgeItemStack#getEnchantmentLevel
[28May2026 14:49:06.274] [main/INFO] [fpsreducer/]: bre2el.fpsreducer.mixin.RenderSystemMixin will be applied.
[28May2026 14:49:06.274] [main/INFO] [fpsreducer/]: bre2el.fpsreducer.mixin.WindowMixin will NOT be applied because OptiFine was NOT detected.
[28May2026 14:49:06.315] [main/WARN] [IMixinConfigPlugin/]: Inventory Profiles Next: Doing our own dependency resolving! Because Forge is being Forge....: https://github.com/MinecraftForge/MinecraftForge/issues/9088
[28May2026 14:49:06.322] [main/WARN] [mixin/]: Error loading class: de/maxhenkel/easyvillagers/blocks/tileentity/TraderTileentityBase (java.lang.ClassNotFoundException: de.maxhenkel.easyvillagers.blocks.tileentity.TraderTileentityBase)
[28May2026 14:49:06.322] [main/WARN] [mixin/]: @Mixin target de.maxhenkel.easyvillagers.blocks.tileentity.TraderTileentityBase was not found mixins.ipnext.json:MixinTraderTileEntityBase
[28May2026 14:49:06.367] [main/WARN] [mixin/]: Error loading class: dev/emi/emi/network/FillRecipeC2SPacket (java.lang.ClassNotFoundException: dev.emi.emi.network.FillRecipeC2SPacket)
[28May2026 14:49:06.367] [main/WARN] [mixin/]: @Mixin target dev.emi.emi.network.FillRecipeC2SPacket was not found craftingstation.mixins.json:EmiPacketMixin
[28May2026 14:49:06.403] [main/WARN] [mixin/]: Error loading class: mekanism/common/lib/radiation/RadiationManager (java.lang.ClassNotFoundException: mekanism.common.lib.radiation.RadiationManager)
[28May2026 14:49:06.403] [main/WARN] [mixin/]: @Mixin target mekanism.common.lib.radiation.RadiationManager was not found nuclearcraft.mixins.json:MekRadiationManager
[28May2026 14:49:06.459] [main/WARN] [mixin/]: Error loading class: com/simibubi/create/foundation/ponder/PonderWorld (java.lang.ClassNotFoundException: com.simibubi.create.foundation.ponder.PonderWorld)
[28May2026 14:49:06.465] [main/WARN] [mixin/]: Error loading class: blusunrize/immersiveengineering/api/wires/GlobalWireNetwork (java.lang.ClassNotFoundException: blusunrize.immersiveengineering.api.wires.GlobalWireNetwork)
[28May2026 14:49:06.465] [main/WARN] [mixin/]: @Mixin target blusunrize.immersiveengineering.api.wires.GlobalWireNetwork was not found mixins.epp.json:MixinGlobalWireNetwork
[28May2026 14:49:06.486] [main/WARN] [mixin/]: Error loading class: dev/emi/emi/EmiUtil (java.lang.ClassNotFoundException: dev.emi.emi.EmiUtil)
[28May2026 14:49:06.488] [main/WARN] [mixin/]: Error loading class: mezz/modnametooltip/TooltipEventHandler (java.lang.ClassNotFoundException: mezz.modnametooltip.TooltipEventHandler)
[28May2026 14:49:06.523] [main/WARN] [mixin/]: Error loading class: dev/emi/emi/api/stack/FluidEmiStack (java.lang.ClassNotFoundException: dev.emi.emi.api.stack.FluidEmiStack)
[28May2026 14:49:06.523] [main/WARN] [mixin/]: @Mixin target dev.emi.emi.api.stack.FluidEmiStack was not found moldraw.mixins.json:FluidEmiStackMixin
[28May2026 14:49:06.525] [main/WARN] [mixin/]: Error loading class: mezz/jei/common/gui/JeiTooltip (java.lang.ClassNotFoundException: mezz.jei.common.gui.JeiTooltip)
[28May2026 14:49:06.525] [main/WARN] [mixin/]: @Mixin target mezz.jei.common.gui.JeiTooltip was not found moldraw.mixins.json:JeiTooltipMixin
[28May2026 14:49:06.527] [main/WARN] [mixin/]: Error loading class: mezz/jei/forge/platform/FluidHelper (java.lang.ClassNotFoundException: mezz.jei.forge.platform.FluidHelper)
[28May2026 14:49:06.527] [main/WARN] [mixin/]: @Mixin target mezz.jei.forge.platform.FluidHelper was not found moldraw.mixins.json:FluidHelperMixin
[28May2026 14:49:06.648] [main/WARN] [mixin/]: Error loading class: net/raphimc/immediatelyfast/feature/map_atlas_generation/MapAtlasTexture (java.lang.ClassNotFoundException: net.raphimc.immediatelyfast.feature.map_atlas_generation.MapAtlasTexture)
[28May2026 14:49:06.721] [main/WARN] [Embeddium/]: Force-disabling mixin 'features.render.world.sky.WorldRendererMixin' as rule 'mixin.features.render.world.sky' (added by mods [oculus]) disables it and children
[28May2026 14:49:06.721] [main/WARN] [Embeddium/]: Force-disabling mixin 'features.render.world.sky.ClientWorldMixin' as rule 'mixin.features.render.world.sky' (added by mods [oculus]) disables it and children
[28May2026 14:49:06.721] [main/WARN] [Embeddium/]: Force-disabling mixin 'features.render.world.sky.BackgroundRendererMixin' as rule 'mixin.features.render.world.sky' (added by mods [oculus]) disables it and children
[28May2026 14:49:06.723] [main/WARN] [Embeddium/]: Force-disabling mixin 'features.render.gui.font.GlyphRendererMixin' as rule 'mixin.features.render.gui.font' (added by mods [oculus]) disables it and children
[28May2026 14:49:06.723] [main/WARN] [Embeddium/]: Force-disabling mixin 'features.render.gui.font.FontSetMixin' as rule 'mixin.features.render.gui.font' (added by mods [oculus]) disables it and children
[28May2026 14:49:06.723] [main/WARN] [Embeddium/]: Force-disabling mixin 'features.render.entity.shadows.EntityRenderDispatcherMixin' as rule 'mixin.features.render.entity' (added by mods [oculus]) disables it and children
[28May2026 14:49:06.723] [main/WARN] [Embeddium/]: Force-disabling mixin 'features.render.entity.remove_streams.ModelPartMixin' as rule 'mixin.features.render.entity' (added by mods [oculus]) disables it and children
[28May2026 14:49:06.723] [main/WARN] [Embeddium/]: Force-disabling mixin 'features.render.entity.remove_streams.HierarchicalModelMixin' as rule 'mixin.features.render.entity' (added by mods [oculus]) disables it and children
[28May2026 14:49:06.723] [main/WARN] [Embeddium/]: Force-disabling mixin 'features.render.entity.fast_render.ModelPartMixin' as rule 'mixin.features.render.entity' (added by mods [oculus]) disables it and children
[28May2026 14:49:06.724] [main/WARN] [Embeddium/]: Force-disabling mixin 'features.render.entity.fast_render.CuboidMixin' as rule 'mixin.features.render.entity' (added by mods [oculus]) disables it and children
[28May2026 14:49:06.724] [main/WARN] [Embeddium/]: Force-disabling mixin 'features.render.entity.cull.EntityRendererMixin' as rule 'mixin.features.render.entity' (added by mods [oculus]) disables it and children
[28May2026 14:49:06.864] [main/WARN] [mixin/]: Error loading class: org/jetbrains/annotations/ApiStatus$Internal (java.lang.ClassNotFoundException: org.jetbrains.annotations.ApiStatus$Internal)
[28May2026 14:49:06.873] [main/INFO] [MixinExtras|Service/]: Initializing MixinExtras via com.llamalad7.mixinextras.service.MixinExtrasServiceImpl(version=0.5.3).
[28May2026 14:49:06.959] [main/INFO] [net.minecraftforge.coremod.CoreMod.placebo/COREMODLOG]: Patching IForgeItemStack#getEnchantmentLevel
[28May2026 14:49:06.960] [main/INFO] [net.minecraftforge.coremod.CoreMod.placebo/COREMODLOG]: Patching IForgeItemStack#getEnchantmentLevel
[28May2026 14:49:07.059] [main/INFO] [mixin/]: Mixing client.MixinMinecraft from mixins/common/nochatreports.mixins.json into net.minecraft.client.Minecraft
[28May2026 14:49:07.246] [main/INFO] [chatplus/]: Setting java.awt.headless to false
[28May2026 14:49:07.281] [main/INFO] [Smooth Boot (Reloaded)/]: Smooth Boot (Reloaded) config initialized
[28May2026 14:49:07.316] [main/WARN] [mixin/]: Static binding violation: PRIVATE @Overwrite method m_216202_ in modernfix-modernfix.mixins.json:perf.tag_id_caching.TagOrElementLocationMixin cannot reduce visibiliy of PUBLIC target method, visibility will be upgraded.
[28May2026 14:49:07.690] [main/INFO] [mixin/]: Mixing client.MixinTitleScreen from mixins/common/nochatreports.mixins.json into net.minecraft.client.gui.screens.TitleScreen
[28May2026 14:49:07.706] [main/INFO] [mixin/]: Mixing client.MixinChatScreen from mixins/common/nochatreports.mixins.json into net.minecraft.client.gui.screens.ChatScreen
[28May2026 14:49:07.706] [main/INFO] [mixin/]: Renaming synthetic method lambda$onInit$4()Lnet/minecraft/network/chat/Component; to md56901c$lambda$onInit$4$0 in mixins/common/nochatreports.mixins.json:client.MixinChatScreen
[28May2026 14:49:07.706] [main/INFO] [mixin/]: Renaming synthetic method lambda$onInit$3(Lnet/minecraft/client/gui/components/Button;)V to md56901c$lambda$onInit$3$1 in mixins/common/nochatreports.mixins.json:client.MixinChatScreen
[28May2026 14:49:07.706] [main/INFO] [mixin/]: Renaming synthetic method lambda$onInit$2()Lnet/minecraft/network/chat/Component; to md56901c$lambda$onInit$2$2 in mixins/common/nochatreports.mixins.json:client.MixinChatScreen
[28May2026 14:49:07.706] [main/INFO] [mixin/]: Renaming synthetic method lambda$onInit$1(Lnet/minecraft/client/gui/components/Button;)V to md56901c$lambda$onInit$1$3 in mixins/common/nochatreports.mixins.json:client.MixinChatScreen
[28May2026 14:49:07.707] [main/INFO] [mixin/]: Renaming synthetic method lambda$onBeforeMessage$0(Ljava/lang/String;Lorg/spongepowered/asm/mixin/injection/callback/CallbackInfoReturnable;Lcom/aizistral/nochatreports/common/encryption/Encryptor;)V to md56901c$lambda$onBeforeMessage$0$4 in mixins/common/nochatreports.mixins.json:client.MixinChatScreen
[28May2026 14:49:07.954] [pool-4-thread-1/INFO] [net.minecraft.server.Bootstrap/]: ModernFix reached bootstrap stage (9.183 s after launch)
[28May2026 14:49:08.014] [pool-4-thread-1/WARN] [mixin/]: @Final field delegatesByName:Ljava/util/Map; in modernfix-modernfix.mixins.json:perf.forge_registry_alloc.ForgeRegistryMixin should be final
[28May2026 14:49:08.014] [pool-4-thread-1/WARN] [mixin/]: @Final field delegatesByValue:Ljava/util/Map; in modernfix-modernfix.mixins.json:perf.forge_registry_alloc.ForgeRegistryMixin should be final
[28May2026 14:49:08.090] [pool-4-thread-1/INFO] [ModernFix/]: Injecting BlockStateBase cache population hook into getNeighborPathNodeType from me.jellysquid.mods.lithium.mixin.ai.pathing.AbstractBlockStateMixin
[28May2026 14:49:08.091] [pool-4-thread-1/INFO] [ModernFix/]: Injecting BlockStateBase cache population hook into getPathNodeType from me.jellysquid.mods.lithium.mixin.ai.pathing.AbstractBlockStateMixin
[28May2026 14:49:08.091] [pool-4-thread-1/INFO] [ModernFix/]: Injecting BlockStateBase cache population hook into getAllFlags from me.jellysquid.mods.lithium.mixin.util.block_tracking.AbstractBlockStateMixin
[28May2026 14:49:08.634] [pool-4-thread-1/INFO] [net.minecraftforge.coremod.CoreMod.placebo/COREMODLOG]: Patching IForgeItemStack#getEnchantmentLevel
[28May2026 14:49:08.634] [pool-4-thread-1/INFO] [net.minecraftforge.coremod.CoreMod.placebo/COREMODLOG]: Patching IForgeItemStack#getEnchantmentLevel
[28May2026 14:49:08.695] [pool-4-thread-1/INFO] [mixin/]: Mixing common.MixinFriendlyByteBuf from mixins/common/nochatreports.mixins.json into net.minecraft.network.FriendlyByteBuf
[28May2026 14:49:08.695] [pool-4-thread-1/INFO] [mixin/]: Renaming synthetic method lambda$onWriteJsonWithCodec$1(Ljava/lang/Object;Ljava/lang/String;)Lio/netty/handler/codec/EncoderException; to md56901c$lambda$onWriteJsonWithCodec$1$0 in mixins/common/nochatreports.mixins.json:common.MixinFriendlyByteBuf
[28May2026 14:49:08.696] [pool-4-thread-1/INFO] [mixin/]: Renaming synthetic method lambda$onReadJsonWithCodec$0(Ljava/lang/String;)Lio/netty/handler/codec/DecoderException; to md56901c$lambda$onReadJsonWithCodec$0$1 in mixins/common/nochatreports.mixins.json:common.MixinFriendlyByteBuf
[28May2026 14:49:08.741] [pool-4-thread-1/INFO] [net.minecraft.server.Bootstrap/]: Vanilla bootstrap took 773 milliseconds
[28May2026 14:49:09.713] [pool-4-thread-1/INFO] [mixin/]: Mixing server.MixinServerGamePacketListenerImpl from mixins/common/nochatreports.mixins.json into net.minecraft.server.network.ServerGamePacketListenerImpl
[28May2026 14:49:10.124] [pool-4-thread-1/WARN] [mixin/]: Static binding violation: PRIVATE @Overwrite method m_47505_ in modernfix-modernfix.mixins.json:perf.remove_biome_temperature_cache.BiomeMixin cannot reduce visibiliy of PUBLIC target method, visibility will be upgraded.
[28May2026 14:49:10.126] [pool-4-thread-1/WARN] [mixin/]: Method overwrite conflict for m_47505_ in lithium.mixins.json:world.temperature_cache.BiomeMixin, previously written by org.embeddedt.modernfix.common.mixin.perf.remove_biome_temperature_cache.BiomeMixin. Skipping method.
[28May2026 14:49:10.264] [pool-4-thread-1/WARN] [AE2:C/]: Unable to find class com.simibubi.create.foundation.ponder.PonderWorld. Integration with PonderJS disabled.
[28May2026 14:49:10.710] [Render thread/WARN] [mixin/]: Static binding violation: PRIVATE @Overwrite method m_166786_ in embeddium.mixins.json:features.render.immediate.buffer_builder.sorting.BufferBuilderMixin cannot reduce visibiliy of PUBLIC target method, visibility will be upgraded.
[28May2026 14:49:10.794] [Render thread/WARN] [net.minecraft.server.packs.VanillaPackResourcesBuilder/]: Assets URL 'union:/home/bigh/.var/app/org.prismlauncher.PrismLauncher/data/PrismLauncher/libraries/net/minecraft/client/1.20.1-20230612.114412/client-1.20.1-20230612.114412-srg.jar%23481!/assets/.mcassetsroot' uses unexpected schema
[28May2026 14:49:10.795] [Render thread/WARN] [net.minecraft.server.packs.VanillaPackResourcesBuilder/]: Assets URL 'union:/home/bigh/.var/app/org.prismlauncher.PrismLauncher/data/PrismLauncher/libraries/net/minecraft/client/1.20.1-20230612.114412/client-1.20.1-20230612.114412-srg.jar%23481!/data/.mcassetsroot' uses unexpected schema
[28May2026 14:49:10.810] [Render thread/INFO] [com.mojang.authlib.yggdrasil.YggdrasilAuthenticationService/]: Environment: authHost='https://authserver.mojang.com', accountsHost='https://api.mojang.com', sessionHost='https://sessionserver.mojang.com', servicesHost='https://api.minecraftservices.com', name='PROD'
[28May2026 14:49:11.332] [Render thread/INFO] [NoChatRestrictions/]: Successfully supplanted UserApiService with a wrapped version.
[28May2026 14:49:11.332] [Render thread/INFO] [net.minecraft.client.Minecraft/]: Setting user: Bigh2011x
[28May2026 14:49:11.386] [Render thread/INFO] [ModernFix/]: Bypassed Mojang DFU
[28May2026 14:49:11.386] [Render thread/INFO] [mixin/]: Mixing client.MixinToastComponent from mixins/common/nochatreports.mixins.json into net.minecraft.client.gui.components.toasts.ToastComponent
[28May2026 14:49:11.390] [Render thread/INFO] [mixin/]: Mixing client.MixinOptions from mixins/common/nochatreports.mixins.json into net.minecraft.client.Options
[28May2026 14:49:11.390] [Render thread/INFO] [mixin/]: Renaming synthetic method lambda$onlyShowSecureChat$0(Ljava/lang/Boolean;)V to md56901c$lambda$onlyShowSecureChat$0$0 in mixins/common/nochatreports.mixins.json:client.MixinOptions
[28May2026 14:49:11.424] [Render thread/INFO] [mixin/]: Mixing client.MixinChatComponent from mixins/common/nochatreports.mixins.json into net.minecraft.client.gui.components.ChatComponent
[28May2026 14:49:11.424] [Render thread/INFO] [mixin/]: Renaming synthetic method lambda$modifyGUIMessage$1()V to md56901c$lambda$modifyGUIMessage$1$0 in mixins/common/nochatreports.mixins.json:client.MixinChatComponent
[28May2026 14:49:11.424] [Render thread/INFO] [mixin/]: Renaming synthetic method lambda$modifyGUIMessage$0(Lnet/minecraft/network/chat/FormattedText;Lnet/minecraft/network/chat/Component;)V to md56901c$lambda$modifyGUIMessage$0$1 in mixins/common/nochatreports.mixins.json:client.MixinChatComponent
[28May2026 14:49:11.434] [Render thread/INFO] [mixin/]: BeforeConstant is searching for constants in method with descriptor (Lnet/minecraft/network/chat/Component;Lnet/minecraft/client/GuiMessageTag;)V
[28May2026 14:49:11.434] [Render thread/INFO] [mixin/]:   BeforeConstant found STRING constant: value = , stringValue = null
[28May2026 14:49:11.434] [Render thread/INFO] [mixin/]:     BeforeConstant found a matching constant TYPE at ordinal 0
[28May2026 14:49:11.434] [Render thread/INFO] [mixin/]:       BeforeConstant found LdcInsn 
[28May2026 14:49:11.434] [Render thread/INFO] [mixin/]:   BeforeConstant found STRING constant: value = \\r, stringValue = null
[28May2026 14:49:11.434] [Render thread/INFO] [mixin/]:     BeforeConstant found a matching constant TYPE at ordinal 1
[28May2026 14:49:11.434] [Render thread/INFO] [mixin/]:       BeforeConstant found LdcInsn \\r
[28May2026 14:49:11.434] [Render thread/INFO] [mixin/]:   BeforeConstant found STRING constant: value = 
, stringValue = null
[28May2026 14:49:11.434] [Render thread/INFO] [mixin/]:     BeforeConstant found a matching constant TYPE at ordinal 2
[28May2026 14:49:11.434] [Render thread/INFO] [mixin/]:       BeforeConstant found LdcInsn 

[28May2026 14:49:11.434] [Render thread/INFO] [mixin/]:   BeforeConstant found STRING constant: value = \\n, stringValue = null
[28May2026 14:49:11.434] [Render thread/INFO] [mixin/]:     BeforeConstant found a matching constant TYPE at ordinal 3
[28May2026 14:49:11.434] [Render thread/INFO] [mixin/]:       BeforeConstant found LdcInsn \\n
[28May2026 14:49:11.434] [Render thread/INFO] [mixin/]:   BeforeConstant found CLASS constant: value = Ljava/lang/String;, typeValue = null
[28May2026 14:49:11.434] [Render thread/INFO] [mixin/]:   BeforeConstant found STRING constant: value = [{}] [CHAT] {}, stringValue = null
[28May2026 14:49:11.434] [Render thread/INFO] [mixin/]:     BeforeConstant found a matching constant TYPE at ordinal 4
[28May2026 14:49:11.434] [Render thread/INFO] [mixin/]:       BeforeConstant found LdcInsn [{}] [CHAT] {}
[28May2026 14:49:11.434] [Render thread/INFO] [mixin/]:   BeforeConstant found STRING constant: value = [CHAT] {}, stringValue = null
[28May2026 14:49:11.434] [Render thread/INFO] [mixin/]:     BeforeConstant found a matching constant TYPE at ordinal 5
[28May2026 14:49:11.434] [Render thread/INFO] [mixin/]:       BeforeConstant found LdcInsn [CHAT] {}
[28May2026 14:49:11.439] [Render thread/INFO] [mixin/]: Mixing client.MixinGuiMessageTagIcon from mixins/common/nochatreports.mixins.json into net.minecraft.client.GuiMessageTag$Icon
[28May2026 14:49:11.440] [Render thread/INFO] [mixin/]: Renaming @Invoker method create(Ljava/lang/String;IIIII)Lnet/minecraft/client/GuiMessageTag$Icon; to create_$md$56901c$0 in mixins/common/nochatreports.mixins.json:client.MixinGuiMessageTagIcon
[28May2026 14:49:11.470] [Render thread/INFO] [defaultoptions/]: options.txt already exists - last modified 1779963030655
[28May2026 14:49:11.473] [Render thread/INFO] [defaultoptions/]: Loaded default options for extra-folder
[28May2026 14:49:11.482] [Render thread/INFO] [ModernFix/]: Instantiating Mojang DFU
[28May2026 14:49:11.788] [Render thread/INFO] [net.minecraft.client.Minecraft/]: Backend library: LWJGL version 3.3.1 build 7
[28May2026 14:49:11.806] [Render thread/INFO] [KubeJS/]: Loaded client.properties
[28May2026 14:49:11.807] [Render thread/WARN] [Embeddium-NvidiaWorkarounds/]: Applying workaround: Prevent the NVIDIA OpenGL driver from using broken optimizations (NVIDIA_THREADED_OPTIMIZATIONS)
[28May2026 14:49:11.810] [Render thread/ERROR] [Embeddium-MixinTaintDetector/]: Mod mixin into Embeddium internals detected. This instance is now tainted. The Embeddium team does not provide any guarantee of support for issues encountered while such mods are installed.
[28May2026 14:49:11.810] [Render thread/WARN] [Embeddium-MixinTaintDetector/]: Mod(s) [oculus] are modifying Embeddium class me.jellysquid.mods.sodium.client.gui.SodiumGameOptions, which may cause instability.
[28May2026 14:49:11.837] [Datafixer Bootstrap/INFO] [com.mojang.datafixers.DataFixerBuilder/]: 188 Datafixer optimizations took 59 milliseconds
[28May2026 14:49:11.857] [Render thread/INFO] [Embeddium-PostlaunchChecks/]: OpenGL Vendor: NVIDIA Corporation
[28May2026 14:49:11.858] [Render thread/INFO] [Embeddium-PostlaunchChecks/]: OpenGL Renderer: NVIDIA GeForce RTX 3060/PCIe/SSE2
[28May2026 14:49:11.858] [Render thread/INFO] [Embeddium-PostlaunchChecks/]: OpenGL Version: 4.6.0 NVIDIA 595.71.05
[28May2026 14:49:11.858] [Render thread/WARN] [Embeddium-PostlaunchChecks/]: Enabling secondary workaround for NVIDIA threaded optimizations
[28May2026 14:49:12.003] [Render thread/INFO] [Oculus/]: Debug functionality is disabled.
[28May2026 14:49:12.005] [Render thread/INFO] [Oculus/]: OpenGL 4.5 detected, enabling DSA.
[28May2026 14:49:12.019] [Render thread/INFO] [Oculus/]: Shaders are disabled because enableShaders is set to false in iris.properties
[28May2026 14:49:12.019] [Render thread/INFO] [Oculus/]: Shaders are disabled
[28May2026 14:49:12.264] [modloading-worker-0/INFO] [LowDragLib/]: LowDragLib is initializing on platform: Forge
[28May2026 14:49:12.278] [modloading-worker-0/INFO] [mixin/]: Mixing client.MixinClientConnection from mixins/forge/nochatreports-forge.mixins.json into net.minecraft.network.Connection
[28May2026 14:49:12.281] [modloading-worker-0/WARN] [Embeddium-MixinTaintDetector/]: Mod(s) [oculus] are modifying Embeddium class me.jellysquid.mods.sodium.client.gui.SodiumOptionsGUI, which may cause instability.
[28May2026 14:49:12.380] [modloading-worker-0/INFO] [dev.architectury.networking.forge.NetworkManagerImpl/]: Registering S2C receiver with id architectury:sync_ids
[28May2026 14:49:12.382] [modloading-worker-0/INFO] [dev.architectury.networking.forge.NetworkManagerImpl/]: Registering C2S receiver with id architectury:sync_ids
[28May2026 14:49:12.382] [modloading-worker-0/INFO] [dev.architectury.networking.forge.NetworkManagerImpl/]: Registering S2C receiver with id ftbessentials:update_tab_name
[28May2026 14:49:12.398] [modloading-worker-0/INFO] [PluginManager/]: Scanning classes for industrialforegoing
[28May2026 14:49:12.402] [modloading-worker-0/INFO] [PluginManager/]: Found FeaturePluginInstance for class PatchouliPlugin for plugin patchouli
[28May2026 14:49:12.402] [modloading-worker-0/INFO] [PluginManager/]: Found FeaturePluginInstance for class CuriosPlugin for plugin curios
[28May2026 14:49:12.417] [modloading-worker-0/INFO] [PluginManager/]: Constructed class PatchouliPlugin for plugin patchouli for mod industrialforegoing
[28May2026 14:49:12.417] [modloading-worker-0/INFO] [PluginManager/]: Constructed class CuriosPlugin for plugin curios for mod industrialforegoing
[28May2026 14:49:12.417] [modloading-worker-0/INFO] [PluginManager/]: Executing phase CONSTRUCTION for plugin class PatchouliPlugin
[28May2026 14:49:12.421] [modloading-worker-0/INFO] [Discord Integration/]: Version is 3.0.7.1
[28May2026 14:49:12.433] [modloading-worker-0/INFO] [PluginManager/]: Executing phase CONSTRUCTION for plugin class CuriosPlugin
[28May2026 14:49:12.433] [modloading-worker-0/ERROR] [Vista/]: IRIS mod detected. Vista WILL have visual issues and degraded performance. This is not something that I can fix and happens even with shaderpacks off. Trust me I tried but it's inherently due to how Iris was made and should be handled there.
[28May2026 14:49:12.437] [modloading-worker-0/INFO] [PluginManager/]: Executing phase PRE_INIT for plugin class PatchouliPlugin
[28May2026 14:49:12.438] [modloading-worker-0/INFO] [PluginManager/]: Executing phase PRE_INIT for plugin class CuriosPlugin
[28May2026 14:49:12.502] [modloading-worker-0/INFO] [Expanded Ecosphere/]: Loading Expanded Ecosphere
[28May2026 14:49:12.560] [modloading-worker-0/ERROR] [Discord Integration/]: This mod cannot be used client-side
[28May2026 14:49:12.577] [modloading-worker-0/WARN] [Embeddium-MixinTaintDetector/]: Mod(s) [oculus] are modifying Embeddium class me.jellysquid.mods.sodium.client.render.immediate.CloudRenderer, which may cause instability.
[28May2026 14:49:12.587] [modloading-worker-0/WARN] [Embeddium-MixinTaintDetector/]: Mod(s) [oculus] are modifying Embeddium class me.jellysquid.mods.sodium.client.render.SodiumWorldRenderer, which may cause instability.
[28May2026 14:49:12.600] [modloading-worker-0/INFO] [mixin/]: Mixing client.MixinClientPacketListener from mixins/common/nochatreports.mixins.json into net.minecraft.client.multiplayer.ClientPacketListener
[28May2026 14:49:12.601] [modloading-worker-0/INFO] [mixin/]: Mixing client.MixinClientPacketListener from mixins/forge/nochatreports-forge.mixins.json into net.minecraft.client.multiplayer.ClientPacketListener
[28May2026 14:49:12.628] [modloading-worker-0/INFO] [net.blay09.mods.balm.forge.config.ForgeBalmConfig/]: Registering config for clienttweaks:common (COMMON) with 28 properties.
[28May2026 14:49:12.636] [modloading-worker-0/INFO] [net.minecraftforge.common.ForgeMod/FORGEMOD]: Forge mod loading, version 47.4.10, for MC 1.20.1 with MCP 20230612.114412
[28May2026 14:49:12.637] [modloading-worker-0/INFO] [net.minecraftforge.common.MinecraftForge/FORGE]: MinecraftForge v47.4.10 Initialized
[28May2026 14:49:12.667] [modloading-worker-0/INFO] [NoChatReports/]: KONNICHIWA ZA WARUDO!
[28May2026 14:49:12.668] [modloading-worker-0/INFO] [NoChatReports/]: Default JVM text encoding is: UTF-8
[28May2026 14:49:12.669] [modloading-worker-0/INFO] [STDOUT/]: [yalter.mousetweaks.Logger:Log:6]: [Mouse Tweaks] Main.initialize()
[28May2026 14:49:12.671] [modloading-worker-0/INFO] [STDOUT/]: [yalter.mousetweaks.Logger:Log:6]: [Mouse Tweaks] Initialized.
[28May2026 14:49:12.676] [modloading-worker-0/INFO] [NoChatReports/]: Reading config file NoChatReports/NCR-Common.json...
[28May2026 14:49:12.680] [modloading-worker-0/INFO] [NoChatReports/]: Reading config file NoChatReports/NCR-Client.json...
[28May2026 14:49:12.681] [modloading-worker-0/INFO] [NoChatReports/]: Reading config file NoChatReports/NCR-ServerPreferences.json...
[28May2026 14:49:12.686] [modloading-worker-0/INFO] [NoChatReports/]: Reading config file NoChatReports/NCR-Encryption.json...
[28May2026 14:49:12.702] [modloading-worker-0/INFO] [mixin/]: Mixing server.MixinPlayerList from mixins/common/nochatreports.mixins.json into net.minecraft.server.players.PlayerList
[28May2026 14:49:12.710] [modloading-worker-0/INFO] [NoChatReports/]: Writing config file NoChatReports/NCR-Common.json...
[28May2026 14:49:12.711] [modloading-worker-0/INFO] [NoChatReports/]: Writing config file NoChatReports/NCR-Client.json...
[28May2026 14:49:12.712] [modloading-worker-0/INFO] [NoChatReports/]: Writing config file NoChatReports/NCR-ServerPreferences.json...
[28May2026 14:49:12.712] [modloading-worker-0/INFO] [NoChatReports/]: Writing config file NoChatReports/NCR-Encryption.json...
[28May2026 14:49:12.713] [modloading-worker-0/INFO] [NoChatReports/]: Client initialization...
[28May2026 14:49:12.737] [modloading-worker-0/INFO] [PluginManager/]: Executing phase INIT for plugin class PatchouliPlugin
[28May2026 14:49:12.738] [modloading-worker-0/INFO] [PluginManager/]: Executing phase INIT for plugin class CuriosPlugin
[28May2026 14:49:12.739] [modloading-worker-0/INFO] [thedarkcolour.kotlinforforge.test.KotlinForForge/]: Kotlin For Forge Enabled!
[28May2026 14:49:12.752] [modloading-worker-0/INFO] [net.blay09.mods.balm.forge.config.ForgeBalmConfig/]: Registering config for defaultoptions:common (COMMON) with 2 properties.
[28May2026 14:49:12.754] [modloading-worker-0/INFO] [Advanced Peripherals/]: AdvancedPeripherals says hello!
[28May2026 14:49:12.778] [modloading-worker-0/INFO] [Puzzles Lib/]: Constructing common components for puzzleslib:main
[28May2026 14:49:12.801] [modloading-worker-0/INFO] [PluginManager/]: Executing phase POST_INIT for plugin class PatchouliPlugin
[28May2026 14:49:12.801] [modloading-worker-0/INFO] [PluginManager/]: Executing phase POST_INIT for plugin class CuriosPlugin
[28May2026 14:49:12.830] [modloading-worker-0/INFO] [Advanced Peripherals/]: powah not loaded, skip integration loading
[28May2026 14:49:12.831] [modloading-worker-0/WARN] [Advanced Peripherals/]: Failed to load integration for powah
[28May2026 14:49:12.831] [modloading-worker-0/WARN] [Advanced Peripherals/]: Successfully loaded integration for create
[28May2026 14:49:12.833] [modloading-worker-0/INFO] [Advanced Peripherals/]: mekanism not loaded, skip integration loading
[28May2026 14:49:12.833] [modloading-worker-0/WARN] [Advanced Peripherals/]: Failed to load integration for mekanism
[28May2026 14:49:12.833] [modloading-worker-0/INFO] [Advanced Peripherals/]: botania not loaded, skip integration loading
[28May2026 14:49:12.833] [modloading-worker-0/WARN] [Advanced Peripherals/]: Failed to load integration for botania
[28May2026 14:49:12.861] [modloading-worker-0/INFO] [Puzzles Lib/]: Constructing client components for puzzleslib:main
[28May2026 14:49:12.866] [modloading-worker-0/INFO] [xaero.map.WorldMap/]: Registering common data for channel xaeroworldmap:main!
[28May2026 14:49:12.876] [modloading-worker-0/INFO] [net.blay09.mods.balm.forge.config.ForgeBalmConfig/]: Registering config for cookingforblockheads:common (COMMON) with 11 properties.
[28May2026 14:49:12.886] [modloading-worker-0/INFO] [Railways/]: Steam 'n' Rails v1.7.2 initializing! Commit hash: 7c1a21e3a4edbd6b5f1301f82a8bfbeb5fdb1444 on Create version: 6.0.8 on platform: Forge
[28May2026 14:49:12.888] [modloading-worker-0/INFO] [xaero.map.WorldMap/]: Registering client data for channel xaeroworldmap:main!
[28May2026 14:49:12.927] [modloading-worker-0/INFO] [xaero.map.WorldMap/]: Loading primary common config for channel xaeroworldmap:main!
[28May2026 14:49:12.930] [modloading-worker-0/INFO] [xaero.map.WorldMap/]: Loading server config profiles for channel xaeroworldmap:main!
[28May2026 14:49:12.932] [modloading-worker-0/INFO] [xaero.map.WorldMap/]: Loading primary client config for channel xaeroworldmap:main!
[28May2026 14:49:12.933] [modloading-worker-0/INFO] [xaero.map.WorldMap/]: Loading client config profiles for channel xaeroworldmap:main!
[28May2026 14:49:12.933] [modloading-worker-0/INFO] [xaero.common.HudMod/]: Registering common data for channel xaerominimap:main!
[28May2026 14:49:12.937] [modloading-worker-0/INFO] [Bookshelf/]: Fixing MC-151457. Crafting remainder for minecraft:pufferfish_bucket is now minecraft:bucket.
[28May2026 14:49:12.937] [modloading-worker-0/INFO] [Bookshelf/]: Fixing MC-151457. Crafting remainder for minecraft:salmon_bucket is now minecraft:bucket.
[28May2026 14:49:12.937] [modloading-worker-0/INFO] [Bookshelf/]: Fixing MC-151457. Crafting remainder for minecraft:cod_bucket is now minecraft:bucket.
[28May2026 14:49:12.937] [modloading-worker-0/INFO] [Bookshelf/]: Fixing MC-151457. Crafting remainder for minecraft:tropical_fish_bucket is now minecraft:bucket.
[28May2026 14:49:12.937] [modloading-worker-0/INFO] [Bookshelf/]: Fixing MC-151457. Crafting remainder for minecraft:axolotl_bucket is now minecraft:bucket.
[28May2026 14:49:12.937] [modloading-worker-0/INFO] [Bookshelf/]: Fixing MC-151457. Crafting remainder for minecraft:powder_snow_bucket is now minecraft:bucket.
[28May2026 14:49:12.937] [modloading-worker-0/INFO] [Bookshelf/]: Fixing MC-151457. Crafting remainder for minecraft:tadpole_bucket is now minecraft:bucket.
[28May2026 14:49:12.961] [modloading-worker-0/INFO] [Puzzles Lib/]: Constructing common components for hangglider:main
[28May2026 14:49:12.965] [modloading-worker-0/INFO] [xaero.common.HudMod/]: Registering client data for channel xaerominimap:main!
[28May2026 14:49:12.985] [modloading-worker-0/INFO] [dev.architectury.networking.forge.NetworkManagerImpl/]: Registering S2C receiver with id ftblibrary:edit_nbt
[28May2026 14:49:12.987] [modloading-worker-0/INFO] [dev.architectury.networking.forge.NetworkManagerImpl/]: Registering C2S receiver with id ftblibrary:edit_nbt_response
[28May2026 14:49:12.987] [modloading-worker-0/INFO] [dev.architectury.networking.forge.NetworkManagerImpl/]: Registering S2C receiver with id ftblibrary:sync_known_server_registries
[28May2026 14:49:12.990] [modloading-worker-0/INFO] [dev.architectury.networking.forge.NetworkManagerImpl/]: Registering S2C receiver with id ftblibrary:edit_config
[28May2026 14:49:12.994] [modloading-worker-0/INFO] [xaero.common.HudMod/]: Loading primary common config for channel xaerominimap:main!
[28May2026 14:49:12.995] [modloading-worker-0/INFO] [xaero.common.HudMod/]: Loading server config profiles for channel xaerominimap:main!
[28May2026 14:49:12.996] [modloading-worker-0/INFO] [xaero.common.HudMod/]: Loading primary client config for channel xaerominimap:main!
[28May2026 14:49:12.996] [modloading-worker-0/INFO] [xaero.common.HudMod/]: Loading client config profiles for channel xaerominimap:main!
[28May2026 14:49:13.002] [modloading-worker-0/INFO] [Puzzles Lib/]: Constructing client components for hangglider:main
[28May2026 14:49:13.015] [modloading-worker-0/INFO] [dev.architectury.networking.forge.NetworkManagerImpl/]: Registering C2S receiver with id findme:default/93a3df5fb37f371cb25c481f6e5b9323
[28May2026 14:49:13.015] [modloading-worker-0/INFO] [dev.architectury.networking.forge.NetworkManagerImpl/]: Registering S2C receiver with id findme:default/93a3df5fb37f371cb25c481f6e5b9323
[28May2026 14:49:13.016] [modloading-worker-0/INFO] [dev.architectury.networking.forge.NetworkManagerImpl/]: Registering C2S receiver with id findme:default/b71e26ec071d32928d9fb5d2c3ec8a7a
[28May2026 14:49:13.016] [modloading-worker-0/INFO] [dev.architectury.networking.forge.NetworkManagerImpl/]: Registering S2C receiver with id findme:default/b71e26ec071d32928d9fb5d2c3ec8a7a
[28May2026 14:49:13.018] [modloading-worker-0/INFO] [dev.architectury.networking.forge.NetworkManagerImpl/]: Registering C2S receiver with id findme:default/1f516f929b313631ad555a7b42b1d39c
[28May2026 14:49:13.018] [modloading-worker-0/INFO] [dev.architectury.networking.forge.NetworkManagerImpl/]: Registering S2C receiver with id findme:default/1f516f929b313631ad555a7b42b1d39c
[28May2026 14:49:13.019] [modloading-worker-0/INFO] [zeta/]: Doing super early config setup for zeta
[28May2026 14:49:13.026] [modloading-worker-0/INFO] [chatplus/]: Initializing ChatPlus
[28May2026 14:49:13.030] [modloading-worker-0/INFO] [chatplus/]: Loading languages...
[28May2026 14:49:13.035] [modloading-worker-0/INFO] [chatplus/]: Loaded 110 languages
[28May2026 14:49:13.043] [modloading-worker-0/INFO] [dev.architectury.networking.forge.NetworkManagerImpl/]: Registering S2C receiver with id ftbteams:sync_teams
[28May2026 14:49:13.043] [modloading-worker-0/INFO] [dev.architectury.networking.forge.NetworkManagerImpl/]: Registering S2C receiver with id ftbteams:sync_message_history
[28May2026 14:49:13.045] [modloading-worker-0/INFO] [dev.architectury.networking.forge.NetworkManagerImpl/]: Registering C2S receiver with id ftbteams:open_gui
[28May2026 14:49:13.046] [modloading-worker-0/INFO] [dev.architectury.networking.forge.NetworkManagerImpl/]: Registering S2C receiver with id ftbteams:open_my_team_gui
[28May2026 14:49:13.046] [modloading-worker-0/INFO] [Inventory Profiles Next/]: [Inventory Profiles Next] Inventory Profiles Next - init in Kotlin
[28May2026 14:49:13.046] [modloading-worker-0/INFO] [dev.architectury.networking.forge.NetworkManagerImpl/]: Registering C2S receiver with id ftbteams:update_settings
[28May2026 14:49:13.047] [modloading-worker-0/INFO] [dev.architectury.networking.forge.NetworkManagerImpl/]: Registering S2C receiver with id ftbteams:update_settings_response
[28May2026 14:49:13.048] [modloading-worker-0/INFO] [dev.architectury.networking.forge.NetworkManagerImpl/]: Registering C2S receiver with id ftbteams:send_message
[28May2026 14:49:13.050] [modloading-worker-0/INFO] [dev.architectury.networking.forge.NetworkManagerImpl/]: Registering S2C receiver with id ftbteams:send_message_response
[28May2026 14:49:13.052] [modloading-worker-0/INFO] [dev.architectury.networking.forge.NetworkManagerImpl/]: Registering S2C receiver with id ftbteams:update_presence
[28May2026 14:49:13.053] [modloading-worker-0/INFO] [dev.architectury.networking.forge.NetworkManagerImpl/]: Registering C2S receiver with id ftbteams:create_party
[28May2026 14:49:13.053] [modloading-worker-0/INFO] [net.blay09.mods.balm.forge.config.ForgeBalmConfig/]: Registering config for inventoryessentials:common (COMMON) with 10 properties.
[28May2026 14:49:13.054] [modloading-worker-0/INFO] [dev.architectury.networking.forge.NetworkManagerImpl/]: Registering C2S receiver with id ftbteams:player_gui_operation
[28May2026 14:49:13.068] [modloading-worker-0/INFO] [dev.architectury.networking.forge.NetworkManagerImpl/]: Registering S2C receiver with id polylib:container_to_client
[28May2026 14:49:13.069] [modloading-worker-0/INFO] [dev.architectury.networking.forge.NetworkManagerImpl/]: Registering S2C receiver with id polylib:tile_to_client
[28May2026 14:49:13.069] [modloading-worker-0/INFO] [dev.architectury.networking.forge.NetworkManagerImpl/]: Registering C2S receiver with id polylib:container_packet_server
[28May2026 14:49:13.069] [modloading-worker-0/INFO] [dev.architectury.networking.forge.NetworkManagerImpl/]: Registering C2S receiver with id polylib:tile_data_server
[28May2026 14:49:13.070] [modloading-worker-0/INFO] [dev.architectury.networking.forge.NetworkManagerImpl/]: Registering C2S receiver with id polylib:tile_packet_server
[28May2026 14:49:13.091] [modloading-worker-0/INFO] [xaero.lib.XaeroLib/]: Registering common data for channel xaerolib:main!
[28May2026 14:49:13.095] [modloading-worker-0/INFO] [xaero.lib.XaeroLib/]: Registering client data for channel xaerolib:main!
[28May2026 14:49:13.096] [modloading-worker-0/INFO] [xaero.lib.XaeroLib/]: Loading primary common config for channel xaerolib:main!
[28May2026 14:49:13.096] [modloading-worker-0/INFO] [xaero.lib.XaeroLib/]: Loading server config profiles for channel xaerolib:main!
[28May2026 14:49:13.096] [modloading-worker-0/INFO] [chatplus/]: Config Directory: /home/bigh/.var/app/org.prismlauncher.PrismLauncher/data/PrismLauncher/instances/GregTech Community Pack Modern/minecraft/config/chatplus
[28May2026 14:49:13.097] [modloading-worker-0/INFO] [xaero.lib.XaeroLib/]: Loading primary client config for channel xaerolib:main!
[28May2026 14:49:13.097] [modloading-worker-0/INFO] [xaero.lib.XaeroLib/]: Loading client config profiles for channel xaerolib:main!
[28May2026 14:49:13.100] [modloading-worker-0/INFO] [NoChatRestrictions/]: NoChatRestrictions Forge mod initialized!
[28May2026 14:49:13.101] [modloading-worker-0/INFO] [com.simibubi.create.Create/]: Create 6.0.8 initializing! Commit hash: 1a1a9a2819b4f89f78caec41b55ed8cb222fa24b
[28May2026 14:49:13.113] [modloading-worker-0/INFO] [dev.architectury.networking.forge.NetworkManagerImpl/]: Registering C2S receiver with id itemfilters:main/14e7fa1454283aec8ae811ef844ada28
[28May2026 14:49:13.113] [modloading-worker-0/INFO] [dev.architectury.networking.forge.NetworkManagerImpl/]: Registering S2C receiver with id itemfilters:main/14e7fa1454283aec8ae811ef844ada28
[28May2026 14:49:13.114] [modloading-worker-0/INFO] [Create Deco/]: Registering items for Create Deco
[28May2026 14:49:13.115] [modloading-worker-0/INFO] [dev.architectury.networking.forge.NetworkManagerImpl/]: Registering C2S receiver with id itemfilters:main/8f6a899247753217b9d86ab427a2b279
[28May2026 14:49:13.115] [modloading-worker-0/INFO] [dev.architectury.networking.forge.NetworkManagerImpl/]: Registering S2C receiver with id itemfilters:main/8f6a899247753217b9d86ab427a2b279
[28May2026 14:49:13.180] [modloading-worker-0/INFO] [igentuman.nc.NuclearCraft/]: JAR file path: /home/bigh/.var/app/org.prismlauncher.PrismLauncher/data/PrismLauncher/instances/GregTech Community Pack Modern/minecraft/mods/NuclearCraft-1.20.1-1.2.23.jar
[28May2026 14:49:13.186] [modloading-worker-0/INFO] [dev.architectury.networking.forge.NetworkManagerImpl/]: Registering S2C receiver with id ftbquests:sync_quests
[28May2026 14:49:13.187] [modloading-worker-0/INFO] [dev.architectury.networking.forge.NetworkManagerImpl/]: Registering S2C receiver with id ftbquests:sync_team_data
[28May2026 14:49:13.187] [modloading-worker-0/INFO] [dev.architectury.networking.forge.NetworkManagerImpl/]: Registering S2C receiver with id ftbquests:update_task_progress
[28May2026 14:49:13.188] [modloading-worker-0/INFO] [dev.architectury.networking.forge.NetworkManagerImpl/]: Registering C2S receiver with id ftbquests:submit_task
[28May2026 14:49:13.188] [modloading-worker-0/INFO] [dev.architectury.networking.forge.NetworkManagerImpl/]: Registering C2S receiver with id ftbquests:claim_reward
[28May2026 14:49:13.188] [modloading-worker-0/INFO] [dev.architectury.networking.forge.NetworkManagerImpl/]: Registering S2C receiver with id ftbquests:claim_reward_response
[28May2026 14:49:13.191] [modloading-worker-0/INFO] [igentuman.nc.NuclearCraft/]: JAR file path: /home/bigh/.var/app/org.prismlauncher.PrismLauncher/data/PrismLauncher/instances/GregTech Community Pack Modern/minecraft/mods/NuclearCraft-1.20.1-1.2.23.jar
[28May2026 14:49:13.191] [modloading-worker-0/INFO] [dev.architectury.networking.forge.NetworkManagerImpl/]: Registering S2C receiver with id ftbquests:sync_editing_mode
[28May2026 14:49:13.192] [modloading-worker-0/INFO] [dev.architectury.networking.forge.NetworkManagerImpl/]: Registering C2S receiver with id ftbquests:get_emergency_items
[28May2026 14:49:13.196] [modloading-worker-0/INFO] [dev.architectury.networking.forge.NetworkManagerImpl/]: Registering S2C receiver with id ftbquests:create_other_team_data
[28May2026 14:49:13.197] [modloading-worker-0/INFO] [dev.architectury.networking.forge.NetworkManagerImpl/]: Registering C2S receiver with id ftbquests:claim_all_rewards
[28May2026 14:49:13.197] [modloading-worker-0/INFO] [dev.architectury.networking.forge.NetworkManagerImpl/]: Registering C2S receiver with id ftbquests:claim_choice_reward
[28May2026 14:49:13.197] [modloading-worker-0/INFO] [dev.architectury.networking.forge.NetworkManagerImpl/]: Registering S2C receiver with id ftbquests:display_completion_toast
[28May2026 14:49:13.198] [modloading-worker-0/INFO] [dev.architectury.networking.forge.NetworkManagerImpl/]: Registering S2C receiver with id ftbquests:display_reward_toast
[28May2026 14:49:13.199] [modloading-worker-0/INFO] [igentuman.nc.NuclearCraft/]: JAR file path: /home/bigh/.var/app/org.prismlauncher.PrismLauncher/data/PrismLauncher/instances/GregTech Community Pack Modern/minecraft/mods/NuclearCraft-1.20.1-1.2.23.jar
[28May2026 14:49:13.200] [modloading-worker-0/INFO] [Create Deco/]: Registering blocks for Create Deco
[28May2026 14:49:13.210] [modloading-worker-0/INFO] [dev.architectury.networking.forge.NetworkManagerImpl/]: Registering S2C receiver with id ftbquests:display_item_reward_toast
[28May2026 14:49:13.210] [modloading-worker-0/INFO] [dev.architectury.networking.forge.NetworkManagerImpl/]: Registering S2C receiver with id ftbquests:custom_reward_toast
[28May2026 14:49:13.212] [modloading-worker-0/INFO] [dev.architectury.networking.forge.NetworkManagerImpl/]: Registering C2S receiver with id ftbquests:toggle_pinned
[28May2026 14:49:13.212] [modloading-worker-0/INFO] [dev.architectury.networking.forge.NetworkManagerImpl/]: Registering S2C receiver with id ftbquests:toggle_pinned_response
[28May2026 14:49:13.213] [modloading-worker-0/INFO] [dev.architectury.networking.forge.NetworkManagerImpl/]: Registering C2S receiver with id ftbquests:toggle_chapter_pinned
[28May2026 14:49:13.213] [modloading-worker-0/INFO] [dev.architectury.networking.forge.NetworkManagerImpl/]: Registering S2C receiver with id ftbquests:toggle_chapter_pinned_response
[28May2026 14:49:13.218] [modloading-worker-0/INFO] [dev.architectury.networking.forge.NetworkManagerImpl/]: Registering C2S receiver with id ftbquests:toggle_editing_mode
[28May2026 14:49:13.218] [modloading-worker-0/INFO] [dev.architectury.networking.forge.NetworkManagerImpl/]: Registering C2S receiver with id ftbquests:force_save
[28May2026 14:49:13.219] [modloading-worker-0/INFO] [dev.architectury.networking.forge.NetworkManagerImpl/]: Registering S2C receiver with id ftbquests:update_team_data
[28May2026 14:49:13.219] [modloading-worker-0/INFO] [dev.architectury.networking.forge.NetworkManagerImpl/]: Registering C2S receiver with id ftbquests:set_custom_image
[28May2026 14:49:13.220] [modloading-worker-0/INFO] [dev.architectury.networking.forge.NetworkManagerImpl/]: Registering S2C receiver with id ftbquests:object_started
[28May2026 14:49:13.221] [modloading-worker-0/INFO] [dev.architectury.networking.forge.NetworkManagerImpl/]: Registering S2C receiver with id ftbquests:object_completed
[28May2026 14:49:13.221] [modloading-worker-0/INFO] [dev.architectury.networking.forge.NetworkManagerImpl/]: Registering S2C receiver with id ftbquests:object_started_reset
[28May2026 14:49:13.222] [modloading-worker-0/INFO] [dev.architectury.networking.forge.NetworkManagerImpl/]: Registering S2C receiver with id ftbquests:object_completed_reset
[28May2026 14:49:13.224] [modloading-worker-0/INFO] [dev.architectury.networking.forge.NetworkManagerImpl/]: Registering S2C receiver with id ftbquests:sync_lock
[28May2026 14:49:13.225] [modloading-worker-0/INFO] [dev.architectury.networking.forge.NetworkManagerImpl/]: Registering S2C receiver with id ftbquests:reset_reward
[28May2026 14:49:13.226] [modloading-worker-0/INFO] [dev.architectury.networking.forge.NetworkManagerImpl/]: Registering S2C receiver with id ftbquests:team_data_changed
[28May2026 14:49:13.226] [modloading-worker-0/INFO] [dev.architectury.networking.forge.NetworkManagerImpl/]: Registering S2C receiver with id ftbquests:task_screen_config_req
[28May2026 14:49:13.227] [modloading-worker-0/INFO] [dev.architectury.networking.forge.NetworkManagerImpl/]: Registering C2S receiver with id ftbquests:task_screen_config_resp
[28May2026 14:49:13.230] [modloading-worker-0/INFO] [dev.architectury.networking.forge.NetworkManagerImpl/]: Registering C2S receiver with id ftbquests:give_item_to_player
[28May2026 14:49:13.231] [modloading-worker-0/INFO] [dev.architectury.networking.forge.NetworkManagerImpl/]: Registering C2S receiver with id ftbquests:reorder_item
[28May2026 14:49:13.233] [modloading-worker-0/INFO] [dev.architectury.networking.forge.NetworkManagerImpl/]: Registering C2S receiver with id ftbquests:change_progress
[28May2026 14:49:13.236] [modloading-worker-0/INFO] [dev.architectury.networking.forge.NetworkManagerImpl/]: Registering C2S receiver with id ftbquests:create_object
[28May2026 14:49:13.243] [modloading-worker-0/INFO] [dev.architectury.networking.forge.NetworkManagerImpl/]: Registering S2C receiver with id ftbquests:create_object_response
[28May2026 14:49:13.243] [modloading-worker-0/INFO] [dev.architectury.networking.forge.NetworkManagerImpl/]: Registering C2S receiver with id ftbquests:create_task_at
[28May2026 14:49:13.244] [modloading-worker-0/INFO] [dev.architectury.networking.forge.NetworkManagerImpl/]: Registering C2S receiver with id ftbquests:delete_object
[28May2026 14:49:13.244] [modloading-worker-0/INFO] [dev.architectury.networking.forge.NetworkManagerImpl/]: Registering S2C receiver with id ftbquests:delete_object_response
[28May2026 14:49:13.245] [modloading-worker-0/INFO] [dev.architectury.networking.forge.NetworkManagerImpl/]: Registering C2S receiver with id ftbquests:edit_object
[28May2026 14:49:13.245] [modloading-worker-0/INFO] [dev.architectury.networking.forge.NetworkManagerImpl/]: Registering S2C receiver with id ftbquests:edit_object_response
[28May2026 14:49:13.246] [modloading-worker-0/INFO] [dev.architectury.networking.forge.NetworkManagerImpl/]: Registering C2S receiver with id ftbquests:move_chapter
[28May2026 14:49:13.248] [modloading-worker-0/INFO] [dev.architectury.networking.forge.NetworkManagerImpl/]: Registering S2C receiver with id ftbquests:move_chapter_response
[28May2026 14:49:13.250] [modloading-worker-0/INFO] [dev.architectury.networking.forge.NetworkManagerImpl/]: Registering C2S receiver with id ftbquests:move_quest
[28May2026 14:49:13.251] [modloading-worker-0/INFO] [dev.architectury.networking.forge.NetworkManagerImpl/]: Registering S2C receiver with id ftbquests:move_quest_response
[28May2026 14:49:13.251] [modloading-worker-0/INFO] [dev.architectury.networking.forge.NetworkManagerImpl/]: Registering C2S receiver with id ftbquests:change_chapter_group
[28May2026 14:49:13.253] [modloading-worker-0/INFO] [dev.architectury.networking.forge.NetworkManagerImpl/]: Registering S2C receiver with id ftbquests:change_chapter_group_response
[28May2026 14:49:13.255] [modloading-worker-0/INFO] [dev.architectury.networking.forge.NetworkManagerImpl/]: Registering C2S receiver with id ftbquests:move_chapter_group
[28May2026 14:49:13.256] [modloading-worker-0/INFO] [dev.architectury.networking.forge.NetworkManagerImpl/]: Registering S2C receiver with id ftbquests:move_chapter_group_response
[28May2026 14:49:13.257] [modloading-worker-0/INFO] [dev.architectury.networking.forge.NetworkManagerImpl/]: Registering S2C receiver with id ftbquests:sync_reward_blocking
[28May2026 14:49:13.258] [modloading-worker-0/INFO] [chatplus/]: ChatRenderer init
[28May2026 14:49:13.258] [modloading-worker-0/INFO] [dev.architectury.networking.forge.NetworkManagerImpl/]: Registering C2S receiver with id ftbquests:copy_quest
[28May2026 14:49:13.260] [modloading-worker-0/INFO] [chatplus/]: x: 0, y: -28, width: 236, height: 189
[28May2026 14:49:13.261] [modloading-worker-0/INFO] [dev.architectury.networking.forge.NetworkManagerImpl/]: Registering C2S receiver with id ftbquests:copy_chapter_image
[28May2026 14:49:13.262] [modloading-worker-0/INFO] [dev.architectury.networking.forge.NetworkManagerImpl/]: Registering C2S receiver with id ftbquests:sync_structures_request
[28May2026 14:49:13.263] [modloading-worker-0/INFO] [dev.architectury.networking.forge.NetworkManagerImpl/]: Registering S2C receiver with id ftbquests:sync_structures_response
[28May2026 14:49:13.265] [modloading-worker-0/INFO] [dev.architectury.networking.forge.NetworkManagerImpl/]: Registering C2S receiver with id ftbquests:request_team_data
[28May2026 14:49:13.266] [modloading-worker-0/INFO] [dev.architectury.networking.forge.NetworkManagerImpl/]: Registering S2C receiver with id ftbquests:sync_editor_permission
[28May2026 14:49:13.267] [modloading-worker-0/INFO] [dev.architectury.networking.forge.NetworkManagerImpl/]: Registering S2C receiver with id ftbquests:open_quest_book
[28May2026 14:49:13.268] [modloading-worker-0/INFO] [dev.architectury.networking.forge.NetworkManagerImpl/]: Registering S2C receiver with id ftbquests:clear_display_cache
[28May2026 14:49:13.269] [modloading-worker-0/INFO] [dev.architectury.networking.forge.NetworkManagerImpl/]: Registering S2C receiver with id ftbquests:reorder_item_response
[28May2026 14:49:13.281] [modloading-worker-0/INFO] [dev.architectury.networking.forge.NetworkManagerImpl/]: Registering S2C receiver with id ftbquests:clear_repeat_cooldown
[28May2026 14:49:13.308] [modloading-worker-0/INFO] [chatplus/]: Create ChatWindow()
[28May2026 14:49:13.324] [modloading-worker-0/INFO] [chatplus/]: SpeechToText initialized
[28May2026 14:49:13.327] [ChatPlusMicrophoneThread/INFO] [chatplus/]: SpeechToText Thread started
[28May2026 14:49:13.327] [modloading-worker-0/INFO] [chatplus/]: Config Loaded
[28May2026 14:49:13.384] [modloading-worker-0/INFO] [net.creeperhost.ftbbackups.repack.org.quartz.impl.StdSchedulerFactory/]: Using default implementation for ThreadExecutor
[28May2026 14:49:13.447] [modloading-worker-0/INFO] [net.creeperhost.ftbbackups.repack.org.quartz.core.SchedulerSignalerImpl/]: Initialized Scheduler Signaller of type: class net.creeperhost.ftbbackups.repack.org.quartz.core.SchedulerSignalerImpl
[28May2026 14:49:13.448] [modloading-worker-0/INFO] [net.creeperhost.ftbbackups.repack.org.quartz.core.QuartzScheduler/]: Quartz Scheduler v.2.0.2 created.
[28May2026 14:49:13.448] [modloading-worker-0/INFO] [net.creeperhost.ftbbackups.repack.org.quartz.simpl.RAMJobStore/]: RAMJobStore initialized.
[28May2026 14:49:13.449] [modloading-worker-0/INFO] [net.creeperhost.ftbbackups.repack.org.quartz.core.QuartzScheduler/]: Scheduler meta-data: Quartz Scheduler (v2.0.2) 'ftbbackups2' with instanceId 'NON_CLUSTERED'
  Scheduler class: 'net.creeperhost.ftbbackups.repack.org.quartz.core.QuartzScheduler' - running locally.
  NOT STARTED.
  Currently in standby mode.
  Number of jobs executed: 0
  Using thread pool 'net.creeperhost.ftbbackups.repack.org.quartz.simpl.SimpleThreadPool' - with 1 threads.
  Using job-store 'net.creeperhost.ftbbackups.repack.org.quartz.simpl.RAMJobStore' - which does not support persistence. and is not clustered.

[28May2026 14:49:13.449] [modloading-worker-0/INFO] [net.creeperhost.ftbbackups.repack.org.quartz.impl.StdSchedulerFactory/]: Quartz scheduler 'ftbbackups2' initialized from an externally provided properties instance.
[28May2026 14:49:13.449] [modloading-worker-0/INFO] [net.creeperhost.ftbbackups.repack.org.quartz.impl.StdSchedulerFactory/]: Quartz scheduler version: 2.0.2
[28May2026 14:49:13.461] [modloading-worker-0/INFO] [net.creeperhost.ftbbackups.repack.org.quartz.core.QuartzScheduler/]: Scheduler ftbbackups2_$_NON_CLUSTERED started.
[28May2026 14:49:13.498] [modloading-worker-0/INFO] [com.axperty.delightlib.api.DelightAddon/]: Delight Lib initialized for: moredelight
[28May2026 14:49:13.517] [ChatPlusMicrophoneThread/ERROR] [chatplus/]: java.io.IOException: Failed to create a model
[28May2026 14:49:13.542] [modloading-worker-0/ERROR] [mts/]: MTSERROR: Welcome to MTS VERSION: 24.0.0
[28May2026 14:49:13.560] [modloading-worker-0/INFO] [chatplus/]: Done Initializing ChatPlus
[28May2026 14:49:13.585] [modloading-worker-0/INFO] [dev.architectury.networking.forge.NetworkManagerImpl/]: Registering C2S receiver with id ftbchunks:request_map_data
[28May2026 14:49:13.587] [modloading-worker-0/INFO] [net.blay09.mods.balm.forge.config.ForgeBalmConfig/]: Registering config for craftingtweaks:common (COMMON) with 7 properties.
[28May2026 14:49:13.589] [modloading-worker-0/INFO] [dev.architectury.networking.forge.NetworkManagerImpl/]: Registering C2S receiver with id ftbchunks:share_waypoint
[28May2026 14:49:13.591] [modloading-worker-0/INFO] [dev.architectury.networking.forge.NetworkManagerImpl/]: Registering S2C receiver with id ftbchunks:send_all_chunks
[28May2026 14:49:13.591] [modloading-worker-0/INFO] [dev.architectury.networking.forge.NetworkManagerImpl/]: Registering S2C receiver with id ftbchunks:login_data
[28May2026 14:49:13.599] [modloading-worker-0/INFO] [dev.architectury.networking.forge.NetworkManagerImpl/]: Registering C2S receiver with id ftbchunks:request_chunk_change
[28May2026 14:49:13.601] [modloading-worker-0/INFO] [dev.architectury.networking.forge.NetworkManagerImpl/]: Registering S2C receiver with id ftbchunks:send_chunk
[28May2026 14:49:13.601] [modloading-worker-0/INFO] [dev.architectury.networking.forge.NetworkManagerImpl/]: Registering S2C receiver with id ftbchunks:send_general_data
[28May2026 14:49:13.602] [modloading-worker-0/INFO] [dev.architectury.networking.forge.NetworkManagerImpl/]: Registering C2S receiver with id ftbchunks:teleport_from_map
[28May2026 14:49:13.603] [modloading-worker-0/INFO] [dev.architectury.networking.forge.NetworkManagerImpl/]: Registering S2C receiver with id ftbchunks:player_death
[28May2026 14:49:13.604] [modloading-worker-0/INFO] [dev.architectury.networking.forge.NetworkManagerImpl/]: Registering S2C receiver with id ftbchunks:send_visible_player_list
[28May2026 14:49:13.605] [modloading-worker-0/INFO] [dev.architectury.networking.forge.NetworkManagerImpl/]: Registering C2S receiver with id ftbchunks:sync_tx
[28May2026 14:49:13.605] [modloading-worker-0/INFO] [dev.architectury.networking.forge.NetworkManagerImpl/]: Registering S2C receiver with id ftbchunks:sync_rx
[28May2026 14:49:13.606] [modloading-worker-0/INFO] [dev.architectury.networking.forge.NetworkManagerImpl/]: Registering S2C receiver with id ftbchunks:loaded_chunk_view
[28May2026 14:49:13.608] [modloading-worker-0/INFO] [dev.architectury.networking.forge.NetworkManagerImpl/]: Registering S2C receiver with id ftbchunks:send_player_position
[28May2026 14:49:13.609] [modloading-worker-0/INFO] [dev.architectury.networking.forge.NetworkManagerImpl/]: Registering C2S receiver with id ftbchunks:update_force_load_expiry
[28May2026 14:49:13.609] [modloading-worker-0/INFO] [dev.architectury.networking.forge.NetworkManagerImpl/]: Registering C2S receiver with id ftbchunks:server_config_request
[28May2026 14:49:13.610] [modloading-worker-0/INFO] [dev.architectury.networking.forge.NetworkManagerImpl/]: Registering S2C receiver with id ftbchunks:server_config_response
[28May2026 14:49:13.613] [modloading-worker-0/INFO] [dev.architectury.networking.forge.NetworkManagerImpl/]: Registering S2C receiver with id ftbchunks:chunk_change_response
[28May2026 14:49:13.615] [modloading-worker-0/INFO] [dev.architectury.networking.forge.NetworkManagerImpl/]: Registering S2C receiver with id ftbchunks:request_block_color
[28May2026 14:49:13.615] [modloading-worker-0/INFO] [dev.architectury.networking.forge.NetworkManagerImpl/]: Registering S2C receiver with id ftbchunks:add_waypoint
[28May2026 14:49:13.638] [modloading-worker-0/INFO] [Expanded Ecosphere/]: [Expanded Ecosphere Updater] Found no updates
[28May2026 14:49:13.696] [modloading-worker-0/INFO] [STDOUT/]: [igentuman.nc.content.particles.ParticleSources:init:30]: Initializing ParticleSources
[28May2026 14:49:13.753] [modloading-worker-0/INFO] [libIPN/]: [libIPN] libIPN - init in Kotlin
[28May2026 14:49:13.761] [modloading-worker-0/INFO] [PluginManager/]: Scanning classes for titanium
[28May2026 14:49:13.980] [modloading-worker-0/INFO] [GregTechCEu/]: GregTechCEu is initializing...
[28May2026 14:49:14.001] [KubeJS Background Thread/INFO] [KubeJS/]: Loaded common.properties
[28May2026 14:49:14.002] [KubeJS Background Thread/INFO] [KubeJS/]: Loaded dev.properties
[28May2026 14:49:14.016] [modloading-worker-0/INFO] [KubeJS/]: Looking for KubeJS plugins...
[28May2026 14:49:14.018] [modloading-worker-0/INFO] [KubeJS/]: Found plugin source kubejs
[28May2026 14:49:14.031] [modloading-worker-0/WARN] [KubeJS/]: Plugin dev.latvian.mods.kubejs.integration.forge.gamestages.GameStagesIntegration does not have required mod gamestages loaded, skipping
[28May2026 14:49:14.033] [modloading-worker-0/INFO] [KubeJS/]: Found plugin source ldlib
[28May2026 14:49:14.034] [modloading-worker-0/INFO] [KubeJS/]: Found plugin source ftbxmodcompat
[28May2026 14:49:14.055] [modloading-worker-0/WARN] [KubeJS/]: Plugin dev.ftb.mods.ftbxmodcompat.ftbfiltersystem.kubejs.FFSKubeJSPlugin does not have required mod ftbfiltersystem loaded, skipping
[28May2026 14:49:14.056] [modloading-worker-0/INFO] [KubeJS/]: Found plugin source greate
[28May2026 14:49:14.066] [modloading-worker-0/INFO] [KubeJS/]: Found plugin source lootjs
[28May2026 14:49:14.068] [modloading-worker-0/INFO] [KubeJS/]: Found plugin source cucumber
[28May2026 14:49:14.069] [modloading-worker-0/INFO] [KubeJS/]: Found plugin source nuclearcraft
[28May2026 14:49:14.120] [modloading-worker-0/INFO] [Configuration/FileWatching]: Registered gcyr config for auto-sync function
[28May2026 14:49:14.139] [modloading-worker-0/INFO] [Configuration/FileWatching]: Registered gtceu config for auto-sync function
[28May2026 14:49:14.147] [modloading-worker-0/INFO] [KubeJS/]: Found plugin source gtceu
[28May2026 14:49:14.168] [modloading-worker-0/INFO] [GregTechCEu/]: High-Tier is Disabled.
[28May2026 14:49:14.195] [modloading-worker-0/INFO] [KubeJS/]: Found plugin source gcyr
[28May2026 14:49:14.197] [modloading-worker-0/INFO] [KubeJS/]: Found plugin source moldraw
[28May2026 14:49:14.200] [modloading-worker-0/INFO] [KubeJS/]: Done in 183.6 ms
[28May2026 14:49:14.206] [modloading-worker-0/INFO] [Configuration/FileWatching]: Registered gtmutils config for auto-sync function
[28May2026 14:49:14.238] [modloading-worker-0/INFO] [REI/]: [REI] Config loaded
[28May2026 14:49:14.299] [modloading-worker-0/INFO] [FTB XMod Compat/]: [FTB Quests] Enabled KubeJS integration
[28May2026 14:49:14.301] [modloading-worker-0/INFO] [FTB XMod Compat/]: [FTB Chunks] Enabled KubeJS integration
[28May2026 14:49:14.307] [modloading-worker-0/INFO] [Configuration/FileWatching]: Registered greate config for auto-sync function
[28May2026 14:49:14.319] [modloading-worker-0/INFO] [quark/]: Initializing TerraBlender underground biome compat
[28May2026 14:49:14.385] [modloading-worker-0/INFO] [REI/]: [REI] Registered plugin provider AE2 [ae2] for REIPlugin
[28May2026 14:49:14.402] [modloading-worker-0/INFO] [com.axperty.delightlib.DelightLib/]: Delight Lib loaded
[28May2026 14:49:14.469] [modloading-worker-0/INFO] [REI/]: [REI] Registered plugin provider AdornReiServerForge [adorn] for REIPlugin
[28May2026 14:49:14.469] [modloading-worker-0/INFO] [REI/]: [REI] Registered plugin provider CoreReiCommonPlugin [sophisticatedcore] for REIPlugin
[28May2026 14:49:14.469] [modloading-worker-0/INFO] [REI/]: [REI] Registered plugin provider BackpackReiCommonPlugin [sophisticatedbackpacks] for REIPlugin
[28May2026 14:49:14.469] [modloading-worker-0/INFO] [REI/]: [REI] Registered plugin provider REIForgePluginStub [ftblibrary] for REIPlugin
[28May2026 14:49:14.469] [modloading-worker-0/INFO] [REI/]: [REI] Registered plugin provider ReiPlugin [craftingstation] for REIPlugin
[28May2026 14:49:14.469] [modloading-worker-0/INFO] [REI/]: [REI] Registered plugin provider ReiClientPlugin [craftingstation] for REIPlugin
[28May2026 14:49:14.469] [modloading-worker-0/INFO] [REI/]: [REI] Registered plugin provider StorageReiCommonPlugin [sophisticatedstorage] for REIPlugin
[28May2026 14:49:14.493] [modloading-worker-0/ERROR] [mts/]: MTSERROR: Could not do model-based legacy compats on mtsofficialpack:engineamci4.  Lights and treads will likely not be present on this model.
[28May2026 14:49:14.493] [modloading-worker-0/ERROR] [mts/]: MTSERROR: For input string: "roller2"
[28May2026 14:49:14.549] [modloading-worker-0/INFO] [YetAnotherConfigLib/]: Deserializing YACLConfig from '/home/bigh/.var/app/org.prismlauncher.PrismLauncher/data/PrismLauncher/instances/GregTech Community Pack Modern/minecraft/config/yacl.json5'
[28May2026 14:49:14.575] [modloading-worker-0/INFO] [REI/]: [REI] Registered plugin provider REIPluginImpl [ldlib] for REIPlugin
[28May2026 14:49:14.575] [modloading-worker-0/INFO] [REI/]: [REI] Registered plugin provider AdornReiClientForge [adorn] for REIPlugin
[28May2026 14:49:14.581] [modloading-worker-0/INFO] [REI/]: [REI] Registered plugin provider almostunified.roughlyenoughitems [almostunified] for REIPlugin
[28May2026 14:49:14.581] [modloading-worker-0/INFO] [REI/]: [REI] Registered plugin provider BackpackReiClientPlugin [sophisticatedbackpacks] for REIPlugin
[28May2026 14:49:14.581] [modloading-worker-0/INFO] [REI/]: [REI] Registered plugin provider StorageReiClientPlugin [sophisticatedstorage] for REIPlugin
[28May2026 14:49:14.581] [modloading-worker-0/INFO] [REI/]: [REI] Registered plugin provider FramedReiPlugin [framedblocks] for REIPlugin
[28May2026 14:49:14.581] [modloading-worker-0/INFO] [REI/]: [REI] Registered plugin provider ExtendedAE [expatternprovider] for REIPlugin
[28May2026 14:49:14.603] [modloading-worker-0/INFO] [net.tobsend.xtonesreworked.XtonesReworkedMod/]: SETUP Xtones Reworked
[28May2026 14:49:14.612] [modloading-worker-0/INFO] [REI/]: [REI] Registered plugin provider REIForgePluginStub [kubejs] for REIPlugin
[28May2026 14:49:14.613] [modloading-worker-0/INFO] [REI/]: [REI] Registered plugin provider FTBQuestsREIIntegrationForge [ftbxmodcompat] for REIPlugin
[28May2026 14:49:14.613] [modloading-worker-0/INFO] [REI/]: [REI] Registered plugin provider GTREIPlugin [gtceu] for REIPlugin
[28May2026 14:49:14.613] [modloading-worker-0/INFO] [REI/]: [REI] Registered plugin provider REICompat [supplementaries] for REIPlugin
[28May2026 14:49:14.643] [modloading-worker-0/INFO] [dev.architectury.networking.forge.NetworkManagerImpl/]: Registering S2C receiver with id roughlyenoughitems:request_tags_s2c
[28May2026 14:49:14.661] [modloading-worker-0/INFO] [dev.architectury.networking.forge.NetworkManagerImpl/]: Registering C2S receiver with id roughlyenoughitems:request_tags_c2s
[28May2026 14:49:14.661] [modloading-worker-0/INFO] [REI/]: [REI] Registered plugin provider DefaultPluginImpl [roughlyenoughitems] for REIServerPlugin
[28May2026 14:49:14.661] [modloading-worker-0/INFO] [REI/]: [REI] Registered plugin provider DefaultPluginImpl [roughlyenoughitems] for REIPlugin
[28May2026 14:49:14.667] [modloading-worker-0/INFO] [REI/]: [REI] Registered plugin provider DefaultRuntimePlugin [roughlyenoughitems] for REIServerPlugin
[28May2026 14:49:14.668] [modloading-worker-0/INFO] [REI/]: [REI] Registered plugin provider DefaultRuntimePlugin [roughlyenoughitems] for REIPlugin
[28May2026 14:49:14.675] [modloading-worker-0/INFO] [REI/]: [REI] Registered plugin provider AdornReiServerForge [adorn] for REIServerPlugin
[28May2026 14:49:14.675] [modloading-worker-0/INFO] [REI/]: [REI] Registered plugin provider CoreReiCommonPlugin [sophisticatedcore] for REIServerPlugin
[28May2026 14:49:14.675] [modloading-worker-0/INFO] [REI/]: [REI] Registered plugin provider BackpackReiCommonPlugin [sophisticatedbackpacks] for REIServerPlugin
[28May2026 14:49:14.675] [modloading-worker-0/INFO] [REI/]: [REI] Registered plugin provider ReiPlugin [craftingstation] for REIServerPlugin
[28May2026 14:49:14.675] [modloading-worker-0/INFO] [REI/]: [REI] Registered plugin provider StorageReiCommonPlugin [sophisticatedstorage] for REIServerPlugin
[28May2026 14:49:14.678] [modloading-worker-0/INFO] [dev.architectury.networking.forge.NetworkManagerImpl/]: Registering C2S receiver with id roughlyenoughitems:delete_item
[28May2026 14:49:14.678] [modloading-worker-0/INFO] [dev.architectury.networking.forge.NetworkManagerImpl/]: Registering C2S receiver with id roughlyenoughitems:create_item
[28May2026 14:49:14.678] [modloading-worker-0/INFO] [dev.architectury.networking.forge.NetworkManagerImpl/]: Registering C2S receiver with id roughlyenoughitems:create_item_grab
[28May2026 14:49:14.678] [modloading-worker-0/INFO] [dev.architectury.networking.forge.NetworkManagerImpl/]: Registering C2S receiver with id roughlyenoughitems:create_item_hotbar
[28May2026 14:49:14.678] [modloading-worker-0/INFO] [dev.architectury.networking.forge.NetworkManagerImpl/]: Registering C2S receiver with id roughlyenoughitems:move_items
[28May2026 14:49:14.679] [modloading-worker-0/INFO] [dev.architectury.networking.forge.NetworkManagerImpl/]: Registering C2S receiver with id roughlyenoughitems:move_items_new
[28May2026 14:49:14.679] [modloading-worker-0/INFO] [Rhino Script Remapper/]: Loading Rhino Minecraft remapper...
[28May2026 14:49:14.680] [modloading-worker-0/INFO] [dev.latvian.mods.rhino.mod.util.RhinoProperties/]: Rhino properties loaded.
[28May2026 14:49:14.686] [modloading-worker-0/INFO] [Rhino Script Remapper/]: Loading mappings for 1.20.1
[28May2026 14:49:14.721] [modloading-worker-0/INFO] [REI/]: [REI] Registered plugin provider DefaultClientPluginImpl [roughlyenoughitems] for REIClientPlugin
[28May2026 14:49:14.721] [modloading-worker-0/INFO] [REI/]: [REI] Registered plugin provider DefaultClientPluginImpl [roughlyenoughitems] for REIPlugin
[28May2026 14:49:14.749] [modloading-worker-0/INFO] [REI/]: [REI] Registered plugin provider DefaultClientRuntimePlugin [roughlyenoughitems] for REIClientPlugin
[28May2026 14:49:14.749] [modloading-worker-0/INFO] [REI/]: [REI] Registered plugin provider DefaultClientRuntimePlugin [roughlyenoughitems] for REIPlugin
[28May2026 14:49:14.754] [modloading-worker-0/INFO] [REI/]: [REI] Registered plugin provider HideIngredientsFromTagsPlugin [roughlyenoughitems] for REIClientPlugin
[28May2026 14:49:14.754] [modloading-worker-0/INFO] [REI/]: [REI] Registered plugin provider HideIngredientsFromTagsPlugin [roughlyenoughitems] for REIPlugin
[28May2026 14:49:14.757] [modloading-worker-0/INFO] [REI/]: [REI] Registered plugin provider AE2 [ae2] for REIClientPlugin
[28May2026 14:49:14.759] [modloading-worker-0/INFO] [REI/]: [REI] Registered plugin provider REIForgePluginStub [ftblibrary] for REIClientPlugin
[28May2026 14:49:14.759] [modloading-worker-0/INFO] [REI/]: [REI] Registered plugin provider ReiClientPlugin [craftingstation] for REIClientPlugin
[28May2026 14:49:14.761] [modloading-worker-0/INFO] [REI/]: [REI] Registered plugin provider REIPluginImpl [ldlib] for REIClientPlugin
[28May2026 14:49:14.762] [modloading-worker-0/INFO] [REI/]: [REI] Registered plugin provider AdornReiClientForge [adorn] for REIClientPlugin
[28May2026 14:49:14.762] [modloading-worker-0/INFO] [REI/]: [REI] Registered plugin provider almostunified.roughlyenoughitems [almostunified] for REIClientPlugin
[28May2026 14:49:14.762] [modloading-worker-0/INFO] [REI/]: [REI] Registered plugin provider BackpackReiClientPlugin [sophisticatedbackpacks] for REIClientPlugin
[28May2026 14:49:14.762] [modloading-worker-0/INFO] [REI/]: [REI] Registered plugin provider StorageReiClientPlugin [sophisticatedstorage] for REIClientPlugin
[28May2026 14:49:14.762] [modloading-worker-0/INFO] [REI/]: [REI] Registered plugin provider FramedReiPlugin [framedblocks] for REIClientPlugin
[28May2026 14:49:14.762] [modloading-worker-0/INFO] [REI/]: [REI] Registered plugin provider ExtendedAE [expatternprovider] for REIClientPlugin
[28May2026 14:49:14.762] [modloading-worker-0/INFO] [REI/]: [REI] Registered plugin provider REIForgePluginStub [kubejs] for REIClientPlugin
[28May2026 14:49:14.762] [modloading-worker-0/INFO] [REI/]: [REI] Registered plugin provider FTBQuestsREIIntegrationForge [ftbxmodcompat] for REIClientPlugin
[28May2026 14:49:14.763] [modloading-worker-0/INFO] [REI/]: [REI] Registered plugin provider GTREIPlugin [gtceu] for REIClientPlugin
[28May2026 14:49:14.763] [modloading-worker-0/INFO] [REI/]: [REI] Registered plugin provider REICompat [supplementaries] for REIClientPlugin
[28May2026 14:49:14.763] [modloading-worker-0/INFO] [dev.architectury.networking.forge.NetworkManagerImpl/]: Registering S2C receiver with id roughlyenoughitems:ci_msg
[28May2026 14:49:14.763] [modloading-worker-0/INFO] [dev.architectury.networking.forge.NetworkManagerImpl/]: Registering S2C receiver with id roughlyenoughitems:og_not_enough
[28May2026 14:49:14.768] [modloading-worker-0/INFO] [Rhino Script Remapper/]: Done in 0.089 s
[28May2026 14:49:14.790] [modloading-worker-0/INFO] [Railways/]: Registered bogey styles from railways
[28May2026 14:49:14.923] [modloading-worker-0/INFO] [quark-zeta/]: Discovered 164 modules to load.
[28May2026 14:49:14.923] [modloading-worker-0/INFO] [quark-zeta/]: Constructing module Abacus...
[28May2026 14:49:14.933] [modloading-worker-0/INFO] [quark-zeta/]: Constructing module Adjustable Chat...
[28May2026 14:49:14.933] [modloading-worker-0/INFO] [quark-zeta/]: Constructing module Ambient Discs...
[28May2026 14:49:14.935] [modloading-worker-0/INFO] [quark-zeta/]: Constructing module Ancient Tomes...
[28May2026 14:49:14.941] [modloading-worker-0/INFO] [quark-zeta/]: Constructing module Ancient Wood...
[28May2026 14:49:14.953] [modloading-worker-0/INFO] [quark-zeta/]: Constructing module Armed Armor Stands...
[28May2026 14:49:14.954] [modloading-worker-0/INFO] [quark-zeta/]: Constructing module Auto Walk Keybind...
[28May2026 14:49:14.954] [modloading-worker-0/INFO] [quark-zeta/]: Constructing module Automatic Recipe Unlock...
[28May2026 14:49:14.954] [modloading-worker-0/INFO] [quark-zeta/]: Constructing module Automatic Tool Restock...
[28May2026 14:49:14.956] [modloading-worker-0/INFO] [quark-zeta/]: Constructing module Azalea Wood...
[28May2026 14:49:14.956] [modloading-worker-0/INFO] [quark-zeta/]: Constructing module Back Button Keybind...
[28May2026 14:49:14.957] [modloading-worker-0/INFO] [quark-zeta/]: Constructing module Backpack...
[28May2026 14:49:14.963] [modloading-worker-0/INFO] [quark-zeta/]: Constructing module Beacon Redirection...
[28May2026 14:49:14.963] [modloading-worker-0/INFO] [quark-zeta/]: Constructing module Better Elytra Rocket...
[28May2026 14:49:14.964] [modloading-worker-0/INFO] [quark-zeta/]: Constructing module Big Stone Clusters...
[28May2026 14:49:15.002] [modloading-worker-0/INFO] [quark-zeta/]: Constructing module Blossom Trees...
[28May2026 14:49:15.005] [modloading-worker-0/INFO] [quark-zeta/]: Constructing module Bottled Cloud...
[28May2026 14:49:15.007] [modloading-worker-0/INFO] [quark-zeta/]: Constructing module Buckets Show Inhabitants...
[28May2026 14:49:15.008] [modloading-worker-0/INFO] [quark-zeta/]: Constructing module Camera...
[28May2026 14:49:15.010] [modloading-worker-0/INFO] [quark-zeta/]: Constructing module Campfires Boost Elytra...
[28May2026 14:49:15.010] [modloading-worker-0/INFO] [quark-zeta/]: Constructing module Celebratory Lamps...
[28May2026 14:49:15.010] [modloading-worker-0/INFO] [quark-zeta/]: Constructing module Chains Connect Blocks...
[28May2026 14:49:15.010] [modloading-worker-0/INFO] [quark-zeta/]: Constructing module Chest Searching...
[28May2026 14:49:15.011] [modloading-worker-0/INFO] [quark-zeta/]: Constructing module Chorus Vegetation...
[28May2026 14:49:15.016] [modloading-worker-0/INFO] [quark-zeta/]: Constructing module Chute...
[28May2026 14:49:15.017] [modloading-worker-0/INFO] [quark-zeta/]: Constructing module Climate Control Remover...
[28May2026 14:49:15.018] [modloading-worker-0/INFO] [quark-zeta/]: Constructing module Color Runes...
[28May2026 14:49:15.020] [modloading-worker-0/INFO] [quark-zeta/]: Constructing module Compasses Work Everywhere...
[28May2026 14:49:15.021] [modloading-worker-0/INFO] [quark-zeta/]: Constructing module Compressed Blocks...
[28May2026 14:49:15.021] [modloading-worker-0/INFO] [quark-zeta/]: Constructing module Coral On Cactus...
[28May2026 14:49:15.021] [modloading-worker-0/INFO] [quark-zeta/]: Constructing module Corundum...
[28May2026 14:49:15.059] [modloading-worker-0/INFO] [quark-zeta/]: Constructing module Crabs...
[28May2026 14:49:15.062] [modloading-worker-0/INFO] [quark-zeta/]: Constructing module Crafter...
[28May2026 14:49:15.063] [modloading-worker-0/INFO] [quark-zeta/]: Constructing module Crate...
[28May2026 14:49:15.065] [modloading-worker-0/INFO] [quark-zeta/]: Constructing module Diamond Repair...
[28May2026 14:49:15.065] [modloading-worker-0/INFO] [quark-zeta/]: Constructing module Dispensers Place Blocks...
[28May2026 14:49:15.066] [modloading-worker-0/INFO] [quark-zeta/]: Constructing module Double Door Opening...
[28May2026 14:49:15.066] [modloading-worker-0/INFO] [quark-zeta/]: Constructing module Dragon Scales...
[28May2026 14:49:15.066] [modloading-worker-0/INFO] [quark-zeta/]: Constructing module Duskbound Blocks...
[28May2026 14:49:15.066] [modloading-worker-0/INFO] [quark-zeta/]: Constructing module Dyeable Item Frames...
[28May2026 14:49:15.068] [modloading-worker-0/INFO] [quark-zeta/]: Constructing module Easy Transfering...
[28May2026 14:49:15.068] [modloading-worker-0/INFO] [quark-zeta/]: Constructing module Elytra Indicator...
[28May2026 14:49:15.068] [modloading-worker-0/INFO] [quark-zeta/]: Constructing module Emotes...
[28May2026 14:49:15.071] [modloading-worker-0/INFO] [quark-zeta/]: Constructing module Enchantment Predicates...
[28May2026 14:49:15.072] [modloading-worker-0/INFO] [quark-zeta/]: Constructing module Enchantments Begone...
[28May2026 14:49:15.072] [modloading-worker-0/INFO] [quark-zeta/]: Constructing module Ender Watcher...
[28May2026 14:49:15.073] [modloading-worker-0/INFO] [quark-zeta/]: Constructing module Endermosh Music Disc...
[28May2026 14:49:15.076] [modloading-worker-0/INFO] [quark-zeta/]: Constructing module Enhanced Ladders...
[28May2026 14:49:15.077] [modloading-worker-0/INFO] [quark-zeta/]: Constructing module Expanded Item Interactions...
[28May2026 14:49:15.078] [modloading-worker-0/INFO] [quark-zeta/]: Constructing module Fairy Rings...
[28May2026 14:49:15.079] [modloading-worker-0/INFO] [quark-zeta/]: Constructing module Fallen Logs...
[28May2026 14:49:15.082] [modloading-worker-0/INFO] [quark-zeta/]: Constructing module Feeding Trough...
[28May2026 14:49:15.083] [modloading-worker-0/INFO] [Railways/]: Registering data fixers
[28May2026 14:49:15.084] [modloading-worker-0/INFO] [quark-zeta/]: Constructing module Forgotten...
[28May2026 14:49:15.091] [modloading-worker-0/INFO] [quark-zeta/]: Constructing module Foxhound...
[28May2026 14:49:15.091] [Railways Datafixer Bootstrap/INFO] [com.mojang.datafixers.DataFixerBuilder/]: 5 Datafixer optimizations took 2 milliseconds
[28May2026 14:49:15.092] [modloading-worker-0/INFO] [quark-zeta/]: Constructing module Framed Glass...
[28May2026 14:49:15.092] [modloading-worker-0/INFO] [quark-zeta/]: Constructing module Game Nerfs...
[28May2026 14:49:15.093] [modloading-worker-0/INFO] [quark-zeta/]: Constructing module Glass Item Frame...
[28May2026 14:49:15.093] [modloading-worker-0/INFO] [Railways/MultiRegistryCallback/]: Registering callback for create:track_signal in minecraft:block_entity_type
[28May2026 14:49:15.093] [modloading-worker-0/INFO] [Railways/MultiRegistryCallback/]: Registering callback for railways:track_signal_source in create:display_source
[28May2026 14:49:15.093] [modloading-worker-0/INFO] [Railways/MultiRegistryCallback/]: Registering callback for create:copycat in minecraft:block_entity_type
[28May2026 14:49:15.093] [modloading-worker-0/INFO] [Railways/MultiRegistryCallback/]: Registering callback for railways:conductor_vent in minecraft:block
[28May2026 14:49:15.093] [modloading-worker-0/INFO] [Railways/MultiRegistryCallback/]: Registering callback for create:flywheel in minecraft:block_entity_type
[28May2026 14:49:15.093] [modloading-worker-0/INFO] [Railways/MultiRegistryCallback/]: Registering callback for railways:locometal_flywheel in minecraft:block
[28May2026 14:49:15.093] [modloading-worker-0/INFO] [Railways/MultiRegistryCallback/]: Registering callback for create:sliding_door in minecraft:block_entity_type
[28May2026 14:49:15.093] [modloading-worker-0/INFO] [Railways/MultiRegistryCallback/]: Registering callback for railways:sliding_locometal_door in minecraft:block
[28May2026 14:49:15.093] [modloading-worker-0/INFO] [Railways/MultiRegistryCallback/]: Registering callback for create:sliding_door in minecraft:block_entity_type
[28May2026 14:49:15.094] [modloading-worker-0/INFO] [Railways/MultiRegistryCallback/]: Registering callback for railways:folding_locometal_door in minecraft:block
[28May2026 14:49:15.094] [modloading-worker-0/INFO] [Railways/MultiRegistryCallback/]: Registering callback for create:flywheel in minecraft:block_entity_type
[28May2026 14:49:15.094] [modloading-worker-0/INFO] [Railways/MultiRegistryCallback/]: Registering callback for railways:brown_locometal_flywheel in minecraft:block
[28May2026 14:49:15.094] [modloading-worker-0/INFO] [Railways/MultiRegistryCallback/]: Registering callback for create:sliding_door in minecraft:block_entity_type
[28May2026 14:49:15.094] [modloading-worker-0/INFO] [Railways/MultiRegistryCallback/]: Registering callback for railways:brown_sliding_locometal_door in minecraft:block
[28May2026 14:49:15.094] [modloading-worker-0/INFO] [Railways/MultiRegistryCallback/]: Registering callback for create:sliding_door in minecraft:block_entity_type
[28May2026 14:49:15.094] [modloading-worker-0/INFO] [Railways/MultiRegistryCallback/]: Registering callback for railways:brown_folding_locometal_door in minecraft:block
[28May2026 14:49:15.094] [modloading-worker-0/INFO] [Railways/MultiRegistryCallback/]: Registering callback for create:flywheel in minecraft:block_entity_type
[28May2026 14:49:15.094] [modloading-worker-0/INFO] [Railways/MultiRegistryCallback/]: Registering callback for railways:maroon_locometal_flywheel in minecraft:block
[28May2026 14:49:15.094] [modloading-worker-0/INFO] [Railways/MultiRegistryCallback/]: Registering callback for create:sliding_door in minecraft:block_entity_type
[28May2026 14:49:15.094] [modloading-worker-0/INFO] [Railways/MultiRegistryCallback/]: Registering callback for railways:maroon_sliding_locometal_door in minecraft:block
[28May2026 14:49:15.094] [modloading-worker-0/INFO] [Railways/MultiRegistryCallback/]: Registering callback for create:sliding_door in minecraft:block_entity_type
[28May2026 14:49:15.094] [modloading-worker-0/INFO] [Railways/MultiRegistryCallback/]: Registering callback for railways:maroon_folding_locometal_door in minecraft:block
[28May2026 14:49:15.094] [modloading-worker-0/INFO] [Railways/MultiRegistryCallback/]: Registering callback for create:flywheel in minecraft:block_entity_type
[28May2026 14:49:15.094] [modloading-worker-0/INFO] [Railways/MultiRegistryCallback/]: Registering callback for railways:red_locometal_flywheel in minecraft:block
[28May2026 14:49:15.094] [modloading-worker-0/INFO] [Railways/MultiRegistryCallback/]: Registering callback for create:sliding_door in minecraft:block_entity_type
[28May2026 14:49:15.094] [modloading-worker-0/INFO] [Railways/MultiRegistryCallback/]: Registering callback for railways:red_sliding_locometal_door in minecraft:block
[28May2026 14:49:15.094] [modloading-worker-0/INFO] [Railways/MultiRegistryCallback/]: Registering callback for create:sliding_door in minecraft:block_entity_type
[28May2026 14:49:15.094] [modloading-worker-0/INFO] [Railways/MultiRegistryCallback/]: Registering callback for railways:red_folding_locometal_door in minecraft:block
[28May2026 14:49:15.094] [modloading-worker-0/INFO] [Railways/MultiRegistryCallback/]: Registering callback for create:flywheel in minecraft:block_entity_type
[28May2026 14:49:15.094] [modloading-worker-0/INFO] [Railways/MultiRegistryCallback/]: Registering callback for railways:vermilion_locometal_flywheel in minecraft:block
[28May2026 14:49:15.094] [modloading-worker-0/INFO] [Railways/MultiRegistryCallback/]: Registering callback for create:sliding_door in minecraft:block_entity_type
[28May2026 14:49:15.094] [modloading-worker-0/INFO] [Railways/MultiRegistryCallback/]: Registering callback for railways:vermilion_sliding_locometal_door in minecraft:block
[28May2026 14:49:15.094] [modloading-worker-0/INFO] [Railways/MultiRegistryCallback/]: Registering callback for create:sliding_door in minecraft:block_entity_type
[28May2026 14:49:15.094] [modloading-worker-0/INFO] [Railways/MultiRegistryCallback/]: Registering callback for railways:vermilion_folding_locometal_door in minecraft:block
[28May2026 14:49:15.094] [modloading-worker-0/INFO] [Railways/MultiRegistryCallback/]: Registering callback for create:flywheel in minecraft:block_entity_type
[28May2026 14:49:15.094] [modloading-worker-0/INFO] [Railways/MultiRegistryCallback/]: Registering callback for railways:orange_locometal_flywheel in minecraft:block
[28May2026 14:49:15.094] [modloading-worker-0/INFO] [Railways/MultiRegistryCallback/]: Registering callback for create:sliding_door in minecraft:block_entity_type
[28May2026 14:49:15.094] [modloading-worker-0/INFO] [Railways/MultiRegistryCallback/]: Registering callback for railways:orange_sliding_locometal_door in minecraft:block
[28May2026 14:49:15.094] [modloading-worker-0/INFO] [Railways/MultiRegistryCallback/]: Registering callback for create:sliding_door in minecraft:block_entity_type
[28May2026 14:49:15.094] [modloading-worker-0/INFO] [Railways/MultiRegistryCallback/]: Registering callback for railways:orange_folding_locometal_door in minecraft:block
[28May2026 14:49:15.094] [modloading-worker-0/INFO] [Railways/MultiRegistryCallback/]: Registering callback for create:flywheel in minecraft:block_entity_type
[28May2026 14:49:15.094] [modloading-worker-0/INFO] [Railways/MultiRegistryCallback/]: Registering callback for railways:granite_locometal_flywheel in minecraft:block
[28May2026 14:49:15.094] [modloading-worker-0/INFO] [Railways/MultiRegistryCallback/]: Registering callback for create:sliding_door in minecraft:block_entity_type
[28May2026 14:49:15.094] [modloading-worker-0/INFO] [Railways/MultiRegistryCallback/]: Registering callback for railways:granite_sliding_locometal_door in minecraft:block
[28May2026 14:49:15.094] [modloading-worker-0/INFO] [Railways/MultiRegistryCallback/]: Registering callback for create:sliding_door in minecraft:block_entity_type
[28May2026 14:49:15.094] [modloading-worker-0/INFO] [Railways/MultiRegistryCallback/]: Registering callback for railways:granite_folding_locometal_door in minecraft:block
[28May2026 14:49:15.094] [modloading-worker-0/INFO] [Railways/MultiRegistryCallback/]: Registering callback for create:flywheel in minecraft:block_entity_type
[28May2026 14:49:15.094] [modloading-worker-0/INFO] [Railways/MultiRegistryCallback/]: Registering callback for railways:dripstone_locometal_flywheel in minecraft:block
[28May2026 14:49:15.094] [modloading-worker-0/INFO] [Railways/MultiRegistryCallback/]: Registering callback for create:sliding_door in minecraft:block_entity_type
[28May2026 14:49:15.094] [modloading-worker-0/INFO] [Railways/MultiRegistryCallback/]: Registering callback for railways:dripstone_sliding_locometal_door in minecraft:block
[28May2026 14:49:15.094] [modloading-worker-0/INFO] [Railways/MultiRegistryCallback/]: Registering callback for create:sliding_door in minecraft:block_entity_type
[28May2026 14:49:15.094] [modloading-worker-0/INFO] [Railways/MultiRegistryCallback/]: Registering callback for railways:dripstone_folding_locometal_door in minecraft:block
[28May2026 14:49:15.094] [modloading-worker-0/INFO] [Railways/MultiRegistryCallback/]: Registering callback for create:flywheel in minecraft:block_entity_type
[28May2026 14:49:15.094] [modloading-worker-0/INFO] [Railways/MultiRegistryCallback/]: Registering callback for railways:ochrum_locometal_flywheel in minecraft:block
[28May2026 14:49:15.094] [modloading-worker-0/INFO] [Railways/MultiRegistryCallback/]: Registering callback for create:sliding_door in minecraft:block_entity_type
[28May2026 14:49:15.094] [modloading-worker-0/INFO] [Railways/MultiRegistryCallback/]: Registering callback for railways:ochrum_sliding_locometal_door in minecraft:block
[28May2026 14:49:15.094] [modloading-worker-0/INFO] [Railways/MultiRegistryCallback/]: Registering callback for create:sliding_door in minecraft:block_entity_type
[28May2026 14:49:15.094] [modloading-worker-0/INFO] [Railways/MultiRegistryCallback/]: Registering callback for railways:ochrum_folding_locometal_door in minecraft:block
[28May2026 14:49:15.094] [modloading-worker-0/INFO] [Railways/MultiRegistryCallback/]: Registering callback for create:flywheel in minecraft:block_entity_type
[28May2026 14:49:15.094] [modloading-worker-0/INFO] [Railways/MultiRegistryCallback/]: Registering callback for railways:yellow_locometal_flywheel in minecraft:block
[28May2026 14:49:15.094] [modloading-worker-0/INFO] [Railways/MultiRegistryCallback/]: Registering callback for create:sliding_door in minecraft:block_entity_type
[28May2026 14:49:15.094] [modloading-worker-0/INFO] [Railways/MultiRegistryCallback/]: Registering callback for railways:yellow_sliding_locometal_door in minecraft:block
[28May2026 14:49:15.094] [modloading-worker-0/INFO] [Railways/MultiRegistryCallback/]: Registering callback for create:sliding_door in minecraft:block_entity_type
[28May2026 14:49:15.094] [modloading-worker-0/INFO] [Railways/MultiRegistryCallback/]: Registering callback for railways:yellow_folding_locometal_door in minecraft:block
[28May2026 14:49:15.094] [modloading-worker-0/INFO] [Railways/MultiRegistryCallback/]: Registering callback for create:flywheel in minecraft:block_entity_type
[28May2026 14:49:15.094] [modloading-worker-0/INFO] [Railways/MultiRegistryCallback/]: Registering callback for railways:chartreuse_locometal_flywheel in minecraft:block
[28May2026 14:49:15.095] [modloading-worker-0/INFO] [Railways/MultiRegistryCallback/]: Registering callback for create:sliding_door in minecraft:block_entity_type
[28May2026 14:49:15.095] [modloading-worker-0/INFO] [Railways/MultiRegistryCallback/]: Registering callback for railways:chartreuse_sliding_locometal_door in minecraft:block
[28May2026 14:49:15.095] [modloading-worker-0/INFO] [Railways/MultiRegistryCallback/]: Registering callback for create:sliding_door in minecraft:block_entity_type
[28May2026 14:49:15.095] [modloading-worker-0/INFO] [Railways/MultiRegistryCallback/]: Registering callback for railways:chartreuse_folding_locometal_door in minecraft:block
[28May2026 14:49:15.095] [modloading-worker-0/INFO] [Railways/MultiRegistryCallback/]: Registering callback for create:flywheel in minecraft:block_entity_type
[28May2026 14:49:15.095] [modloading-worker-0/INFO] [Railways/MultiRegistryCallback/]: Registering callback for railways:olive_green_locometal_flywheel in minecraft:block
[28May2026 14:49:15.095] [modloading-worker-0/INFO] [Railways/MultiRegistryCallback/]: Registering callback for create:sliding_door in minecraft:block_entity_type
[28May2026 14:49:15.095] [modloading-worker-0/INFO] [Railways/MultiRegistryCallback/]: Registering callback for railways:olive_green_sliding_locometal_door in minecraft:block
[28May2026 14:49:15.095] [modloading-worker-0/INFO] [Railways/MultiRegistryCallback/]: Registering callback for create:sliding_door in minecraft:block_entity_type
[28May2026 14:49:15.095] [modloading-worker-0/INFO] [Railways/MultiRegistryCallback/]: Registering callback for railways:olive_green_folding_locometal_door in minecraft:block
[28May2026 14:49:15.095] [modloading-worker-0/INFO] [Railways/MultiRegistryCallback/]: Registering callback for create:flywheel in minecraft:block_entity_type
[28May2026 14:49:15.095] [modloading-worker-0/INFO] [Railways/MultiRegistryCallback/]: Registering callback for railways:lime_locometal_flywheel in minecraft:block
[28May2026 14:49:15.095] [modloading-worker-0/INFO] [Railways/MultiRegistryCallback/]: Registering callback for create:sliding_door in minecraft:block_entity_type
[28May2026 14:49:15.095] [modloading-worker-0/INFO] [Railways/MultiRegistryCallback/]: Registering callback for railways:lime_sliding_locometal_door in minecraft:block
[28May2026 14:49:15.095] [modloading-worker-0/INFO] [Railways/MultiRegistryCallback/]: Registering callback for create:sliding_door in minecraft:block_entity_type
[28May2026 14:49:15.095] [modloading-worker-0/INFO] [Railways/MultiRegistryCallback/]: Registering callback for railways:lime_folding_locometal_door in minecraft:block
[28May2026 14:49:15.095] [modloading-worker-0/INFO] [Railways/MultiRegistryCallback/]: Registering callback for create:flywheel in minecraft:block_entity_type
[28May2026 14:49:15.095] [modloading-worker-0/INFO] [Railways/MultiRegistryCallback/]: Registering callback for railways:green_locometal_flywheel in minecraft:block
[28May2026 14:49:15.095] [modloading-worker-0/INFO] [Railways/MultiRegistryCallback/]: Registering callback for create:sliding_door in minecraft:block_entity_type
[28May2026 14:49:15.095] [modloading-worker-0/INFO] [Railways/MultiRegistryCallback/]: Registering callback for railways:green_sliding_locometal_door in minecraft:block
[28May2026 14:49:15.095] [modloading-worker-0/INFO] [Railways/MultiRegistryCallback/]: Registering callback for create:sliding_door in minecraft:block_entity_type
[28May2026 14:49:15.095] [modloading-worker-0/INFO] [Railways/MultiRegistryCallback/]: Registering callback for railways:green_folding_locometal_door in minecraft:block
[28May2026 14:49:15.095] [modloading-worker-0/INFO] [Railways/MultiRegistryCallback/]: Registering callback for create:flywheel in minecraft:block_entity_type
[28May2026 14:49:15.095] [modloading-worker-0/INFO] [Railways/MultiRegistryCallback/]: Registering callback for railways:pine_green_locometal_flywheel in minecraft:block
[28May2026 14:49:15.095] [modloading-worker-0/INFO] [Railways/MultiRegistryCallback/]: Registering callback for create:sliding_door in minecraft:block_entity_type
[28May2026 14:49:15.095] [modloading-worker-0/INFO] [Railways/MultiRegistryCallback/]: Registering callback for railways:pine_green_sliding_locometal_door in minecraft:block
[28May2026 14:49:15.095] [modloading-worker-0/INFO] [Railways/MultiRegistryCallback/]: Registering callback for create:sliding_door in minecraft:block_entity_type
[28May2026 14:49:15.095] [modloading-worker-0/INFO] [Railways/MultiRegistryCallback/]: Registering callback for railways:pine_green_folding_locometal_door in minecraft:block
[28May2026 14:49:15.095] [modloading-worker-0/INFO] [Railways/MultiRegistryCallback/]: Registering callback for create:flywheel in minecraft:block_entity_type
[28May2026 14:49:15.095] [modloading-worker-0/INFO] [Railways/MultiRegistryCallback/]: Registering callback for railways:cyan_locometal_flywheel in minecraft:block
[28May2026 14:49:15.095] [modloading-worker-0/INFO] [Railways/MultiRegistryCallback/]: Registering callback for create:sliding_door in minecraft:block_entity_type
[28May2026 14:49:15.095] [modloading-worker-0/INFO] [Railways/MultiRegistryCallback/]: Registering callback for railways:cyan_sliding_locometal_door in minecraft:block
[28May2026 14:49:15.095] [modloading-worker-0/INFO] [Railways/MultiRegistryCallback/]: Registering callback for create:sliding_door in minecraft:block_entity_type
[28May2026 14:49:15.095] [modloading-worker-0/INFO] [Railways/MultiRegistryCallback/]: Registering callback for railways:cyan_folding_locometal_door in minecraft:block
[28May2026 14:49:15.095] [modloading-worker-0/INFO] [Railways/MultiRegistryCallback/]: Registering callback for create:flywheel in minecraft:block_entity_type
[28May2026 14:49:15.095] [modloading-worker-0/INFO] [Railways/MultiRegistryCallback/]: Registering callback for railways:sea_green_locometal_flywheel in minecraft:block
[28May2026 14:49:15.095] [modloading-worker-0/INFO] [Railways/MultiRegistryCallback/]: Registering callback for create:sliding_door in minecraft:block_entity_type
[28May2026 14:49:15.095] [modloading-worker-0/INFO] [Railways/MultiRegistryCallback/]: Registering callback for railways:sea_green_sliding_locometal_door in minecraft:block
[28May2026 14:49:15.095] [modloading-worker-0/INFO] [Railways/MultiRegistryCallback/]: Registering callback for create:sliding_door in minecraft:block_entity_type
[28May2026 14:49:15.095] [modloading-worker-0/INFO] [Railways/MultiRegistryCallback/]: Registering callback for railways:sea_green_folding_locometal_door in minecraft:block
[28May2026 14:49:15.095] [modloading-worker-0/INFO] [Railways/MultiRegistryCallback/]: Registering callback for create:flywheel in minecraft:block_entity_type
[28May2026 14:49:15.095] [modloading-worker-0/INFO] [Railways/MultiRegistryCallback/]: Registering callback for railways:turquoise_locometal_flywheel in minecraft:block
[28May2026 14:49:15.095] [modloading-worker-0/INFO] [Railways/MultiRegistryCallback/]: Registering callback for create:sliding_door in minecraft:block_entity_type
[28May2026 14:49:15.095] [modloading-worker-0/INFO] [Railways/MultiRegistryCallback/]: Registering callback for railways:turquoise_sliding_locometal_door in minecraft:block
[28May2026 14:49:15.095] [modloading-worker-0/INFO] [Railways/MultiRegistryCallback/]: Registering callback for create:sliding_door in minecraft:block_entity_type
[28May2026 14:49:15.095] [modloading-worker-0/INFO] [Railways/MultiRegistryCallback/]: Registering callback for railways:turquoise_folding_locometal_door in minecraft:block
[28May2026 14:49:15.095] [modloading-worker-0/INFO] [Railways/MultiRegistryCallback/]: Registering callback for create:flywheel in minecraft:block_entity_type
[28May2026 14:49:15.095] [modloading-worker-0/INFO] [Railways/MultiRegistryCallback/]: Registering callback for railways:light_blue_locometal_flywheel in minecraft:block
[28May2026 14:49:15.095] [modloading-worker-0/INFO] [Railways/MultiRegistryCallback/]: Registering callback for create:sliding_door in minecraft:block_entity_type
[28May2026 14:49:15.095] [modloading-worker-0/INFO] [Railways/MultiRegistryCallback/]: Registering callback for railways:light_blue_sliding_locometal_door in minecraft:block
[28May2026 14:49:15.095] [modloading-worker-0/INFO] [Railways/MultiRegistryCallback/]: Registering callback for create:sliding_door in minecraft:block_entity_type
[28May2026 14:49:15.095] [modloading-worker-0/INFO] [Railways/MultiRegistryCallback/]: Registering callback for railways:light_blue_folding_locometal_door in minecraft:block
[28May2026 14:49:15.095] [modloading-worker-0/INFO] [Railways/MultiRegistryCallback/]: Registering callback for create:flywheel in minecraft:block_entity_type
[28May2026 14:49:15.095] [modloading-worker-0/INFO] [Railways/MultiRegistryCallback/]: Registering callback for railways:blue_locometal_flywheel in minecraft:block
[28May2026 14:49:15.095] [modloading-worker-0/INFO] [Railways/MultiRegistryCallback/]: Registering callback for create:sliding_door in minecraft:block_entity_type
[28May2026 14:49:15.095] [modloading-worker-0/INFO] [Railways/MultiRegistryCallback/]: Registering callback for railways:blue_sliding_locometal_door in minecraft:block
[28May2026 14:49:15.095] [modloading-worker-0/INFO] [Railways/MultiRegistryCallback/]: Registering callback for create:sliding_door in minecraft:block_entity_type
[28May2026 14:49:15.095] [modloading-worker-0/INFO] [Railways/MultiRegistryCallback/]: Registering callback for railways:blue_folding_locometal_door in minecraft:block
[28May2026 14:49:15.095] [modloading-worker-0/INFO] [Railways/MultiRegistryCallback/]: Registering callback for create:flywheel in minecraft:block_entity_type
[28May2026 14:49:15.095] [modloading-worker-0/INFO] [Railways/MultiRegistryCallback/]: Registering callback for railways:royal_blue_locometal_flywheel in minecraft:block
[28May2026 14:49:15.096] [modloading-worker-0/INFO] [Railways/MultiRegistryCallback/]: Registering callback for create:sliding_door in minecraft:block_entity_type
[28May2026 14:49:15.095] [modloading-worker-0/INFO] [quark-zeta/]: Constructing module Glass Shard...
[28May2026 14:49:15.096] [modloading-worker-0/INFO] [Railways/MultiRegistryCallback/]: Registering callback for railways:royal_blue_sliding_locometal_door in minecraft:block
[28May2026 14:49:15.096] [modloading-worker-0/INFO] [Railways/MultiRegistryCallback/]: Registering callback for create:sliding_door in minecraft:block_entity_type
[28May2026 14:49:15.096] [modloading-worker-0/INFO] [Railways/MultiRegistryCallback/]: Registering callback for railways:royal_blue_folding_locometal_door in minecraft:block
[28May2026 14:49:15.096] [modloading-worker-0/INFO] [Railways/MultiRegistryCallback/]: Registering callback for create:flywheel in minecraft:block_entity_type
[28May2026 14:49:15.096] [modloading-worker-0/INFO] [Railways/MultiRegistryCallback/]: Registering callback for railways:purple_locometal_flywheel in minecraft:block
[28May2026 14:49:15.096] [modloading-worker-0/INFO] [Railways/MultiRegistryCallback/]: Registering callback for create:sliding_door in minecraft:block_entity_type
[28May2026 14:49:15.096] [modloading-worker-0/INFO] [Railways/MultiRegistryCallback/]: Registering callback for railways:purple_sliding_locometal_door in minecraft:block
[28May2026 14:49:15.096] [modloading-worker-0/INFO] [Railways/MultiRegistryCallback/]: Registering callback for create:sliding_door in minecraft:block_entity_type
[28May2026 14:49:15.096] [modloading-worker-0/INFO] [Railways/MultiRegistryCallback/]: Registering callback for railways:purple_folding_locometal_door in minecraft:block
[28May2026 14:49:15.096] [modloading-worker-0/INFO] [Railways/MultiRegistryCallback/]: Registering callback for create:flywheel in minecraft:block_entity_type
[28May2026 14:49:15.096] [modloading-worker-0/INFO] [Railways/MultiRegistryCallback/]: Registering callback for railways:magenta_locometal_flywheel in minecraft:block
[28May2026 14:49:15.096] [modloading-worker-0/INFO] [Railways/MultiRegistryCallback/]: Registering callback for create:sliding_door in minecraft:block_entity_type
[28May2026 14:49:15.096] [modloading-worker-0/INFO] [Railways/MultiRegistryCallback/]: Registering callback for railways:magenta_sliding_locometal_door in minecraft:block
[28May2026 14:49:15.096] [modloading-worker-0/INFO] [Railways/MultiRegistryCallback/]: Registering callback for create:sliding_door in minecraft:block_entity_type
[28May2026 14:49:15.096] [modloading-worker-0/INFO] [Railways/MultiRegistryCallback/]: Registering callback for railways:magenta_folding_locometal_door in minecraft:block
[28May2026 14:49:15.096] [modloading-worker-0/INFO] [Railways/MultiRegistryCallback/]: Registering callback for create:flywheel in minecraft:block_entity_type
[28May2026 14:49:15.096] [modloading-worker-0/INFO] [Railways/MultiRegistryCallback/]: Registering callback for railways:pink_locometal_flywheel in minecraft:block
[28May2026 14:49:15.096] [modloading-worker-0/INFO] [Railways/MultiRegistryCallback/]: Registering callback for create:sliding_door in minecraft:block_entity_type
[28May2026 14:49:15.096] [modloading-worker-0/INFO] [Railways/MultiRegistryCallback/]: Registering callback for railways:pink_sliding_locometal_door in minecraft:block
[28May2026 14:49:15.096] [modloading-worker-0/INFO] [Railways/MultiRegistryCallback/]: Registering callback for create:sliding_door in minecraft:block_entity_type
[28May2026 14:49:15.096] [modloading-worker-0/INFO] [Railways/MultiRegistryCallback/]: Registering callback for railways:pink_folding_locometal_door in minecraft:block
[28May2026 14:49:15.096] [modloading-worker-0/INFO] [Railways/MultiRegistryCallback/]: Registering callback for create:flywheel in minecraft:block_entity_type
[28May2026 14:49:15.096] [modloading-worker-0/INFO] [Railways/MultiRegistryCallback/]: Registering callback for railways:white_locometal_flywheel in minecraft:block
[28May2026 14:49:15.096] [modloading-worker-0/INFO] [Railways/MultiRegistryCallback/]: Registering callback for create:sliding_door in minecraft:block_entity_type
[28May2026 14:49:15.096] [modloading-worker-0/INFO] [Railways/MultiRegistryCallback/]: Registering callback for railways:white_sliding_locometal_door in minecraft:block
[28May2026 14:49:15.096] [modloading-worker-0/INFO] [Railways/MultiRegistryCallback/]: Registering callback for create:sliding_door in minecraft:block_entity_type
[28May2026 14:49:15.096] [modloading-worker-0/INFO] [Railways/MultiRegistryCallback/]: Registering callback for railways:white_folding_locometal_door in minecraft:block
[28May2026 14:49:15.096] [modloading-worker-0/INFO] [Railways/MultiRegistryCallback/]: Registering callback for create:flywheel in minecraft:block_entity_type
[28May2026 14:49:15.096] [modloading-worker-0/INFO] [Railways/MultiRegistryCallback/]: Registering callback for railways:diorite_locometal_flywheel in minecraft:block
[28May2026 14:49:15.096] [modloading-worker-0/INFO] [Railways/MultiRegistryCallback/]: Registering callback for create:sliding_door in minecraft:block_entity_type
[28May2026 14:49:15.096] [modloading-worker-0/INFO] [Railways/MultiRegistryCallback/]: Registering callback for railways:diorite_sliding_locometal_door in minecraft:block
[28May2026 14:49:15.096] [modloading-worker-0/INFO] [Railways/MultiRegistryCallback/]: Registering callback for create:sliding_door in minecraft:block_entity_type
[28May2026 14:49:15.096] [modloading-worker-0/INFO] [Railways/MultiRegistryCallback/]: Registering callback for railways:diorite_folding_locometal_door in minecraft:block
[28May2026 14:49:15.096] [modloading-worker-0/INFO] [Railways/MultiRegistryCallback/]: Registering callback for create:flywheel in minecraft:block_entity_type
[28May2026 14:49:15.096] [modloading-worker-0/INFO] [Railways/MultiRegistryCallback/]: Registering callback for railways:limestone_locometal_flywheel in minecraft:block
[28May2026 14:49:15.096] [modloading-worker-0/INFO] [Railways/MultiRegistryCallback/]: Registering callback for create:sliding_door in minecraft:block_entity_type
[28May2026 14:49:15.096] [modloading-worker-0/INFO] [Railways/MultiRegistryCallback/]: Registering callback for railways:limestone_sliding_locometal_door in minecraft:block
[28May2026 14:49:15.096] [modloading-worker-0/INFO] [Railways/MultiRegistryCallback/]: Registering callback for create:sliding_door in minecraft:block_entity_type
[28May2026 14:49:15.096] [modloading-worker-0/INFO] [Railways/MultiRegistryCallback/]: Registering callback for railways:limestone_folding_locometal_door in minecraft:block
[28May2026 14:49:15.096] [modloading-worker-0/INFO] [Railways/MultiRegistryCallback/]: Registering callback for create:flywheel in minecraft:block_entity_type
[28May2026 14:49:15.096] [modloading-worker-0/INFO] [Railways/MultiRegistryCallback/]: Registering callback for railways:light_gray_locometal_flywheel in minecraft:block
[28May2026 14:49:15.097] [modloading-worker-0/INFO] [Railways/MultiRegistryCallback/]: Registering callback for create:sliding_door in minecraft:block_entity_type
[28May2026 14:49:15.097] [modloading-worker-0/INFO] [Railways/MultiRegistryCallback/]: Registering callback for railways:light_gray_sliding_locometal_door in minecraft:block
[28May2026 14:49:15.097] [modloading-worker-0/INFO] [Railways/MultiRegistryCallback/]: Registering callback for create:sliding_door in minecraft:block_entity_type
[28May2026 14:49:15.097] [modloading-worker-0/INFO] [Railways/MultiRegistryCallback/]: Registering callback for railways:light_gray_folding_locometal_door in minecraft:block
[28May2026 14:49:15.097] [modloading-worker-0/INFO] [Railways/MultiRegistryCallback/]: Registering callback for create:flywheel in minecraft:block_entity_type
[28May2026 14:49:15.097] [modloading-worker-0/INFO] [Railways/MultiRegistryCallback/]: Registering callback for railways:tuff_locometal_flywheel in minecraft:block
[28May2026 14:49:15.097] [modloading-worker-0/INFO] [Railways/MultiRegistryCallback/]: Registering callback for create:sliding_door in minecraft:block_entity_type
[28May2026 14:49:15.097] [modloading-worker-0/INFO] [Railways/MultiRegistryCallback/]: Registering callback for railways:tuff_sliding_locometal_door in minecraft:block
[28May2026 14:49:15.097] [modloading-worker-0/INFO] [Railways/MultiRegistryCallback/]: Registering callback for create:sliding_door in minecraft:block_entity_type
[28May2026 14:49:15.097] [modloading-worker-0/INFO] [Railways/MultiRegistryCallback/]: Registering callback for railways:tuff_folding_locometal_door in minecraft:block
[28May2026 14:49:15.097] [modloading-worker-0/INFO] [Railways/MultiRegistryCallback/]: Registering callback for create:flywheel in minecraft:block_entity_type
[28May2026 14:49:15.097] [modloading-worker-0/INFO] [Railways/MultiRegistryCallback/]: Registering callback for railways:gray_locometal_flywheel in minecraft:block
[28May2026 14:49:15.097] [modloading-worker-0/INFO] [Railways/MultiRegistryCallback/]: Registering callback for create:sliding_door in minecraft:block_entity_type
[28May2026 14:49:15.097] [modloading-worker-0/INFO] [Railways/MultiRegistryCallback/]: Registering callback for railways:gray_sliding_locometal_door in minecraft:block
[28May2026 14:49:15.097] [modloading-worker-0/INFO] [Railways/MultiRegistryCallback/]: Registering callback for create:sliding_door in minecraft:block_entity_type
[28May2026 14:49:15.097] [modloading-worker-0/INFO] [Railways/MultiRegistryCallback/]: Registering callback for railways:gray_folding_locometal_door in minecraft:block
[28May2026 14:49:15.097] [modloading-worker-0/INFO] [Railways/MultiRegistryCallback/]: Registering callback for create:flywheel in minecraft:block_entity_type
[28May2026 14:49:15.097] [modloading-worker-0/INFO] [Railways/MultiRegistryCallback/]: Registering callback for railways:scorchia_locometal_flywheel in minecraft:block
[28May2026 14:49:15.097] [modloading-worker-0/INFO] [Railways/MultiRegistryCallback/]: Registering callback for create:sliding_door in minecraft:block_entity_type
[28May2026 14:49:15.097] [modloading-worker-0/INFO] [Railways/MultiRegistryCallback/]: Registering callback for railways:scorchia_sliding_locometal_door in minecraft:block
[28May2026 14:49:15.097] [modloading-worker-0/INFO] [Railways/MultiRegistryCallback/]: Registering callback for create:sliding_door in minecraft:block_entity_type
[28May2026 14:49:15.097] [modloading-worker-0/INFO] [Railways/MultiRegistryCallback/]: Registering callback for railways:scorchia_folding_locometal_door in minecraft:block
[28May2026 14:49:15.097] [modloading-worker-0/INFO] [Railways/MultiRegistryCallback/]: Registering callback for create:flywheel in minecraft:block_entity_type
[28May2026 14:49:15.097] [modloading-worker-0/INFO] [Railways/MultiRegistryCallback/]: Registering callback for railways:black_locometal_flywheel in minecraft:block
[28May2026 14:49:15.097] [modloading-worker-0/INFO] [Railways/MultiRegistryCallback/]: Registering callback for create:sliding_door in minecraft:block_entity_type
[28May2026 14:49:15.097] [modloading-worker-0/INFO] [Railways/MultiRegistryCallback/]: Registering callback for railways:black_sliding_locometal_door in minecraft:block
[28May2026 14:49:15.097] [modloading-worker-0/INFO] [Railways/MultiRegistryCallback/]: Registering callback for create:sliding_door in minecraft:block_entity_type
[28May2026 14:49:15.097] [modloading-worker-0/INFO] [Railways/MultiRegistryCallback/]: Registering callback for railways:black_folding_locometal_door in minecraft:block
[28May2026 14:49:15.097] [modloading-worker-0/INFO] [quark-zeta/]: Constructing module Glimmering Weald...
[28May2026 14:49:15.109] [modloading-worker-0/INFO] [quark-zeta/]: Constructing module Gold Bars...
[28May2026 14:49:15.109] [modloading-worker-0/INFO] [quark-zeta/]: Constructing module Gold Tools Have Fortune...
[28May2026 14:49:15.109] [modloading-worker-0/INFO] [Railways/]: Registering tracks for Hex Casting
[28May2026 14:49:15.110] [modloading-worker-0/INFO] [Railways/]: Registering tracks for Oh The Biomes You'll Go
[28May2026 14:49:15.110] [modloading-worker-0/INFO] [quark-zeta/]: Constructing module Grab Chickens...
[28May2026 14:49:15.110] [modloading-worker-0/INFO] [Railways/]: Registering tracks for Blue Skies
[28May2026 14:49:15.110] [modloading-worker-0/INFO] [quark-zeta/]: Constructing module Grate...
[28May2026 14:49:15.110] [modloading-worker-0/INFO] [Railways/]: Registering tracks for Twilight Forest
[28May2026 14:49:15.111] [modloading-worker-0/INFO] [Railways/]: Registering tracks for Biomes O' Plenty
[28May2026 14:49:15.112] [modloading-worker-0/INFO] [Railways/]: Registering tracks for Nature's Spirit
[28May2026 14:49:15.113] [modloading-worker-0/INFO] [Railways/]: Registering tracks for Dreams and Desires
[28May2026 14:49:15.113] [modloading-worker-0/INFO] [quark-zeta/]: Constructing module Gravisand...
[28May2026 14:49:15.114] [modloading-worker-0/INFO] [Railways/]: Registering tracks for Quark
[28May2026 14:49:15.114] [modloading-worker-0/INFO] [quark-zeta/]: Constructing module Greener Grass...
[28May2026 14:49:15.116] [modloading-worker-0/INFO] [quark-zeta/]: Constructing module Hedges...
[28May2026 14:49:15.122] [modloading-worker-0/INFO] [quark-zeta/]: Constructing module Hoe Harvesting...
[28May2026 14:49:15.123] [modloading-worker-0/INFO] [quark-zeta/]: Constructing module Hollow Logs...
[28May2026 14:49:15.123] [modloading-worker-0/INFO] [quark-zeta/]: Constructing module Horses Swim...
[28May2026 14:49:15.123] [modloading-worker-0/INFO] [quark-zeta/]: Constructing module Hotbar Changer...
[28May2026 14:49:15.124] [modloading-worker-0/INFO] [quark-zeta/]: Constructing module Improved Sponges...
[28May2026 14:49:15.124] [modloading-worker-0/INFO] [quark-zeta/]: Constructing module Improved Tooltips...
[28May2026 14:49:15.124] [modloading-worker-0/INFO] [quark-zeta/]: Constructing module Industrial Palette...
[28May2026 14:49:15.125] [modloading-worker-0/INFO] [quark-zeta/]: Constructing module Inventory Sorting...
[28May2026 14:49:15.126] [modloading-worker-0/INFO] [quark-zeta/]: Constructing module Iron Rod...
[28May2026 14:49:15.130] [modloading-worker-0/INFO] [Railways/]: Registering tracks for TerraFirmaCraft
[28May2026 14:49:15.130] [modloading-worker-0/INFO] [mixin/]: Mixing client.MixinServerData from mixins/common/nochatreports.mixins.json into net.minecraft.client.multiplayer.ServerData
[28May2026 14:49:15.133] [modloading-worker-0/INFO] [quark-zeta/]: Constructing module Item Sharing...
[28May2026 14:49:15.133] [modloading-worker-0/INFO] [quark-zeta/]: Constructing module Japanese Palette...
[28May2026 14:49:15.133] [modloading-worker-0/INFO] [quark-zeta/]: Constructing module Leaf Carpet...
[28May2026 14:49:15.135] [modloading-worker-0/INFO] [quark-zeta/]: Constructing module Lock Rotation...
[28May2026 14:49:15.135] [modloading-worker-0/INFO] [quark-zeta/]: Constructing module Long Range Pick Block...
[28May2026 14:49:15.135] [modloading-worker-0/INFO] [quark-zeta/]: Constructing module Magma Keeps Concrete Powder...
[28May2026 14:49:15.136] [modloading-worker-0/INFO] [quark-zeta/]: Constructing module Magnets...
[28May2026 14:49:15.141] [modloading-worker-0/INFO] [quark-zeta/]: Constructing module Map Washing...
[28May2026 14:49:15.142] [modloading-worker-0/INFO] [quark-zeta/]: Constructing module Matrix Enchanting...
[28May2026 14:49:15.149] [modloading-worker-0/INFO] [quark-zeta/]: Constructing module Metal Buttons...
[28May2026 14:49:15.149] [modloading-worker-0/INFO] [quark-zeta/]: Constructing module Microcrafting Helper...
[28May2026 14:49:15.152] [modloading-worker-0/INFO] [quark-zeta/]: Constructing module Midori...
[28May2026 14:49:15.152] [modloading-worker-0/INFO] [quark-zeta/]: Constructing module Monster Box...
[28May2026 14:49:15.152] [modloading-worker-0/INFO] [quark-zeta/]: Constructing module More Banner Layers...
[28May2026 14:49:15.152] [modloading-worker-0/INFO] [quark-zeta/]: Constructing module More Brick Types...
[28May2026 14:49:15.153] [modloading-worker-0/INFO] [quark-zeta/]: Constructing module More Mud Blocks...
[28May2026 14:49:15.153] [modloading-worker-0/INFO] [quark-zeta/]: Constructing module More Note Block Sounds...
[28May2026 14:49:15.153] [modloading-worker-0/INFO] [quark-zeta/]: Constructing module More Potted Plants...
[28May2026 14:49:15.153] [modloading-worker-0/INFO] [quark-zeta/]: Constructing module More Villagers...
[28May2026 14:49:15.154] [modloading-worker-0/INFO] [quark-zeta/]: Constructing module Narrator Readout...
[28May2026 14:49:15.154] [modloading-worker-0/INFO] [quark-zeta/]: Constructing module Nether Brick Fence Gate...
[28May2026 14:49:15.154] [modloading-worker-0/INFO] [quark-zeta/]: Constructing module Nether Obsidian Spikes...
[28May2026 14:49:15.155] [modloading-worker-0/INFO] [quark-zeta/]: Constructing module New Stone Types...
[28May2026 14:49:15.159] [modloading-worker-0/INFO] [quark-zeta/]: Constructing module No Durability On Cosmetics...
[28May2026 14:49:15.159] [modloading-worker-0/INFO] [quark-zeta/]: Constructing module No More Lava Pockets...
[28May2026 14:49:15.159] [modloading-worker-0/INFO] [quark-zeta/]: Constructing module Obsidian Plate...
[28May2026 14:49:15.159] [modloading-worker-0/INFO] [quark-zeta/]: Constructing module Overlay Shader...
[28May2026 14:49:15.159] [modloading-worker-0/INFO] [quark-zeta/]: Constructing module Parrot Eggs...
[28May2026 14:49:15.160] [modloading-worker-0/INFO] [quark-zeta/]: Constructing module Pat The Dogs...
[28May2026 14:49:15.162] [modloading-worker-0/INFO] [quark-zeta/]: Constructing module Pathfinder Maps...
[28May2026 14:49:15.163] [modloading-worker-0/INFO] [quark-zeta/]: Constructing module Permafrost...
[28May2026 14:49:15.166] [modloading-worker-0/INFO] [quark-zeta/]: Constructing module Petals On Water...
[28May2026 14:49:15.169] [modloading-worker-0/INFO] [quark-zeta/]: Constructing module Pickarang...
[28May2026 14:49:15.171] [modloading-worker-0/INFO] [quark-zeta/]: Constructing module Pig Litters...
[28May2026 14:49:15.172] [modloading-worker-0/INFO] [quark-zeta/]: Constructing module Pipes...
[28May2026 14:49:15.177] [modloading-worker-0/INFO] [mixin/]: Mixing client.MixinChatListener from mixins/common/nochatreports.mixins.json into net.minecraft.client.multiplayer.chat.ChatListener
[28May2026 14:49:15.184] [modloading-worker-0/INFO] [quark-zeta/]: Constructing module Pistons Move Tile Entities...
[28May2026 14:49:15.185] [modloading-worker-0/INFO] [quark-zeta/]: Constructing module Poison Potato Usage...
[28May2026 14:49:15.185] [modloading-worker-0/INFO] [quark-zeta/]: Constructing module Quick Armor Swapping...
[28May2026 14:49:15.186] [modloading-worker-0/INFO] [quark-zeta/]: Constructing module Rainbow Lamps...
[28May2026 14:49:15.186] [modloading-worker-0/INFO] [quark-zeta/]: Constructing module Raw Metal Bricks...
[28May2026 14:49:15.186] [modloading-worker-0/INFO] [quark-zeta/]: Constructing module Reacharound Placing...
[28May2026 14:49:15.187] [modloading-worker-0/INFO] [quark-zeta/]: Constructing module Redstone Randomizer...
[28May2026 14:49:15.190] [modloading-worker-0/INFO] [quark-zeta/]: Constructing module Renewable Spore Blossoms...
[28May2026 14:49:15.191] [modloading-worker-0/INFO] [quark-zeta/]: Constructing module Replace Scaffolding...
[28May2026 14:49:15.191] [modloading-worker-0/INFO] [quark-zeta/]: Constructing module Rope...
[28May2026 14:49:15.191] [modloading-worker-0/INFO] [STDOUT/]: [com.enderio.core.EnderCore:onConstruct:25]: ================ Core construct ==================
[28May2026 14:49:15.193] [modloading-worker-0/INFO] [STDOUT/]: [com.enderio.conduits.EIOConduits:onConstruct:30]: ================ Conduits construct ==================
[28May2026 14:49:15.195] [modloading-worker-0/INFO] [quark-zeta/]: Constructing module Safer Creatures...
[28May2026 14:49:15.196] [modloading-worker-0/INFO] [quark-zeta/]: Constructing module Seed Pouch...
[28May2026 14:49:15.216] [modloading-worker-0/INFO] [quark-zeta/]: Constructing module Shear Vines...
[28May2026 14:49:15.224] [modloading-worker-0/INFO] [quark-zeta/]: Constructing module Shiba...
[28May2026 14:49:15.224] [modloading-worker-0/INFO] [quark-zeta/]: Constructing module Shingles...
[28May2026 14:49:15.224] [modloading-worker-0/INFO] [quark-zeta/]: Constructing module Shulker Packing...
[28May2026 14:49:15.225] [modloading-worker-0/INFO] [quark-zeta/]: Constructing module Simple Harvest...
[28May2026 14:49:15.227] [modloading-worker-0/INFO] [quark-zeta/]: Constructing module Skull Pikes...
[28May2026 14:49:15.235] [modloading-worker-0/INFO] [quark-zeta/]: Constructing module Slabs To Blocks...
[28May2026 14:49:15.235] [modloading-worker-0/INFO] [quark-zeta/]: Constructing module Slime In A Bucket...
[28May2026 14:49:15.237] [modloading-worker-0/INFO] [quark-zeta/]: Constructing module Slimes To Magma Cubes...
[28May2026 14:49:15.237] [modloading-worker-0/INFO] [quark-zeta/]: Constructing module Snow Golem Player Heads...
[28May2026 14:49:15.237] [modloading-worker-0/INFO] [quark-zeta/]: Constructing module Soul Candles...
[28May2026 14:49:15.238] [modloading-worker-0/INFO] [quark-zeta/]: Constructing module Soul Sandstone...
[28May2026 14:49:15.238] [modloading-worker-0/INFO] [quark-zeta/]: Constructing module Spawner Replacer...
[28May2026 14:49:15.238] [modloading-worker-0/INFO] [quark-zeta/]: Constructing module Spiral Spires...
[28May2026 14:49:15.240] [modloading-worker-0/INFO] [quark-zeta/]: Constructing module Stonelings...
[28May2026 14:49:15.242] [modloading-worker-0/INFO] [quark-zeta/]: Constructing module Stools...
[28May2026 14:49:15.243] [modloading-worker-0/INFO] [quark-zeta/]: Constructing module Sturdy Stone...
[28May2026 14:49:15.243] [modloading-worker-0/INFO] [quark-zeta/]: Constructing module Thatch...
[28May2026 14:49:15.245] [modloading-worker-0/INFO] [quark-zeta/]: Constructing module Tiny Potato...
[28May2026 14:49:15.245] [modloading-worker-0/INFO] [quark-zeta/]: Constructing module Torch Arrow...
[28May2026 14:49:15.247] [modloading-worker-0/INFO] [quark-zeta/]: Constructing module Toretoise...
[28May2026 14:49:15.248] [modloading-worker-0/INFO] [quark-zeta/]: Constructing module Totem Of Holding...
[28May2026 14:49:15.250] [modloading-worker-0/INFO] [quark-zeta/]: Constructing module Trowel...
[28May2026 14:49:15.252] [modloading-worker-0/INFO] [quark-zeta/]: Constructing module Usage Ticker...
[28May2026 14:49:15.252] [modloading-worker-0/INFO] [quark-zeta/]: Constructing module Uses For Curses...
[28May2026 14:49:15.253] [modloading-worker-0/INFO] [quark-zeta/]: Constructing module Utility Recipes...
[28May2026 14:49:15.253] [modloading-worker-0/INFO] [quark-zeta/]: Constructing module Variant Animal Textures...
[28May2026 14:49:15.254] [modloading-worker-0/INFO] [quark-zeta/]: Constructing module Variant Bookshelves...
[28May2026 14:49:15.255] [modloading-worker-0/INFO] [quark-zeta/]: Constructing module Variant Chests...
[28May2026 14:49:15.269] [modloading-worker-0/INFO] [quark-zeta/]: Constructing module Variant Furnaces...
[28May2026 14:49:15.276] [modloading-worker-0/INFO] [quark-zeta/]: Constructing module Variant Ladders...
[28May2026 14:49:15.276] [modloading-worker-0/INFO] [quark-zeta/]: Constructing module Variant Selector...
[28May2026 14:49:15.280] [modloading-worker-0/INFO] [quark-zeta/]: Constructing module Vertical Planks...
[28May2026 14:49:15.280] [modloading-worker-0/INFO] [quark-zeta/]: Constructing module Vertical Slabs...
[28May2026 14:49:15.291] [modloading-worker-0/INFO] [quark-zeta/]: Constructing module Vexes Die With Their Masters...
[28May2026 14:49:15.291] [modloading-worker-0/INFO] [quark-zeta/]: Constructing module Villager Rerolling Rework...
[28May2026 14:49:15.293] [modloading-worker-0/INFO] [quark-zeta/]: Constructing module Villagers Follow Emeralds...
[28May2026 14:49:15.294] [modloading-worker-0/INFO] [quark-zeta/]: Constructing module Wooden Posts...
[28May2026 14:49:15.296] [modloading-worker-0/INFO] [quark-zeta/]: Constructing module Wool Shuts Up Minecarts...
[28May2026 14:49:15.296] [modloading-worker-0/INFO] [quark-zeta/]: Constructing module Wraith...
[28May2026 14:49:15.297] [modloading-worker-0/INFO] [quark-zeta/]: Constructing module Zombie Villagers On Normal...
[28May2026 14:49:15.299] [modloading-worker-0/INFO] [quark-zeta/]: Constructing module More Stone Variants...
[28May2026 14:49:15.299] [modloading-worker-0/INFO] [quark-zeta/]: Constructed 164 modules.
[28May2026 14:49:15.335] [modloading-worker-0/INFO] [quark-zeta/]: Doing super early config setup for quark
[28May2026 14:49:15.388] [modloading-worker-0/INFO] [mixin/]: Mixing common.MixinServerStatus from mixins/common/nochatreports.mixins.json into net.minecraft.network.protocol.status.ServerStatus
[28May2026 14:49:15.554] [modloading-worker-0/INFO] [KubeJS/]: Added bindings for script type STARTUP from mod 'almostunified': [AlmostUnified]
[28May2026 14:49:15.589] [modloading-worker-0/INFO] [KubeJS Startup/]: Loaded script startup_scripts:dimension_markers.js in 0.032 s
[28May2026 14:49:15.589] [modloading-worker-0/INFO] [KubeJS Startup/]: Loaded script startup_scripts:recipes/construction_core.js in 0.0 s
[28May2026 14:49:15.590] [modloading-worker-0/INFO] [KubeJS Startup/]: Loaded script startup_scripts:recipes/greenhouse.js in 0.001 s
[28May2026 14:49:15.592] [modloading-worker-0/INFO] [KubeJS Startup/]: Loaded script startup_scripts:icons.js in 0.001 s
[28May2026 14:49:15.593] [modloading-worker-0/INFO] [KubeJS Startup/]: Loaded script startup_scripts:material_testing/material.js in 0.001 s
[28May2026 14:49:15.594] [modloading-worker-0/INFO] [KubeJS Startup/]: Loaded script startup_scripts:machinery/construction_core.js in 0.001 s
[28May2026 14:49:15.595] [modloading-worker-0/INFO] [KubeJS Startup/]: Loaded script startup_scripts:machinery/greenhouse.js in 0.001 s
[28May2026 14:49:15.596] [modloading-worker-0/INFO] [KubeJS Startup/]: Loaded script startup_scripts:components/hsla-steel.js in 0.0 s
[28May2026 14:49:15.598] [modloading-worker-0/INFO] [KubeJS Startup/]: Loaded 8/8 KubeJS startup scripts in 0.828 s with 0 errors and 0 warnings
[28May2026 14:49:15.628] [modloading-worker-0/INFO] [KubeJS/]: Added bindings for script type CLIENT from mod 'almostunified': [AlmostUnified]
[28May2026 14:49:15.636] [modloading-worker-0/ERROR] [KubeJS Client/]: jei/hidden_items.js#1: ReferenceError: "JEIEvents" is not defined.
[28May2026 14:49:15.637] [modloading-worker-0/ERROR] [KubeJS Client/]: jei/hidden_categories.js#1: ReferenceError: "JEIEvents" is not defined.
[28May2026 14:49:15.637] [modloading-worker-0/INFO] [KubeJS Client/]: Loaded script client_scripts:tooltips.js in 0.0 s
[28May2026 14:49:15.638] [modloading-worker-0/INFO] [KubeJS Client/]: Loaded 1/3 KubeJS client scripts in 0.02 s with 0 errors and 0 warnings
[28May2026 14:49:15.666] [modloading-worker-0/INFO] [dev.architectury.networking.forge.NetworkManagerImpl/]: Registering C2S receiver with id kubejs:send_data_from_client
[28May2026 14:49:15.666] [modloading-worker-0/INFO] [dev.architectury.networking.forge.NetworkManagerImpl/]: Registering S2C receiver with id kubejs:send_data_from_server
[28May2026 14:49:15.666] [modloading-worker-0/INFO] [dev.architectury.networking.forge.NetworkManagerImpl/]: Registering S2C receiver with id kubejs:paint
[28May2026 14:49:15.667] [modloading-worker-0/INFO] [dev.architectury.networking.forge.NetworkManagerImpl/]: Registering S2C receiver with id kubejs:add_stage
[28May2026 14:49:15.667] [modloading-worker-0/INFO] [dev.architectury.networking.forge.NetworkManagerImpl/]: Registering S2C receiver with id kubejs:remove_stage
[28May2026 14:49:15.668] [modloading-worker-0/INFO] [dev.architectury.networking.forge.NetworkManagerImpl/]: Registering S2C receiver with id kubejs:sync_stages
[28May2026 14:49:15.668] [modloading-worker-0/INFO] [dev.architectury.networking.forge.NetworkManagerImpl/]: Registering C2S receiver with id kubejs:first_click
[28May2026 14:49:15.668] [modloading-worker-0/INFO] [dev.architectury.networking.forge.NetworkManagerImpl/]: Registering S2C receiver with id kubejs:toast
[28May2026 14:49:15.668] [modloading-worker-0/INFO] [dev.architectury.networking.forge.NetworkManagerImpl/]: Registering S2C receiver with id kubejs:reload_startup_scripts
[28May2026 14:49:15.669] [modloading-worker-0/INFO] [dev.architectury.networking.forge.NetworkManagerImpl/]: Registering S2C receiver with id kubejs:display_server_errors
[28May2026 14:49:15.669] [modloading-worker-0/INFO] [dev.architectury.networking.forge.NetworkManagerImpl/]: Registering S2C receiver with id kubejs:display_client_errors
[28May2026 14:49:15.691] [Render thread/INFO] [Configuration/FileWatching]: Registered moldraw config for auto-sync function
[28May2026 14:49:15.691] [Render thread/INFO] [GregTechCEu/]: GTCEu common proxy init!
[28May2026 14:49:15.733] [Render thread/INFO] [GregTechCEu/]: Registering material registries
[28May2026 14:49:15.734] [Render thread/INFO] [GregTechCEu/]: Registering GTCEu Materials
[28May2026 14:49:15.826] [Render thread/INFO] [GregTechCEu/]: Registering addon Materials
[28May2026 14:49:16.178] [Render thread/WARN] [GregTechCEu/]: FluidStorageKey{gtceu:liquid} already has an associated fluid for material gtceu:lava
[28May2026 14:49:16.183] [Render thread/WARN] [GregTechCEu/]: FluidStorageKey{gtceu:liquid} already has an associated fluid for material gtceu:milk
[28May2026 14:49:16.188] [Render thread/WARN] [GregTechCEu/]: FluidStorageKey{gtceu:liquid} already has an associated fluid for material gtceu:water
[28May2026 14:49:16.558] [Render thread/INFO] [electrolyte.greate.Greate/]: Greate GTCEu addon initialized!
[28May2026 14:49:16.575] [Render thread/INFO] [GregTechCEu/]: Registering KeyBinds
[28May2026 14:49:19.666] [Render thread/INFO] [dev.architectury.networking.forge.NetworkManagerImpl/]: Registering C2S receiver with id ae2wtlib:cycle_terminal
[28May2026 14:49:19.666] [Render thread/INFO] [dev.architectury.networking.forge.NetworkManagerImpl/]: Registering C2S receiver with id ae2wtlib:pick_block
[28May2026 14:49:19.666] [Render thread/INFO] [dev.architectury.networking.forge.NetworkManagerImpl/]: Registering C2S receiver with id ae2wtlib:terminal_settings
[28May2026 14:49:19.959] [Render thread/INFO] [Moonlight/]: Initialized block sets in 17ms
[28May2026 14:49:20.033] [Render thread/INFO] [Railways/MultiRegistryCallback/]: Running callback for create:flywheel and railways:locometal_flywheel
[28May2026 14:49:20.033] [Render thread/INFO] [Railways/MultiRegistryCallback/]: Running callback for create:flywheel and railways:brown_locometal_flywheel
[28May2026 14:49:20.033] [Render thread/INFO] [Railways/MultiRegistryCallback/]: Running callback for create:flywheel and railways:maroon_locometal_flywheel
[28May2026 14:49:20.033] [Render thread/INFO] [Railways/MultiRegistryCallback/]: Running callback for create:flywheel and railways:red_locometal_flywheel
[28May2026 14:49:20.033] [Render thread/INFO] [Railways/MultiRegistryCallback/]: Running callback for create:flywheel and railways:vermilion_locometal_flywheel
[28May2026 14:49:20.033] [Render thread/INFO] [Railways/MultiRegistryCallback/]: Running callback for create:flywheel and railways:orange_locometal_flywheel
[28May2026 14:49:20.033] [Render thread/INFO] [Railways/MultiRegistryCallback/]: Running callback for create:flywheel and railways:granite_locometal_flywheel
[28May2026 14:49:20.033] [Render thread/INFO] [Railways/MultiRegistryCallback/]: Running callback for create:flywheel and railways:dripstone_locometal_flywheel
[28May2026 14:49:20.033] [Render thread/INFO] [Railways/MultiRegistryCallback/]: Running callback for create:flywheel and railways:ochrum_locometal_flywheel
[28May2026 14:49:20.033] [Render thread/INFO] [Railways/MultiRegistryCallback/]: Running callback for create:flywheel and railways:yellow_locometal_flywheel
[28May2026 14:49:20.033] [Render thread/INFO] [Railways/MultiRegistryCallback/]: Running callback for create:flywheel and railways:chartreuse_locometal_flywheel
[28May2026 14:49:20.033] [Render thread/INFO] [Railways/MultiRegistryCallback/]: Running callback for create:flywheel and railways:olive_green_locometal_flywheel
[28May2026 14:49:20.033] [Render thread/INFO] [Railways/MultiRegistryCallback/]: Running callback for create:flywheel and railways:lime_locometal_flywheel
[28May2026 14:49:20.033] [Render thread/INFO] [Railways/MultiRegistryCallback/]: Running callback for create:flywheel and railways:green_locometal_flywheel
[28May2026 14:49:20.033] [Render thread/INFO] [Railways/MultiRegistryCallback/]: Running callback for create:flywheel and railways:pine_green_locometal_flywheel
[28May2026 14:49:20.033] [Render thread/INFO] [Railways/MultiRegistryCallback/]: Running callback for create:flywheel and railways:cyan_locometal_flywheel
[28May2026 14:49:20.033] [Render thread/INFO] [Railways/MultiRegistryCallback/]: Running callback for create:flywheel and railways:sea_green_locometal_flywheel
[28May2026 14:49:20.033] [Render thread/INFO] [Railways/MultiRegistryCallback/]: Running callback for create:flywheel and railways:turquoise_locometal_flywheel
[28May2026 14:49:20.033] [Render thread/INFO] [Railways/MultiRegistryCallback/]: Running callback for create:flywheel and railways:light_blue_locometal_flywheel
[28May2026 14:49:20.033] [Render thread/INFO] [Railways/MultiRegistryCallback/]: Running callback for create:flywheel and railways:blue_locometal_flywheel
[28May2026 14:49:20.033] [Render thread/INFO] [Railways/MultiRegistryCallback/]: Running callback for create:flywheel and railways:royal_blue_locometal_flywheel
[28May2026 14:49:20.033] [Render thread/INFO] [Railways/MultiRegistryCallback/]: Running callback for create:flywheel and railways:purple_locometal_flywheel
[28May2026 14:49:20.033] [Render thread/INFO] [Railways/MultiRegistryCallback/]: Running callback for create:flywheel and railways:magenta_locometal_flywheel
[28May2026 14:49:20.033] [Render thread/INFO] [Railways/MultiRegistryCallback/]: Running callback for create:flywheel and railways:pink_locometal_flywheel
[28May2026 14:49:20.033] [Render thread/INFO] [Railways/MultiRegistryCallback/]: Running callback for create:flywheel and railways:white_locometal_flywheel
[28May2026 14:49:20.033] [Render thread/INFO] [Railways/MultiRegistryCallback/]: Running callback for create:flywheel and railways:diorite_locometal_flywheel
[28May2026 14:49:20.033] [Render thread/INFO] [Railways/MultiRegistryCallback/]: Running callback for create:flywheel and railways:limestone_locometal_flywheel
[28May2026 14:49:20.033] [Render thread/INFO] [Railways/MultiRegistryCallback/]: Running callback for create:flywheel and railways:light_gray_locometal_flywheel
[28May2026 14:49:20.033] [Render thread/INFO] [Railways/MultiRegistryCallback/]: Running callback for create:flywheel and railways:tuff_locometal_flywheel
[28May2026 14:49:20.033] [Render thread/INFO] [Railways/MultiRegistryCallback/]: Running callback for create:flywheel and railways:gray_locometal_flywheel
[28May2026 14:49:20.033] [Render thread/INFO] [Railways/MultiRegistryCallback/]: Running callback for create:flywheel and railways:scorchia_locometal_flywheel
[28May2026 14:49:20.033] [Render thread/INFO] [Railways/MultiRegistryCallback/]: Running callback for create:flywheel and railways:black_locometal_flywheel
[28May2026 14:49:20.034] [Render thread/INFO] [Railways/MultiRegistryCallback/]: Running callback for create:sliding_door and railways:sliding_locometal_door
[28May2026 14:49:20.034] [Render thread/INFO] [Railways/MultiRegistryCallback/]: Running callback for create:sliding_door and railways:folding_locometal_door
[28May2026 14:49:20.034] [Render thread/INFO] [Railways/MultiRegistryCallback/]: Running callback for create:sliding_door and railways:brown_sliding_locometal_door
[28May2026 14:49:20.034] [Render thread/INFO] [Railways/MultiRegistryCallback/]: Running callback for create:sliding_door and railways:brown_folding_locometal_door
[28May2026 14:49:20.034] [Render thread/INFO] [Railways/MultiRegistryCallback/]: Running callback for create:sliding_door and railways:maroon_sliding_locometal_door
[28May2026 14:49:20.034] [Render thread/INFO] [Railways/MultiRegistryCallback/]: Running callback for create:sliding_door and railways:maroon_folding_locometal_door
[28May2026 14:49:20.034] [Render thread/INFO] [Railways/MultiRegistryCallback/]: Running callback for create:sliding_door and railways:red_sliding_locometal_door
[28May2026 14:49:20.034] [Render thread/INFO] [Railways/MultiRegistryCallback/]: Running callback for create:sliding_door and railways:red_folding_locometal_door
[28May2026 14:49:20.034] [Render thread/INFO] [Railways/MultiRegistryCallback/]: Running callback for create:sliding_door and railways:vermilion_sliding_locometal_door
[28May2026 14:49:20.034] [Render thread/INFO] [Railways/MultiRegistryCallback/]: Running callback for create:sliding_door and railways:vermilion_folding_locometal_door
[28May2026 14:49:20.034] [Render thread/INFO] [Railways/MultiRegistryCallback/]: Running callback for create:sliding_door and railways:orange_sliding_locometal_door
[28May2026 14:49:20.034] [Render thread/INFO] [Railways/MultiRegistryCallback/]: Running callback for create:sliding_door and railways:orange_folding_locometal_door
[28May2026 14:49:20.034] [Render thread/INFO] [Railways/MultiRegistryCallback/]: Running callback for create:sliding_door and railways:granite_sliding_locometal_door
[28May2026 14:49:20.034] [Render thread/INFO] [Railways/MultiRegistryCallback/]: Running callback for create:sliding_door and railways:granite_folding_locometal_door
[28May2026 14:49:20.034] [Render thread/INFO] [Railways/MultiRegistryCallback/]: Running callback for create:sliding_door and railways:dripstone_sliding_locometal_door
[28May2026 14:49:20.034] [Render thread/INFO] [Railways/MultiRegistryCallback/]: Running callback for create:sliding_door and railways:dripstone_folding_locometal_door
[28May2026 14:49:20.034] [Render thread/INFO] [Railways/MultiRegistryCallback/]: Running callback for create:sliding_door and railways:ochrum_sliding_locometal_door
[28May2026 14:49:20.034] [Render thread/INFO] [Railways/MultiRegistryCallback/]: Running callback for create:sliding_door and railways:ochrum_folding_locometal_door
[28May2026 14:49:20.034] [Render thread/INFO] [Railways/MultiRegistryCallback/]: Running callback for create:sliding_door and railways:yellow_sliding_locometal_door
[28May2026 14:49:20.034] [Render thread/INFO] [Railways/MultiRegistryCallback/]: Running callback for create:sliding_door and railways:yellow_folding_locometal_door
[28May2026 14:49:20.034] [Render thread/INFO] [Railways/MultiRegistryCallback/]: Running callback for create:sliding_door and railways:chartreuse_sliding_locometal_door
[28May2026 14:49:20.034] [Render thread/INFO] [Railways/MultiRegistryCallback/]: Running callback for create:sliding_door and railways:chartreuse_folding_locometal_door
[28May2026 14:49:20.034] [Render thread/INFO] [Railways/MultiRegistryCallback/]: Running callback for create:sliding_door and railways:olive_green_sliding_locometal_door
[28May2026 14:49:20.034] [Render thread/INFO] [Railways/MultiRegistryCallback/]: Running callback for create:sliding_door and railways:olive_green_folding_locometal_door
[28May2026 14:49:20.034] [Render thread/INFO] [Railways/MultiRegistryCallback/]: Running callback for create:sliding_door and railways:lime_sliding_locometal_door
[28May2026 14:49:20.034] [Render thread/INFO] [Railways/MultiRegistryCallback/]: Running callback for create:sliding_door and railways:lime_folding_locometal_door
[28May2026 14:49:20.034] [Render thread/INFO] [Railways/MultiRegistryCallback/]: Running callback for create:sliding_door and railways:green_sliding_locometal_door
[28May2026 14:49:20.034] [Render thread/INFO] [Railways/MultiRegistryCallback/]: Running callback for create:sliding_door and railways:green_folding_locometal_door
[28May2026 14:49:20.034] [Render thread/INFO] [Railways/MultiRegistryCallback/]: Running callback for create:sliding_door and railways:pine_green_sliding_locometal_door
[28May2026 14:49:20.034] [Render thread/INFO] [Railways/MultiRegistryCallback/]: Running callback for create:sliding_door and railways:pine_green_folding_locometal_door
[28May2026 14:49:20.034] [Render thread/INFO] [Railways/MultiRegistryCallback/]: Running callback for create:sliding_door and railways:cyan_sliding_locometal_door
[28May2026 14:49:20.034] [Render thread/INFO] [Railways/MultiRegistryCallback/]: Running callback for create:sliding_door and railways:cyan_folding_locometal_door
[28May2026 14:49:20.034] [Render thread/INFO] [Railways/MultiRegistryCallback/]: Running callback for create:sliding_door and railways:sea_green_sliding_locometal_door
[28May2026 14:49:20.034] [Render thread/INFO] [Railways/MultiRegistryCallback/]: Running callback for create:sliding_door and railways:sea_green_folding_locometal_door
[28May2026 14:49:20.034] [Render thread/INFO] [Railways/MultiRegistryCallback/]: Running callback for create:sliding_door and railways:turquoise_sliding_locometal_door
[28May2026 14:49:20.034] [Render thread/INFO] [Railways/MultiRegistryCallback/]: Running callback for create:sliding_door and railways:turquoise_folding_locometal_door
[28May2026 14:49:20.034] [Render thread/INFO] [Railways/MultiRegistryCallback/]: Running callback for create:sliding_door and railways:light_blue_sliding_locometal_door
[28May2026 14:49:20.034] [Render thread/INFO] [Railways/MultiRegistryCallback/]: Running callback for create:sliding_door and railways:light_blue_folding_locometal_door
[28May2026 14:49:20.034] [Render thread/INFO] [Railways/MultiRegistryCallback/]: Running callback for create:sliding_door and railways:blue_sliding_locometal_door
[28May2026 14:49:20.034] [Render thread/INFO] [Railways/MultiRegistryCallback/]: Running callback for create:sliding_door and railways:blue_folding_locometal_door
[28May2026 14:49:20.034] [Render thread/INFO] [Railways/MultiRegistryCallback/]: Running callback for create:sliding_door and railways:royal_blue_sliding_locometal_door
[28May2026 14:49:20.034] [Render thread/INFO] [Railways/MultiRegistryCallback/]: Running callback for create:sliding_door and railways:royal_blue_folding_locometal_door
[28May2026 14:49:20.034] [Render thread/INFO] [Railways/MultiRegistryCallback/]: Running callback for create:sliding_door and railways:purple_sliding_locometal_door
[28May2026 14:49:20.034] [Render thread/INFO] [Railways/MultiRegistryCallback/]: Running callback for create:sliding_door and railways:purple_folding_locometal_door
[28May2026 14:49:20.034] [Render thread/INFO] [Railways/MultiRegistryCallback/]: Running callback for create:sliding_door and railways:magenta_sliding_locometal_door
[28May2026 14:49:20.034] [Render thread/INFO] [Railways/MultiRegistryCallback/]: Running callback for create:sliding_door and railways:magenta_folding_locometal_door
[28May2026 14:49:20.034] [Render thread/INFO] [Railways/MultiRegistryCallback/]: Running callback for create:sliding_door and railways:pink_sliding_locometal_door
[28May2026 14:49:20.034] [Render thread/INFO] [Railways/MultiRegistryCallback/]: Running callback for create:sliding_door and railways:pink_folding_locometal_door
[28May2026 14:49:20.034] [Render thread/INFO] [Railways/MultiRegistryCallback/]: Running callback for create:sliding_door and railways:white_sliding_locometal_door
[28May2026 14:49:20.034] [Render thread/INFO] [Railways/MultiRegistryCallback/]: Running callback for create:sliding_door and railways:white_folding_locometal_door
[28May2026 14:49:20.034] [Render thread/INFO] [Railways/MultiRegistryCallback/]: Running callback for create:sliding_door and railways:diorite_sliding_locometal_door
[28May2026 14:49:20.034] [Render thread/INFO] [Railways/MultiRegistryCallback/]: Running callback for create:sliding_door and railways:diorite_folding_locometal_door
[28May2026 14:49:20.034] [Render thread/INFO] [Railways/MultiRegistryCallback/]: Running callback for create:sliding_door and railways:limestone_sliding_locometal_door
[28May2026 14:49:20.034] [Render thread/INFO] [Railways/MultiRegistryCallback/]: Running callback for create:sliding_door and railways:limestone_folding_locometal_door
[28May2026 14:49:20.034] [Render thread/INFO] [Railways/MultiRegistryCallback/]: Running callback for create:sliding_door and railways:light_gray_sliding_locometal_door
[28May2026 14:49:20.034] [Render thread/INFO] [Railways/MultiRegistryCallback/]: Running callback for create:sliding_door and railways:light_gray_folding_locometal_door
[28May2026 14:49:20.034] [Render thread/INFO] [Railways/MultiRegistryCallback/]: Running callback for create:sliding_door and railways:tuff_sliding_locometal_door
[28May2026 14:49:20.034] [Render thread/INFO] [Railways/MultiRegistryCallback/]: Running callback for create:sliding_door and railways:tuff_folding_locometal_door
[28May2026 14:49:20.034] [Render thread/INFO] [Railways/MultiRegistryCallback/]: Running callback for create:sliding_door and railways:gray_sliding_locometal_door
[28May2026 14:49:20.034] [Render thread/INFO] [Railways/MultiRegistryCallback/]: Running callback for create:sliding_door and railways:gray_folding_locometal_door
[28May2026 14:49:20.034] [Render thread/INFO] [Railways/MultiRegistryCallback/]: Running callback for create:sliding_door and railways:scorchia_sliding_locometal_door
[28May2026 14:49:20.034] [Render thread/INFO] [Railways/MultiRegistryCallback/]: Running callback for create:sliding_door and railways:scorchia_folding_locometal_door
[28May2026 14:49:20.034] [Render thread/INFO] [Railways/MultiRegistryCallback/]: Running callback for create:sliding_door and railways:black_sliding_locometal_door
[28May2026 14:49:20.034] [Render thread/INFO] [Railways/MultiRegistryCallback/]: Running callback for create:sliding_door and railways:black_folding_locometal_door
[28May2026 14:49:20.034] [Render thread/INFO] [Railways/MultiRegistryCallback/]: Running callback for create:copycat and railways:conductor_vent
[28May2026 14:49:20.824] [Render thread/INFO] [Railways/MultiRegistryCallback/]: Running callback for create:track_signal and railways:track_signal_source
[28May2026 14:49:20.825] [Render thread/INFO] [Railways/MultiRegistryCallback/]: Running finalizers
[28May2026 14:49:22.050] [Render thread/INFO] [slimeknights.tconstruct.data.pack.DynamicResourceProviderRunner/]: Captured 14051 dynamic client resources from 18 providers for tconstruct-client-resources in 633.0119 ms
[28May2026 14:49:22.268] [Render thread/INFO] [Oculus/]: Hardware information:
[28May2026 14:49:22.268] [Render thread/INFO] [Oculus/]: CPU: 12x 12th Gen Intel(R) Core(TM) i5-12400F
[28May2026 14:49:22.268] [Render thread/INFO] [Oculus/]: GPU: NVIDIA GeForce RTX 3060/PCIe/SSE2 (Supports OpenGL 4.6.0 NVIDIA 595.71.05)
[28May2026 14:49:22.268] [Render thread/INFO] [Oculus/]: OS: Linux (6.17.0-29-generic)
[28May2026 14:49:22.280] [Render thread/WARN] [Embeddium-MixinTaintDetector/]: Mod(s) [oculus] are modifying Embeddium class me.jellysquid.mods.sodium.client.render.vertex.VertexFormatDescriptionImpl, which may cause instability.
[28May2026 14:49:22.284] [Render thread/WARN] [Embeddium-MixinTaintDetector/]: Mod(s) [oculus] are modifying Embeddium class me.jellysquid.mods.sodium.client.render.vertex.buffer.SodiumBufferBuilder, which may cause instability.
[28May2026 14:49:22.474] [Render thread/INFO] [quark/]: Registering model layer quark:crab#main
[28May2026 14:49:22.474] [Render thread/INFO] [quark/]: Registering model layer quark:shiba#main
[28May2026 14:49:22.474] [Render thread/INFO] [quark/]: Registering model layer quark:quark_boat_chest#main
[28May2026 14:49:22.474] [Render thread/INFO] [quark/]: Registering model layer quark:wraith#main
[28May2026 14:49:22.474] [Render thread/INFO] [quark/]: Registering model layer quark:forgotten_hat#main
[28May2026 14:49:22.474] [Render thread/INFO] [quark/]: Registering model layer quark:stoneling#main
[28May2026 14:49:22.474] [Render thread/INFO] [quark/]: Registering model layer quark:toretoise#main
[28May2026 14:49:22.474] [Render thread/INFO] [quark/]: Registering model layer quark:quark_boat#main
[28May2026 14:49:22.474] [Render thread/INFO] [quark/]: Registering model layer quark:foxhound#main
[28May2026 14:49:22.474] [Render thread/INFO] [quark/]: Registering model layer quark:backpack#main
[28May2026 14:49:22.850] [Finalizer/WARN] [ModernFix/]: One or more BufferBuilders have been leaked, ModernFix will attempt to correct this.
[28May2026 14:49:22.861] [Render thread/INFO] [STDERR/]: [dev.latvian.mods.kubejs.client.GeneratedClientResourcePack:generate:129]: com.google.gson.JsonSyntaxException: com.google.gson.stream.MalformedJsonException: Unterminated object at line 11 column 6 path $.item.enderio.sculk_superconductor_conduit
[28May2026 14:49:22.861] [Render thread/INFO] [STDERR/]: [dev.latvian.mods.kubejs.client.GeneratedClientResourcePack:generate:129]: 	at MC-BOOTSTRAP/com.google.gson@2.10/com.google.gson.Gson.fromJson(Gson.java:1229)
[28May2026 14:49:22.861] [Render thread/INFO] [STDERR/]: [dev.latvian.mods.kubejs.client.GeneratedClientResourcePack:generate:129]: 	at MC-BOOTSTRAP/com.google.gson@2.10/com.google.gson.Gson.fromJson(Gson.java:1124)
[28May2026 14:49:22.861] [Render thread/INFO] [STDERR/]: [dev.latvian.mods.kubejs.client.GeneratedClientResourcePack:generate:129]: 	at MC-BOOTSTRAP/com.google.gson@2.10/com.google.gson.Gson.fromJson(Gson.java:1062)
[28May2026 14:49:22.861] [Render thread/INFO] [STDERR/]: [dev.latvian.mods.kubejs.client.GeneratedClientResourcePack:generate:129]: 	at TRANSFORMER/kubejs@2001.6.5-build.26/dev.latvian.mods.kubejs.client.GeneratedClientResourcePack.generate(GeneratedClientResourcePack.java:122)
[28May2026 14:49:22.861] [Render thread/INFO] [STDERR/]: [dev.latvian.mods.kubejs.client.GeneratedClientResourcePack:generate:129]: 	at TRANSFORMER/kubejs@2001.6.5-build.26/dev.latvian.mods.kubejs.script.data.GeneratedResourcePack.getGenerated(GeneratedResourcePack.java:88)
[28May2026 14:49:22.861] [Render thread/INFO] [STDERR/]: [dev.latvian.mods.kubejs.client.GeneratedClientResourcePack:generate:129]: 	at TRANSFORMER/kubejs@2001.6.5-build.26/dev.latvian.mods.kubejs.client.GeneratedClientResourcePack.<init>(GeneratedClientResourcePack.java:67)
[28May2026 14:49:22.861] [Render thread/INFO] [STDERR/]: [dev.latvian.mods.kubejs.client.GeneratedClientResourcePack:generate:129]: 	at TRANSFORMER/kubejs@2001.6.5-build.26/dev.latvian.mods.kubejs.client.GeneratedClientResourcePack.inject(GeneratedClientResourcePack.java:48)
[28May2026 14:49:22.862] [Render thread/INFO] [STDERR/]: [dev.latvian.mods.kubejs.client.GeneratedClientResourcePack:generate:129]: 	at TRANSFORMER/minecraft@1.20.1/net.minecraft.client.Minecraft.modifyExpressionValue$eah000$kjs$loadPacks(Minecraft.java:20458)
[28May2026 14:49:22.862] [Render thread/INFO] [STDERR/]: [dev.latvian.mods.kubejs.client.GeneratedClientResourcePack:generate:129]: 	at TRANSFORMER/minecraft@1.20.1/net.minecraft.client.Minecraft.<init>(Minecraft.java:559)
[28May2026 14:49:22.862] [Render thread/INFO] [STDERR/]: [dev.latvian.mods.kubejs.client.GeneratedClientResourcePack:generate:129]: 	at TRANSFORMER/minecraft@1.20.1/net.minecraft.client.main.Main.main(Main.java:182)
[28May2026 14:49:22.862] [Render thread/INFO] [STDERR/]: [dev.latvian.mods.kubejs.client.GeneratedClientResourcePack:generate:129]: 	at java.base/jdk.internal.reflect.NativeMethodAccessorImpl.invoke0(Native Method)
[28May2026 14:49:22.862] [Render thread/INFO] [STDERR/]: [dev.latvian.mods.kubejs.client.GeneratedClientResourcePack:generate:129]: 	at java.base/jdk.internal.reflect.NativeMethodAccessorImpl.invoke(NativeMethodAccessorImpl.java:77)
[28May2026 14:49:22.862] [Render thread/INFO] [STDERR/]: [dev.latvian.mods.kubejs.client.GeneratedClientResourcePack:generate:129]: 	at java.base/jdk.internal.reflect.DelegatingMethodAccessorImpl.invoke(DelegatingMethodAccessorImpl.java:43)
[28May2026 14:49:22.862] [Render thread/INFO] [STDERR/]: [dev.latvian.mods.kubejs.client.GeneratedClientResourcePack:generate:129]: 	at java.base/java.lang.reflect.Method.invoke(Method.java:569)
[28May2026 14:49:22.862] [Render thread/INFO] [STDERR/]: [dev.latvian.mods.kubejs.client.GeneratedClientResourcePack:generate:129]: 	at MC-BOOTSTRAP/fmlloader@1.20.1-47.4.10/net.minecraftforge.fml.loading.targets.CommonLaunchHandler.runTarget(CommonLaunchHandler.java:111)
[28May2026 14:49:22.862] [Render thread/INFO] [STDERR/]: [dev.latvian.mods.kubejs.client.GeneratedClientResourcePack:generate:129]: 	at MC-BOOTSTRAP/fmlloader@1.20.1-47.4.10/net.minecraftforge.fml.loading.targets.CommonLaunchHandler.clientService(CommonLaunchHandler.java:99)
[28May2026 14:49:22.862] [Render thread/INFO] [STDERR/]: [dev.latvian.mods.kubejs.client.GeneratedClientResourcePack:generate:129]: 	at MC-BOOTSTRAP/fmlloader@1.20.1-47.4.10/net.minecraftforge.fml.loading.targets.CommonClientLaunchHandler.lambda$makeService$0(CommonClientLaunchHandler.java:25)
[28May2026 14:49:22.862] [Render thread/INFO] [STDERR/]: [dev.latvian.mods.kubejs.client.GeneratedClientResourcePack:generate:129]: 	at MC-BOOTSTRAP/cpw.mods.modlauncher@10.0.9/cpw.mods.modlauncher.LaunchServiceHandlerDecorator.launch(LaunchServiceHandlerDecorator.java:30)
[28May2026 14:49:22.862] [Render thread/INFO] [STDERR/]: [dev.latvian.mods.kubejs.client.GeneratedClientResourcePack:generate:129]: 	at MC-BOOTSTRAP/cpw.mods.modlauncher@10.0.9/cpw.mods.modlauncher.LaunchServiceHandler.launch(LaunchServiceHandler.java:53)
[28May2026 14:49:22.862] [Render thread/INFO] [STDERR/]: [dev.latvian.mods.kubejs.client.GeneratedClientResourcePack:generate:129]: 	at MC-BOOTSTRAP/cpw.mods.modlauncher@10.0.9/cpw.mods.modlauncher.LaunchServiceHandler.launch(LaunchServiceHandler.java:71)
[28May2026 14:49:22.862] [Render thread/INFO] [STDERR/]: [dev.latvian.mods.kubejs.client.GeneratedClientResourcePack:generate:129]: 	at MC-BOOTSTRAP/cpw.mods.modlauncher@10.0.9/cpw.mods.modlauncher.Launcher.run(Launcher.java:108)
[28May2026 14:49:22.862] [Render thread/INFO] [STDERR/]: [dev.latvian.mods.kubejs.client.GeneratedClientResourcePack:generate:129]: 	at MC-BOOTSTRAP/cpw.mods.modlauncher@10.0.9/cpw.mods.modlauncher.Launcher.main(Launcher.java:78)
[28May2026 14:49:22.862] [Render thread/INFO] [STDERR/]: [dev.latvian.mods.kubejs.client.GeneratedClientResourcePack:generate:129]: 	at MC-BOOTSTRAP/cpw.mods.modlauncher@10.0.9/cpw.mods.modlauncher.BootstrapLaunchConsumer.accept(BootstrapLaunchConsumer.java:26)
[28May2026 14:49:22.862] [Render thread/INFO] [STDERR/]: [dev.latvian.mods.kubejs.client.GeneratedClientResourcePack:generate:129]: 	at MC-BOOTSTRAP/cpw.mods.modlauncher@10.0.9/cpw.mods.modlauncher.BootstrapLaunchConsumer.accept(BootstrapLaunchConsumer.java:23)
[28May2026 14:49:22.862] [Render thread/INFO] [STDERR/]: [dev.latvian.mods.kubejs.client.GeneratedClientResourcePack:generate:129]: 	at cpw.mods.bootstraplauncher@1.1.2/cpw.mods.bootstraplauncher.BootstrapLauncher.main(BootstrapLauncher.java:141)
[28May2026 14:49:22.862] [Render thread/INFO] [STDERR/]: [dev.latvian.mods.kubejs.client.GeneratedClientResourcePack:generate:129]: 	at java.base/jdk.internal.reflect.NativeMethodAccessorImpl.invoke0(Native Method)
[28May2026 14:49:22.862] [Render thread/INFO] [STDERR/]: [dev.latvian.mods.kubejs.client.GeneratedClientResourcePack:generate:129]: 	at java.base/jdk.internal.reflect.NativeMethodAccessorImpl.invoke(NativeMethodAccessorImpl.java:77)
[28May2026 14:49:22.862] [Render thread/INFO] [STDERR/]: [dev.latvian.mods.kubejs.client.GeneratedClientResourcePack:generate:129]: 	at java.base/jdk.internal.reflect.DelegatingMethodAccessorImpl.invoke(DelegatingMethodAccessorImpl.java:43)
[28May2026 14:49:22.862] [Render thread/INFO] [STDERR/]: [dev.latvian.mods.kubejs.client.GeneratedClientResourcePack:generate:129]: 	at java.base/java.lang.reflect.Method.invoke(Method.java:569)
[28May2026 14:49:22.862] [Render thread/INFO] [STDERR/]: [dev.latvian.mods.kubejs.client.GeneratedClientResourcePack:generate:129]: 	at io.github.zekerzhayard.forgewrapper.installer.Main.main(Main.java:67)
[28May2026 14:49:22.862] [Render thread/INFO] [STDERR/]: [dev.latvian.mods.kubejs.client.GeneratedClientResourcePack:generate:129]: 	at org.prismlauncher.launcher.impl.StandardLauncher.launch(StandardLauncher.java:115)
[28May2026 14:49:22.862] [Render thread/INFO] [STDERR/]: [dev.latvian.mods.kubejs.client.GeneratedClientResourcePack:generate:129]: 	at org.prismlauncher.EntryPoint.listen(EntryPoint.java:129)
[28May2026 14:49:22.862] [Render thread/INFO] [STDERR/]: [dev.latvian.mods.kubejs.client.GeneratedClientResourcePack:generate:129]: 	at org.prismlauncher.EntryPoint.main(EntryPoint.java:70)
[28May2026 14:49:22.862] [Render thread/INFO] [STDERR/]: [java.lang.Throwable:printStackTrace:650]: Caused by: com.google.gson.stream.MalformedJsonException: Unterminated object at line 11 column 6 path $.item.enderio.sculk_superconductor_conduit
[28May2026 14:49:22.862] [Render thread/INFO] [STDERR/]: [java.lang.Throwable:printStackTrace:650]: 	at MC-BOOTSTRAP/com.google.gson@2.10/com.google.gson.stream.JsonReader.syntaxError(JsonReader.java:1657)
[28May2026 14:49:22.862] [Render thread/INFO] [STDERR/]: [java.lang.Throwable:printStackTrace:650]: 	at MC-BOOTSTRAP/com.google.gson@2.10/com.google.gson.stream.JsonReader.doPeek(JsonReader.java:500)
[28May2026 14:49:22.862] [Render thread/INFO] [STDERR/]: [java.lang.Throwable:printStackTrace:650]: 	at MC-BOOTSTRAP/com.google.gson@2.10/com.google.gson.stream.JsonReader.hasNext(JsonReader.java:422)
[28May2026 14:49:22.862] [Render thread/INFO] [STDERR/]: [java.lang.Throwable:printStackTrace:650]: 	at MC-BOOTSTRAP/com.google.gson@2.10/com.google.gson.internal.bind.TypeAdapters$28.read(TypeAdapters.java:779)
[28May2026 14:49:22.862] [Render thread/INFO] [STDERR/]: [java.lang.Throwable:printStackTrace:650]: 	at MC-BOOTSTRAP/com.google.gson@2.10/com.google.gson.internal.bind.TypeAdapters$28.read(TypeAdapters.java:725)
[28May2026 14:49:22.862] [Render thread/INFO] [STDERR/]: [java.lang.Throwable:printStackTrace:650]: 	at MC-BOOTSTRAP/com.google.gson@2.10/com.google.gson.internal.bind.TypeAdapters$34$1.read(TypeAdapters.java:1007)
[28May2026 14:49:22.862] [Render thread/INFO] [STDERR/]: [java.lang.Throwable:printStackTrace:650]: 	at MC-BOOTSTRAP/com.google.gson@2.10/com.google.gson.Gson.fromJson(Gson.java:1214)
[28May2026 14:49:22.862] [Render thread/INFO] [STDERR/]: [java.lang.Throwable:printStackTrace:650]: 	... 32 more
[28May2026 14:49:22.967] [Render thread/INFO] [net.minecraft.server.packs.resources.ReloadableResourceManager/]: Reloading ResourceManager: gtceu:dynamic_assets, tconstruct:dynamic_assets, mod_resources, vanilla, generated/fragmentum_layer, Moonlight Mods Dynamic Assets, obscure_tooltips/packs/vibrant_tooltips, KubeJS Resource Pack [assets], ldlib
[28May2026 14:49:22.976] [Worker-ResourceReload-0/INFO] [Moonlight/]: Starting runtime resource generation for pack type CLIENT_RESOURCES with generators from mods [vista, supplementaries, supplementaries, moonlight]: [net.mehvahdjukaar.vista.client.VistaDynamicResources@2338271c, net.mehvahdjukaar.supplementaries.dynamicpack.ClientDynamicResourcesGenerator@2e8ae870, net.mehvahdjukaar.moonlight.core.MoonlightClient$MLDynamicClientResources@75783935]
[28May2026 14:49:22.976] [Worker-ResourceReload-0/INFO] [Moonlight/]: Generating runtime assets for pack Moonlight Mods Dynamic Assets (vista)
[28May2026 14:49:22.983] [Worker-ResourceReload-0/INFO] [Vista/]: Generated runtime CLIENT_RESOURCES for pack Moonlight Mods Dynamic Assets (vista) in: 6 ms (multithreaded)
[28May2026 14:49:22.983] [Worker-ResourceReload-0/INFO] [Moonlight/]: Generating runtime assets for pack Moonlight Mods Dynamic Assets (supplementaries)
[28May2026 14:49:23.258] [FTB Backups Config Watcher 0/INFO] [net.creeperhost.ftbbackups.FTBBackups/]: Config at /home/bigh/.var/app/org.prismlauncher.PrismLauncher/data/PrismLauncher/instances/GregTech Community Pack Modern/minecraft/config/ftbbackups2.json has changed, reloaded!
[28May2026 14:49:23.276] [Render thread/INFO] [Emojiful/]: Loaded 2008 emojis
[28May2026 14:49:23.277] [Render thread/INFO] [KubeJS Client/]: Client resource reload complete!
[28May2026 14:49:23.576] [Worker-ResourceReload-0/INFO] [Supplementaries/]: Generated runtime CLIENT_RESOURCES for pack Moonlight Mods Dynamic Assets (supplementaries) in: 593 ms (multithreaded)
[28May2026 14:49:23.576] [Worker-ResourceReload-0/INFO] [Moonlight/]: Generating runtime assets for pack Moonlight Mods Dynamic Assets (moonlight)
[28May2026 14:49:23.577] [Worker-ResourceReload-0/INFO] [Moonlight/]: Generated runtime CLIENT_RESOURCES for pack Moonlight Mods Dynamic Assets (moonlight) in: 0 ms (multithreaded)
[28May2026 14:49:23.577] [Worker-ResourceReload-0/INFO] [Moonlight/]: Finished runtime resources generation for 4 packs in a total of 600 ms
[28May2026 14:49:23.609] [Render thread/INFO] [mixin/]: Mixing client.MixinJoinMultiplayerScreen from mixins/common/nochatreports.mixins.json into net.minecraft.client.gui.screens.multiplayer.JoinMultiplayerScreen
[28May2026 14:49:23.609] [Render thread/INFO] [mixin/]: Renaming synthetic method lambda$onInit$2()Lnet/minecraft/network/chat/Component; to md56901c$lambda$onInit$2$0 in mixins/common/nochatreports.mixins.json:client.MixinJoinMultiplayerScreen
[28May2026 14:49:23.609] [Render thread/INFO] [mixin/]: Renaming synthetic method lambda$onInit$1(Lnet/minecraft/client/gui/components/Button;)V to md56901c$lambda$onInit$1$1 in mixins/common/nochatreports.mixins.json:client.MixinJoinMultiplayerScreen
[28May2026 14:49:23.609] [Render thread/INFO] [mixin/]: Renaming synthetic method lambda$onInit$0(Lnet/minecraft/client/gui/components/Button;)V to md56901c$lambda$onInit$0$2 in mixins/common/nochatreports.mixins.json:client.MixinJoinMultiplayerScreen
[28May2026 14:49:23.670] [Worker-ResourceReload-4/WARN] [net.minecraft.client.sounds.SoundManager/]: File supplementaries:sounds/item/awning_bounce_1.ogg does not exist, cannot add it to event supplementaries:block.awning.bounce
[28May2026 14:49:23.671] [Worker-ResourceReload-4/WARN] [net.minecraft.client.sounds.SoundManager/]: File supplementaries:sounds/item/awning_bounce_2.ogg does not exist, cannot add it to event supplementaries:block.awning.bounce
[28May2026 14:49:23.671] [Worker-ResourceReload-4/WARN] [net.minecraft.client.sounds.SoundManager/]: File supplementaries:sounds/item/awning_bounce_3.ogg does not exist, cannot add it to event supplementaries:block.awning.bounce
[28May2026 14:49:23.687] [modloading-worker-0/INFO] [Puzzles Lib/]: Loading client config for hangglider
[28May2026 14:49:23.722] [Worker-ResourceReload-3/INFO] [net.minecraft.client.gui.font.providers.UnihexProvider/]: Found unifont_all_no_pua-15.0.06.hex, loading
[28May2026 14:49:23.730] [modloading-worker-0/INFO] [PluginManager/]: Executing phase CONFIG_LOAD for plugin class PatchouliPlugin
[28May2026 14:49:23.730] [modloading-worker-0/INFO] [PluginManager/]: Executing phase CONFIG_LOAD for plugin class CuriosPlugin
[28May2026 14:49:23.732] [modloading-worker-0/INFO] [PluginManager/]: Executing phase CONFIG_LOAD for plugin class PatchouliPlugin
[28May2026 14:49:23.732] [modloading-worker-0/INFO] [PluginManager/]: Executing phase CONFIG_LOAD for plugin class CuriosPlugin
[28May2026 14:49:23.733] [modloading-worker-0/INFO] [PluginManager/]: Executing phase CONFIG_LOAD for plugin class PatchouliPlugin
[28May2026 14:49:23.733] [modloading-worker-0/INFO] [PluginManager/]: Executing phase CONFIG_LOAD for plugin class CuriosPlugin
[28May2026 14:49:23.734] [modloading-worker-0/INFO] [PluginManager/]: Executing phase CONFIG_LOAD for plugin class PatchouliPlugin
[28May2026 14:49:23.734] [modloading-worker-0/INFO] [PluginManager/]: Executing phase CONFIG_LOAD for plugin class CuriosPlugin
[28May2026 14:49:23.734] [modloading-worker-0/INFO] [PluginManager/]: Executing phase CONFIG_LOAD for plugin class PatchouliPlugin
[28May2026 14:49:23.734] [modloading-worker-0/INFO] [PluginManager/]: Executing phase CONFIG_LOAD for plugin class CuriosPlugin
[28May2026 14:49:23.784] [modloading-worker-0/WARN] [net.minecraftforge.common.ForgeConfigSpec/CORE]: Configuration file /home/bigh/.var/app/org.prismlauncher.PrismLauncher/data/PrismLauncher/instances/GregTech Community Pack Modern/minecraft/config/NuclearCraft/common.toml is not correct. Correcting
[28May2026 14:49:23.785] [modloading-worker-0/WARN] [net.minecraftforge.common.ForgeConfigSpec/CORE]: Incorrect key GregTech Energy Compatibility.fission_reactor_energy_tier was corrected from EV to its default, EV. 
[28May2026 14:49:23.785] [modloading-worker-0/WARN] [net.minecraftforge.common.ForgeConfigSpec/CORE]: Incorrect key GregTech Energy Compatibility.turbine_energy_tier was corrected from EV to its default, EV. 
[28May2026 14:49:23.785] [modloading-worker-0/WARN] [net.minecraftforge.common.ForgeConfigSpec/CORE]: Incorrect key GregTech Energy Compatibility.fusion_reactor_energy_tier was corrected from IV to its default, IV. 
[28May2026 14:49:23.785] [modloading-worker-0/WARN] [net.minecraftforge.common.ForgeConfigSpec/CORE]: Incorrect key GregTech Energy Compatibility.kugelblitz_energy_tier was corrected from LuV to its default, LuV. 
[28May2026 14:49:23.785] [modloading-worker-0/WARN] [net.minecraftforge.common.ForgeConfigSpec/CORE]: Incorrect key GregTech Energy Compatibility.accelerators_energy_tier was corrected from LuV to its default, LuV. 
[28May2026 14:49:23.785] [modloading-worker-0/WARN] [net.minecraftforge.common.ForgeConfigSpec/CORE]: Incorrect key GregTech Energy Compatibility.processor_energy_tier was corrected from MV to its default, MV. 
[28May2026 14:49:23.796] [modloading-worker-0/INFO] [net.blay09.mods.craftingtweaks.registry.ModFileJsonCompatLoader/]: Mod file craftingtweaks has registered com.blakebr0.extendedcrafting.container.UltimateAutoTableContainer of extendedcrafting with CraftingTweaks
[28May2026 14:49:23.796] [modloading-worker-0/INFO] [net.blay09.mods.craftingtweaks.registry.ModFileJsonCompatLoader/]: Mod file craftingtweaks has registered com.blakebr0.extendedcrafting.container.UltimateTableContainer of extendedcrafting with CraftingTweaks
[28May2026 14:49:23.796] [modloading-worker-0/INFO] [net.blay09.mods.craftingtweaks.registry.ModFileJsonCompatLoader/]: Mod file craftingtweaks has registered com.blakebr0.extendedcrafting.container.EliteAutoTableContainer of extendedcrafting with CraftingTweaks
[28May2026 14:49:23.796] [modloading-worker-0/INFO] [net.blay09.mods.craftingtweaks.registry.ModFileJsonCompatLoader/]: Mod file craftingtweaks has registered com.blakebr0.extendedcrafting.container.EliteTableContainer of extendedcrafting with CraftingTweaks
[28May2026 14:49:23.796] [modloading-worker-0/INFO] [net.blay09.mods.craftingtweaks.registry.ModFileJsonCompatLoader/]: Mod file craftingtweaks has registered com.blakebr0.extendedcrafting.container.BasicAutoTableContainer of extendedcrafting with CraftingTweaks
[28May2026 14:49:23.796] [modloading-worker-0/INFO] [net.blay09.mods.craftingtweaks.registry.ModFileJsonCompatLoader/]: Mod file craftingtweaks has registered com.blakebr0.extendedcrafting.container.AdvancedAutoTableContainer of extendedcrafting with CraftingTweaks
[28May2026 14:49:23.796] [modloading-worker-0/INFO] [net.blay09.mods.craftingtweaks.registry.ModFileJsonCompatLoader/]: Mod file craftingtweaks has registered com.blakebr0.extendedcrafting.container.AdvancedTableContainer of extendedcrafting with CraftingTweaks
[28May2026 14:49:23.796] [modloading-worker-0/INFO] [net.blay09.mods.craftingtweaks.registry.ModFileJsonCompatLoader/]: Mod file craftingtweaks has registered com.blakebr0.extendedcrafting.container.BasicTableContainer of extendedcrafting with CraftingTweaks
[28May2026 14:49:23.819] [Worker-ResourceReload-7/INFO] [PluginManager/]: Executing phase COMMON_SETUP for plugin class PatchouliPlugin
[28May2026 14:49:23.819] [Worker-ResourceReload-7/INFO] [PluginManager/]: Executing phase COMMON_SETUP for plugin class CuriosPlugin
[28May2026 14:49:23.832] [Forge Version Check/INFO] [net.minecraftforge.fml.VersionChecker/]: [ironjetpacks] Starting version check at https://api.blakesmods.com/v2/mods/ironjetpacks/1.20/updates
[28May2026 14:49:23.881] [Worker-ResourceReload-8/INFO] [FTB Library/]: Setting game stages provider implementation to: KubeJS Stages
[28May2026 14:49:23.882] [Worker-ResourceReload-8/INFO] [FTB XMod Compat/]: Chose [KubeJS Stages] as the active game stages implementation
[28May2026 14:49:23.883] [Worker-ResourceReload-8/INFO] [FTB XMod Compat/]: Chose [FALLBACK] as the active permissions implementation
[28May2026 14:49:23.884] [Worker-ResourceReload-8/INFO] [FTB XMod Compat/]: [FTB Quests] recipe helper provider is [REI]
[28May2026 14:49:23.885] [Worker-ResourceReload-8/INFO] [FTB XMod Compat/]: [FTB Quests] Enabled Item Filters integration
[28May2026 14:49:23.892] [Worker-ResourceReload-0/INFO] [xaero.lib.XaeroLib/]: Loading XaeroLib common 1/2!
[28May2026 14:49:23.900] [Worker-ResourceReload-7/INFO] [de.castcrafter.travelanchors.TravelAnchors/]: Loading TravelAnchors
[28May2026 14:49:23.993] [Forge Version Check/INFO] [net.minecraftforge.fml.VersionChecker/]: [ironjetpacks] Found status: UP_TO_DATE Current: 7.0.9 Target: null
[28May2026 14:49:23.993] [Forge Version Check/INFO] [net.minecraftforge.fml.VersionChecker/]: [searchables] Starting version check at https://updates.blamejared.com/get?n=searchables&gv=1.20.1
[28May2026 14:49:24.018] [Thread-5/INFO] [ModernFix/]: Please use /mfrc to reload any changed mod config files
[28May2026 14:49:24.119] [Forge Version Check/INFO] [net.minecraftforge.fml.VersionChecker/]: [searchables] Found status: BETA Current: 1.0.3 Target: 1.0.3
[28May2026 14:49:24.119] [Forge Version Check/INFO] [net.minecraftforge.fml.VersionChecker/]: [codechickenlib] Starting version check at https://version-check.covers1624.net/check/?mod=CodeChickenLib&mc=1.20.1
[28May2026 14:49:24.121] [Render thread/INFO] [GregTechCEu/]: GregTech Model loading took 485ms
[28May2026 14:49:24.154] [Render thread/INFO] [electrolyte.greate.Greate/]: Greate model loading took 33ms
[28May2026 14:49:24.371] [Worker-ResourceReload-9/INFO] [Mantle/]: Loaded 74 fluid textures in 27.888271 ms
[28May2026 14:49:24.704] [Worker-ResourceReload-5/ERROR] [net.minecraft.client.resources.model.ModelManager/]: Failed to load model enderio:models/block/athena/advanced_capacitor_bank_part.json
com.google.gson.JsonParseException: Model loader 'athena:athena' not found. Registered loaders: tconstruct:material, expatternprovider:active_formation_plane, sophisticatedbackpacks:backpack, expatternprovider:active_formation_plane_on, codechickenlib:class, enderio:conduit, forge:elements, forge:obj, tconstruct:tool, sophisticatedstorage:limited_barrel, mantle:colored_block, supplementaries:sign_post, gtceu:pipe, supplementaries:rope_knot, supplementaries:book_pile, architects_palette:wrapped, supplementaries:bunting, mantle:retextured, enderio:modloaded, supplementaries:goblet, sophisticatedstorage:shulker_box, forge:separate_transforms, codechickenlib:item_composite, enderio:painted_block, sophisticatedstorage:simple_composite, supplementaries:frame_block, mantle:item_layer, expatternprovider:ex_drive, supplementaries:extra_rotation, gtceu:machine, computercraft:turtle, tconstruct:fluid_texture, supplementaries:blackboard, framedblocks:overlay, sophisticatedstorage:barrel, ldlib:renderer, expatternprovider:assembler_matrix_glass, supplementaries:flower_box, sophisticatedstorage:chest, mantle:connected, guideme:guide_item_dispatcher, mantle:fallback, tconstruct:tank, supplementaries:jar, supplementaries:faucet, forge:empty, mantle:nbt_key, tconstruct:gui, tconstruct:fluid_container, forge:fluid_container, forge:composite, nuclearcraft:battery_loader, enderio:io_overlay, forge:item_layers, tconstruct:material_block, gtceu:facade, lootr:barrel
	at net.minecraftforge.client.model.ExtendedBlockModelDeserializer.deserializeGeometry(ExtendedBlockModelDeserializer.java:103) ~[forge-1.20.1-47.4.10-universal.jar%23486!/:?]
	at net.minecraftforge.client.model.ExtendedBlockModelDeserializer.deserialize(ExtendedBlockModelDeserializer.java:55) ~[forge-1.20.1-47.4.10-universal.jar%23486!/:?]
	at net.minecraftforge.client.model.ExtendedBlockModelDeserializer.deserialize(ExtendedBlockModelDeserializer.java:38) ~[forge-1.20.1-47.4.10-universal.jar%23486!/:?]
	at com.google.gson.internal.bind.TreeTypeAdapter.read(TreeTypeAdapter.java:76) ~[gson-2.10.jar%2388!/:?]
	at net.minecraft.util.GsonHelper.m_13780_(GsonHelper.java:524) ~[client-1.20.1-20230612.114412-srg.jar%23481!/:?]
	at net.minecraft.util.GsonHelper.m_263475_(GsonHelper.java:531) ~[client-1.20.1-20230612.114412-srg.jar%23481!/:?]
	at net.minecraft.util.GsonHelper.m_13776_(GsonHelper.java:581) ~[client-1.20.1-20230612.114412-srg.jar%23481!/:?]
	at net.minecraft.client.renderer.block.model.BlockModel.m_111461_(BlockModel.java:74) ~[client-1.20.1-20230612.114412-srg.jar%23481!/:?]
	at net.minecraft.client.resources.model.ModelManager.m_246478_(ModelManager.java:110) ~[client-1.20.1-20230612.114412-srg.jar%23481!/:?]
	at java.util.concurrent.CompletableFuture$AsyncSupply.run(CompletableFuture.java:1768) ~[?:?]
	at java.util.concurrent.CompletableFuture$AsyncSupply.exec(CompletableFuture.java:1760) ~[?:?]
	at java.util.concurrent.ForkJoinTask.doExec(ForkJoinTask.java:373) ~[?:?]
	at java.util.concurrent.ForkJoinPool$WorkQueue.topLevelExec(ForkJoinPool.java:1182) ~[?:?]
	at java.util.concurrent.ForkJoinPool.scan(ForkJoinPool.java:1655) ~[?:?]
	at java.util.concurrent.ForkJoinPool.runWorker(ForkJoinPool.java:1622) ~[?:?]
	at java.util.concurrent.ForkJoinWorkerThread.run(ForkJoinWorkerThread.java:165) ~[?:?]
[28May2026 14:49:24.711] [Worker-ResourceReload-5/ERROR] [net.minecraft.client.resources.model.ModelManager/]: Failed to load model enderio:models/block/athena/basic_capacitor_bank_part.json
com.google.gson.JsonParseException: Model loader 'athena:athena' not found. Registered loaders: tconstruct:material, expatternprovider:active_formation_plane, sophisticatedbackpacks:backpack, expatternprovider:active_formation_plane_on, codechickenlib:class, enderio:conduit, forge:elements, forge:obj, tconstruct:tool, sophisticatedstorage:limited_barrel, mantle:colored_block, supplementaries:sign_post, gtceu:pipe, supplementaries:rope_knot, supplementaries:book_pile, architects_palette:wrapped, supplementaries:bunting, mantle:retextured, enderio:modloaded, supplementaries:goblet, sophisticatedstorage:shulker_box, forge:separate_transforms, codechickenlib:item_composite, enderio:painted_block, sophisticatedstorage:simple_composite, supplementaries:frame_block, mantle:item_layer, expatternprovider:ex_drive, supplementaries:extra_rotation, gtceu:machine, computercraft:turtle, tconstruct:fluid_texture, supplementaries:blackboard, framedblocks:overlay, sophisticatedstorage:barrel, ldlib:renderer, expatternprovider:assembler_matrix_glass, supplementaries:flower_box, sophisticatedstorage:chest, mantle:connected, guideme:guide_item_dispatcher, mantle:fallback, tconstruct:tank, supplementaries:jar, supplementaries:faucet, forge:empty, mantle:nbt_key, tconstruct:gui, tconstruct:fluid_container, forge:fluid_container, forge:composite, nuclearcraft:battery_loader, enderio:io_overlay, forge:item_layers, tconstruct:material_block, gtceu:facade, lootr:barrel
	at net.minecraftforge.client.model.ExtendedBlockModelDeserializer.deserializeGeometry(ExtendedBlockModelDeserializer.java:103) ~[forge-1.20.1-47.4.10-universal.jar%23486!/:?]
	at net.minecraftforge.client.model.ExtendedBlockModelDeserializer.deserialize(ExtendedBlockModelDeserializer.java:55) ~[forge-1.20.1-47.4.10-universal.jar%23486!/:?]
	at net.minecraftforge.client.model.ExtendedBlockModelDeserializer.deserialize(ExtendedBlockModelDeserializer.java:38) ~[forge-1.20.1-47.4.10-universal.jar%23486!/:?]
	at com.google.gson.internal.bind.TreeTypeAdapter.read(TreeTypeAdapter.java:76) ~[gson-2.10.jar%2388!/:?]
	at net.minecraft.util.GsonHelper.m_13780_(GsonHelper.java:524) ~[client-1.20.1-20230612.114412-srg.jar%23481!/:?]
	at net.minecraft.util.GsonHelper.m_263475_(GsonHelper.java:531) ~[client-1.20.1-20230612.114412-srg.jar%23481!/:?]
	at net.minecraft.util.GsonHelper.m_13776_(GsonHelper.java:581) ~[client-1.20.1-20230612.114412-srg.jar%23481!/:?]
	at net.minecraft.client.renderer.block.model.BlockModel.m_111461_(BlockModel.java:74) ~[client-1.20.1-20230612.114412-srg.jar%23481!/:?]
	at net.minecraft.client.resources.model.ModelManager.m_246478_(ModelManager.java:110) ~[client-1.20.1-20230612.114412-srg.jar%23481!/:?]
	at java.util.concurrent.CompletableFuture$AsyncSupply.run(CompletableFuture.java:1768) ~[?:?]
	at java.util.concurrent.CompletableFuture$AsyncSupply.exec(CompletableFuture.java:1760) ~[?:?]
	at java.util.concurrent.ForkJoinTask.doExec(ForkJoinTask.java:373) ~[?:?]
	at java.util.concurrent.ForkJoinPool$WorkQueue.topLevelExec(ForkJoinPool.java:1182) ~[?:?]
	at java.util.concurrent.ForkJoinPool.scan(ForkJoinPool.java:1655) ~[?:?]
	at java.util.concurrent.ForkJoinPool.runWorker(ForkJoinPool.java:1622) ~[?:?]
	at java.util.concurrent.ForkJoinWorkerThread.run(ForkJoinWorkerThread.java:165) ~[?:?]
[28May2026 14:49:24.711] [Worker-ResourceReload-5/ERROR] [net.minecraft.client.resources.model.ModelManager/]: Failed to load model enderio:models/block/athena/vibrant_capacitor_bank_part.json
com.google.gson.JsonParseException: Model loader 'athena:athena' not found. Registered loaders: tconstruct:material, expatternprovider:active_formation_plane, sophisticatedbackpacks:backpack, expatternprovider:active_formation_plane_on, codechickenlib:class, enderio:conduit, forge:elements, forge:obj, tconstruct:tool, sophisticatedstorage:limited_barrel, mantle:colored_block, supplementaries:sign_post, gtceu:pipe, supplementaries:rope_knot, supplementaries:book_pile, architects_palette:wrapped, supplementaries:bunting, mantle:retextured, enderio:modloaded, supplementaries:goblet, sophisticatedstorage:shulker_box, forge:separate_transforms, codechickenlib:item_composite, enderio:painted_block, sophisticatedstorage:simple_composite, supplementaries:frame_block, mantle:item_layer, expatternprovider:ex_drive, supplementaries:extra_rotation, gtceu:machine, computercraft:turtle, tconstruct:fluid_texture, supplementaries:blackboard, framedblocks:overlay, sophisticatedstorage:barrel, ldlib:renderer, expatternprovider:assembler_matrix_glass, supplementaries:flower_box, sophisticatedstorage:chest, mantle:connected, guideme:guide_item_dispatcher, mantle:fallback, tconstruct:tank, supplementaries:jar, supplementaries:faucet, forge:empty, mantle:nbt_key, tconstruct:gui, tconstruct:fluid_container, forge:fluid_container, forge:composite, nuclearcraft:battery_loader, enderio:io_overlay, forge:item_layers, tconstruct:material_block, gtceu:facade, lootr:barrel
	at net.minecraftforge.client.model.ExtendedBlockModelDeserializer.deserializeGeometry(ExtendedBlockModelDeserializer.java:103) ~[forge-1.20.1-47.4.10-universal.jar%23486!/:?]
	at net.minecraftforge.client.model.ExtendedBlockModelDeserializer.deserialize(ExtendedBlockModelDeserializer.java:55) ~[forge-1.20.1-47.4.10-universal.jar%23486!/:?]
	at net.minecraftforge.client.model.ExtendedBlockModelDeserializer.deserialize(ExtendedBlockModelDeserializer.java:38) ~[forge-1.20.1-47.4.10-universal.jar%23486!/:?]
	at com.google.gson.internal.bind.TreeTypeAdapter.read(TreeTypeAdapter.java:76) ~[gson-2.10.jar%2388!/:?]
	at net.minecraft.util.GsonHelper.m_13780_(GsonHelper.java:524) ~[client-1.20.1-20230612.114412-srg.jar%23481!/:?]
	at net.minecraft.util.GsonHelper.m_263475_(GsonHelper.java:531) ~[client-1.20.1-20230612.114412-srg.jar%23481!/:?]
	at net.minecraft.util.GsonHelper.m_13776_(GsonHelper.java:581) ~[client-1.20.1-20230612.114412-srg.jar%23481!/:?]
	at net.minecraft.client.renderer.block.model.BlockModel.m_111461_(BlockModel.java:74) ~[client-1.20.1-20230612.114412-srg.jar%23481!/:?]
	at net.minecraft.client.resources.model.ModelManager.m_246478_(ModelManager.java:110) ~[client-1.20.1-20230612.114412-srg.jar%23481!/:?]
	at java.util.concurrent.CompletableFuture$AsyncSupply.run(CompletableFuture.java:1768) ~[?:?]
	at java.util.concurrent.CompletableFuture$AsyncSupply.exec(CompletableFuture.java:1760) ~[?:?]
	at java.util.concurrent.ForkJoinTask.doExec(ForkJoinTask.java:373) ~[?:?]
	at java.util.concurrent.ForkJoinPool$WorkQueue.topLevelExec(ForkJoinPool.java:1182) ~[?:?]
	at java.util.concurrent.ForkJoinPool.scan(ForkJoinPool.java:1655) ~[?:?]
	at java.util.concurrent.ForkJoinPool.runWorker(ForkJoinPool.java:1622) ~[?:?]
	at java.util.concurrent.ForkJoinWorkerThread.run(ForkJoinWorkerThread.java:165) ~[?:?]
[28May2026 14:49:24.812] [Render thread/INFO] [zeta/]: Common setup: Performing initial refresh of zeta's config on thread 'Render thread'
[28May2026 14:49:24.813] [Render thread/INFO] [zeta/]: 'zeta' is enabling Zeta's piston structure resolver.
[28May2026 14:49:24.814] [Render thread/INFO] [zeta/]: zeta's config is now ready to accept filewatcher changes
[28May2026 14:49:24.833] [Worker-ResourceReload-2/WARN] [net.minecraft.client.renderer.texture.atlas.sources.SingleFile/]: Missing sprite: kubejs:textures/block/netherite/casing_ctm.png
[28May2026 14:49:24.887] [Worker-ResourceReload-2/WARN] [net.minecraft.client.renderer.texture.atlas.sources.SingleFile/]: Missing sprite: kubejs:textures/block/cryolobus/cryococcus_casing_ctm.png
[28May2026 14:49:24.957] [Render thread/INFO] [STDOUT/]: [igentuman.nc.content.particles.ParticleSources:registerRuntimeSources:59]: Posting RegisterParticleSourceItemEvent to KubeJS
[28May2026 14:49:24.957] [Render thread/INFO] [STDOUT/]: [igentuman.nc.compat.kubejs.NCKubeJsEvents:onParticleItemSourcesRegister:47]: Registered custom particle item sources via KubeJS
[28May2026 14:49:24.958] [Render thread/INFO] [STDOUT/]: [igentuman.nc.content.particles.ParticleSources:registerRuntimeSources:67]: Posting RegisterParticleSourceFluidEvent to KubeJS
[28May2026 14:49:24.958] [Render thread/INFO] [STDOUT/]: [igentuman.nc.compat.kubejs.NCKubeJsEvents:onParticleFluidSourcesRegister:53]: Registered custom particle fluid sources via KubeJS
[28May2026 14:49:24.977] [Forge Version Check/INFO] [net.minecraftforge.fml.VersionChecker/]: [codechickenlib] Found status: UP_TO_DATE Current: 4.4.0.516 Target: null
[28May2026 14:49:24.977] [Forge Version Check/INFO] [net.minecraftforge.fml.VersionChecker/]: [radium] Starting version check at https://api.modrinth.com/updates/radium/forge_updates.json
[28May2026 14:49:25.160] [Forge Version Check/INFO] [net.minecraftforge.fml.VersionChecker/]: [radium] Found status: AHEAD Current: 0.12.4+git.26c9d8e Target: null
[28May2026 14:49:25.160] [Forge Version Check/INFO] [net.minecraftforge.fml.VersionChecker/]: [fastload] Starting version check at https://github.com/BumbleSoftware/Fastload/raw/Forge-1.20.1/updates.json
[28May2026 14:49:25.216] [Render thread/INFO] [Moonlight/]: Initialized color sets in 204ms
[28May2026 14:49:25.281] [Forge Version Check/INFO] [net.minecraftforge.fml.VersionChecker/]: [fastload] Found status: UP_TO_DATE Current: 3.4.0 Target: null
[28May2026 14:49:25.281] [Forge Version Check/INFO] [net.minecraftforge.fml.VersionChecker/]: [attributefix] Starting version check at https://updates.blamejared.com/get?n=attributefix&gv=1.20.1
[28May2026 14:49:25.302] [Worker-ResourceReload-2/WARN] [net.minecraft.client.renderer.texture.atlas.sources.SingleFile/]: Missing sprite: kubejs:textures/block/biosculk/casing_ctm.png
[28May2026 14:49:25.312] [Render thread/INFO] [GregTechCEu/]: CC: Tweaked found. Enabling integration...
[28May2026 14:49:25.318] [Forge Version Check/INFO] [net.minecraftforge.fml.VersionChecker/]: [attributefix] Found status: BETA Current: 21.0.5 Target: 21.0.5
[28May2026 14:49:25.318] [Forge Version Check/INFO] [net.minecraftforge.fml.VersionChecker/]: [fragmentum] Starting version check at https://raw.githubusercontent.com/ObscuriaLithium/modding/main/versions/fragmentum.json
[28May2026 14:49:25.346] [Render thread/INFO] [net.neganote.gtutilities.GregTechModernUtilities/]: Hello from common setup! This is *after* registries are done, so we can do this:
[28May2026 14:49:25.346] [Render thread/INFO] [net.neganote.gtutilities.GregTechModernUtilities/]: Look, I found a diamond!
[28May2026 14:49:25.346] [Forge Version Check/INFO] [net.minecraftforge.fml.VersionChecker/]: [fragmentum] Found status: UP_TO_DATE Current: 1.3.0 Target: null
[28May2026 14:49:25.346] [Forge Version Check/INFO] [net.minecraftforge.fml.VersionChecker/]: [libx] Starting version check at https://assets.melanx.de/updates/libx.json
[28May2026 14:49:25.356] [Render thread/INFO] [terrablender/]: Registered region minecraft:overworld to index 0 for type OVERWORLD
[28May2026 14:49:25.356] [Render thread/INFO] [terrablender/]: Registered region minecraft:nether to index 0 for type NETHER
[28May2026 14:49:25.356] [Render thread/INFO] [terrablender/]: Registered region quark:biome_provider to index 1 for type OVERWORLD
[28May2026 14:49:25.357] [Render thread/INFO] [quark-zeta/]: Common setup: Performing initial refresh of quark's config on thread 'Render thread'
[28May2026 14:49:25.419] [Forge Version Check/INFO] [net.minecraftforge.fml.VersionChecker/]: [libx] Found status: AHEAD Current: 1.20.1-5.0.14 Target: null
[28May2026 14:49:25.419] [Forge Version Check/INFO] [net.minecraftforge.fml.VersionChecker/]: [puzzlesaccessapi] Starting version check at https://raw.githubusercontent.com/Fuzss/modresources/main/update/puzzlesaccessapi.json
[28May2026 14:49:25.456] [Forge Version Check/INFO] [net.minecraftforge.fml.VersionChecker/]: [puzzlesaccessapi] Found status: BETA Current: 20.1.1 Target: null
[28May2026 14:49:25.456] [Forge Version Check/INFO] [net.minecraftforge.fml.VersionChecker/]: [forge] Starting version check at https://files.minecraftforge.net/net/minecraftforge/forge/promotions_slim.json
[28May2026 14:49:25.462] [Render thread/INFO] [quark-zeta/]: quark's config is now ready to accept filewatcher changes
[28May2026 14:49:25.498] [Worker-ResourceReload-8/WARN] [net.minecraft.client.renderer.texture.SpriteContents/]: Unused frames in sprite enderio:block/primitive_alloy_smelter_front_active: [4, 5]
[28May2026 14:49:25.500] [Render thread/INFO] [Supplementaries/]: Finished mod setup in: [5, 7, 0, 3, 0, 0, 20, 0] ms
[28May2026 14:49:25.591] [Worker-ResourceReload-3/INFO] [PluginManager/]: Executing phase CLIENT_SETUP for plugin class PatchouliPlugin
[28May2026 14:49:25.591] [Worker-ResourceReload-3/INFO] [PluginManager/]: Executing phase CLIENT_SETUP for plugin class CuriosPlugin
[28May2026 14:49:25.601] [Worker-ResourceReload-7/INFO] [Embeddium-CCL/]: Retrieving block renderers
[28May2026 14:49:25.601] [Worker-ResourceReload-7/INFO] [Embeddium-CCL/]: Retrieving fluid renderers
[28May2026 14:49:25.601] [Worker-ResourceReload-7/INFO] [Embeddium-CCL/]: Retrieving global renderers
[28May2026 14:49:25.610] [Worker-ResourceReload-10/INFO] [xaero.minimap.XaeroMinimap/]: Loading Xaero's Minimap - Stage 1/2
[28May2026 14:49:25.633] [Forge Version Check/INFO] [net.minecraftforge.fml.VersionChecker/]: [forge] Found status: UP_TO_DATE Current: 47.4.10 Target: null
[28May2026 14:49:25.633] [Forge Version Check/INFO] [net.minecraftforge.fml.VersionChecker/]: [puzzleslib] Starting version check at https://raw.githubusercontent.com/Fuzss/modresources/main/update/puzzleslib.json
[28May2026 14:49:25.636] [Worker-ResourceReload-4/INFO] [xaero.map.WorldMap/]: Loading Xaero's World Map - Stage 1/2
[28May2026 14:49:25.646] [Placebo Patreon Trail Loader/INFO] [placebo/]: Loading patreon trails data...
[28May2026 14:49:25.647] [Placebo Patreon Wing Loader/INFO] [placebo/]: Loading patreon wing data...
[28May2026 14:49:25.652] [Forge Version Check/INFO] [net.minecraftforge.fml.VersionChecker/]: [puzzleslib] Found status: UP_TO_DATE Current: 8.1.33 Target: null
[28May2026 14:49:25.652] [Forge Version Check/INFO] [net.minecraftforge.fml.VersionChecker/]: [extendedcrafting] Starting version check at https://api.blakesmods.com/v2/mods/extendedcrafting/1.20/updates
[28May2026 14:49:25.666] [Placebo Patreon Trail Loader/INFO] [placebo/]: Loaded 48 patreon trails.
[28May2026 14:49:25.692] [Placebo Patreon Wing Loader/INFO] [placebo/]: Loaded 42 patreon wings.
[28May2026 14:49:25.699] [Worker-ResourceReload-1/INFO] [xaero.lib.XaeroLib/]: Loading XaeroLib client 1/2!
[28May2026 14:49:25.750] [Forge Version Check/INFO] [net.minecraftforge.fml.VersionChecker/]: [extendedcrafting] Found status: OUTDATED Current: 6.0.10 Target: 6.0.11
[28May2026 14:49:25.750] [Forge Version Check/INFO] [net.minecraftforge.fml.VersionChecker/]: [controlling] Starting version check at https://updates.blamejared.com/get?n=controlling&gv=1.20.1
[28May2026 14:49:25.783] [Forge Version Check/INFO] [net.minecraftforge.fml.VersionChecker/]: [controlling] Found status: BETA Current: 12.0.2 Target: 12.0.2
[28May2026 14:49:25.783] [Forge Version Check/INFO] [net.minecraftforge.fml.VersionChecker/]: [bookshelf] Starting version check at https://updates.blamejared.com/get?n=bookshelf&gv=1.20.1
[28May2026 14:49:25.825] [Forge Version Check/INFO] [net.minecraftforge.fml.VersionChecker/]: [bookshelf] Found status: BETA Current: 20.2.15 Target: 20.2.15
[28May2026 14:49:25.825] [Forge Version Check/INFO] [net.minecraftforge.fml.VersionChecker/]: [hangglider] Starting version check at https://raw.githubusercontent.com/Fuzss/modresources/main/update/hangglider.json
[28May2026 14:49:25.825] [Worker-ResourceReload-2/WARN] [net.minecraft.client.renderer.texture.SpriteContents/]: Unused frames in sprite enderio:block/alloy_smelter_front_active: [4, 5]
[28May2026 14:49:25.837] [Forge Version Check/INFO] [net.minecraftforge.fml.VersionChecker/]: [hangglider] Found status: UP_TO_DATE Current: 8.0.1 Target: null
[28May2026 14:49:25.837] [Forge Version Check/INFO] [net.minecraftforge.fml.VersionChecker/]: [computercraft] Starting version check at https://api.modrinth.com/updates/cc-tweaked/forge_updates.json
[28May2026 14:49:25.874] [Worker-ResourceReload-7/INFO] [dev.architectury.networking.forge.NetworkManagerImpl/]: Registering S2C receiver with id ae2wtlib:update_wut
[28May2026 14:49:25.877] [Worker-ResourceReload-7/INFO] [dev.architectury.networking.forge.NetworkManagerImpl/]: Registering S2C receiver with id ae2wtlib:update_restock
[28May2026 14:49:25.879] [Worker-ResourceReload-7/INFO] [dev.architectury.networking.forge.NetworkManagerImpl/]: Registering S2C receiver with id ae2wtlib:restock_amounts
[28May2026 14:49:25.957] [Forge Version Check/INFO] [net.minecraftforge.fml.VersionChecker/]: [computercraft] Found status: UP_TO_DATE Current: 1.119.0 Target: null
[28May2026 14:49:25.957] [Forge Version Check/INFO] [net.minecraftforge.fml.VersionChecker/]: [cucumber] Starting version check at https://api.blakesmods.com/v2/mods/cucumber/1.20/updates
[28May2026 14:49:26.038] [Worker-ResourceReload-6/WARN] [net.minecraft.client.resources.model.ModelBakery/]: Exception loading blockstate definition: 'industrialforegoing:blockstates/machine_frame_pity.json' missing model for variant: 'industrialforegoing:machine_frame_pity#'
[28May2026 14:49:26.038] [Worker-ResourceReload-6/WARN] [net.minecraft.client.resources.model.ModelBakery/]: Exception loading blockstate definition: 'industrialforegoing:blockstates/machine_frame_simple.json' missing model for variant: 'industrialforegoing:machine_frame_simple#'
[28May2026 14:49:26.038] [Worker-ResourceReload-6/WARN] [net.minecraft.client.resources.model.ModelBakery/]: Exception loading blockstate definition: 'industrialforegoing:blockstates/machine_frame_advanced.json' missing model for variant: 'industrialforegoing:machine_frame_advanced#'
[28May2026 14:49:26.038] [Worker-ResourceReload-6/WARN] [net.minecraft.client.resources.model.ModelBakery/]: Exception loading blockstate definition: 'industrialforegoing:blockstates/machine_frame_supreme.json' missing model for variant: 'industrialforegoing:machine_frame_supreme#'
[28May2026 14:49:26.038] [Worker-ResourceReload-6/WARN] [net.minecraft.client.resources.model.ModelBakery/]: Exception loading blockstate definition: 'industrialforegoing:blockstates/latex.json' missing model for variant: 'industrialforegoing:latex#level=12'
[28May2026 14:49:26.038] [Worker-ResourceReload-6/WARN] [net.minecraft.client.resources.model.ModelBakery/]: Exception loading blockstate definition: 'industrialforegoing:blockstates/latex.json' missing model for variant: 'industrialforegoing:latex#level=11'
[28May2026 14:49:26.038] [Worker-ResourceReload-6/WARN] [net.minecraft.client.resources.model.ModelBakery/]: Exception loading blockstate definition: 'industrialforegoing:blockstates/latex.json' missing model for variant: 'industrialforegoing:latex#level=14'
[28May2026 14:49:26.038] [Worker-ResourceReload-6/WARN] [net.minecraft.client.resources.model.ModelBakery/]: Exception loading blockstate definition: 'industrialforegoing:blockstates/latex.json' missing model for variant: 'industrialforegoing:latex#level=13'
[28May2026 14:49:26.038] [Worker-ResourceReload-6/WARN] [net.minecraft.client.resources.model.ModelBakery/]: Exception loading blockstate definition: 'industrialforegoing:blockstates/latex.json' missing model for variant: 'industrialforegoing:latex#level=6'
[28May2026 14:49:26.038] [Worker-ResourceReload-6/WARN] [net.minecraft.client.resources.model.ModelBakery/]: Exception loading blockstate definition: 'industrialforegoing:blockstates/latex.json' missing model for variant: 'industrialforegoing:latex#level=7'
[28May2026 14:49:26.038] [Worker-ResourceReload-6/WARN] [net.minecraft.client.resources.model.ModelBakery/]: Exception loading blockstate definition: 'industrialforegoing:blockstates/latex.json' missing model for variant: 'industrialforegoing:latex#level=8'
[28May2026 14:49:26.038] [Worker-ResourceReload-6/WARN] [net.minecraft.client.resources.model.ModelBakery/]: Exception loading blockstate definition: 'industrialforegoing:blockstates/latex.json' missing model for variant: 'industrialforegoing:latex#level=10'
[28May2026 14:49:26.038] [Worker-ResourceReload-6/WARN] [net.minecraft.client.resources.model.ModelBakery/]: Exception loading blockstate definition: 'industrialforegoing:blockstates/latex.json' missing model for variant: 'industrialforegoing:latex#level=9'
[28May2026 14:49:26.038] [Worker-ResourceReload-6/WARN] [net.minecraft.client.resources.model.ModelBakery/]: Exception loading blockstate definition: 'industrialforegoing:blockstates/latex.json' missing model for variant: 'industrialforegoing:latex#level=2'
[28May2026 14:49:26.038] [Worker-ResourceReload-6/WARN] [net.minecraft.client.resources.model.ModelBakery/]: Exception loading blockstate definition: 'industrialforegoing:blockstates/latex.json' missing model for variant: 'industrialforegoing:latex#level=3'
[28May2026 14:49:26.038] [Worker-ResourceReload-6/WARN] [net.minecraft.client.resources.model.ModelBakery/]: Exception loading blockstate definition: 'industrialforegoing:blockstates/latex.json' missing model for variant: 'industrialforegoing:latex#level=4'
[28May2026 14:49:26.038] [Worker-ResourceReload-6/WARN] [net.minecraft.client.resources.model.ModelBakery/]: Exception loading blockstate definition: 'industrialforegoing:blockstates/latex.json' missing model for variant: 'industrialforegoing:latex#level=5'
[28May2026 14:49:26.038] [Worker-ResourceReload-6/WARN] [net.minecraft.client.resources.model.ModelBakery/]: Exception loading blockstate definition: 'industrialforegoing:blockstates/latex.json' missing model for variant: 'industrialforegoing:latex#level=15'
[28May2026 14:49:26.038] [Worker-ResourceReload-6/WARN] [net.minecraft.client.resources.model.ModelBakery/]: Exception loading blockstate definition: 'industrialforegoing:blockstates/latex.json' missing model for variant: 'industrialforegoing:latex#level=0'
[28May2026 14:49:26.038] [Worker-ResourceReload-6/WARN] [net.minecraft.client.resources.model.ModelBakery/]: Exception loading blockstate definition: 'industrialforegoing:blockstates/latex.json' missing model for variant: 'industrialforegoing:latex#level=1'
[28May2026 14:49:26.039] [Worker-ResourceReload-6/WARN] [net.minecraft.client.resources.model.ModelBakery/]: Exception loading blockstate definition: 'industrialforegoing:blockstates/meat.json' missing model for variant: 'industrialforegoing:meat#level=2'
[28May2026 14:49:26.039] [Worker-ResourceReload-6/WARN] [net.minecraft.client.resources.model.ModelBakery/]: Exception loading blockstate definition: 'industrialforegoing:blockstates/meat.json' missing model for variant: 'industrialforegoing:meat#level=1'
[28May2026 14:49:26.039] [Worker-ResourceReload-6/WARN] [net.minecraft.client.resources.model.ModelBakery/]: Exception loading blockstate definition: 'industrialforegoing:blockstates/meat.json' missing model for variant: 'industrialforegoing:meat#level=0'
[28May2026 14:49:26.039] [Worker-ResourceReload-6/WARN] [net.minecraft.client.resources.model.ModelBakery/]: Exception loading blockstate definition: 'industrialforegoing:blockstates/meat.json' missing model for variant: 'industrialforegoing:meat#level=6'
[28May2026 14:49:26.039] [Worker-ResourceReload-6/WARN] [net.minecraft.client.resources.model.ModelBakery/]: Exception loading blockstate definition: 'industrialforegoing:blockstates/meat.json' missing model for variant: 'industrialforegoing:meat#level=5'
[28May2026 14:49:26.039] [Worker-ResourceReload-6/WARN] [net.minecraft.client.resources.model.ModelBakery/]: Exception loading blockstate definition: 'industrialforegoing:blockstates/meat.json' missing model for variant: 'industrialforegoing:meat#level=4'
[28May2026 14:49:26.039] [Worker-ResourceReload-6/WARN] [net.minecraft.client.resources.model.ModelBakery/]: Exception loading blockstate definition: 'industrialforegoing:blockstates/meat.json' missing model for variant: 'industrialforegoing:meat#level=3'
[28May2026 14:49:26.039] [Worker-ResourceReload-6/WARN] [net.minecraft.client.resources.model.ModelBakery/]: Exception loading blockstate definition: 'industrialforegoing:blockstates/meat.json' missing model for variant: 'industrialforegoing:meat#level=12'
[28May2026 14:49:26.039] [Worker-ResourceReload-6/WARN] [net.minecraft.client.resources.model.ModelBakery/]: Exception loading blockstate definition: 'industrialforegoing:blockstates/meat.json' missing model for variant: 'industrialforegoing:meat#level=9'
[28May2026 14:49:26.039] [Worker-ResourceReload-6/WARN] [net.minecraft.client.resources.model.ModelBakery/]: Exception loading blockstate definition: 'industrialforegoing:blockstates/meat.json' missing model for variant: 'industrialforegoing:meat#level=13'
[28May2026 14:49:26.039] [Worker-ResourceReload-6/WARN] [net.minecraft.client.resources.model.ModelBakery/]: Exception loading blockstate definition: 'industrialforegoing:blockstates/meat.json' missing model for variant: 'industrialforegoing:meat#level=8'
[28May2026 14:49:26.039] [Worker-ResourceReload-6/WARN] [net.minecraft.client.resources.model.ModelBakery/]: Exception loading blockstate definition: 'industrialforegoing:blockstates/meat.json' missing model for variant: 'industrialforegoing:meat#level=14'
[28May2026 14:49:26.039] [Worker-ResourceReload-6/WARN] [net.minecraft.client.resources.model.ModelBakery/]: Exception loading blockstate definition: 'industrialforegoing:blockstates/meat.json' missing model for variant: 'industrialforegoing:meat#level=7'
[28May2026 14:49:26.039] [Worker-ResourceReload-6/WARN] [net.minecraft.client.resources.model.ModelBakery/]: Exception loading blockstate definition: 'industrialforegoing:blockstates/meat.json' missing model for variant: 'industrialforegoing:meat#level=15'
[28May2026 14:49:26.039] [Worker-ResourceReload-6/WARN] [net.minecraft.client.resources.model.ModelBakery/]: Exception loading blockstate definition: 'industrialforegoing:blockstates/meat.json' missing model for variant: 'industrialforegoing:meat#level=10'
[28May2026 14:49:26.039] [Worker-ResourceReload-6/WARN] [net.minecraft.client.resources.model.ModelBakery/]: Exception loading blockstate definition: 'industrialforegoing:blockstates/meat.json' missing model for variant: 'industrialforegoing:meat#level=11'
[28May2026 14:49:26.039] [Worker-ResourceReload-6/WARN] [net.minecraft.client.resources.model.ModelBakery/]: Exception loading blockstate definition: 'industrialforegoing:blockstates/sewage.json' missing model for variant: 'industrialforegoing:sewage#level=2'
[28May2026 14:49:26.039] [Worker-ResourceReload-6/WARN] [net.minecraft.client.resources.model.ModelBakery/]: Exception loading blockstate definition: 'industrialforegoing:blockstates/sewage.json' missing model for variant: 'industrialforegoing:sewage#level=3'
[28May2026 14:49:26.039] [Worker-ResourceReload-6/WARN] [net.minecraft.client.resources.model.ModelBakery/]: Exception loading blockstate definition: 'industrialforegoing:blockstates/sewage.json' missing model for variant: 'industrialforegoing:sewage#level=4'
[28May2026 14:49:26.039] [Worker-ResourceReload-6/WARN] [net.minecraft.client.resources.model.ModelBakery/]: Exception loading blockstate definition: 'industrialforegoing:blockstates/sewage.json' missing model for variant: 'industrialforegoing:sewage#level=5'
[28May2026 14:49:26.039] [Worker-ResourceReload-6/WARN] [net.minecraft.client.resources.model.ModelBakery/]: Exception loading blockstate definition: 'industrialforegoing:blockstates/sewage.json' missing model for variant: 'industrialforegoing:sewage#level=15'
[28May2026 14:49:26.039] [Worker-ResourceReload-6/WARN] [net.minecraft.client.resources.model.ModelBakery/]: Exception loading blockstate definition: 'industrialforegoing:blockstates/sewage.json' missing model for variant: 'industrialforegoing:sewage#level=0'
[28May2026 14:49:26.039] [Worker-ResourceReload-6/WARN] [net.minecraft.client.resources.model.ModelBakery/]: Exception loading blockstate definition: 'industrialforegoing:blockstates/sewage.json' missing model for variant: 'industrialforegoing:sewage#level=1'
[28May2026 14:49:26.039] [Worker-ResourceReload-6/WARN] [net.minecraft.client.resources.model.ModelBakery/]: Exception loading blockstate definition: 'industrialforegoing:blockstates/sewage.json' missing model for variant: 'industrialforegoing:sewage#level=12'
[28May2026 14:49:26.039] [Worker-ResourceReload-6/WARN] [net.minecraft.client.resources.model.ModelBakery/]: Exception loading blockstate definition: 'industrialforegoing:blockstates/sewage.json' missing model for variant: 'industrialforegoing:sewage#level=11'
[28May2026 14:49:26.039] [Worker-ResourceReload-6/WARN] [net.minecraft.client.resources.model.ModelBakery/]: Exception loading blockstate definition: 'industrialforegoing:blockstates/sewage.json' missing model for variant: 'industrialforegoing:sewage#level=14'
[28May2026 14:49:26.039] [Worker-ResourceReload-6/WARN] [net.minecraft.client.resources.model.ModelBakery/]: Exception loading blockstate definition: 'industrialforegoing:blockstates/sewage.json' missing model for variant: 'industrialforegoing:sewage#level=13'
[28May2026 14:49:26.039] [Worker-ResourceReload-6/WARN] [net.minecraft.client.resources.model.ModelBakery/]: Exception loading blockstate definition: 'industrialforegoing:blockstates/sewage.json' missing model for variant: 'industrialforegoing:sewage#level=6'
[28May2026 14:49:26.039] [Worker-ResourceReload-6/WARN] [net.minecraft.client.resources.model.ModelBakery/]: Exception loading blockstate definition: 'industrialforegoing:blockstates/sewage.json' missing model for variant: 'industrialforegoing:sewage#level=7'
[28May2026 14:49:26.039] [Worker-ResourceReload-6/WARN] [net.minecraft.client.resources.model.ModelBakery/]: Exception loading blockstate definition: 'industrialforegoing:blockstates/sewage.json' missing model for variant: 'industrialforegoing:sewage#level=8'
[28May2026 14:49:26.039] [Worker-ResourceReload-6/WARN] [net.minecraft.client.resources.model.ModelBakery/]: Exception loading blockstate definition: 'industrialforegoing:blockstates/sewage.json' missing model for variant: 'industrialforegoing:sewage#level=10'
[28May2026 14:49:26.039] [Worker-ResourceReload-6/WARN] [net.minecraft.client.resources.model.ModelBakery/]: Exception loading blockstate definition: 'industrialforegoing:blockstates/sewage.json' missing model for variant: 'industrialforegoing:sewage#level=9'
[28May2026 14:49:26.039] [Worker-ResourceReload-6/WARN] [net.minecraft.client.resources.model.ModelBakery/]: Exception loading blockstate definition: 'industrialforegoing:blockstates/essence.json' missing model for variant: 'industrialforegoing:essence#level=13'
[28May2026 14:49:26.039] [Worker-ResourceReload-6/WARN] [net.minecraft.client.resources.model.ModelBakery/]: Exception loading blockstate definition: 'industrialforegoing:blockstates/essence.json' missing model for variant: 'industrialforegoing:essence#level=14'
[28May2026 14:49:26.039] [Worker-ResourceReload-6/WARN] [net.minecraft.client.resources.model.ModelBakery/]: Exception loading blockstate definition: 'industrialforegoing:blockstates/essence.json' missing model for variant: 'industrialforegoing:essence#level=15'
[28May2026 14:49:26.039] [Worker-ResourceReload-6/WARN] [net.minecraft.client.resources.model.ModelBakery/]: Exception loading blockstate definition: 'industrialforegoing:blockstates/essence.json' missing model for variant: 'industrialforegoing:essence#level=3'
[28May2026 14:49:26.039] [Worker-ResourceReload-6/WARN] [net.minecraft.client.resources.model.ModelBakery/]: Exception loading blockstate definition: 'industrialforegoing:blockstates/essence.json' missing model for variant: 'industrialforegoing:essence#level=2'
[28May2026 14:49:26.039] [Worker-ResourceReload-6/WARN] [net.minecraft.client.resources.model.ModelBakery/]: Exception loading blockstate definition: 'industrialforegoing:blockstates/essence.json' missing model for variant: 'industrialforegoing:essence#level=1'
[28May2026 14:49:26.039] [Worker-ResourceReload-6/WARN] [net.minecraft.client.resources.model.ModelBakery/]: Exception loading blockstate definition: 'industrialforegoing:blockstates/essence.json' missing model for variant: 'industrialforegoing:essence#level=0'
[28May2026 14:49:26.039] [Worker-ResourceReload-6/WARN] [net.minecraft.client.resources.model.ModelBakery/]: Exception loading blockstate definition: 'industrialforegoing:blockstates/essence.json' missing model for variant: 'industrialforegoing:essence#level=9'
[28May2026 14:49:26.039] [Worker-ResourceReload-6/WARN] [net.minecraft.client.resources.model.ModelBakery/]: Exception loading blockstate definition: 'industrialforegoing:blockstates/essence.json' missing model for variant: 'industrialforegoing:essence#level=8'
[28May2026 14:49:26.039] [Worker-ResourceReload-6/WARN] [net.minecraft.client.resources.model.ModelBakery/]: Exception loading blockstate definition: 'industrialforegoing:blockstates/essence.json' missing model for variant: 'industrialforegoing:essence#level=7'
[28May2026 14:49:26.039] [Worker-ResourceReload-6/WARN] [net.minecraft.client.resources.model.ModelBakery/]: Exception loading blockstate definition: 'industrialforegoing:blockstates/essence.json' missing model for variant: 'industrialforegoing:essence#level=6'
[28May2026 14:49:26.039] [Worker-ResourceReload-6/WARN] [net.minecraft.client.resources.model.ModelBakery/]: Exception loading blockstate definition: 'industrialforegoing:blockstates/essence.json' missing model for variant: 'industrialforegoing:essence#level=5'
[28May2026 14:49:26.039] [Worker-ResourceReload-6/WARN] [net.minecraft.client.resources.model.ModelBakery/]: Exception loading blockstate definition: 'industrialforegoing:blockstates/essence.json' missing model for variant: 'industrialforegoing:essence#level=4'
[28May2026 14:49:26.039] [Worker-ResourceReload-6/WARN] [net.minecraft.client.resources.model.ModelBakery/]: Exception loading blockstate definition: 'industrialforegoing:blockstates/essence.json' missing model for variant: 'industrialforegoing:essence#level=10'
[28May2026 14:49:26.039] [Worker-ResourceReload-6/WARN] [net.minecraft.client.resources.model.ModelBakery/]: Exception loading blockstate definition: 'industrialforegoing:blockstates/essence.json' missing model for variant: 'industrialforegoing:essence#level=11'
[28May2026 14:49:26.039] [Worker-ResourceReload-6/WARN] [net.minecraft.client.resources.model.ModelBakery/]: Exception loading blockstate definition: 'industrialforegoing:blockstates/essence.json' missing model for variant: 'industrialforegoing:essence#level=12'
[28May2026 14:49:26.039] [Worker-ResourceReload-6/WARN] [net.minecraft.client.resources.model.ModelBakery/]: Exception loading blockstate definition: 'industrialforegoing:blockstates/sludge.json' missing model for variant: 'industrialforegoing:sludge#level=5'
[28May2026 14:49:26.039] [Worker-ResourceReload-6/WARN] [net.minecraft.client.resources.model.ModelBakery/]: Exception loading blockstate definition: 'industrialforegoing:blockstates/sludge.json' missing model for variant: 'industrialforegoing:sludge#level=4'
[28May2026 14:49:26.039] [Worker-ResourceReload-6/WARN] [net.minecraft.client.resources.model.ModelBakery/]: Exception loading blockstate definition: 'industrialforegoing:blockstates/sludge.json' missing model for variant: 'industrialforegoing:sludge#level=3'
[28May2026 14:49:26.039] [Worker-ResourceReload-6/WARN] [net.minecraft.client.resources.model.ModelBakery/]: Exception loading blockstate definition: 'industrialforegoing:blockstates/sludge.json' missing model for variant: 'industrialforegoing:sludge#level=2'
[28May2026 14:49:26.039] [Worker-ResourceReload-6/WARN] [net.minecraft.client.resources.model.ModelBakery/]: Exception loading blockstate definition: 'industrialforegoing:blockstates/sludge.json' missing model for variant: 'industrialforegoing:sludge#level=9'
[28May2026 14:49:26.039] [Worker-ResourceReload-6/WARN] [net.minecraft.client.resources.model.ModelBakery/]: Exception loading blockstate definition: 'industrialforegoing:blockstates/sludge.json' missing model for variant: 'industrialforegoing:sludge#level=8'
[28May2026 14:49:26.039] [Worker-ResourceReload-6/WARN] [net.minecraft.client.resources.model.ModelBakery/]: Exception loading blockstate definition: 'industrialforegoing:blockstates/sludge.json' missing model for variant: 'industrialforegoing:sludge#level=7'
[28May2026 14:49:26.039] [Worker-ResourceReload-6/WARN] [net.minecraft.client.resources.model.ModelBakery/]: Exception loading blockstate definition: 'industrialforegoing:blockstates/sludge.json' missing model for variant: 'industrialforegoing:sludge#level=6'
[28May2026 14:49:26.039] [Worker-ResourceReload-6/WARN] [net.minecraft.client.resources.model.ModelBakery/]: Exception loading blockstate definition: 'industrialforegoing:blockstates/sludge.json' missing model for variant: 'industrialforegoing:sludge#level=1'
[28May2026 14:49:26.039] [Worker-ResourceReload-6/WARN] [net.minecraft.client.resources.model.ModelBakery/]: Exception loading blockstate definition: 'industrialforegoing:blockstates/sludge.json' missing model for variant: 'industrialforegoing:sludge#level=0'
[28May2026 14:49:26.039] [Worker-ResourceReload-6/WARN] [net.minecraft.client.resources.model.ModelBakery/]: Exception loading blockstate definition: 'industrialforegoing:blockstates/sludge.json' missing model for variant: 'industrialforegoing:sludge#level=10'
[28May2026 14:49:26.039] [Worker-ResourceReload-6/WARN] [net.minecraft.client.resources.model.ModelBakery/]: Exception loading blockstate definition: 'industrialforegoing:blockstates/sludge.json' missing model for variant: 'industrialforegoing:sludge#level=15'
[28May2026 14:49:26.039] [Worker-ResourceReload-6/WARN] [net.minecraft.client.resources.model.ModelBakery/]: Exception loading blockstate definition: 'industrialforegoing:blockstates/sludge.json' missing model for variant: 'industrialforegoing:sludge#level=11'
[28May2026 14:49:26.039] [Worker-ResourceReload-6/WARN] [net.minecraft.client.resources.model.ModelBakery/]: Exception loading blockstate definition: 'industrialforegoing:blockstates/sludge.json' missing model for variant: 'industrialforegoing:sludge#level=12'
[28May2026 14:49:26.039] [Worker-ResourceReload-6/WARN] [net.minecraft.client.resources.model.ModelBakery/]: Exception loading blockstate definition: 'industrialforegoing:blockstates/sludge.json' missing model for variant: 'industrialforegoing:sludge#level=13'
[28May2026 14:49:26.039] [Worker-ResourceReload-6/WARN] [net.minecraft.client.resources.model.ModelBakery/]: Exception loading blockstate definition: 'industrialforegoing:blockstates/sludge.json' missing model for variant: 'industrialforegoing:sludge#level=14'
[28May2026 14:49:26.039] [Worker-ResourceReload-6/WARN] [net.minecraft.client.resources.model.ModelBakery/]: Exception loading blockstate definition: 'industrialforegoing:blockstates/pink_slime.json' missing model for variant: 'industrialforegoing:pink_slime#level=9'
[28May2026 14:49:26.039] [Worker-ResourceReload-6/WARN] [net.minecraft.client.resources.model.ModelBakery/]: Exception loading blockstate definition: 'industrialforegoing:blockstates/pink_slime.json' missing model for variant: 'industrialforegoing:pink_slime#level=8'
[28May2026 14:49:26.039] [Worker-ResourceReload-6/WARN] [net.minecraft.client.resources.model.ModelBakery/]: Exception loading blockstate definition: 'industrialforegoing:blockstates/pink_slime.json' missing model for variant: 'industrialforegoing:pink_slime#level=7'
[28May2026 14:49:26.039] [Worker-ResourceReload-6/WARN] [net.minecraft.client.resources.model.ModelBakery/]: Exception loading blockstate definition: 'industrialforegoing:blockstates/pink_slime.json' missing model for variant: 'industrialforegoing:pink_slime#level=6'
[28May2026 14:49:26.039] [Worker-ResourceReload-6/WARN] [net.minecraft.client.resources.model.ModelBakery/]: Exception loading blockstate definition: 'industrialforegoing:blockstates/pink_slime.json' missing model for variant: 'industrialforegoing:pink_slime#level=5'
[28May2026 14:49:26.039] [Worker-ResourceReload-6/WARN] [net.minecraft.client.resources.model.ModelBakery/]: Exception loading blockstate definition: 'industrialforegoing:blockstates/pink_slime.json' missing model for variant: 'industrialforegoing:pink_slime#level=4'
[28May2026 14:49:26.039] [Worker-ResourceReload-6/WARN] [net.minecraft.client.resources.model.ModelBakery/]: Exception loading blockstate definition: 'industrialforegoing:blockstates/pink_slime.json' missing model for variant: 'industrialforegoing:pink_slime#level=3'
[28May2026 14:49:26.039] [Worker-ResourceReload-6/WARN] [net.minecraft.client.resources.model.ModelBakery/]: Exception loading blockstate definition: 'industrialforegoing:blockstates/pink_slime.json' missing model for variant: 'industrialforegoing:pink_slime#level=10'
[28May2026 14:49:26.039] [Worker-ResourceReload-6/WARN] [net.minecraft.client.resources.model.ModelBakery/]: Exception loading blockstate definition: 'industrialforegoing:blockstates/pink_slime.json' missing model for variant: 'industrialforegoing:pink_slime#level=11'
[28May2026 14:49:26.039] [Worker-ResourceReload-6/WARN] [net.minecraft.client.resources.model.ModelBakery/]: Exception loading blockstate definition: 'industrialforegoing:blockstates/pink_slime.json' missing model for variant: 'industrialforegoing:pink_slime#level=12'
[28May2026 14:49:26.039] [Worker-ResourceReload-6/WARN] [net.minecraft.client.resources.model.ModelBakery/]: Exception loading blockstate definition: 'industrialforegoing:blockstates/pink_slime.json' missing model for variant: 'industrialforegoing:pink_slime#level=13'
[28May2026 14:49:26.039] [Worker-ResourceReload-6/WARN] [net.minecraft.client.resources.model.ModelBakery/]: Exception loading blockstate definition: 'industrialforegoing:blockstates/pink_slime.json' missing model for variant: 'industrialforegoing:pink_slime#level=14'
[28May2026 14:49:26.039] [Worker-ResourceReload-6/WARN] [net.minecraft.client.resources.model.ModelBakery/]: Exception loading blockstate definition: 'industrialforegoing:blockstates/pink_slime.json' missing model for variant: 'industrialforegoing:pink_slime#level=15'
[28May2026 14:49:26.039] [Worker-ResourceReload-6/WARN] [net.minecraft.client.resources.model.ModelBakery/]: Exception loading blockstate definition: 'industrialforegoing:blockstates/pink_slime.json' missing model for variant: 'industrialforegoing:pink_slime#level=2'
[28May2026 14:49:26.039] [Worker-ResourceReload-6/WARN] [net.minecraft.client.resources.model.ModelBakery/]: Exception loading blockstate definition: 'industrialforegoing:blockstates/pink_slime.json' missing model for variant: 'industrialforegoing:pink_slime#level=1'
[28May2026 14:49:26.039] [Worker-ResourceReload-6/WARN] [net.minecraft.client.resources.model.ModelBakery/]: Exception loading blockstate definition: 'industrialforegoing:blockstates/pink_slime.json' missing model for variant: 'industrialforegoing:pink_slime#level=0'
[28May2026 14:49:26.039] [Worker-ResourceReload-6/WARN] [net.minecraft.client.resources.model.ModelBakery/]: Exception loading blockstate definition: 'industrialforegoing:blockstates/biofuel.json' missing model for variant: 'industrialforegoing:biofuel#level=5'
[28May2026 14:49:26.039] [Worker-ResourceReload-6/WARN] [net.minecraft.client.resources.model.ModelBakery/]: Exception loading blockstate definition: 'industrialforegoing:blockstates/biofuel.json' missing model for variant: 'industrialforegoing:biofuel#level=4'
[28May2026 14:49:26.039] [Worker-ResourceReload-6/WARN] [net.minecraft.client.resources.model.ModelBakery/]: Exception loading blockstate definition: 'industrialforegoing:blockstates/biofuel.json' missing model for variant: 'industrialforegoing:biofuel#level=3'
[28May2026 14:49:26.039] [Worker-ResourceReload-6/WARN] [net.minecraft.client.resources.model.ModelBakery/]: Exception loading blockstate definition: 'industrialforegoing:blockstates/biofuel.json' missing model for variant: 'industrialforegoing:biofuel#level=2'
[28May2026 14:49:26.039] [Worker-ResourceReload-6/WARN] [net.minecraft.client.resources.model.ModelBakery/]: Exception loading blockstate definition: 'industrialforegoing:blockstates/biofuel.json' missing model for variant: 'industrialforegoing:biofuel#level=9'
[28May2026 14:49:26.039] [Worker-ResourceReload-6/WARN] [net.minecraft.client.resources.model.ModelBakery/]: Exception loading blockstate definition: 'industrialforegoing:blockstates/biofuel.json' missing model for variant: 'industrialforegoing:biofuel#level=8'
[28May2026 14:49:26.039] [Worker-ResourceReload-6/WARN] [net.minecraft.client.resources.model.ModelBakery/]: Exception loading blockstate definition: 'industrialforegoing:blockstates/biofuel.json' missing model for variant: 'industrialforegoing:biofuel#level=7'
[28May2026 14:49:26.039] [Worker-ResourceReload-6/WARN] [net.minecraft.client.resources.model.ModelBakery/]: Exception loading blockstate definition: 'industrialforegoing:blockstates/biofuel.json' missing model for variant: 'industrialforegoing:biofuel#level=6'
[28May2026 14:49:26.039] [Worker-ResourceReload-6/WARN] [net.minecraft.client.resources.model.ModelBakery/]: Exception loading blockstate definition: 'industrialforegoing:blockstates/biofuel.json' missing model for variant: 'industrialforegoing:biofuel#level=15'
[28May2026 14:49:26.039] [Worker-ResourceReload-6/WARN] [net.minecraft.client.resources.model.ModelBakery/]: Exception loading blockstate definition: 'industrialforegoing:blockstates/biofuel.json' missing model for variant: 'industrialforegoing:biofuel#level=11'
[28May2026 14:49:26.039] [Worker-ResourceReload-6/WARN] [net.minecraft.client.resources.model.ModelBakery/]: Exception loading blockstate definition: 'industrialforegoing:blockstates/biofuel.json' missing model for variant: 'industrialforegoing:biofuel#level=12'
[28May2026 14:49:26.039] [Worker-ResourceReload-6/WARN] [net.minecraft.client.resources.model.ModelBakery/]: Exception loading blockstate definition: 'industrialforegoing:blockstates/biofuel.json' missing model for variant: 'industrialforegoing:biofuel#level=13'
[28May2026 14:49:26.039] [Worker-ResourceReload-6/WARN] [net.minecraft.client.resources.model.ModelBakery/]: Exception loading blockstate definition: 'industrialforegoing:blockstates/biofuel.json' missing model for variant: 'industrialforegoing:biofuel#level=14'
[28May2026 14:49:26.039] [Worker-ResourceReload-6/WARN] [net.minecraft.client.resources.model.ModelBakery/]: Exception loading blockstate definition: 'industrialforegoing:blockstates/biofuel.json' missing model for variant: 'industrialforegoing:biofuel#level=10'
[28May2026 14:49:26.039] [Worker-ResourceReload-6/WARN] [net.minecraft.client.resources.model.ModelBakery/]: Exception loading blockstate definition: 'industrialforegoing:blockstates/biofuel.json' missing model for variant: 'industrialforegoing:biofuel#level=1'
[28May2026 14:49:26.039] [Worker-ResourceReload-6/WARN] [net.minecraft.client.resources.model.ModelBakery/]: Exception loading blockstate definition: 'industrialforegoing:blockstates/biofuel.json' missing model for variant: 'industrialforegoing:biofuel#level=0'
[28May2026 14:49:26.039] [Worker-ResourceReload-6/WARN] [net.minecraft.client.resources.model.ModelBakery/]: Exception loading blockstate definition: 'industrialforegoing:blockstates/ether_gas.json' missing model for variant: 'industrialforegoing:ether_gas#level=7'
[28May2026 14:49:26.039] [Worker-ResourceReload-6/WARN] [net.minecraft.client.resources.model.ModelBakery/]: Exception loading blockstate definition: 'industrialforegoing:blockstates/ether_gas.json' missing model for variant: 'industrialforegoing:ether_gas#level=6'
[28May2026 14:49:26.039] [Worker-ResourceReload-6/WARN] [net.minecraft.client.resources.model.ModelBakery/]: Exception loading blockstate definition: 'industrialforegoing:blockstates/ether_gas.json' missing model for variant: 'industrialforegoing:ether_gas#level=5'
[28May2026 14:49:26.039] [Worker-ResourceReload-6/WARN] [net.minecraft.client.resources.model.ModelBakery/]: Exception loading blockstate definition: 'industrialforegoing:blockstates/ether_gas.json' missing model for variant: 'industrialforegoing:ether_gas#level=4'
[28May2026 14:49:26.039] [Worker-ResourceReload-6/WARN] [net.minecraft.client.resources.model.ModelBakery/]: Exception loading blockstate definition: 'industrialforegoing:blockstates/ether_gas.json' missing model for variant: 'industrialforegoing:ether_gas#level=9'
[28May2026 14:49:26.039] [Worker-ResourceReload-6/WARN] [net.minecraft.client.resources.model.ModelBakery/]: Exception loading blockstate definition: 'industrialforegoing:blockstates/ether_gas.json' missing model for variant: 'industrialforegoing:ether_gas#level=8'
[28May2026 14:49:26.039] [Worker-ResourceReload-6/WARN] [net.minecraft.client.resources.model.ModelBakery/]: Exception loading blockstate definition: 'industrialforegoing:blockstates/ether_gas.json' missing model for variant: 'industrialforegoing:ether_gas#level=15'
[28May2026 14:49:26.039] [Worker-ResourceReload-6/WARN] [net.minecraft.client.resources.model.ModelBakery/]: Exception loading blockstate definition: 'industrialforegoing:blockstates/ether_gas.json' missing model for variant: 'industrialforegoing:ether_gas#level=14'
[28May2026 14:49:26.039] [Worker-ResourceReload-6/WARN] [net.minecraft.client.resources.model.ModelBakery/]: Exception loading blockstate definition: 'industrialforegoing:blockstates/ether_gas.json' missing model for variant: 'industrialforegoing:ether_gas#level=13'
[28May2026 14:49:26.039] [Worker-ResourceReload-6/WARN] [net.minecraft.client.resources.model.ModelBakery/]: Exception loading blockstate definition: 'industrialforegoing:blockstates/ether_gas.json' missing model for variant: 'industrialforegoing:ether_gas#level=12'
[28May2026 14:49:26.039] [Worker-ResourceReload-6/WARN] [net.minecraft.client.resources.model.ModelBakery/]: Exception loading blockstate definition: 'industrialforegoing:blockstates/ether_gas.json' missing model for variant: 'industrialforegoing:ether_gas#level=11'
[28May2026 14:49:26.039] [Worker-ResourceReload-6/WARN] [net.minecraft.client.resources.model.ModelBakery/]: Exception loading blockstate definition: 'industrialforegoing:blockstates/ether_gas.json' missing model for variant: 'industrialforegoing:ether_gas#level=10'
[28May2026 14:49:26.039] [Worker-ResourceReload-6/WARN] [net.minecraft.client.resources.model.ModelBakery/]: Exception loading blockstate definition: 'industrialforegoing:blockstates/ether_gas.json' missing model for variant: 'industrialforegoing:ether_gas#level=3'
[28May2026 14:49:26.040] [Worker-ResourceReload-6/WARN] [net.minecraft.client.resources.model.ModelBakery/]: Exception loading blockstate definition: 'industrialforegoing:blockstates/ether_gas.json' missing model for variant: 'industrialforegoing:ether_gas#level=2'
[28May2026 14:49:26.040] [Worker-ResourceReload-6/WARN] [net.minecraft.client.resources.model.ModelBakery/]: Exception loading blockstate definition: 'industrialforegoing:blockstates/ether_gas.json' missing model for variant: 'industrialforegoing:ether_gas#level=1'
[28May2026 14:49:26.040] [Worker-ResourceReload-6/WARN] [net.minecraft.client.resources.model.ModelBakery/]: Exception loading blockstate definition: 'industrialforegoing:blockstates/ether_gas.json' missing model for variant: 'industrialforegoing:ether_gas#level=0'
[28May2026 14:49:26.040] [Worker-ResourceReload-6/WARN] [net.minecraft.client.resources.model.ModelBakery/]: Exception loading blockstate definition: 'industrialforegoing:blockstates/raw_ore_meat.json' missing model for variant: 'industrialforegoing:raw_ore_meat#level=10'
[28May2026 14:49:26.040] [Worker-ResourceReload-6/WARN] [net.minecraft.client.resources.model.ModelBakery/]: Exception loading blockstate definition: 'industrialforegoing:blockstates/raw_ore_meat.json' missing model for variant: 'industrialforegoing:raw_ore_meat#level=11'
[28May2026 14:49:26.040] [Worker-ResourceReload-6/WARN] [net.minecraft.client.resources.model.ModelBakery/]: Exception loading blockstate definition: 'industrialforegoing:blockstates/raw_ore_meat.json' missing model for variant: 'industrialforegoing:raw_ore_meat#level=9'
[28May2026 14:49:26.040] [Worker-ResourceReload-6/WARN] [net.minecraft.client.resources.model.ModelBakery/]: Exception loading blockstate definition: 'industrialforegoing:blockstates/raw_ore_meat.json' missing model for variant: 'industrialforegoing:raw_ore_meat#level=8'
[28May2026 14:49:26.040] [Worker-ResourceReload-6/WARN] [net.minecraft.client.resources.model.ModelBakery/]: Exception loading blockstate definition: 'industrialforegoing:blockstates/raw_ore_meat.json' missing model for variant: 'industrialforegoing:raw_ore_meat#level=7'
[28May2026 14:49:26.040] [Worker-ResourceReload-6/WARN] [net.minecraft.client.resources.model.ModelBakery/]: Exception loading blockstate definition: 'industrialforegoing:blockstates/raw_ore_meat.json' missing model for variant: 'industrialforegoing:raw_ore_meat#level=6'
[28May2026 14:49:26.040] [Worker-ResourceReload-6/WARN] [net.minecraft.client.resources.model.ModelBakery/]: Exception loading blockstate definition: 'industrialforegoing:blockstates/raw_ore_meat.json' missing model for variant: 'industrialforegoing:raw_ore_meat#level=5'
[28May2026 14:49:26.040] [Worker-ResourceReload-6/WARN] [net.minecraft.client.resources.model.ModelBakery/]: Exception loading blockstate definition: 'industrialforegoing:blockstates/raw_ore_meat.json' missing model for variant: 'industrialforegoing:raw_ore_meat#level=4'
[28May2026 14:49:26.040] [Worker-ResourceReload-6/WARN] [net.minecraft.client.resources.model.ModelBakery/]: Exception loading blockstate definition: 'industrialforegoing:blockstates/raw_ore_meat.json' missing model for variant: 'industrialforegoing:raw_ore_meat#level=3'
[28May2026 14:49:26.040] [Worker-ResourceReload-6/WARN] [net.minecraft.client.resources.model.ModelBakery/]: Exception loading blockstate definition: 'industrialforegoing:blockstates/raw_ore_meat.json' missing model for variant: 'industrialforegoing:raw_ore_meat#level=2'
[28May2026 14:49:26.040] [Worker-ResourceReload-6/WARN] [net.minecraft.client.resources.model.ModelBakery/]: Exception loading blockstate definition: 'industrialforegoing:blockstates/raw_ore_meat.json' missing model for variant: 'industrialforegoing:raw_ore_meat#level=1'
[28May2026 14:49:26.040] [Worker-ResourceReload-6/WARN] [net.minecraft.client.resources.model.ModelBakery/]: Exception loading blockstate definition: 'industrialforegoing:blockstates/raw_ore_meat.json' missing model for variant: 'industrialforegoing:raw_ore_meat#level=0'
[28May2026 14:49:26.040] [Worker-ResourceReload-6/WARN] [net.minecraft.client.resources.model.ModelBakery/]: Exception loading blockstate definition: 'industrialforegoing:blockstates/raw_ore_meat.json' missing model for variant: 'industrialforegoing:raw_ore_meat#level=12'
[28May2026 14:49:26.040] [Worker-ResourceReload-6/WARN] [net.minecraft.client.resources.model.ModelBakery/]: Exception loading blockstate definition: 'industrialforegoing:blockstates/raw_ore_meat.json' missing model for variant: 'industrialforegoing:raw_ore_meat#level=13'
[28May2026 14:49:26.040] [Worker-ResourceReload-6/WARN] [net.minecraft.client.resources.model.ModelBakery/]: Exception loading blockstate definition: 'industrialforegoing:blockstates/raw_ore_meat.json' missing model for variant: 'industrialforegoing:raw_ore_meat#level=14'
[28May2026 14:49:26.040] [Worker-ResourceReload-6/WARN] [net.minecraft.client.resources.model.ModelBakery/]: Exception loading blockstate definition: 'industrialforegoing:blockstates/raw_ore_meat.json' missing model for variant: 'industrialforegoing:raw_ore_meat#level=15'
[28May2026 14:49:26.040] [Worker-ResourceReload-6/WARN] [net.minecraft.client.resources.model.ModelBakery/]: Exception loading blockstate definition: 'industrialforegoing:blockstates/fermented_ore_meat.json' missing model for variant: 'industrialforegoing:fermented_ore_meat#level=14'
[28May2026 14:49:26.040] [Worker-ResourceReload-6/WARN] [net.minecraft.client.resources.model.ModelBakery/]: Exception loading blockstate definition: 'industrialforegoing:blockstates/fermented_ore_meat.json' missing model for variant: 'industrialforegoing:fermented_ore_meat#level=15'
[28May2026 14:49:26.040] [Worker-ResourceReload-6/WARN] [net.minecraft.client.resources.model.ModelBakery/]: Exception loading blockstate definition: 'industrialforegoing:blockstates/fermented_ore_meat.json' missing model for variant: 'industrialforegoing:fermented_ore_meat#level=12'
[28May2026 14:49:26.040] [Worker-ResourceReload-6/WARN] [net.minecraft.client.resources.model.ModelBakery/]: Exception loading blockstate definition: 'industrialforegoing:blockstates/fermented_ore_meat.json' missing model for variant: 'industrialforegoing:fermented_ore_meat#level=13'
[28May2026 14:49:26.040] [Worker-ResourceReload-6/WARN] [net.minecraft.client.resources.model.ModelBakery/]: Exception loading blockstate definition: 'industrialforegoing:blockstates/fermented_ore_meat.json' missing model for variant: 'industrialforegoing:fermented_ore_meat#level=1'
[28May2026 14:49:26.040] [Worker-ResourceReload-6/WARN] [net.minecraft.client.resources.model.ModelBakery/]: Exception loading blockstate definition: 'industrialforegoing:blockstates/fermented_ore_meat.json' missing model for variant: 'industrialforegoing:fermented_ore_meat#level=2'
[28May2026 14:49:26.040] [Worker-ResourceReload-6/WARN] [net.minecraft.client.resources.model.ModelBakery/]: Exception loading blockstate definition: 'industrialforegoing:blockstates/fermented_ore_meat.json' missing model for variant: 'industrialforegoing:fermented_ore_meat#level=0'
[28May2026 14:49:26.040] [Worker-ResourceReload-6/WARN] [net.minecraft.client.resources.model.ModelBakery/]: Exception loading blockstate definition: 'industrialforegoing:blockstates/fermented_ore_meat.json' missing model for variant: 'industrialforegoing:fermented_ore_meat#level=5'
[28May2026 14:49:26.040] [Worker-ResourceReload-6/WARN] [net.minecraft.client.resources.model.ModelBakery/]: Exception loading blockstate definition: 'industrialforegoing:blockstates/fermented_ore_meat.json' missing model for variant: 'industrialforegoing:fermented_ore_meat#level=6'
[28May2026 14:49:26.040] [Worker-ResourceReload-6/WARN] [net.minecraft.client.resources.model.ModelBakery/]: Exception loading blockstate definition: 'industrialforegoing:blockstates/fermented_ore_meat.json' missing model for variant: 'industrialforegoing:fermented_ore_meat#level=3'
[28May2026 14:49:26.040] [Worker-ResourceReload-6/WARN] [net.minecraft.client.resources.model.ModelBakery/]: Exception loading blockstate definition: 'industrialforegoing:blockstates/fermented_ore_meat.json' missing model for variant: 'industrialforegoing:fermented_ore_meat#level=4'
[28May2026 14:49:26.040] [Worker-ResourceReload-6/WARN] [net.minecraft.client.resources.model.ModelBakery/]: Exception loading blockstate definition: 'industrialforegoing:blockstates/fermented_ore_meat.json' missing model for variant: 'industrialforegoing:fermented_ore_meat#level=9'
[28May2026 14:49:26.040] [Worker-ResourceReload-6/WARN] [net.minecraft.client.resources.model.ModelBakery/]: Exception loading blockstate definition: 'industrialforegoing:blockstates/fermented_ore_meat.json' missing model for variant: 'industrialforegoing:fermented_ore_meat#level=10'
[28May2026 14:49:26.040] [Worker-ResourceReload-6/WARN] [net.minecraft.client.resources.model.ModelBakery/]: Exception loading blockstate definition: 'industrialforegoing:blockstates/fermented_ore_meat.json' missing model for variant: 'industrialforegoing:fermented_ore_meat#level=11'
[28May2026 14:49:26.040] [Worker-ResourceReload-6/WARN] [net.minecraft.client.resources.model.ModelBakery/]: Exception loading blockstate definition: 'industrialforegoing:blockstates/fermented_ore_meat.json' missing model for variant: 'industrialforegoing:fermented_ore_meat#level=7'
[28May2026 14:49:26.040] [Worker-ResourceReload-6/WARN] [net.minecraft.client.resources.model.ModelBakery/]: Exception loading blockstate definition: 'industrialforegoing:blockstates/fermented_ore_meat.json' missing model for variant: 'industrialforegoing:fermented_ore_meat#level=8'
[28May2026 14:49:26.043] [Worker-ResourceReload-6/WARN] [net.minecraft.client.resources.model.ModelBakery/]: Exception loading blockstate definition: 'torchmaster:blockstates/invisible_light.json' missing model for variant: 'torchmaster:invisible_light#'
[28May2026 14:49:26.044] [Worker-ResourceReload-6/WARN] [net.minecraft.client.resources.model.ModelBakery/]: Exception loading blockstate definition: 'torchmaster:blockstates/invisible_light.json' in resourcepack: 'mod_resources': Neither 'variants' nor 'multipart' found
[28May2026 14:49:26.067] [Forge Version Check/INFO] [net.minecraftforge.fml.VersionChecker/]: [cucumber] Found status: UP_TO_DATE Current: 7.0.16 Target: null
[28May2026 14:49:26.067] [Forge Version Check/INFO] [net.minecraftforge.fml.VersionChecker/]: [travelanchors] Starting version check at https://assets.melanx.de/updates/travel-anchors.json
[28May2026 14:49:26.079] [Forge Version Check/INFO] [net.minecraftforge.fml.VersionChecker/]: [travelanchors] Found status: UP_TO_DATE Current: 1.20.1-5.0.1 Target: null
[28May2026 14:49:26.079] [Forge Version Check/INFO] [net.minecraftforge.fml.VersionChecker/]: [clumps] Starting version check at https://updates.blamejared.com/get?n=clumps&gv=1.20.1
[28May2026 14:49:26.117] [Forge Version Check/INFO] [net.minecraftforge.fml.VersionChecker/]: [clumps] Found status: BETA Current: 12.0.0.4 Target: 12.0.0.4
[28May2026 14:49:26.117] [Forge Version Check/INFO] [net.minecraftforge.fml.VersionChecker/]: [enderstorage] Starting version check at https://version-check.covers1624.net/check/?mod=EnderStorage&mc=1.20.1
[28May2026 14:49:26.375] [Forge Version Check/INFO] [net.minecraftforge.fml.VersionChecker/]: [enderstorage] Found status: UP_TO_DATE Current: 2.11.0.188 Target: null
[28May2026 14:49:26.376] [Forge Version Check/INFO] [net.minecraftforge.fml.VersionChecker/]: [obscure_tooltips] Starting version check at https://raw.githubusercontent.com/ObscuriaLithium/modding/main/versions/obscure-tooltips.json
[28May2026 14:49:26.463] [Forge Version Check/INFO] [net.minecraftforge.fml.VersionChecker/]: [obscure_tooltips] Found status: UP_TO_DATE Current: 3.10.0 Target: null
[28May2026 14:49:26.463] [Forge Version Check/INFO] [net.minecraftforge.fml.VersionChecker/]: [smoothboot] Starting version check at https://github.com/AbdElAziz333/SmoothBoot-Reloaded/raw/mc1.20.1/dev/updates.json
[28May2026 14:49:26.611] [Worker-ResourceReload-1/WARN] [xaero.lib.XaeroLib/]: io exception while checking patreon: Online mod data expired! Date: Sat May 23 09:44:16 BST 2026
[28May2026 14:49:26.654] [Render thread/INFO] [Tooltip Overhaul/]: Found 6 frame configs in TooltipOverhaul config
[28May2026 14:49:26.656] [Render thread/INFO] [Tooltip Overhaul/]: Found 1 custom frame config files from resource packs
[28May2026 14:49:26.656] [Render thread/INFO] [Tooltip Overhaul/]: Loaded 81 custom frame entries total
[28May2026 14:49:26.656] [Render thread/INFO] [Tooltip Overhaul/]: 81 frames have been loaded!
[28May2026 14:49:26.665] [Render thread/INFO] [xaero.map.WorldMap/]: Loading Xaero's World Map - Stage 2/2
[28May2026 14:49:26.668] [Render thread/INFO] [xaero.map.WorldMap/]: New world map region cache hash code: 1286663114
[28May2026 14:49:26.790] [Forge Version Check/WARN] [net.minecraftforge.fml.VersionChecker/]: Failed to process update information
com.google.gson.JsonSyntaxException: java.lang.IllegalStateException: Expected BEGIN_OBJECT but was STRING at line 9 column 1 path $
	at com.google.gson.Gson.fromJson(Gson.java:1226) ~[gson-2.10.jar%2388!/:?]
	at com.google.gson.Gson.fromJson(Gson.java:1124) ~[gson-2.10.jar%2388!/:?]
	at com.google.gson.Gson.fromJson(Gson.java:1034) ~[gson-2.10.jar%2388!/:?]
	at com.google.gson.Gson.fromJson(Gson.java:969) ~[gson-2.10.jar%2388!/:?]
	at net.minecraftforge.fml.VersionChecker$1.process(VersionChecker.java:186) ~[fmlcore-1.20.1-47.4.10.jar%23482!/:?]
	at java.lang.Iterable.forEach(Iterable.java:75) ~[?:?]
	at net.minecraftforge.fml.VersionChecker$1.run(VersionChecker.java:117) ~[fmlcore-1.20.1-47.4.10.jar%23482!/:?]
Caused by: java.lang.IllegalStateException: Expected BEGIN_OBJECT but was STRING at line 9 column 1 path $
	at com.google.gson.stream.JsonReader.beginObject(JsonReader.java:393) ~[gson-2.10.jar%2388!/:?]
	at com.google.gson.internal.bind.MapTypeAdapterFactory$Adapter.read(MapTypeAdapterFactory.java:182) ~[gson-2.10.jar%2388!/:?]
	at com.google.gson.internal.bind.MapTypeAdapterFactory$Adapter.read(MapTypeAdapterFactory.java:144) ~[gson-2.10.jar%2388!/:?]
	at com.google.gson.Gson.fromJson(Gson.java:1214) ~[gson-2.10.jar%2388!/:?]
	... 6 more
[28May2026 14:49:26.790] [Forge Version Check/INFO] [net.minecraftforge.fml.VersionChecker/]: [iceberg] Starting version check at https://mc-update-check.anthonyhilyard.com/520110
[28May2026 14:49:27.210] [Forge Version Check/INFO] [net.minecraftforge.fml.VersionChecker/]: [iceberg] Found status: UP_TO_DATE Current: 1.1.25 Target: null
[28May2026 14:49:27.210] [Forge Version Check/INFO] [net.minecraftforge.fml.VersionChecker/]: [supplementaries] Starting version check at https://api.modrinth.com/updates/supplementaries/forge_updates.json
[28May2026 14:49:27.355] [Forge Version Check/INFO] [net.minecraftforge.fml.VersionChecker/]: [supplementaries] Found status: OUTDATED Current: 1.20-3.1.43 Target: 1.20-3.1.43-forge
[28May2026 14:49:27.523] [Render thread/ERROR] [xaero.map.WorldMap/]: io exception while checking versions: Online mod data expired! Date: Sat May 23 09:44:16 BST 2026
[28May2026 14:49:27.524] [Render thread/INFO] [xaero.map.WorldMap/]: Registered player tracker system: map_synced
[28May2026 14:49:27.528] [Render thread/INFO] [xaero.map.WorldMap/]: Xaero's WorldMap Mod: Xaero's minimap found!
[28May2026 14:49:27.530] [Render thread/INFO] [xaero.map.WorldMap/]: Registered player tracker system: minimap_synced
[28May2026 14:49:27.530] [Render thread/INFO] [xaero.map.WorldMap/]: No Optifine!
[28May2026 14:49:27.530] [Render thread/INFO] [xaero.map.WorldMap/]: Xaero's World Map: No Vivecraft!
[28May2026 14:49:27.532] [Render thread/INFO] [xaero.map.WorldMap/]: Xaero's World Map: Framed Blocks found!
[28May2026 14:49:27.532] [Render thread/INFO] [xaero.map.WorldMap/]: Xaero's World Map: Iris found!
[28May2026 14:49:27.577] [Render thread/INFO] [igentuman.nc.client.RuntimeFuelModelGenerator/]: ============================================================
[28May2026 14:49:27.577] [Render thread/INFO] [igentuman.nc.client.RuntimeFuelModelGenerator/]: Starting runtime fuel model generation...
[28May2026 14:49:27.577] [Render thread/INFO] [igentuman.nc.client.RuntimeFuelModelGenerator/]: ============================================================
[28May2026 14:49:27.577] [Render thread/INFO] [igentuman.nc.client.RuntimeFuelModelGenerator/]: ✓ Created directory structure
[28May2026 14:49:27.577] [Render thread/INFO] [igentuman.nc.client.RuntimeFuelModelGenerator/]: No custom fuels registered - skipping texture generation
[28May2026 14:49:27.577] [Render thread/INFO] [igentuman.nc.client.RuntimeFuelModelGenerator/]: No custom fuels registered - skipping model generation
[28May2026 14:49:27.578] [Render thread/INFO] [igentuman.nc.client.RuntimeFuelModelGenerator/]: ✓ Created texture README at: /home/bigh/.var/app/org.prismlauncher.PrismLauncher/data/PrismLauncher/instances/GregTech Community Pack Modern/minecraft/kubejs/assets/nuclearcraft/textures/item/fuel/readme.txt
[28May2026 14:49:27.578] [Render thread/INFO] [igentuman.nc.client.RuntimeFuelModelGenerator/]: No custom fuels to add to language file
[28May2026 14:49:27.578] [Render thread/INFO] [igentuman.nc.client.RuntimeFuelModelGenerator/]: ============================================================
[28May2026 14:49:27.578] [Render thread/INFO] [igentuman.nc.client.RuntimeFuelModelGenerator/]: ✓ Generated 0 model files
[28May2026 14:49:27.578] [Render thread/INFO] [igentuman.nc.client.RuntimeFuelModelGenerator/]: ✓ Generated 0 texture files
[28May2026 14:49:27.578] [Render thread/INFO] [igentuman.nc.client.RuntimeFuelModelGenerator/]: ============================================================
[28May2026 14:49:27.578] [Render thread/INFO] [igentuman.nc.client.RuntimeFuelModelGenerator/]: Next steps:
[28May2026 14:49:27.578] [Render thread/INFO] [igentuman.nc.client.RuntimeFuelModelGenerator/]:   1. Press F3+T in-game to reload resources
[28May2026 14:49:27.578] [Render thread/INFO] [igentuman.nc.client.RuntimeFuelModelGenerator/]: ============================================================
[28May2026 14:49:27.605] [Render thread/INFO] [xaero.minimap.XaeroMinimap/]: Loading Xaero's Minimap - Stage 2/2
[28May2026 14:49:28.014] [Render thread/WARN] [xaero.hud.minimap.MinimapLogs/]: io exception while checking versions: Online mod data expired! Date: Sat May 23 09:44:16 BST 2026
[28May2026 14:49:28.015] [Render thread/INFO] [xaero.hud.minimap.MinimapLogs/]: Registered player tracker system: minimap_synced
[28May2026 14:49:28.016] [Render thread/INFO] [xaero.hud.minimap.MinimapLogs/]: Xaero's Minimap: World Map found!
[28May2026 14:49:28.016] [Render thread/INFO] [xaero.hud.minimap.MinimapLogs/]: No Optifine!
[28May2026 14:49:28.016] [Render thread/INFO] [xaero.hud.minimap.MinimapLogs/]: Xaero's Minimap: No Vivecraft!
[28May2026 14:49:28.017] [Render thread/INFO] [xaero.hud.minimap.MinimapLogs/]: Xaero's Minimap: Framed Blocks found!
[28May2026 14:49:28.017] [Render thread/INFO] [xaero.hud.minimap.MinimapLogs/]: Xaero's Minimap: Iris found!
[28May2026 14:49:28.043] [Render thread/INFO] [xaero.lib.XaeroLib/]: Loading XaeroLib common 2/2!
[28May2026 14:49:28.043] [Render thread/INFO] [xaero.lib.XaeroLib/]: Loading XaeroLib client 2/2!
[28May2026 14:49:28.512] [Worker-ResourceReload-6/WARN] [net.minecraft.client.resources.model.ModelBakery/]: Exception loading blockstate definition: 'tinygates:blockstates/and_gate_block.json' missing model for variant: 'tinygates:and_gate_block#facing=south,gate_direction=up'
[28May2026 14:49:28.512] [Worker-ResourceReload-6/WARN] [net.minecraft.client.resources.model.ModelBakery/]: Exception loading blockstate definition: 'tinygates:blockstates/and_gate_block.json' missing model for variant: 'tinygates:and_gate_block#facing=down,gate_direction=south'
[28May2026 14:49:28.512] [Worker-ResourceReload-6/WARN] [net.minecraft.client.resources.model.ModelBakery/]: Exception loading blockstate definition: 'tinygates:blockstates/and_gate_block.json' missing model for variant: 'tinygates:and_gate_block#facing=south,gate_direction=down'
[28May2026 14:49:28.512] [Worker-ResourceReload-6/WARN] [net.minecraft.client.resources.model.ModelBakery/]: Exception loading blockstate definition: 'tinygates:blockstates/and_gate_block.json' missing model for variant: 'tinygates:and_gate_block#facing=down,gate_direction=north'
[28May2026 14:49:28.512] [Worker-ResourceReload-6/WARN] [net.minecraft.client.resources.model.ModelBakery/]: Exception loading blockstate definition: 'tinygates:blockstates/and_gate_block.json' missing model for variant: 'tinygates:and_gate_block#facing=north,gate_direction=down'
[28May2026 14:49:28.512] [Worker-ResourceReload-6/WARN] [net.minecraft.client.resources.model.ModelBakery/]: Exception loading blockstate definition: 'tinygates:blockstates/and_gate_block.json' missing model for variant: 'tinygates:and_gate_block#facing=west,gate_direction=west'
[28May2026 14:49:28.512] [Worker-ResourceReload-6/WARN] [net.minecraft.client.resources.model.ModelBakery/]: Exception loading blockstate definition: 'tinygates:blockstates/and_gate_block.json' missing model for variant: 'tinygates:and_gate_block#facing=north,gate_direction=up'
[28May2026 14:49:28.512] [Worker-ResourceReload-6/WARN] [net.minecraft.client.resources.model.ModelBakery/]: Exception loading blockstate definition: 'tinygates:blockstates/and_gate_block.json' missing model for variant: 'tinygates:and_gate_block#facing=north,gate_direction=west'
[28May2026 14:49:28.512] [Worker-ResourceReload-6/WARN] [net.minecraft.client.resources.model.ModelBakery/]: Exception loading blockstate definition: 'tinygates:blockstates/and_gate_block.json' missing model for variant: 'tinygates:and_gate_block#facing=west,gate_direction=down'
[28May2026 14:49:28.512] [Worker-ResourceReload-6/WARN] [net.minecraft.client.resources.model.ModelBakery/]: Exception loading blockstate definition: 'tinygates:blockstates/and_gate_block.json' missing model for variant: 'tinygates:and_gate_block#facing=south,gate_direction=west'
[28May2026 14:49:28.512] [Worker-ResourceReload-6/WARN] [net.minecraft.client.resources.model.ModelBakery/]: Exception loading blockstate definition: 'tinygates:blockstates/and_gate_block.json' missing model for variant: 'tinygates:and_gate_block#facing=east,gate_direction=east'
[28May2026 14:49:28.512] [Worker-ResourceReload-6/WARN] [net.minecraft.client.resources.model.ModelBakery/]: Exception loading blockstate definition: 'tinygates:blockstates/and_gate_block.json' missing model for variant: 'tinygates:and_gate_block#facing=up,gate_direction=east'
[28May2026 14:49:28.512] [Worker-ResourceReload-6/WARN] [net.minecraft.client.resources.model.ModelBakery/]: Exception loading blockstate definition: 'tinygates:blockstates/and_gate_block.json' missing model for variant: 'tinygates:and_gate_block#facing=north,gate_direction=north'
[28May2026 14:49:28.512] [Worker-ResourceReload-6/WARN] [net.minecraft.client.resources.model.ModelBakery/]: Exception loading blockstate definition: 'tinygates:blockstates/and_gate_block.json' missing model for variant: 'tinygates:and_gate_block#facing=up,gate_direction=up'
[28May2026 14:49:28.512] [Worker-ResourceReload-6/WARN] [net.minecraft.client.resources.model.ModelBakery/]: Exception loading blockstate definition: 'tinygates:blockstates/and_gate_block.json' missing model for variant: 'tinygates:and_gate_block#facing=east,gate_direction=south'
[28May2026 14:49:28.512] [Worker-ResourceReload-6/WARN] [net.minecraft.client.resources.model.ModelBakery/]: Exception loading blockstate definition: 'tinygates:blockstates/and_gate_block.json' missing model for variant: 'tinygates:and_gate_block#facing=south,gate_direction=south'
[28May2026 14:49:28.512] [Worker-ResourceReload-6/WARN] [net.minecraft.client.resources.model.ModelBakery/]: Exception loading blockstate definition: 'tinygates:blockstates/and_gate_block.json' missing model for variant: 'tinygates:and_gate_block#facing=down,gate_direction=east'
[28May2026 14:49:28.512] [Worker-ResourceReload-6/WARN] [net.minecraft.client.resources.model.ModelBakery/]: Exception loading blockstate definition: 'tinygates:blockstates/and_gate_block.json' missing model for variant: 'tinygates:and_gate_block#facing=west,gate_direction=east'
[28May2026 14:49:28.512] [Worker-ResourceReload-6/WARN] [net.minecraft.client.resources.model.ModelBakery/]: Exception loading blockstate definition: 'tinygates:blockstates/and_gate_block.json' missing model for variant: 'tinygates:and_gate_block#facing=north,gate_direction=south'
[28May2026 14:49:28.512] [Worker-ResourceReload-6/WARN] [net.minecraft.client.resources.model.ModelBakery/]: Exception loading blockstate definition: 'tinygates:blockstates/and_gate_block.json' missing model for variant: 'tinygates:and_gate_block#facing=down,gate_direction=west'
[28May2026 14:49:28.512] [Worker-ResourceReload-6/WARN] [net.minecraft.client.resources.model.ModelBakery/]: Exception loading blockstate definition: 'tinygates:blockstates/and_gate_block.json' missing model for variant: 'tinygates:and_gate_block#facing=up,gate_direction=down'
[28May2026 14:49:28.512] [Worker-ResourceReload-6/WARN] [net.minecraft.client.resources.model.ModelBakery/]: Exception loading blockstate definition: 'tinygates:blockstates/and_gate_block.json' missing model for variant: 'tinygates:and_gate_block#facing=down,gate_direction=down'
[28May2026 14:49:28.512] [Worker-ResourceReload-6/WARN] [net.minecraft.client.resources.model.ModelBakery/]: Exception loading blockstate definition: 'tinygates:blockstates/and_gate_block.json' missing model for variant: 'tinygates:and_gate_block#facing=east,gate_direction=down'
[28May2026 14:49:28.512] [Worker-ResourceReload-6/WARN] [net.minecraft.client.resources.model.ModelBakery/]: Exception loading blockstate definition: 'tinygates:blockstates/and_gate_block.json' missing model for variant: 'tinygates:and_gate_block#facing=south,gate_direction=east'
[28May2026 14:49:28.512] [Worker-ResourceReload-6/WARN] [net.minecraft.client.resources.model.ModelBakery/]: Exception loading blockstate definition: 'tinygates:blockstates/and_gate_block.json' missing model for variant: 'tinygates:and_gate_block#facing=up,gate_direction=north'
[28May2026 14:49:28.512] [Worker-ResourceReload-6/WARN] [net.minecraft.client.resources.model.ModelBakery/]: Exception loading blockstate definition: 'tinygates:blockstates/and_gate_block.json' missing model for variant: 'tinygates:and_gate_block#facing=south,gate_direction=north'
[28May2026 14:49:28.512] [Worker-ResourceReload-6/WARN] [net.minecraft.client.resources.model.ModelBakery/]: Exception loading blockstate definition: 'tinygates:blockstates/and_gate_block.json' missing model for variant: 'tinygates:and_gate_block#facing=west,gate_direction=north'
[28May2026 14:49:28.512] [Worker-ResourceReload-6/WARN] [net.minecraft.client.resources.model.ModelBakery/]: Exception loading blockstate definition: 'tinygates:blockstates/and_gate_block.json' missing model for variant: 'tinygates:and_gate_block#facing=east,gate_direction=up'
[28May2026 14:49:28.512] [Worker-ResourceReload-6/WARN] [net.minecraft.client.resources.model.ModelBakery/]: Exception loading blockstate definition: 'tinygates:blockstates/and_gate_block.json' missing model for variant: 'tinygates:and_gate_block#facing=up,gate_direction=west'
[28May2026 14:49:28.512] [Worker-ResourceReload-6/WARN] [net.minecraft.client.resources.model.ModelBakery/]: Exception loading blockstate definition: 'tinygates:blockstates/and_gate_block.json' missing model for variant: 'tinygates:and_gate_block#facing=east,gate_direction=west'
[28May2026 14:49:28.512] [Worker-ResourceReload-6/WARN] [net.minecraft.client.resources.model.ModelBakery/]: Exception loading blockstate definition: 'tinygates:blockstates/and_gate_block.json' missing model for variant: 'tinygates:and_gate_block#facing=west,gate_direction=south'
[28May2026 14:49:28.512] [Worker-ResourceReload-6/WARN] [net.minecraft.client.resources.model.ModelBakery/]: Exception loading blockstate definition: 'tinygates:blockstates/and_gate_block.json' missing model for variant: 'tinygates:and_gate_block#facing=down,gate_direction=up'
[28May2026 14:49:28.512] [Worker-ResourceReload-6/WARN] [net.minecraft.client.resources.model.ModelBakery/]: Exception loading blockstate definition: 'tinygates:blockstates/and_gate_block.json' missing model for variant: 'tinygates:and_gate_block#facing=north,gate_direction=east'
[28May2026 14:49:28.512] [Worker-ResourceReload-6/WARN] [net.minecraft.client.resources.model.ModelBakery/]: Exception loading blockstate definition: 'tinygates:blockstates/and_gate_block.json' missing model for variant: 'tinygates:and_gate_block#facing=up,gate_direction=south'
[28May2026 14:49:28.512] [Worker-ResourceReload-6/WARN] [net.minecraft.client.resources.model.ModelBakery/]: Exception loading blockstate definition: 'tinygates:blockstates/and_gate_block.json' missing model for variant: 'tinygates:and_gate_block#facing=east,gate_direction=north'
[28May2026 14:49:28.512] [Worker-ResourceReload-6/WARN] [net.minecraft.client.resources.model.ModelBakery/]: Exception loading blockstate definition: 'tinygates:blockstates/and_gate_block.json' missing model for variant: 'tinygates:and_gate_block#facing=west,gate_direction=up'
[28May2026 14:49:28.512] [Worker-ResourceReload-6/WARN] [net.minecraft.client.resources.model.ModelBakery/]: Exception loading blockstate definition: 'tinygates:blockstates/clock_block.json' missing model for variant: 'tinygates:clock_block#facing=south,gate_direction=east'
[28May2026 14:49:28.512] [Worker-ResourceReload-6/WARN] [net.minecraft.client.resources.model.ModelBakery/]: Exception loading blockstate definition: 'tinygates:blockstates/clock_block.json' missing model for variant: 'tinygates:clock_block#facing=down,gate_direction=down'
[28May2026 14:49:28.512] [Worker-ResourceReload-6/WARN] [net.minecraft.client.resources.model.ModelBakery/]: Exception loading blockstate definition: 'tinygates:blockstates/clock_block.json' missing model for variant: 'tinygates:clock_block#facing=north,gate_direction=east'
[28May2026 14:49:28.512] [Worker-ResourceReload-6/WARN] [net.minecraft.client.resources.model.ModelBakery/]: Exception loading blockstate definition: 'tinygates:blockstates/clock_block.json' missing model for variant: 'tinygates:clock_block#facing=west,gate_direction=east'
[28May2026 14:49:28.512] [Worker-ResourceReload-6/WARN] [net.minecraft.client.resources.model.ModelBakery/]: Exception loading blockstate definition: 'tinygates:blockstates/clock_block.json' missing model for variant: 'tinygates:clock_block#facing=down,gate_direction=west'
[28May2026 14:49:28.512] [Worker-ResourceReload-6/WARN] [net.minecraft.client.resources.model.ModelBakery/]: Exception loading blockstate definition: 'tinygates:blockstates/clock_block.json' missing model for variant: 'tinygates:clock_block#facing=down,gate_direction=up'
[28May2026 14:49:28.512] [Worker-ResourceReload-6/WARN] [net.minecraft.client.resources.model.ModelBakery/]: Exception loading blockstate definition: 'tinygates:blockstates/clock_block.json' missing model for variant: 'tinygates:clock_block#facing=up,gate_direction=north'
[28May2026 14:49:28.512] [Worker-ResourceReload-6/WARN] [net.minecraft.client.resources.model.ModelBakery/]: Exception loading blockstate definition: 'tinygates:blockstates/clock_block.json' missing model for variant: 'tinygates:clock_block#facing=east,gate_direction=south'
[28May2026 14:49:28.512] [Worker-ResourceReload-6/WARN] [net.minecraft.client.resources.model.ModelBakery/]: Exception loading blockstate definition: 'tinygates:blockstates/clock_block.json' missing model for variant: 'tinygates:clock_block#facing=up,gate_direction=down'
[28May2026 14:49:28.512] [Worker-ResourceReload-6/WARN] [net.minecraft.client.resources.model.ModelBakery/]: Exception loading blockstate definition: 'tinygates:blockstates/clock_block.json' missing model for variant: 'tinygates:clock_block#facing=east,gate_direction=north'
[28May2026 14:49:28.512] [Worker-ResourceReload-6/WARN] [net.minecraft.client.resources.model.ModelBakery/]: Exception loading blockstate definition: 'tinygates:blockstates/clock_block.json' missing model for variant: 'tinygates:clock_block#facing=up,gate_direction=west'
[28May2026 14:49:28.512] [Worker-ResourceReload-6/WARN] [net.minecraft.client.resources.model.ModelBakery/]: Exception loading blockstate definition: 'tinygates:blockstates/clock_block.json' missing model for variant: 'tinygates:clock_block#facing=east,gate_direction=up'
[28May2026 14:49:28.512] [Worker-ResourceReload-6/WARN] [net.minecraft.client.resources.model.ModelBakery/]: Exception loading blockstate definition: 'tinygates:blockstates/clock_block.json' missing model for variant: 'tinygates:clock_block#facing=east,gate_direction=down'
[28May2026 14:49:28.512] [Worker-ResourceReload-6/WARN] [net.minecraft.client.resources.model.ModelBakery/]: Exception loading blockstate definition: 'tinygates:blockstates/clock_block.json' missing model for variant: 'tinygates:clock_block#facing=up,gate_direction=south'
[28May2026 14:49:28.512] [Worker-ResourceReload-6/WARN] [net.minecraft.client.resources.model.ModelBakery/]: Exception loading blockstate definition: 'tinygates:blockstates/clock_block.json' missing model for variant: 'tinygates:clock_block#facing=north,gate_direction=west'
[28May2026 14:49:28.512] [Worker-ResourceReload-6/WARN] [net.minecraft.client.resources.model.ModelBakery/]: Exception loading blockstate definition: 'tinygates:blockstates/clock_block.json' missing model for variant: 'tinygates:clock_block#facing=west,gate_direction=up'
[28May2026 14:49:28.512] [Worker-ResourceReload-6/WARN] [net.minecraft.client.resources.model.ModelBakery/]: Exception loading blockstate definition: 'tinygates:blockstates/clock_block.json' missing model for variant: 'tinygates:clock_block#facing=west,gate_direction=north'
[28May2026 14:49:28.512] [Worker-ResourceReload-6/WARN] [net.minecraft.client.resources.model.ModelBakery/]: Exception loading blockstate definition: 'tinygates:blockstates/clock_block.json' missing model for variant: 'tinygates:clock_block#facing=north,gate_direction=up'
[28May2026 14:49:28.512] [Worker-ResourceReload-6/WARN] [net.minecraft.client.resources.model.ModelBakery/]: Exception loading blockstate definition: 'tinygates:blockstates/clock_block.json' missing model for variant: 'tinygates:clock_block#facing=north,gate_direction=north'
[28May2026 14:49:28.512] [Worker-ResourceReload-6/WARN] [net.minecraft.client.resources.model.ModelBakery/]: Exception loading blockstate definition: 'tinygates:blockstates/clock_block.json' missing model for variant: 'tinygates:clock_block#facing=up,gate_direction=up'
[28May2026 14:49:28.512] [Worker-ResourceReload-6/WARN] [net.minecraft.client.resources.model.ModelBakery/]: Exception loading blockstate definition: 'tinygates:blockstates/clock_block.json' missing model for variant: 'tinygates:clock_block#facing=west,gate_direction=down'
[28May2026 14:49:28.512] [Worker-ResourceReload-6/WARN] [net.minecraft.client.resources.model.ModelBakery/]: Exception loading blockstate definition: 'tinygates:blockstates/clock_block.json' missing model for variant: 'tinygates:clock_block#facing=north,gate_direction=down'
[28May2026 14:49:28.512] [Worker-ResourceReload-6/WARN] [net.minecraft.client.resources.model.ModelBakery/]: Exception loading blockstate definition: 'tinygates:blockstates/clock_block.json' missing model for variant: 'tinygates:clock_block#facing=down,gate_direction=north'
[28May2026 14:49:28.512] [Worker-ResourceReload-6/WARN] [net.minecraft.client.resources.model.ModelBakery/]: Exception loading blockstate definition: 'tinygates:blockstates/clock_block.json' missing model for variant: 'tinygates:clock_block#facing=south,gate_direction=up'
[28May2026 14:49:28.512] [Worker-ResourceReload-6/WARN] [net.minecraft.client.resources.model.ModelBakery/]: Exception loading blockstate definition: 'tinygates:blockstates/clock_block.json' missing model for variant: 'tinygates:clock_block#facing=south,gate_direction=down'
[28May2026 14:49:28.512] [Worker-ResourceReload-6/WARN] [net.minecraft.client.resources.model.ModelBakery/]: Exception loading blockstate definition: 'tinygates:blockstates/clock_block.json' missing model for variant: 'tinygates:clock_block#facing=down,gate_direction=south'
[28May2026 14:49:28.512] [Worker-ResourceReload-6/WARN] [net.minecraft.client.resources.model.ModelBakery/]: Exception loading blockstate definition: 'tinygates:blockstates/clock_block.json' missing model for variant: 'tinygates:clock_block#facing=west,gate_direction=south'
[28May2026 14:49:28.512] [Worker-ResourceReload-6/WARN] [net.minecraft.client.resources.model.ModelBakery/]: Exception loading blockstate definition: 'tinygates:blockstates/clock_block.json' missing model for variant: 'tinygates:clock_block#facing=east,gate_direction=west'
[28May2026 14:49:28.512] [Worker-ResourceReload-6/WARN] [net.minecraft.client.resources.model.ModelBakery/]: Exception loading blockstate definition: 'tinygates:blockstates/clock_block.json' missing model for variant: 'tinygates:clock_block#facing=south,gate_direction=west'
[28May2026 14:49:28.512] [Worker-ResourceReload-6/WARN] [net.minecraft.client.resources.model.ModelBakery/]: Exception loading blockstate definition: 'tinygates:blockstates/clock_block.json' missing model for variant: 'tinygates:clock_block#facing=down,gate_direction=east'
[28May2026 14:49:28.512] [Worker-ResourceReload-6/WARN] [net.minecraft.client.resources.model.ModelBakery/]: Exception loading blockstate definition: 'tinygates:blockstates/clock_block.json' missing model for variant: 'tinygates:clock_block#facing=east,gate_direction=east'
[28May2026 14:49:28.512] [Worker-ResourceReload-6/WARN] [net.minecraft.client.resources.model.ModelBakery/]: Exception loading blockstate definition: 'tinygates:blockstates/clock_block.json' missing model for variant: 'tinygates:clock_block#facing=south,gate_direction=north'
[28May2026 14:49:28.512] [Worker-ResourceReload-6/WARN] [net.minecraft.client.resources.model.ModelBakery/]: Exception loading blockstate definition: 'tinygates:blockstates/clock_block.json' missing model for variant: 'tinygates:clock_block#facing=up,gate_direction=east'
[28May2026 14:49:28.512] [Worker-ResourceReload-6/WARN] [net.minecraft.client.resources.model.ModelBakery/]: Exception loading blockstate definition: 'tinygates:blockstates/clock_block.json' missing model for variant: 'tinygates:clock_block#facing=south,gate_direction=south'
[28May2026 14:49:28.512] [Worker-ResourceReload-6/WARN] [net.minecraft.client.resources.model.ModelBakery/]: Exception loading blockstate definition: 'tinygates:blockstates/clock_block.json' missing model for variant: 'tinygates:clock_block#facing=north,gate_direction=south'
[28May2026 14:49:28.512] [Worker-ResourceReload-6/WARN] [net.minecraft.client.resources.model.ModelBakery/]: Exception loading blockstate definition: 'tinygates:blockstates/clock_block.json' missing model for variant: 'tinygates:clock_block#facing=west,gate_direction=west'
[28May2026 14:49:28.513] [Worker-ResourceReload-6/WARN] [net.minecraft.client.resources.model.ModelBakery/]: Exception loading blockstate definition: 'tinygates:blockstates/counter_block.json' missing model for variant: 'tinygates:counter_block#facing=up,gate_direction=east'
[28May2026 14:49:28.513] [Worker-ResourceReload-6/WARN] [net.minecraft.client.resources.model.ModelBakery/]: Exception loading blockstate definition: 'tinygates:blockstates/counter_block.json' missing model for variant: 'tinygates:counter_block#facing=south,gate_direction=west'
[28May2026 14:49:28.513] [Worker-ResourceReload-6/WARN] [net.minecraft.client.resources.model.ModelBakery/]: Exception loading blockstate definition: 'tinygates:blockstates/counter_block.json' missing model for variant: 'tinygates:counter_block#facing=north,gate_direction=west'
[28May2026 14:49:28.513] [Worker-ResourceReload-6/WARN] [net.minecraft.client.resources.model.ModelBakery/]: Exception loading blockstate definition: 'tinygates:blockstates/counter_block.json' missing model for variant: 'tinygates:counter_block#facing=south,gate_direction=down'
[28May2026 14:49:28.513] [Worker-ResourceReload-6/WARN] [net.minecraft.client.resources.model.ModelBakery/]: Exception loading blockstate definition: 'tinygates:blockstates/counter_block.json' missing model for variant: 'tinygates:counter_block#facing=down,gate_direction=south'
[28May2026 14:49:28.513] [Worker-ResourceReload-6/WARN] [net.minecraft.client.resources.model.ModelBakery/]: Exception loading blockstate definition: 'tinygates:blockstates/counter_block.json' missing model for variant: 'tinygates:counter_block#facing=north,gate_direction=down'
[28May2026 14:49:28.513] [Worker-ResourceReload-6/WARN] [net.minecraft.client.resources.model.ModelBakery/]: Exception loading blockstate definition: 'tinygates:blockstates/counter_block.json' missing model for variant: 'tinygates:counter_block#facing=south,gate_direction=up'
[28May2026 14:49:28.513] [Worker-ResourceReload-6/WARN] [net.minecraft.client.resources.model.ModelBakery/]: Exception loading blockstate definition: 'tinygates:blockstates/counter_block.json' missing model for variant: 'tinygates:counter_block#facing=down,gate_direction=north'
[28May2026 14:49:28.513] [Worker-ResourceReload-6/WARN] [net.minecraft.client.resources.model.ModelBakery/]: Exception loading blockstate definition: 'tinygates:blockstates/counter_block.json' missing model for variant: 'tinygates:counter_block#facing=north,gate_direction=south'
[28May2026 14:49:28.513] [Worker-ResourceReload-6/WARN] [net.minecraft.client.resources.model.ModelBakery/]: Exception loading blockstate definition: 'tinygates:blockstates/counter_block.json' missing model for variant: 'tinygates:counter_block#facing=east,gate_direction=north'
[28May2026 14:49:28.513] [Worker-ResourceReload-6/WARN] [net.minecraft.client.resources.model.ModelBakery/]: Exception loading blockstate definition: 'tinygates:blockstates/counter_block.json' missing model for variant: 'tinygates:counter_block#facing=north,gate_direction=up'
[28May2026 14:49:28.513] [Worker-ResourceReload-6/WARN] [net.minecraft.client.resources.model.ModelBakery/]: Exception loading blockstate definition: 'tinygates:blockstates/counter_block.json' missing model for variant: 'tinygates:counter_block#facing=east,gate_direction=up'
[28May2026 14:49:28.513] [Worker-ResourceReload-6/WARN] [net.minecraft.client.resources.model.ModelBakery/]: Exception loading blockstate definition: 'tinygates:blockstates/counter_block.json' missing model for variant: 'tinygates:counter_block#facing=west,gate_direction=west'
[28May2026 14:49:28.513] [Worker-ResourceReload-6/WARN] [net.minecraft.client.resources.model.ModelBakery/]: Exception loading blockstate definition: 'tinygates:blockstates/counter_block.json' missing model for variant: 'tinygates:counter_block#facing=down,gate_direction=east'
[28May2026 14:49:28.513] [Worker-ResourceReload-6/WARN] [net.minecraft.client.resources.model.ModelBakery/]: Exception loading blockstate definition: 'tinygates:blockstates/counter_block.json' missing model for variant: 'tinygates:counter_block#facing=west,gate_direction=east'
[28May2026 14:49:28.513] [Worker-ResourceReload-6/WARN] [net.minecraft.client.resources.model.ModelBakery/]: Exception loading blockstate definition: 'tinygates:blockstates/counter_block.json' missing model for variant: 'tinygates:counter_block#facing=east,gate_direction=down'
[28May2026 14:49:28.513] [Worker-ResourceReload-6/WARN] [net.minecraft.client.resources.model.ModelBakery/]: Exception loading blockstate definition: 'tinygates:blockstates/counter_block.json' missing model for variant: 'tinygates:counter_block#facing=up,gate_direction=down'
[28May2026 14:49:28.513] [Worker-ResourceReload-6/WARN] [net.minecraft.client.resources.model.ModelBakery/]: Exception loading blockstate definition: 'tinygates:blockstates/counter_block.json' missing model for variant: 'tinygates:counter_block#facing=up,gate_direction=north'
[28May2026 14:49:28.513] [Worker-ResourceReload-6/WARN] [net.minecraft.client.resources.model.ModelBakery/]: Exception loading blockstate definition: 'tinygates:blockstates/counter_block.json' missing model for variant: 'tinygates:counter_block#facing=down,gate_direction=west'
[28May2026 14:49:28.513] [Worker-ResourceReload-6/WARN] [net.minecraft.client.resources.model.ModelBakery/]: Exception loading blockstate definition: 'tinygates:blockstates/counter_block.json' missing model for variant: 'tinygates:counter_block#facing=west,gate_direction=north'
[28May2026 14:49:28.513] [Worker-ResourceReload-6/WARN] [net.minecraft.client.resources.model.ModelBakery/]: Exception loading blockstate definition: 'tinygates:blockstates/counter_block.json' missing model for variant: 'tinygates:counter_block#facing=north,gate_direction=east'
[28May2026 14:49:28.513] [Worker-ResourceReload-6/WARN] [net.minecraft.client.resources.model.ModelBakery/]: Exception loading blockstate definition: 'tinygates:blockstates/counter_block.json' missing model for variant: 'tinygates:counter_block#facing=up,gate_direction=south'
[28May2026 14:49:28.513] [Worker-ResourceReload-6/WARN] [net.minecraft.client.resources.model.ModelBakery/]: Exception loading blockstate definition: 'tinygates:blockstates/counter_block.json' missing model for variant: 'tinygates:counter_block#facing=west,gate_direction=up'
[28May2026 14:49:28.513] [Worker-ResourceReload-6/WARN] [net.minecraft.client.resources.model.ModelBakery/]: Exception loading blockstate definition: 'tinygates:blockstates/counter_block.json' missing model for variant: 'tinygates:counter_block#facing=down,gate_direction=up'
[28May2026 14:49:28.513] [Worker-ResourceReload-6/WARN] [net.minecraft.client.resources.model.ModelBakery/]: Exception loading blockstate definition: 'tinygates:blockstates/counter_block.json' missing model for variant: 'tinygates:counter_block#facing=south,gate_direction=south'
[28May2026 14:49:28.513] [Worker-ResourceReload-6/WARN] [net.minecraft.client.resources.model.ModelBakery/]: Exception loading blockstate definition: 'tinygates:blockstates/counter_block.json' missing model for variant: 'tinygates:counter_block#facing=west,gate_direction=south'
[28May2026 14:49:28.513] [Worker-ResourceReload-6/WARN] [net.minecraft.client.resources.model.ModelBakery/]: Exception loading blockstate definition: 'tinygates:blockstates/counter_block.json' missing model for variant: 'tinygates:counter_block#facing=east,gate_direction=west'
[28May2026 14:49:28.513] [Worker-ResourceReload-6/WARN] [net.minecraft.client.resources.model.ModelBakery/]: Exception loading blockstate definition: 'tinygates:blockstates/counter_block.json' missing model for variant: 'tinygates:counter_block#facing=west,gate_direction=down'
[28May2026 14:49:28.513] [Worker-ResourceReload-6/WARN] [net.minecraft.client.resources.model.ModelBakery/]: Exception loading blockstate definition: 'tinygates:blockstates/counter_block.json' missing model for variant: 'tinygates:counter_block#facing=up,gate_direction=west'
[28May2026 14:49:28.513] [Worker-ResourceReload-6/WARN] [net.minecraft.client.resources.model.ModelBakery/]: Exception loading blockstate definition: 'tinygates:blockstates/counter_block.json' missing model for variant: 'tinygates:counter_block#facing=south,gate_direction=north'
[28May2026 14:49:28.513] [Worker-ResourceReload-6/WARN] [net.minecraft.client.resources.model.ModelBakery/]: Exception loading blockstate definition: 'tinygates:blockstates/counter_block.json' missing model for variant: 'tinygates:counter_block#facing=up,gate_direction=up'
[28May2026 14:49:28.513] [Worker-ResourceReload-6/WARN] [net.minecraft.client.resources.model.ModelBakery/]: Exception loading blockstate definition: 'tinygates:blockstates/counter_block.json' missing model for variant: 'tinygates:counter_block#facing=north,gate_direction=north'
[28May2026 14:49:28.513] [Worker-ResourceReload-6/WARN] [net.minecraft.client.resources.model.ModelBakery/]: Exception loading blockstate definition: 'tinygates:blockstates/counter_block.json' missing model for variant: 'tinygates:counter_block#facing=east,gate_direction=south'
[28May2026 14:49:28.513] [Worker-ResourceReload-6/WARN] [net.minecraft.client.resources.model.ModelBakery/]: Exception loading blockstate definition: 'tinygates:blockstates/counter_block.json' missing model for variant: 'tinygates:counter_block#facing=east,gate_direction=east'
[28May2026 14:49:28.513] [Worker-ResourceReload-6/WARN] [net.minecraft.client.resources.model.ModelBakery/]: Exception loading blockstate definition: 'tinygates:blockstates/counter_block.json' missing model for variant: 'tinygates:counter_block#facing=south,gate_direction=east'
[28May2026 14:49:28.513] [Worker-ResourceReload-6/WARN] [net.minecraft.client.resources.model.ModelBakery/]: Exception loading blockstate definition: 'tinygates:blockstates/counter_block.json' missing model for variant: 'tinygates:counter_block#facing=down,gate_direction=down'
[28May2026 14:49:28.513] [Worker-ResourceReload-6/WARN] [net.minecraft.client.resources.model.ModelBakery/]: Exception loading blockstate definition: 'tinygates:blockstates/edge_detector_block.json' missing model for variant: 'tinygates:edge_detector_block#facing=east,gate_direction=north'
[28May2026 14:49:28.513] [Worker-ResourceReload-6/WARN] [net.minecraft.client.resources.model.ModelBakery/]: Exception loading blockstate definition: 'tinygates:blockstates/edge_detector_block.json' missing model for variant: 'tinygates:edge_detector_block#facing=east,gate_direction=south'
[28May2026 14:49:28.513] [Worker-ResourceReload-6/WARN] [net.minecraft.client.resources.model.ModelBakery/]: Exception loading blockstate definition: 'tinygates:blockstates/edge_detector_block.json' missing model for variant: 'tinygates:edge_detector_block#facing=east,gate_direction=up'
[28May2026 14:49:28.513] [Worker-ResourceReload-6/WARN] [net.minecraft.client.resources.model.ModelBakery/]: Exception loading blockstate definition: 'tinygates:blockstates/edge_detector_block.json' missing model for variant: 'tinygates:edge_detector_block#facing=east,gate_direction=east'
[28May2026 14:49:28.513] [Worker-ResourceReload-6/WARN] [net.minecraft.client.resources.model.ModelBakery/]: Exception loading blockstate definition: 'tinygates:blockstates/edge_detector_block.json' missing model for variant: 'tinygates:edge_detector_block#facing=south,gate_direction=west'
[28May2026 14:49:28.513] [Worker-ResourceReload-6/WARN] [net.minecraft.client.resources.model.ModelBakery/]: Exception loading blockstate definition: 'tinygates:blockstates/edge_detector_block.json' missing model for variant: 'tinygates:edge_detector_block#facing=down,gate_direction=up'
[28May2026 14:49:28.513] [Worker-ResourceReload-6/WARN] [net.minecraft.client.resources.model.ModelBakery/]: Exception loading blockstate definition: 'tinygates:blockstates/edge_detector_block.json' missing model for variant: 'tinygates:edge_detector_block#facing=south,gate_direction=east'
[28May2026 14:49:28.513] [Worker-ResourceReload-6/WARN] [net.minecraft.client.resources.model.ModelBakery/]: Exception loading blockstate definition: 'tinygates:blockstates/edge_detector_block.json' missing model for variant: 'tinygates:edge_detector_block#facing=up,gate_direction=east'
[28May2026 14:49:28.513] [Worker-ResourceReload-6/WARN] [net.minecraft.client.resources.model.ModelBakery/]: Exception loading blockstate definition: 'tinygates:blockstates/edge_detector_block.json' missing model for variant: 'tinygates:edge_detector_block#facing=down,gate_direction=down'
[28May2026 14:49:28.513] [Worker-ResourceReload-6/WARN] [net.minecraft.client.resources.model.ModelBakery/]: Exception loading blockstate definition: 'tinygates:blockstates/edge_detector_block.json' missing model for variant: 'tinygates:edge_detector_block#facing=down,gate_direction=north'
[28May2026 14:49:28.513] [Worker-ResourceReload-6/WARN] [net.minecraft.client.resources.model.ModelBakery/]: Exception loading blockstate definition: 'tinygates:blockstates/edge_detector_block.json' missing model for variant: 'tinygates:edge_detector_block#facing=west,gate_direction=down'
[28May2026 14:49:28.513] [Worker-ResourceReload-6/WARN] [net.minecraft.client.resources.model.ModelBakery/]: Exception loading blockstate definition: 'tinygates:blockstates/edge_detector_block.json' missing model for variant: 'tinygates:edge_detector_block#facing=up,gate_direction=north'
[28May2026 14:49:28.513] [Worker-ResourceReload-6/WARN] [net.minecraft.client.resources.model.ModelBakery/]: Exception loading blockstate definition: 'tinygates:blockstates/edge_detector_block.json' missing model for variant: 'tinygates:edge_detector_block#facing=up,gate_direction=south'
[28May2026 14:49:28.513] [Worker-ResourceReload-6/WARN] [net.minecraft.client.resources.model.ModelBakery/]: Exception loading blockstate definition: 'tinygates:blockstates/edge_detector_block.json' missing model for variant: 'tinygates:edge_detector_block#facing=south,gate_direction=down'
[28May2026 14:49:28.513] [Worker-ResourceReload-6/WARN] [net.minecraft.client.resources.model.ModelBakery/]: Exception loading blockstate definition: 'tinygates:blockstates/edge_detector_block.json' missing model for variant: 'tinygates:edge_detector_block#facing=west,gate_direction=up'
[28May2026 14:49:28.513] [Worker-ResourceReload-6/WARN] [net.minecraft.client.resources.model.ModelBakery/]: Exception loading blockstate definition: 'tinygates:blockstates/edge_detector_block.json' missing model for variant: 'tinygates:edge_detector_block#facing=north,gate_direction=east'
[28May2026 14:49:28.513] [Worker-ResourceReload-6/WARN] [net.minecraft.client.resources.model.ModelBakery/]: Exception loading blockstate definition: 'tinygates:blockstates/edge_detector_block.json' missing model for variant: 'tinygates:edge_detector_block#facing=north,gate_direction=west'
[28May2026 14:49:28.513] [Worker-ResourceReload-6/WARN] [net.minecraft.client.resources.model.ModelBakery/]: Exception loading blockstate definition: 'tinygates:blockstates/edge_detector_block.json' missing model for variant: 'tinygates:edge_detector_block#facing=west,gate_direction=north'
[28May2026 14:49:28.513] [Worker-ResourceReload-6/WARN] [net.minecraft.client.resources.model.ModelBakery/]: Exception loading blockstate definition: 'tinygates:blockstates/edge_detector_block.json' missing model for variant: 'tinygates:edge_detector_block#facing=south,gate_direction=north'
[28May2026 14:49:28.513] [Worker-ResourceReload-6/WARN] [net.minecraft.client.resources.model.ModelBakery/]: Exception loading blockstate definition: 'tinygates:blockstates/edge_detector_block.json' missing model for variant: 'tinygates:edge_detector_block#facing=south,gate_direction=south'
[28May2026 14:49:28.513] [Worker-ResourceReload-6/WARN] [net.minecraft.client.resources.model.ModelBakery/]: Exception loading blockstate definition: 'tinygates:blockstates/edge_detector_block.json' missing model for variant: 'tinygates:edge_detector_block#facing=west,gate_direction=south'
[28May2026 14:49:28.513] [Worker-ResourceReload-6/WARN] [net.minecraft.client.resources.model.ModelBakery/]: Exception loading blockstate definition: 'tinygates:blockstates/edge_detector_block.json' missing model for variant: 'tinygates:edge_detector_block#facing=east,gate_direction=west'
[28May2026 14:49:28.513] [Worker-ResourceReload-6/WARN] [net.minecraft.client.resources.model.ModelBakery/]: Exception loading blockstate definition: 'tinygates:blockstates/edge_detector_block.json' missing model for variant: 'tinygates:edge_detector_block#facing=up,gate_direction=west'
[28May2026 14:49:28.513] [Worker-ResourceReload-6/WARN] [net.minecraft.client.resources.model.ModelBakery/]: Exception loading blockstate definition: 'tinygates:blockstates/edge_detector_block.json' missing model for variant: 'tinygates:edge_detector_block#facing=up,gate_direction=down'
[28May2026 14:49:28.513] [Worker-ResourceReload-6/WARN] [net.minecraft.client.resources.model.ModelBakery/]: Exception loading blockstate definition: 'tinygates:blockstates/edge_detector_block.json' missing model for variant: 'tinygates:edge_detector_block#facing=east,gate_direction=down'
[28May2026 14:49:28.513] [Worker-ResourceReload-6/WARN] [net.minecraft.client.resources.model.ModelBakery/]: Exception loading blockstate definition: 'tinygates:blockstates/edge_detector_block.json' missing model for variant: 'tinygates:edge_detector_block#facing=down,gate_direction=east'
[28May2026 14:49:28.513] [Worker-ResourceReload-6/WARN] [net.minecraft.client.resources.model.ModelBakery/]: Exception loading blockstate definition: 'tinygates:blockstates/edge_detector_block.json' missing model for variant: 'tinygates:edge_detector_block#facing=north,gate_direction=north'
[28May2026 14:49:28.513] [Worker-ResourceReload-6/WARN] [net.minecraft.client.resources.model.ModelBakery/]: Exception loading blockstate definition: 'tinygates:blockstates/edge_detector_block.json' missing model for variant: 'tinygates:edge_detector_block#facing=north,gate_direction=down'
[28May2026 14:49:28.513] [Worker-ResourceReload-6/WARN] [net.minecraft.client.resources.model.ModelBakery/]: Exception loading blockstate definition: 'tinygates:blockstates/edge_detector_block.json' missing model for variant: 'tinygates:edge_detector_block#facing=south,gate_direction=up'
[28May2026 14:49:28.513] [Worker-ResourceReload-6/WARN] [net.minecraft.client.resources.model.ModelBakery/]: Exception loading blockstate definition: 'tinygates:blockstates/edge_detector_block.json' missing model for variant: 'tinygates:edge_detector_block#facing=up,gate_direction=up'
[28May2026 14:49:28.513] [Worker-ResourceReload-6/WARN] [net.minecraft.client.resources.model.ModelBakery/]: Exception loading blockstate definition: 'tinygates:blockstates/edge_detector_block.json' missing model for variant: 'tinygates:edge_detector_block#facing=down,gate_direction=west'
[28May2026 14:49:28.513] [Worker-ResourceReload-6/WARN] [net.minecraft.client.resources.model.ModelBakery/]: Exception loading blockstate definition: 'tinygates:blockstates/edge_detector_block.json' missing model for variant: 'tinygates:edge_detector_block#facing=down,gate_direction=south'
[28May2026 14:49:28.513] [Worker-ResourceReload-6/WARN] [net.minecraft.client.resources.model.ModelBakery/]: Exception loading blockstate definition: 'tinygates:blockstates/edge_detector_block.json' missing model for variant: 'tinygates:edge_detector_block#facing=west,gate_direction=east'
[28May2026 14:49:28.513] [Worker-ResourceReload-6/WARN] [net.minecraft.client.resources.model.ModelBakery/]: Exception loading blockstate definition: 'tinygates:blockstates/edge_detector_block.json' missing model for variant: 'tinygates:edge_detector_block#facing=north,gate_direction=up'
[28May2026 14:49:28.513] [Worker-ResourceReload-6/WARN] [net.minecraft.client.resources.model.ModelBakery/]: Exception loading blockstate definition: 'tinygates:blockstates/edge_detector_block.json' missing model for variant: 'tinygates:edge_detector_block#facing=north,gate_direction=south'
[28May2026 14:49:28.513] [Worker-ResourceReload-6/WARN] [net.minecraft.client.resources.model.ModelBakery/]: Exception loading blockstate definition: 'tinygates:blockstates/edge_detector_block.json' missing model for variant: 'tinygates:edge_detector_block#facing=west,gate_direction=west'
[28May2026 14:49:28.513] [Worker-ResourceReload-6/WARN] [net.minecraft.client.resources.model.ModelBakery/]: Exception loading blockstate definition: 'tinygates:blockstates/not_gate_block.json' missing model for variant: 'tinygates:not_gate_block#facing=down,gate_direction=east'
[28May2026 14:49:28.513] [Worker-ResourceReload-6/WARN] [net.minecraft.client.resources.model.ModelBakery/]: Exception loading blockstate definition: 'tinygates:blockstates/not_gate_block.json' missing model for variant: 'tinygates:not_gate_block#facing=west,gate_direction=up'
[28May2026 14:49:28.513] [Worker-ResourceReload-6/WARN] [net.minecraft.client.resources.model.ModelBakery/]: Exception loading blockstate definition: 'tinygates:blockstates/not_gate_block.json' missing model for variant: 'tinygates:not_gate_block#facing=north,gate_direction=up'
[28May2026 14:49:28.513] [Worker-ResourceReload-6/WARN] [net.minecraft.client.resources.model.ModelBakery/]: Exception loading blockstate definition: 'tinygates:blockstates/not_gate_block.json' missing model for variant: 'tinygates:not_gate_block#facing=east,gate_direction=west'
[28May2026 14:49:28.513] [Worker-ResourceReload-6/WARN] [net.minecraft.client.resources.model.ModelBakery/]: Exception loading blockstate definition: 'tinygates:blockstates/not_gate_block.json' missing model for variant: 'tinygates:not_gate_block#facing=south,gate_direction=south'
[28May2026 14:49:28.513] [Worker-ResourceReload-6/WARN] [net.minecraft.client.resources.model.ModelBakery/]: Exception loading blockstate definition: 'tinygates:blockstates/not_gate_block.json' missing model for variant: 'tinygates:not_gate_block#facing=west,gate_direction=south'
[28May2026 14:49:28.513] [Worker-ResourceReload-6/WARN] [net.minecraft.client.resources.model.ModelBakery/]: Exception loading blockstate definition: 'tinygates:blockstates/not_gate_block.json' missing model for variant: 'tinygates:not_gate_block#facing=south,gate_direction=north'
[28May2026 14:49:28.513] [Worker-ResourceReload-6/WARN] [net.minecraft.client.resources.model.ModelBakery/]: Exception loading blockstate definition: 'tinygates:blockstates/not_gate_block.json' missing model for variant: 'tinygates:not_gate_block#facing=north,gate_direction=down'
[28May2026 14:49:28.513] [Worker-ResourceReload-6/WARN] [net.minecraft.client.resources.model.ModelBakery/]: Exception loading blockstate definition: 'tinygates:blockstates/not_gate_block.json' missing model for variant: 'tinygates:not_gate_block#facing=west,gate_direction=north'
[28May2026 14:49:28.513] [Worker-ResourceReload-6/WARN] [net.minecraft.client.resources.model.ModelBakery/]: Exception loading blockstate definition: 'tinygates:blockstates/not_gate_block.json' missing model for variant: 'tinygates:not_gate_block#facing=down,gate_direction=north'
[28May2026 14:49:28.513] [Worker-ResourceReload-6/WARN] [net.minecraft.client.resources.model.ModelBakery/]: Exception loading blockstate definition: 'tinygates:blockstates/not_gate_block.json' missing model for variant: 'tinygates:not_gate_block#facing=up,gate_direction=west'
[28May2026 14:49:28.513] [Worker-ResourceReload-6/WARN] [net.minecraft.client.resources.model.ModelBakery/]: Exception loading blockstate definition: 'tinygates:blockstates/not_gate_block.json' missing model for variant: 'tinygates:not_gate_block#facing=north,gate_direction=south'
[28May2026 14:49:28.513] [Worker-ResourceReload-6/WARN] [net.minecraft.client.resources.model.ModelBakery/]: Exception loading blockstate definition: 'tinygates:blockstates/not_gate_block.json' missing model for variant: 'tinygates:not_gate_block#facing=west,gate_direction=down'
[28May2026 14:49:28.513] [Worker-ResourceReload-6/WARN] [net.minecraft.client.resources.model.ModelBakery/]: Exception loading blockstate definition: 'tinygates:blockstates/not_gate_block.json' missing model for variant: 'tinygates:not_gate_block#facing=west,gate_direction=west'
[28May2026 14:49:28.513] [Worker-ResourceReload-6/WARN] [net.minecraft.client.resources.model.ModelBakery/]: Exception loading blockstate definition: 'tinygates:blockstates/not_gate_block.json' missing model for variant: 'tinygates:not_gate_block#facing=south,gate_direction=up'
[28May2026 14:49:28.513] [Worker-ResourceReload-6/WARN] [net.minecraft.client.resources.model.ModelBakery/]: Exception loading blockstate definition: 'tinygates:blockstates/not_gate_block.json' missing model for variant: 'tinygates:not_gate_block#facing=north,gate_direction=west'
[28May2026 14:49:28.513] [Worker-ResourceReload-6/WARN] [net.minecraft.client.resources.model.ModelBakery/]: Exception loading blockstate definition: 'tinygates:blockstates/not_gate_block.json' missing model for variant: 'tinygates:not_gate_block#facing=east,gate_direction=down'
[28May2026 14:49:28.513] [Worker-ResourceReload-6/WARN] [net.minecraft.client.resources.model.ModelBakery/]: Exception loading blockstate definition: 'tinygates:blockstates/not_gate_block.json' missing model for variant: 'tinygates:not_gate_block#facing=south,gate_direction=down'
[28May2026 14:49:28.513] [Worker-ResourceReload-6/WARN] [net.minecraft.client.resources.model.ModelBakery/]: Exception loading blockstate definition: 'tinygates:blockstates/not_gate_block.json' missing model for variant: 'tinygates:not_gate_block#facing=up,gate_direction=north'
[28May2026 14:49:28.513] [Worker-ResourceReload-6/WARN] [net.minecraft.client.resources.model.ModelBakery/]: Exception loading blockstate definition: 'tinygates:blockstates/not_gate_block.json' missing model for variant: 'tinygates:not_gate_block#facing=up,gate_direction=down'
[28May2026 14:49:28.513] [Worker-ResourceReload-6/WARN] [net.minecraft.client.resources.model.ModelBakery/]: Exception loading blockstate definition: 'tinygates:blockstates/not_gate_block.json' missing model for variant: 'tinygates:not_gate_block#facing=down,gate_direction=up'
[28May2026 14:49:28.513] [Worker-ResourceReload-6/WARN] [net.minecraft.client.resources.model.ModelBakery/]: Exception loading blockstate definition: 'tinygates:blockstates/not_gate_block.json' missing model for variant: 'tinygates:not_gate_block#facing=east,gate_direction=up'
[28May2026 14:49:28.513] [Worker-ResourceReload-6/WARN] [net.minecraft.client.resources.model.ModelBakery/]: Exception loading blockstate definition: 'tinygates:blockstates/not_gate_block.json' missing model for variant: 'tinygates:not_gate_block#facing=up,gate_direction=south'
[28May2026 14:49:28.513] [Worker-ResourceReload-6/WARN] [net.minecraft.client.resources.model.ModelBakery/]: Exception loading blockstate definition: 'tinygates:blockstates/not_gate_block.json' missing model for variant: 'tinygates:not_gate_block#facing=north,gate_direction=east'
[28May2026 14:49:28.513] [Worker-ResourceReload-6/WARN] [net.minecraft.client.resources.model.ModelBakery/]: Exception loading blockstate definition: 'tinygates:blockstates/not_gate_block.json' missing model for variant: 'tinygates:not_gate_block#facing=east,gate_direction=north'
[28May2026 14:49:28.513] [Worker-ResourceReload-6/WARN] [net.minecraft.client.resources.model.ModelBakery/]: Exception loading blockstate definition: 'tinygates:blockstates/not_gate_block.json' missing model for variant: 'tinygates:not_gate_block#facing=down,gate_direction=west'
[28May2026 14:49:28.513] [Worker-ResourceReload-6/WARN] [net.minecraft.client.resources.model.ModelBakery/]: Exception loading blockstate definition: 'tinygates:blockstates/not_gate_block.json' missing model for variant: 'tinygates:not_gate_block#facing=west,gate_direction=east'
[28May2026 14:49:28.513] [Worker-ResourceReload-6/WARN] [net.minecraft.client.resources.model.ModelBakery/]: Exception loading blockstate definition: 'tinygates:blockstates/not_gate_block.json' missing model for variant: 'tinygates:not_gate_block#facing=south,gate_direction=west'
[28May2026 14:49:28.513] [Worker-ResourceReload-6/WARN] [net.minecraft.client.resources.model.ModelBakery/]: Exception loading blockstate definition: 'tinygates:blockstates/not_gate_block.json' missing model for variant: 'tinygates:not_gate_block#facing=up,gate_direction=east'
[28May2026 14:49:28.513] [Worker-ResourceReload-6/WARN] [net.minecraft.client.resources.model.ModelBakery/]: Exception loading blockstate definition: 'tinygates:blockstates/not_gate_block.json' missing model for variant: 'tinygates:not_gate_block#facing=east,gate_direction=east'
[28May2026 14:49:28.513] [Worker-ResourceReload-6/WARN] [net.minecraft.client.resources.model.ModelBakery/]: Exception loading blockstate definition: 'tinygates:blockstates/not_gate_block.json' missing model for variant: 'tinygates:not_gate_block#facing=east,gate_direction=south'
[28May2026 14:49:28.513] [Worker-ResourceReload-6/WARN] [net.minecraft.client.resources.model.ModelBakery/]: Exception loading blockstate definition: 'tinygates:blockstates/not_gate_block.json' missing model for variant: 'tinygates:not_gate_block#facing=down,gate_direction=south'
[28May2026 14:49:28.513] [Worker-ResourceReload-6/WARN] [net.minecraft.client.resources.model.ModelBakery/]: Exception loading blockstate definition: 'tinygates:blockstates/not_gate_block.json' missing model for variant: 'tinygates:not_gate_block#facing=south,gate_direction=east'
[28May2026 14:49:28.513] [Worker-ResourceReload-6/WARN] [net.minecraft.client.resources.model.ModelBakery/]: Exception loading blockstate definition: 'tinygates:blockstates/not_gate_block.json' missing model for variant: 'tinygates:not_gate_block#facing=down,gate_direction=down'
[28May2026 14:49:28.513] [Worker-ResourceReload-6/WARN] [net.minecraft.client.resources.model.ModelBakery/]: Exception loading blockstate definition: 'tinygates:blockstates/not_gate_block.json' missing model for variant: 'tinygates:not_gate_block#facing=north,gate_direction=north'
[28May2026 14:49:28.513] [Worker-ResourceReload-6/WARN] [net.minecraft.client.resources.model.ModelBakery/]: Exception loading blockstate definition: 'tinygates:blockstates/not_gate_block.json' missing model for variant: 'tinygates:not_gate_block#facing=up,gate_direction=up'
[28May2026 14:49:28.514] [Worker-ResourceReload-6/WARN] [net.minecraft.client.resources.model.ModelBakery/]: Exception loading blockstate definition: 'tinygates:blockstates/or_gate_block.json' missing model for variant: 'tinygates:or_gate_block#facing=west,gate_direction=east'
[28May2026 14:49:28.514] [Worker-ResourceReload-6/WARN] [net.minecraft.client.resources.model.ModelBakery/]: Exception loading blockstate definition: 'tinygates:blockstates/or_gate_block.json' missing model for variant: 'tinygates:or_gate_block#facing=down,gate_direction=up'
[28May2026 14:49:28.514] [Worker-ResourceReload-6/WARN] [net.minecraft.client.resources.model.ModelBakery/]: Exception loading blockstate definition: 'tinygates:blockstates/or_gate_block.json' missing model for variant: 'tinygates:or_gate_block#facing=down,gate_direction=west'
[28May2026 14:49:28.514] [Worker-ResourceReload-6/WARN] [net.minecraft.client.resources.model.ModelBakery/]: Exception loading blockstate definition: 'tinygates:blockstates/or_gate_block.json' missing model for variant: 'tinygates:or_gate_block#facing=east,gate_direction=up'
[28May2026 14:49:28.514] [Worker-ResourceReload-6/WARN] [net.minecraft.client.resources.model.ModelBakery/]: Exception loading blockstate definition: 'tinygates:blockstates/or_gate_block.json' missing model for variant: 'tinygates:or_gate_block#facing=east,gate_direction=north'
[28May2026 14:49:28.514] [Worker-ResourceReload-6/WARN] [net.minecraft.client.resources.model.ModelBakery/]: Exception loading blockstate definition: 'tinygates:blockstates/or_gate_block.json' missing model for variant: 'tinygates:or_gate_block#facing=north,gate_direction=east'
[28May2026 14:49:28.514] [Worker-ResourceReload-6/WARN] [net.minecraft.client.resources.model.ModelBakery/]: Exception loading blockstate definition: 'tinygates:blockstates/or_gate_block.json' missing model for variant: 'tinygates:or_gate_block#facing=up,gate_direction=south'
[28May2026 14:49:28.514] [Worker-ResourceReload-6/WARN] [net.minecraft.client.resources.model.ModelBakery/]: Exception loading blockstate definition: 'tinygates:blockstates/or_gate_block.json' missing model for variant: 'tinygates:or_gate_block#facing=up,gate_direction=down'
[28May2026 14:49:28.514] [Worker-ResourceReload-6/WARN] [net.minecraft.client.resources.model.ModelBakery/]: Exception loading blockstate definition: 'tinygates:blockstates/or_gate_block.json' missing model for variant: 'tinygates:or_gate_block#facing=north,gate_direction=west'
[28May2026 14:49:28.514] [Worker-ResourceReload-6/WARN] [net.minecraft.client.resources.model.ModelBakery/]: Exception loading blockstate definition: 'tinygates:blockstates/or_gate_block.json' missing model for variant: 'tinygates:or_gate_block#facing=south,gate_direction=down'
[28May2026 14:49:28.514] [Worker-ResourceReload-6/WARN] [net.minecraft.client.resources.model.ModelBakery/]: Exception loading blockstate definition: 'tinygates:blockstates/or_gate_block.json' missing model for variant: 'tinygates:or_gate_block#facing=up,gate_direction=north'
[28May2026 14:49:28.514] [Worker-ResourceReload-6/WARN] [net.minecraft.client.resources.model.ModelBakery/]: Exception loading blockstate definition: 'tinygates:blockstates/or_gate_block.json' missing model for variant: 'tinygates:or_gate_block#facing=east,gate_direction=down'
[28May2026 14:49:28.514] [Worker-ResourceReload-6/WARN] [net.minecraft.client.resources.model.ModelBakery/]: Exception loading blockstate definition: 'tinygates:blockstates/or_gate_block.json' missing model for variant: 'tinygates:or_gate_block#facing=north,gate_direction=up'
[28May2026 14:49:28.514] [Worker-ResourceReload-6/WARN] [net.minecraft.client.resources.model.ModelBakery/]: Exception loading blockstate definition: 'tinygates:blockstates/or_gate_block.json' missing model for variant: 'tinygates:or_gate_block#facing=up,gate_direction=up'
[28May2026 14:49:28.514] [Worker-ResourceReload-6/WARN] [net.minecraft.client.resources.model.ModelBakery/]: Exception loading blockstate definition: 'tinygates:blockstates/or_gate_block.json' missing model for variant: 'tinygates:or_gate_block#facing=west,gate_direction=down'
[28May2026 14:49:28.514] [Worker-ResourceReload-6/WARN] [net.minecraft.client.resources.model.ModelBakery/]: Exception loading blockstate definition: 'tinygates:blockstates/or_gate_block.json' missing model for variant: 'tinygates:or_gate_block#facing=down,gate_direction=north'
[28May2026 14:49:28.514] [Worker-ResourceReload-6/WARN] [net.minecraft.client.resources.model.ModelBakery/]: Exception loading blockstate definition: 'tinygates:blockstates/or_gate_block.json' missing model for variant: 'tinygates:or_gate_block#facing=down,gate_direction=east'
[28May2026 14:49:28.514] [Worker-ResourceReload-6/WARN] [net.minecraft.client.resources.model.ModelBakery/]: Exception loading blockstate definition: 'tinygates:blockstates/or_gate_block.json' missing model for variant: 'tinygates:or_gate_block#facing=east,gate_direction=west'
[28May2026 14:49:28.514] [Worker-ResourceReload-6/WARN] [net.minecraft.client.resources.model.ModelBakery/]: Exception loading blockstate definition: 'tinygates:blockstates/or_gate_block.json' missing model for variant: 'tinygates:or_gate_block#facing=south,gate_direction=south'
[28May2026 14:49:28.514] [Worker-ResourceReload-6/WARN] [net.minecraft.client.resources.model.ModelBakery/]: Exception loading blockstate definition: 'tinygates:blockstates/or_gate_block.json' missing model for variant: 'tinygates:or_gate_block#facing=west,gate_direction=west'
[28May2026 14:49:28.514] [Worker-ResourceReload-6/WARN] [net.minecraft.client.resources.model.ModelBakery/]: Exception loading blockstate definition: 'tinygates:blockstates/or_gate_block.json' missing model for variant: 'tinygates:or_gate_block#facing=south,gate_direction=up'
[28May2026 14:49:28.514] [Worker-ResourceReload-6/WARN] [net.minecraft.client.resources.model.ModelBakery/]: Exception loading blockstate definition: 'tinygates:blockstates/or_gate_block.json' missing model for variant: 'tinygates:or_gate_block#facing=north,gate_direction=down'
[28May2026 14:49:28.514] [Worker-ResourceReload-6/WARN] [net.minecraft.client.resources.model.ModelBakery/]: Exception loading blockstate definition: 'tinygates:blockstates/or_gate_block.json' missing model for variant: 'tinygates:or_gate_block#facing=west,gate_direction=north'
[28May2026 14:49:28.514] [Worker-ResourceReload-6/WARN] [net.minecraft.client.resources.model.ModelBakery/]: Exception loading blockstate definition: 'tinygates:blockstates/or_gate_block.json' missing model for variant: 'tinygates:or_gate_block#facing=west,gate_direction=up'
[28May2026 14:49:28.514] [Worker-ResourceReload-6/WARN] [net.minecraft.client.resources.model.ModelBakery/]: Exception loading blockstate definition: 'tinygates:blockstates/or_gate_block.json' missing model for variant: 'tinygates:or_gate_block#facing=north,gate_direction=south'
[28May2026 14:49:28.514] [Worker-ResourceReload-6/WARN] [net.minecraft.client.resources.model.ModelBakery/]: Exception loading blockstate definition: 'tinygates:blockstates/or_gate_block.json' missing model for variant: 'tinygates:or_gate_block#facing=east,gate_direction=east'
[28May2026 14:49:28.514] [Worker-ResourceReload-6/WARN] [net.minecraft.client.resources.model.ModelBakery/]: Exception loading blockstate definition: 'tinygates:blockstates/or_gate_block.json' missing model for variant: 'tinygates:or_gate_block#facing=south,gate_direction=west'
[28May2026 14:49:28.514] [Worker-ResourceReload-6/WARN] [net.minecraft.client.resources.model.ModelBakery/]: Exception loading blockstate definition: 'tinygates:blockstates/or_gate_block.json' missing model for variant: 'tinygates:or_gate_block#facing=up,gate_direction=west'
[28May2026 14:49:28.514] [Worker-ResourceReload-6/WARN] [net.minecraft.client.resources.model.ModelBakery/]: Exception loading blockstate definition: 'tinygates:blockstates/or_gate_block.json' missing model for variant: 'tinygates:or_gate_block#facing=west,gate_direction=south'
[28May2026 14:49:28.514] [Worker-ResourceReload-6/WARN] [net.minecraft.client.resources.model.ModelBakery/]: Exception loading blockstate definition: 'tinygates:blockstates/or_gate_block.json' missing model for variant: 'tinygates:or_gate_block#facing=south,gate_direction=north'
[28May2026 14:49:28.514] [Worker-ResourceReload-6/WARN] [net.minecraft.client.resources.model.ModelBakery/]: Exception loading blockstate definition: 'tinygates:blockstates/or_gate_block.json' missing model for variant: 'tinygates:or_gate_block#facing=down,gate_direction=south'
[28May2026 14:49:28.514] [Worker-ResourceReload-6/WARN] [net.minecraft.client.resources.model.ModelBakery/]: Exception loading blockstate definition: 'tinygates:blockstates/or_gate_block.json' missing model for variant: 'tinygates:or_gate_block#facing=south,gate_direction=east'
[28May2026 14:49:28.514] [Worker-ResourceReload-6/WARN] [net.minecraft.client.resources.model.ModelBakery/]: Exception loading blockstate definition: 'tinygates:blockstates/or_gate_block.json' missing model for variant: 'tinygates:or_gate_block#facing=up,gate_direction=east'
[28May2026 14:49:28.514] [Worker-ResourceReload-6/WARN] [net.minecraft.client.resources.model.ModelBakery/]: Exception loading blockstate definition: 'tinygates:blockstates/or_gate_block.json' missing model for variant: 'tinygates:or_gate_block#facing=down,gate_direction=down'
[28May2026 14:49:28.514] [Worker-ResourceReload-6/WARN] [net.minecraft.client.resources.model.ModelBakery/]: Exception loading blockstate definition: 'tinygates:blockstates/or_gate_block.json' missing model for variant: 'tinygates:or_gate_block#facing=north,gate_direction=north'
[28May2026 14:49:28.514] [Worker-ResourceReload-6/WARN] [net.minecraft.client.resources.model.ModelBakery/]: Exception loading blockstate definition: 'tinygates:blockstates/or_gate_block.json' missing model for variant: 'tinygates:or_gate_block#facing=east,gate_direction=south'
[28May2026 14:49:28.514] [Worker-ResourceReload-6/WARN] [net.minecraft.client.resources.model.ModelBakery/]: Exception loading blockstate definition: 'tinygates:blockstates/rs_latch_block.json' missing model for variant: 'tinygates:rs_latch_block#facing=south,gate_direction=up'
[28May2026 14:49:28.514] [Worker-ResourceReload-6/WARN] [net.minecraft.client.resources.model.ModelBakery/]: Exception loading blockstate definition: 'tinygates:blockstates/rs_latch_block.json' missing model for variant: 'tinygates:rs_latch_block#facing=down,gate_direction=south'
[28May2026 14:49:28.514] [Worker-ResourceReload-6/WARN] [net.minecraft.client.resources.model.ModelBakery/]: Exception loading blockstate definition: 'tinygates:blockstates/rs_latch_block.json' missing model for variant: 'tinygates:rs_latch_block#facing=north,gate_direction=down'
[28May2026 14:49:28.514] [Worker-ResourceReload-6/WARN] [net.minecraft.client.resources.model.ModelBakery/]: Exception loading blockstate definition: 'tinygates:blockstates/rs_latch_block.json' missing model for variant: 'tinygates:rs_latch_block#facing=west,gate_direction=west'
[28May2026 14:49:28.514] [Worker-ResourceReload-6/WARN] [net.minecraft.client.resources.model.ModelBakery/]: Exception loading blockstate definition: 'tinygates:blockstates/rs_latch_block.json' missing model for variant: 'tinygates:rs_latch_block#facing=south,gate_direction=down'
[28May2026 14:49:28.514] [Worker-ResourceReload-6/WARN] [net.minecraft.client.resources.model.ModelBakery/]: Exception loading blockstate definition: 'tinygates:blockstates/rs_latch_block.json' missing model for variant: 'tinygates:rs_latch_block#facing=up,gate_direction=up'
[28May2026 14:49:28.514] [Worker-ResourceReload-6/WARN] [net.minecraft.client.resources.model.ModelBakery/]: Exception loading blockstate definition: 'tinygates:blockstates/rs_latch_block.json' missing model for variant: 'tinygates:rs_latch_block#facing=north,gate_direction=south'
[28May2026 14:49:28.514] [Worker-ResourceReload-6/WARN] [net.minecraft.client.resources.model.ModelBakery/]: Exception loading blockstate definition: 'tinygates:blockstates/rs_latch_block.json' missing model for variant: 'tinygates:rs_latch_block#facing=up,gate_direction=east'
[28May2026 14:49:28.514] [Worker-ResourceReload-6/WARN] [net.minecraft.client.resources.model.ModelBakery/]: Exception loading blockstate definition: 'tinygates:blockstates/rs_latch_block.json' missing model for variant: 'tinygates:rs_latch_block#facing=north,gate_direction=north'
[28May2026 14:49:28.514] [Worker-ResourceReload-6/WARN] [net.minecraft.client.resources.model.ModelBakery/]: Exception loading blockstate definition: 'tinygates:blockstates/rs_latch_block.json' missing model for variant: 'tinygates:rs_latch_block#facing=north,gate_direction=up'
[28May2026 14:49:28.514] [Worker-ResourceReload-6/WARN] [net.minecraft.client.resources.model.ModelBakery/]: Exception loading blockstate definition: 'tinygates:blockstates/rs_latch_block.json' missing model for variant: 'tinygates:rs_latch_block#facing=north,gate_direction=west'
[28May2026 14:49:28.514] [Worker-ResourceReload-6/WARN] [net.minecraft.client.resources.model.ModelBakery/]: Exception loading blockstate definition: 'tinygates:blockstates/rs_latch_block.json' missing model for variant: 'tinygates:rs_latch_block#facing=south,gate_direction=north'
[28May2026 14:49:28.514] [Worker-ResourceReload-6/WARN] [net.minecraft.client.resources.model.ModelBakery/]: Exception loading blockstate definition: 'tinygates:blockstates/rs_latch_block.json' missing model for variant: 'tinygates:rs_latch_block#facing=west,gate_direction=south'
[28May2026 14:49:28.514] [Worker-ResourceReload-6/WARN] [net.minecraft.client.resources.model.ModelBakery/]: Exception loading blockstate definition: 'tinygates:blockstates/rs_latch_block.json' missing model for variant: 'tinygates:rs_latch_block#facing=east,gate_direction=up'
[28May2026 14:49:28.514] [Worker-ResourceReload-6/WARN] [net.minecraft.client.resources.model.ModelBakery/]: Exception loading blockstate definition: 'tinygates:blockstates/rs_latch_block.json' missing model for variant: 'tinygates:rs_latch_block#facing=west,gate_direction=north'
[28May2026 14:49:28.514] [Worker-ResourceReload-6/WARN] [net.minecraft.client.resources.model.ModelBakery/]: Exception loading blockstate definition: 'tinygates:blockstates/rs_latch_block.json' missing model for variant: 'tinygates:rs_latch_block#facing=east,gate_direction=north'
[28May2026 14:49:28.514] [Worker-ResourceReload-6/WARN] [net.minecraft.client.resources.model.ModelBakery/]: Exception loading blockstate definition: 'tinygates:blockstates/rs_latch_block.json' missing model for variant: 'tinygates:rs_latch_block#facing=west,gate_direction=up'
[28May2026 14:49:28.514] [Worker-ResourceReload-6/WARN] [net.minecraft.client.resources.model.ModelBakery/]: Exception loading blockstate definition: 'tinygates:blockstates/rs_latch_block.json' missing model for variant: 'tinygates:rs_latch_block#facing=east,gate_direction=south'
[28May2026 14:49:28.514] [Worker-ResourceReload-6/WARN] [net.minecraft.client.resources.model.ModelBakery/]: Exception loading blockstate definition: 'tinygates:blockstates/rs_latch_block.json' missing model for variant: 'tinygates:rs_latch_block#facing=east,gate_direction=east'
[28May2026 14:49:28.514] [Worker-ResourceReload-6/WARN] [net.minecraft.client.resources.model.ModelBakery/]: Exception loading blockstate definition: 'tinygates:blockstates/rs_latch_block.json' missing model for variant: 'tinygates:rs_latch_block#facing=down,gate_direction=up'
[28May2026 14:49:28.514] [Worker-ResourceReload-6/WARN] [net.minecraft.client.resources.model.ModelBakery/]: Exception loading blockstate definition: 'tinygates:blockstates/rs_latch_block.json' missing model for variant: 'tinygates:rs_latch_block#facing=east,gate_direction=west'
[28May2026 14:49:28.514] [Worker-ResourceReload-6/WARN] [net.minecraft.client.resources.model.ModelBakery/]: Exception loading blockstate definition: 'tinygates:blockstates/rs_latch_block.json' missing model for variant: 'tinygates:rs_latch_block#facing=south,gate_direction=west'
[28May2026 14:49:28.514] [Worker-ResourceReload-6/WARN] [net.minecraft.client.resources.model.ModelBakery/]: Exception loading blockstate definition: 'tinygates:blockstates/rs_latch_block.json' missing model for variant: 'tinygates:rs_latch_block#facing=up,gate_direction=west'
[28May2026 14:49:28.514] [Worker-ResourceReload-6/WARN] [net.minecraft.client.resources.model.ModelBakery/]: Exception loading blockstate definition: 'tinygates:blockstates/rs_latch_block.json' missing model for variant: 'tinygates:rs_latch_block#facing=down,gate_direction=north'
[28May2026 14:49:28.514] [Worker-ResourceReload-6/WARN] [net.minecraft.client.resources.model.ModelBakery/]: Exception loading blockstate definition: 'tinygates:blockstates/rs_latch_block.json' missing model for variant: 'tinygates:rs_latch_block#facing=west,gate_direction=down'
[28May2026 14:49:28.514] [Worker-ResourceReload-6/WARN] [net.minecraft.client.resources.model.ModelBakery/]: Exception loading blockstate definition: 'tinygates:blockstates/rs_latch_block.json' missing model for variant: 'tinygates:rs_latch_block#facing=up,gate_direction=north'
[28May2026 14:49:28.514] [Worker-ResourceReload-6/WARN] [net.minecraft.client.resources.model.ModelBakery/]: Exception loading blockstate definition: 'tinygates:blockstates/rs_latch_block.json' missing model for variant: 'tinygates:rs_latch_block#facing=down,gate_direction=west'
[28May2026 14:49:28.514] [Worker-ResourceReload-6/WARN] [net.minecraft.client.resources.model.ModelBakery/]: Exception loading blockstate definition: 'tinygates:blockstates/rs_latch_block.json' missing model for variant: 'tinygates:rs_latch_block#facing=south,gate_direction=east'
[28May2026 14:49:28.514] [Worker-ResourceReload-6/WARN] [net.minecraft.client.resources.model.ModelBakery/]: Exception loading blockstate definition: 'tinygates:blockstates/rs_latch_block.json' missing model for variant: 'tinygates:rs_latch_block#facing=down,gate_direction=down'
[28May2026 14:49:28.514] [Worker-ResourceReload-6/WARN] [net.minecraft.client.resources.model.ModelBakery/]: Exception loading blockstate definition: 'tinygates:blockstates/rs_latch_block.json' missing model for variant: 'tinygates:rs_latch_block#facing=north,gate_direction=east'
[28May2026 14:49:28.514] [Worker-ResourceReload-6/WARN] [net.minecraft.client.resources.model.ModelBakery/]: Exception loading blockstate definition: 'tinygates:blockstates/rs_latch_block.json' missing model for variant: 'tinygates:rs_latch_block#facing=up,gate_direction=south'
[28May2026 14:49:28.514] [Worker-ResourceReload-6/WARN] [net.minecraft.client.resources.model.ModelBakery/]: Exception loading blockstate definition: 'tinygates:blockstates/rs_latch_block.json' missing model for variant: 'tinygates:rs_latch_block#facing=up,gate_direction=down'
[28May2026 14:49:28.514] [Worker-ResourceReload-6/WARN] [net.minecraft.client.resources.model.ModelBakery/]: Exception loading blockstate definition: 'tinygates:blockstates/rs_latch_block.json' missing model for variant: 'tinygates:rs_latch_block#facing=south,gate_direction=south'
[28May2026 14:49:28.514] [Worker-ResourceReload-6/WARN] [net.minecraft.client.resources.model.ModelBakery/]: Exception loading blockstate definition: 'tinygates:blockstates/rs_latch_block.json' missing model for variant: 'tinygates:rs_latch_block#facing=east,gate_direction=down'
[28May2026 14:49:28.514] [Worker-ResourceReload-6/WARN] [net.minecraft.client.resources.model.ModelBakery/]: Exception loading blockstate definition: 'tinygates:blockstates/rs_latch_block.json' missing model for variant: 'tinygates:rs_latch_block#facing=west,gate_direction=east'
[28May2026 14:49:28.514] [Worker-ResourceReload-6/WARN] [net.minecraft.client.resources.model.ModelBakery/]: Exception loading blockstate definition: 'tinygates:blockstates/rs_latch_block.json' missing model for variant: 'tinygates:rs_latch_block#facing=down,gate_direction=east'
[28May2026 14:49:28.514] [Worker-ResourceReload-6/WARN] [net.minecraft.client.resources.model.ModelBakery/]: Exception loading blockstate definition: 'tinygates:blockstates/t_flip_flop_block.json' missing model for variant: 'tinygates:t_flip_flop_block#facing=west,gate_direction=up'
[28May2026 14:49:28.514] [Worker-ResourceReload-6/WARN] [net.minecraft.client.resources.model.ModelBakery/]: Exception loading blockstate definition: 'tinygates:blockstates/t_flip_flop_block.json' missing model for variant: 'tinygates:t_flip_flop_block#facing=west,gate_direction=south'
[28May2026 14:49:28.514] [Worker-ResourceReload-6/WARN] [net.minecraft.client.resources.model.ModelBakery/]: Exception loading blockstate definition: 'tinygates:blockstates/t_flip_flop_block.json' missing model for variant: 'tinygates:t_flip_flop_block#facing=east,gate_direction=west'
[28May2026 14:49:28.514] [Worker-ResourceReload-6/WARN] [net.minecraft.client.resources.model.ModelBakery/]: Exception loading blockstate definition: 'tinygates:blockstates/t_flip_flop_block.json' missing model for variant: 'tinygates:t_flip_flop_block#facing=south,gate_direction=south'
[28May2026 14:49:28.514] [Worker-ResourceReload-6/WARN] [net.minecraft.client.resources.model.ModelBakery/]: Exception loading blockstate definition: 'tinygates:blockstates/t_flip_flop_block.json' missing model for variant: 'tinygates:t_flip_flop_block#facing=down,gate_direction=east'
[28May2026 14:49:28.514] [Worker-ResourceReload-6/WARN] [net.minecraft.client.resources.model.ModelBakery/]: Exception loading blockstate definition: 'tinygates:blockstates/t_flip_flop_block.json' missing model for variant: 'tinygates:t_flip_flop_block#facing=north,gate_direction=up'
[28May2026 14:49:28.514] [Worker-ResourceReload-6/WARN] [net.minecraft.client.resources.model.ModelBakery/]: Exception loading blockstate definition: 'tinygates:blockstates/t_flip_flop_block.json' missing model for variant: 'tinygates:t_flip_flop_block#facing=south,gate_direction=north'
[28May2026 14:49:28.514] [Worker-ResourceReload-6/WARN] [net.minecraft.client.resources.model.ModelBakery/]: Exception loading blockstate definition: 'tinygates:blockstates/t_flip_flop_block.json' missing model for variant: 'tinygates:t_flip_flop_block#facing=west,gate_direction=north'
[28May2026 14:49:28.514] [Worker-ResourceReload-6/WARN] [net.minecraft.client.resources.model.ModelBakery/]: Exception loading blockstate definition: 'tinygates:blockstates/t_flip_flop_block.json' missing model for variant: 'tinygates:t_flip_flop_block#facing=north,gate_direction=north'
[28May2026 14:49:28.514] [Worker-ResourceReload-6/WARN] [net.minecraft.client.resources.model.ModelBakery/]: Exception loading blockstate definition: 'tinygates:blockstates/t_flip_flop_block.json' missing model for variant: 'tinygates:t_flip_flop_block#facing=down,gate_direction=south'
[28May2026 14:49:28.514] [Worker-ResourceReload-6/WARN] [net.minecraft.client.resources.model.ModelBakery/]: Exception loading blockstate definition: 'tinygates:blockstates/t_flip_flop_block.json' missing model for variant: 'tinygates:t_flip_flop_block#facing=east,gate_direction=down'
[28May2026 14:49:28.514] [Worker-ResourceReload-6/WARN] [net.minecraft.client.resources.model.ModelBakery/]: Exception loading blockstate definition: 'tinygates:blockstates/t_flip_flop_block.json' missing model for variant: 'tinygates:t_flip_flop_block#facing=south,gate_direction=down'
[28May2026 14:49:28.514] [Worker-ResourceReload-6/WARN] [net.minecraft.client.resources.model.ModelBakery/]: Exception loading blockstate definition: 'tinygates:blockstates/t_flip_flop_block.json' missing model for variant: 'tinygates:t_flip_flop_block#facing=up,gate_direction=down'
[28May2026 14:49:28.514] [Worker-ResourceReload-6/WARN] [net.minecraft.client.resources.model.ModelBakery/]: Exception loading blockstate definition: 'tinygates:blockstates/t_flip_flop_block.json' missing model for variant: 'tinygates:t_flip_flop_block#facing=up,gate_direction=up'
[28May2026 14:49:28.514] [Worker-ResourceReload-6/WARN] [net.minecraft.client.resources.model.ModelBakery/]: Exception loading blockstate definition: 'tinygates:blockstates/t_flip_flop_block.json' missing model for variant: 'tinygates:t_flip_flop_block#facing=west,gate_direction=west'
[28May2026 14:49:28.514] [Worker-ResourceReload-6/WARN] [net.minecraft.client.resources.model.ModelBakery/]: Exception loading blockstate definition: 'tinygates:blockstates/t_flip_flop_block.json' missing model for variant: 'tinygates:t_flip_flop_block#facing=north,gate_direction=south'
[28May2026 14:49:28.514] [Worker-ResourceReload-6/WARN] [net.minecraft.client.resources.model.ModelBakery/]: Exception loading blockstate definition: 'tinygates:blockstates/t_flip_flop_block.json' missing model for variant: 'tinygates:t_flip_flop_block#facing=south,gate_direction=up'
[28May2026 14:49:28.514] [Worker-ResourceReload-6/WARN] [net.minecraft.client.resources.model.ModelBakery/]: Exception loading blockstate definition: 'tinygates:blockstates/t_flip_flop_block.json' missing model for variant: 'tinygates:t_flip_flop_block#facing=down,gate_direction=west'
[28May2026 14:49:28.518] [Worker-ResourceReload-6/WARN] [net.minecraft.client.resources.model.ModelBakery/]: Exception loading blockstate definition: 'tinygates:blockstates/t_flip_flop_block.json' missing model for variant: 'tinygates:t_flip_flop_block#facing=north,gate_direction=down'
[28May2026 14:49:28.518] [Worker-ResourceReload-6/WARN] [net.minecraft.client.resources.model.ModelBakery/]: Exception loading blockstate definition: 'tinygates:blockstates/t_flip_flop_block.json' missing model for variant: 'tinygates:t_flip_flop_block#facing=west,gate_direction=east'
[28May2026 14:49:28.518] [Worker-ResourceReload-6/WARN] [net.minecraft.client.resources.model.ModelBakery/]: Exception loading blockstate definition: 'tinygates:blockstates/t_flip_flop_block.json' missing model for variant: 'tinygates:t_flip_flop_block#facing=down,gate_direction=up'
[28May2026 14:49:28.518] [Worker-ResourceReload-6/WARN] [net.minecraft.client.resources.model.ModelBakery/]: Exception loading blockstate definition: 'tinygates:blockstates/t_flip_flop_block.json' missing model for variant: 'tinygates:t_flip_flop_block#facing=down,gate_direction=down'
[28May2026 14:49:28.518] [Worker-ResourceReload-6/WARN] [net.minecraft.client.resources.model.ModelBakery/]: Exception loading blockstate definition: 'tinygates:blockstates/t_flip_flop_block.json' missing model for variant: 'tinygates:t_flip_flop_block#facing=east,gate_direction=south'
[28May2026 14:49:28.518] [Worker-ResourceReload-6/WARN] [net.minecraft.client.resources.model.ModelBakery/]: Exception loading blockstate definition: 'tinygates:blockstates/t_flip_flop_block.json' missing model for variant: 'tinygates:t_flip_flop_block#facing=south,gate_direction=east'
[28May2026 14:49:28.518] [Worker-ResourceReload-6/WARN] [net.minecraft.client.resources.model.ModelBakery/]: Exception loading blockstate definition: 'tinygates:blockstates/t_flip_flop_block.json' missing model for variant: 'tinygates:t_flip_flop_block#facing=up,gate_direction=north'
[28May2026 14:49:28.518] [Worker-ResourceReload-6/WARN] [net.minecraft.client.resources.model.ModelBakery/]: Exception loading blockstate definition: 'tinygates:blockstates/t_flip_flop_block.json' missing model for variant: 'tinygates:t_flip_flop_block#facing=up,gate_direction=east'
[28May2026 14:49:28.518] [Worker-ResourceReload-6/WARN] [net.minecraft.client.resources.model.ModelBakery/]: Exception loading blockstate definition: 'tinygates:blockstates/t_flip_flop_block.json' missing model for variant: 'tinygates:t_flip_flop_block#facing=south,gate_direction=west'
[28May2026 14:49:28.518] [Worker-ResourceReload-6/WARN] [net.minecraft.client.resources.model.ModelBakery/]: Exception loading blockstate definition: 'tinygates:blockstates/t_flip_flop_block.json' missing model for variant: 'tinygates:t_flip_flop_block#facing=up,gate_direction=south'
[28May2026 14:49:28.518] [Worker-ResourceReload-6/WARN] [net.minecraft.client.resources.model.ModelBakery/]: Exception loading blockstate definition: 'tinygates:blockstates/t_flip_flop_block.json' missing model for variant: 'tinygates:t_flip_flop_block#facing=east,gate_direction=east'
[28May2026 14:49:28.518] [Worker-ResourceReload-6/WARN] [net.minecraft.client.resources.model.ModelBakery/]: Exception loading blockstate definition: 'tinygates:blockstates/t_flip_flop_block.json' missing model for variant: 'tinygates:t_flip_flop_block#facing=north,gate_direction=west'
[28May2026 14:49:28.518] [Worker-ResourceReload-6/WARN] [net.minecraft.client.resources.model.ModelBakery/]: Exception loading blockstate definition: 'tinygates:blockstates/t_flip_flop_block.json' missing model for variant: 'tinygates:t_flip_flop_block#facing=west,gate_direction=down'
[28May2026 14:49:28.518] [Worker-ResourceReload-6/WARN] [net.minecraft.client.resources.model.ModelBakery/]: Exception loading blockstate definition: 'tinygates:blockstates/t_flip_flop_block.json' missing model for variant: 'tinygates:t_flip_flop_block#facing=east,gate_direction=north'
[28May2026 14:49:28.518] [Worker-ResourceReload-6/WARN] [net.minecraft.client.resources.model.ModelBakery/]: Exception loading blockstate definition: 'tinygates:blockstates/t_flip_flop_block.json' missing model for variant: 'tinygates:t_flip_flop_block#facing=north,gate_direction=east'
[28May2026 14:49:28.519] [Worker-ResourceReload-6/WARN] [net.minecraft.client.resources.model.ModelBakery/]: Exception loading blockstate definition: 'tinygates:blockstates/t_flip_flop_block.json' missing model for variant: 'tinygates:t_flip_flop_block#facing=up,gate_direction=west'
[28May2026 14:49:28.519] [Worker-ResourceReload-6/WARN] [net.minecraft.client.resources.model.ModelBakery/]: Exception loading blockstate definition: 'tinygates:blockstates/t_flip_flop_block.json' missing model for variant: 'tinygates:t_flip_flop_block#facing=down,gate_direction=north'
[28May2026 14:49:28.519] [Worker-ResourceReload-6/WARN] [net.minecraft.client.resources.model.ModelBakery/]: Exception loading blockstate definition: 'tinygates:blockstates/t_flip_flop_block.json' missing model for variant: 'tinygates:t_flip_flop_block#facing=east,gate_direction=up'
[28May2026 14:49:28.519] [Worker-ResourceReload-6/WARN] [net.minecraft.client.resources.model.ModelBakery/]: Exception loading blockstate definition: 'tinygates:blockstates/xor_gate_block.json' missing model for variant: 'tinygates:xor_gate_block#facing=north,gate_direction=up'
[28May2026 14:49:28.519] [Worker-ResourceReload-6/WARN] [net.minecraft.client.resources.model.ModelBakery/]: Exception loading blockstate definition: 'tinygates:blockstates/xor_gate_block.json' missing model for variant: 'tinygates:xor_gate_block#facing=north,gate_direction=north'
[28May2026 14:49:28.519] [Worker-ResourceReload-6/WARN] [net.minecraft.client.resources.model.ModelBakery/]: Exception loading blockstate definition: 'tinygates:blockstates/xor_gate_block.json' missing model for variant: 'tinygates:xor_gate_block#facing=up,gate_direction=up'
[28May2026 14:49:28.519] [Worker-ResourceReload-6/WARN] [net.minecraft.client.resources.model.ModelBakery/]: Exception loading blockstate definition: 'tinygates:blockstates/xor_gate_block.json' missing model for variant: 'tinygates:xor_gate_block#facing=north,gate_direction=down'
[28May2026 14:49:28.519] [Worker-ResourceReload-6/WARN] [net.minecraft.client.resources.model.ModelBakery/]: Exception loading blockstate definition: 'tinygates:blockstates/xor_gate_block.json' missing model for variant: 'tinygates:xor_gate_block#facing=down,gate_direction=east'
[28May2026 14:49:28.519] [Worker-ResourceReload-6/WARN] [net.minecraft.client.resources.model.ModelBakery/]: Exception loading blockstate definition: 'tinygates:blockstates/xor_gate_block.json' missing model for variant: 'tinygates:xor_gate_block#facing=down,gate_direction=south'
[28May2026 14:49:28.519] [Worker-ResourceReload-6/WARN] [net.minecraft.client.resources.model.ModelBakery/]: Exception loading blockstate definition: 'tinygates:blockstates/xor_gate_block.json' missing model for variant: 'tinygates:xor_gate_block#facing=west,gate_direction=down'
[28May2026 14:49:28.519] [Worker-ResourceReload-6/WARN] [net.minecraft.client.resources.model.ModelBakery/]: Exception loading blockstate definition: 'tinygates:blockstates/xor_gate_block.json' missing model for variant: 'tinygates:xor_gate_block#facing=south,gate_direction=up'
[28May2026 14:49:28.519] [Worker-ResourceReload-6/WARN] [net.minecraft.client.resources.model.ModelBakery/]: Exception loading blockstate definition: 'tinygates:blockstates/xor_gate_block.json' missing model for variant: 'tinygates:xor_gate_block#facing=down,gate_direction=north'
[28May2026 14:49:28.519] [Worker-ResourceReload-6/WARN] [net.minecraft.client.resources.model.ModelBakery/]: Exception loading blockstate definition: 'tinygates:blockstates/xor_gate_block.json' missing model for variant: 'tinygates:xor_gate_block#facing=east,gate_direction=west'
[28May2026 14:49:28.519] [Worker-ResourceReload-6/WARN] [net.minecraft.client.resources.model.ModelBakery/]: Exception loading blockstate definition: 'tinygates:blockstates/xor_gate_block.json' missing model for variant: 'tinygates:xor_gate_block#facing=south,gate_direction=down'
[28May2026 14:49:28.519] [Worker-ResourceReload-6/WARN] [net.minecraft.client.resources.model.ModelBakery/]: Exception loading blockstate definition: 'tinygates:blockstates/xor_gate_block.json' missing model for variant: 'tinygates:xor_gate_block#facing=south,gate_direction=west'
[28May2026 14:49:28.519] [Worker-ResourceReload-6/WARN] [net.minecraft.client.resources.model.ModelBakery/]: Exception loading blockstate definition: 'tinygates:blockstates/xor_gate_block.json' missing model for variant: 'tinygates:xor_gate_block#facing=west,gate_direction=south'
[28May2026 14:49:28.519] [Worker-ResourceReload-6/WARN] [net.minecraft.client.resources.model.ModelBakery/]: Exception loading blockstate definition: 'tinygates:blockstates/xor_gate_block.json' missing model for variant: 'tinygates:xor_gate_block#facing=south,gate_direction=north'
[28May2026 14:49:28.519] [Worker-ResourceReload-6/WARN] [net.minecraft.client.resources.model.ModelBakery/]: Exception loading blockstate definition: 'tinygates:blockstates/xor_gate_block.json' missing model for variant: 'tinygates:xor_gate_block#facing=up,gate_direction=east'
[28May2026 14:49:28.519] [Worker-ResourceReload-6/WARN] [net.minecraft.client.resources.model.ModelBakery/]: Exception loading blockstate definition: 'tinygates:blockstates/xor_gate_block.json' missing model for variant: 'tinygates:xor_gate_block#facing=east,gate_direction=east'
[28May2026 14:49:28.519] [Worker-ResourceReload-6/WARN] [net.minecraft.client.resources.model.ModelBakery/]: Exception loading blockstate definition: 'tinygates:blockstates/xor_gate_block.json' missing model for variant: 'tinygates:xor_gate_block#facing=south,gate_direction=south'
[28May2026 14:49:28.519] [Worker-ResourceReload-6/WARN] [net.minecraft.client.resources.model.ModelBakery/]: Exception loading blockstate definition: 'tinygates:blockstates/xor_gate_block.json' missing model for variant: 'tinygates:xor_gate_block#facing=down,gate_direction=west'
[28May2026 14:49:28.519] [Worker-ResourceReload-6/WARN] [net.minecraft.client.resources.model.ModelBakery/]: Exception loading blockstate definition: 'tinygates:blockstates/xor_gate_block.json' missing model for variant: 'tinygates:xor_gate_block#facing=west,gate_direction=west'
[28May2026 14:49:28.519] [Worker-ResourceReload-6/WARN] [net.minecraft.client.resources.model.ModelBakery/]: Exception loading blockstate definition: 'tinygates:blockstates/xor_gate_block.json' missing model for variant: 'tinygates:xor_gate_block#facing=north,gate_direction=south'
[28May2026 14:49:28.519] [Worker-ResourceReload-6/WARN] [net.minecraft.client.resources.model.ModelBakery/]: Exception loading blockstate definition: 'tinygates:blockstates/xor_gate_block.json' missing model for variant: 'tinygates:xor_gate_block#facing=north,gate_direction=east'
[28May2026 14:49:28.519] [Worker-ResourceReload-6/WARN] [net.minecraft.client.resources.model.ModelBakery/]: Exception loading blockstate definition: 'tinygates:blockstates/xor_gate_block.json' missing model for variant: 'tinygates:xor_gate_block#facing=west,gate_direction=east'
[28May2026 14:49:28.519] [Worker-ResourceReload-6/WARN] [net.minecraft.client.resources.model.ModelBakery/]: Exception loading blockstate definition: 'tinygates:blockstates/xor_gate_block.json' missing model for variant: 'tinygates:xor_gate_block#facing=down,gate_direction=up'
[28May2026 14:49:28.519] [Worker-ResourceReload-6/WARN] [net.minecraft.client.resources.model.ModelBakery/]: Exception loading blockstate definition: 'tinygates:blockstates/xor_gate_block.json' missing model for variant: 'tinygates:xor_gate_block#facing=up,gate_direction=north'
[28May2026 14:49:28.519] [Worker-ResourceReload-6/WARN] [net.minecraft.client.resources.model.ModelBakery/]: Exception loading blockstate definition: 'tinygates:blockstates/xor_gate_block.json' missing model for variant: 'tinygates:xor_gate_block#facing=east,gate_direction=south'
[28May2026 14:49:28.519] [Worker-ResourceReload-6/WARN] [net.minecraft.client.resources.model.ModelBakery/]: Exception loading blockstate definition: 'tinygates:blockstates/xor_gate_block.json' missing model for variant: 'tinygates:xor_gate_block#facing=south,gate_direction=east'
[28May2026 14:49:28.519] [Worker-ResourceReload-6/WARN] [net.minecraft.client.resources.model.ModelBakery/]: Exception loading blockstate definition: 'tinygates:blockstates/xor_gate_block.json' missing model for variant: 'tinygates:xor_gate_block#facing=down,gate_direction=down'
[28May2026 14:49:28.519] [Worker-ResourceReload-6/WARN] [net.minecraft.client.resources.model.ModelBakery/]: Exception loading blockstate definition: 'tinygates:blockstates/xor_gate_block.json' missing model for variant: 'tinygates:xor_gate_block#facing=east,gate_direction=down'
[28May2026 14:49:28.519] [Worker-ResourceReload-6/WARN] [net.minecraft.client.resources.model.ModelBakery/]: Exception loading blockstate definition: 'tinygates:blockstates/xor_gate_block.json' missing model for variant: 'tinygates:xor_gate_block#facing=east,gate_direction=north'
[28May2026 14:49:28.519] [Worker-ResourceReload-6/WARN] [net.minecraft.client.resources.model.ModelBakery/]: Exception loading blockstate definition: 'tinygates:blockstates/xor_gate_block.json' missing model for variant: 'tinygates:xor_gate_block#facing=up,gate_direction=down'
[28May2026 14:49:28.519] [Worker-ResourceReload-6/WARN] [net.minecraft.client.resources.model.ModelBakery/]: Exception loading blockstate definition: 'tinygates:blockstates/xor_gate_block.json' missing model for variant: 'tinygates:xor_gate_block#facing=east,gate_direction=up'
[28May2026 14:49:28.519] [Worker-ResourceReload-6/WARN] [net.minecraft.client.resources.model.ModelBakery/]: Exception loading blockstate definition: 'tinygates:blockstates/xor_gate_block.json' missing model for variant: 'tinygates:xor_gate_block#facing=up,gate_direction=west'
[28May2026 14:49:28.519] [Worker-ResourceReload-6/WARN] [net.minecraft.client.resources.model.ModelBakery/]: Exception loading blockstate definition: 'tinygates:blockstates/xor_gate_block.json' missing model for variant: 'tinygates:xor_gate_block#facing=up,gate_direction=south'
[28May2026 14:49:28.519] [Worker-ResourceReload-6/WARN] [net.minecraft.client.resources.model.ModelBakery/]: Exception loading blockstate definition: 'tinygates:blockstates/xor_gate_block.json' missing model for variant: 'tinygates:xor_gate_block#facing=north,gate_direction=west'
[28May2026 14:49:28.519] [Worker-ResourceReload-6/WARN] [net.minecraft.client.resources.model.ModelBakery/]: Exception loading blockstate definition: 'tinygates:blockstates/xor_gate_block.json' missing model for variant: 'tinygates:xor_gate_block#facing=west,gate_direction=north'
[28May2026 14:49:28.519] [Worker-ResourceReload-6/WARN] [net.minecraft.client.resources.model.ModelBakery/]: Exception loading blockstate definition: 'tinygates:blockstates/xor_gate_block.json' missing model for variant: 'tinygates:xor_gate_block#facing=west,gate_direction=up'
[28May2026 14:49:28.998] [Worker-ResourceReload-6/WARN] [net.minecraft.client.resources.model.ModelBakery/]: Exception loading blockstate definition: 'nuclearcraft:blockstates/black_hole.json' missing model for variant: 'nuclearcraft:black_hole#powered=false'
[28May2026 14:49:28.998] [Worker-ResourceReload-6/WARN] [net.minecraft.client.resources.model.ModelBakery/]: Exception loading blockstate definition: 'nuclearcraft:blockstates/black_hole.json' missing model for variant: 'nuclearcraft:black_hole#powered=true'
[28May2026 14:49:29.001] [Worker-ResourceReload-6/WARN] [net.minecraft.client.resources.model.ModelBakery/]: Exception loading blockstate definition: 'tinypipes:blockstates/pipe_block.json' missing model for variant: 'tinypipes:pipe_block#'
[28May2026 14:49:29.379] [Worker-ResourceReload-6/WARN] [net.minecraft.client.resources.model.ModelBakery/]: Exception loading blockstate definition: 'gcyr:blockstates/luna_marker.json' missing model for variant: 'gcyr:luna_marker#'
[28May2026 14:49:29.379] [Worker-ResourceReload-6/WARN] [net.minecraft.client.resources.model.ModelBakery/]: Exception loading blockstate definition: 'gcyr:blockstates/mars_marker.json' missing model for variant: 'gcyr:mars_marker#'
[28May2026 14:49:29.379] [Worker-ResourceReload-6/WARN] [net.minecraft.client.resources.model.ModelBakery/]: Exception loading blockstate definition: 'gcyr:blockstates/mercury_marker.json' missing model for variant: 'gcyr:mercury_marker#'
[28May2026 14:49:29.379] [Worker-ResourceReload-6/WARN] [net.minecraft.client.resources.model.ModelBakery/]: Exception loading blockstate definition: 'gcyr:blockstates/venus_marker.json' missing model for variant: 'gcyr:venus_marker#'
[28May2026 14:49:30.642] [Worker-ResourceReload-6/WARN] [net.minecraft.client.resources.model.ModelBakery/]: industrialforegoing:transporter#inventory
java.io.FileNotFoundException: industrialforegoing:models/item/transporter.json
	at net.minecraft.client.resources.model.ModelBakery.m_119364_(ModelBakery.java:417) ~[client-1.20.1-20230612.114412-srg.jar%23481!/:?]
	at net.minecraft.client.resources.model.ModelBakery.m_119362_(ModelBakery.java:266) ~[client-1.20.1-20230612.114412-srg.jar%23481!/:?]
	at net.minecraft.client.resources.model.ModelBakery.m_119341_(ModelBakery.java:243) ~[client-1.20.1-20230612.114412-srg.jar%23481!/:?]
	at net.minecraft.client.resources.model.ModelBakery.m_119306_(ModelBakery.java:384) ~[client-1.20.1-20230612.114412-srg.jar%23481!/:?]
	at net.minecraft.client.resources.model.ModelBakery.<init>(ModelBakery.java:150) ~[client-1.20.1-20230612.114412-srg.jar%23481!/:?]
	at net.minecraft.client.resources.model.ModelManager.m_246505_(ModelManager.java:83) ~[client-1.20.1-20230612.114412-srg.jar%23481!/:?]
	at java.util.concurrent.CompletableFuture.biApply(CompletableFuture.java:1311) ~[?:?]
	at java.util.concurrent.CompletableFuture$BiApply.tryFire(CompletableFuture.java:1280) ~[?:?]
	at java.util.concurrent.CompletableFuture$Completion.exec(CompletableFuture.java:483) ~[?:?]
	at java.util.concurrent.ForkJoinTask.doExec(ForkJoinTask.java:373) ~[?:?]
	at java.util.concurrent.ForkJoinPool$WorkQueue.topLevelExec(ForkJoinPool.java:1182) ~[?:?]
	at java.util.concurrent.ForkJoinPool.scan(ForkJoinPool.java:1655) ~[?:?]
	at java.util.concurrent.ForkJoinPool.runWorker(ForkJoinPool.java:1622) ~[?:?]
	at java.util.concurrent.ForkJoinWorkerThread.run(ForkJoinWorkerThread.java:165) ~[?:?]
[28May2026 14:49:30.676] [Worker-ResourceReload-6/WARN] [net.minecraft.client.resources.model.ModelBakery/]: nuclearcraft:dummy_turbine_blade#inventory
java.io.FileNotFoundException: nuclearcraft:models/item/dummy_turbine_blade.json
	at net.minecraft.client.resources.model.ModelBakery.m_119364_(ModelBakery.java:417) ~[client-1.20.1-20230612.114412-srg.jar%23481!/:?]
	at net.minecraft.client.resources.model.ModelBakery.m_119362_(ModelBakery.java:266) ~[client-1.20.1-20230612.114412-srg.jar%23481!/:?]
	at net.minecraft.client.resources.model.ModelBakery.m_119341_(ModelBakery.java:243) ~[client-1.20.1-20230612.114412-srg.jar%23481!/:?]
	at net.minecraft.client.resources.model.ModelBakery.m_119306_(ModelBakery.java:384) ~[client-1.20.1-20230612.114412-srg.jar%23481!/:?]
	at net.minecraft.client.resources.model.ModelBakery.<init>(ModelBakery.java:150) ~[client-1.20.1-20230612.114412-srg.jar%23481!/:?]
	at net.minecraft.client.resources.model.ModelManager.m_246505_(ModelManager.java:83) ~[client-1.20.1-20230612.114412-srg.jar%23481!/:?]
	at java.util.concurrent.CompletableFuture.biApply(CompletableFuture.java:1311) ~[?:?]
	at java.util.concurrent.CompletableFuture$BiApply.tryFire(CompletableFuture.java:1280) ~[?:?]
	at java.util.concurrent.CompletableFuture$Completion.exec(CompletableFuture.java:483) ~[?:?]
	at java.util.concurrent.ForkJoinTask.doExec(ForkJoinTask.java:373) ~[?:?]
	at java.util.concurrent.ForkJoinPool$WorkQueue.topLevelExec(ForkJoinPool.java:1182) ~[?:?]
	at java.util.concurrent.ForkJoinPool.scan(ForkJoinPool.java:1655) ~[?:?]
	at java.util.concurrent.ForkJoinPool.runWorker(ForkJoinPool.java:1622) ~[?:?]
	at java.util.concurrent.ForkJoinWorkerThread.run(ForkJoinWorkerThread.java:165) ~[?:?]
[28May2026 14:49:30.688] [Worker-ResourceReload-6/WARN] [net.minecraft.client.resources.model.ModelBakery/]: mts:mtsofficialpack.glovebox_skyhawk#inventory
java.io.FileNotFoundException: mts:models/item/mtsofficialpack.glovebox_skyhawk.json
	at net.minecraft.client.resources.model.ModelBakery.m_119364_(ModelBakery.java:417) ~[client-1.20.1-20230612.114412-srg.jar%23481!/:?]
	at net.minecraft.client.resources.model.ModelBakery.m_119362_(ModelBakery.java:266) ~[client-1.20.1-20230612.114412-srg.jar%23481!/:?]
	at net.minecraft.client.resources.model.ModelBakery.m_119341_(ModelBakery.java:243) ~[client-1.20.1-20230612.114412-srg.jar%23481!/:?]
	at net.minecraft.client.resources.model.ModelBakery.m_119306_(ModelBakery.java:384) ~[client-1.20.1-20230612.114412-srg.jar%23481!/:?]
	at net.minecraft.client.resources.model.ModelBakery.<init>(ModelBakery.java:150) ~[client-1.20.1-20230612.114412-srg.jar%23481!/:?]
	at net.minecraft.client.resources.model.ModelManager.m_246505_(ModelManager.java:83) ~[client-1.20.1-20230612.114412-srg.jar%23481!/:?]
	at java.util.concurrent.CompletableFuture.biApply(CompletableFuture.java:1311) ~[?:?]
	at java.util.concurrent.CompletableFuture$BiApply.tryFire(CompletableFuture.java:1280) ~[?:?]
	at java.util.concurrent.CompletableFuture$Completion.exec(CompletableFuture.java:483) ~[?:?]
	at java.util.concurrent.ForkJoinTask.doExec(ForkJoinTask.java:373) ~[?:?]
	at java.util.concurrent.ForkJoinPool$WorkQueue.topLevelExec(ForkJoinPool.java:1182) ~[?:?]
	at java.util.concurrent.ForkJoinPool.scan(ForkJoinPool.java:1655) ~[?:?]
	at java.util.concurrent.ForkJoinPool.runWorker(ForkJoinPool.java:1622) ~[?:?]
	at java.util.concurrent.ForkJoinWorkerThread.run(ForkJoinWorkerThread.java:165) ~[?:?]
[28May2026 14:49:30.688] [Worker-ResourceReload-6/WARN] [net.minecraft.client.resources.model.ModelBakery/]: mts:mtsofficialpack.gloveboxscout#inventory
java.io.FileNotFoundException: mts:models/item/mtsofficialpack.gloveboxscout.json
	at net.minecraft.client.resources.model.ModelBakery.m_119364_(ModelBakery.java:417) ~[client-1.20.1-20230612.114412-srg.jar%23481!/:?]
	at net.minecraft.client.resources.model.ModelBakery.m_119362_(ModelBakery.java:266) ~[client-1.20.1-20230612.114412-srg.jar%23481!/:?]
	at net.minecraft.client.resources.model.ModelBakery.m_119341_(ModelBakery.java:243) ~[client-1.20.1-20230612.114412-srg.jar%23481!/:?]
	at net.minecraft.client.resources.model.ModelBakery.m_119306_(ModelBakery.java:384) ~[client-1.20.1-20230612.114412-srg.jar%23481!/:?]
	at net.minecraft.client.resources.model.ModelBakery.<init>(ModelBakery.java:150) ~[client-1.20.1-20230612.114412-srg.jar%23481!/:?]
	at net.minecraft.client.resources.model.ModelManager.m_246505_(ModelManager.java:83) ~[client-1.20.1-20230612.114412-srg.jar%23481!/:?]
	at java.util.concurrent.CompletableFuture.biApply(CompletableFuture.java:1311) ~[?:?]
	at java.util.concurrent.CompletableFuture$BiApply.tryFire(CompletableFuture.java:1280) ~[?:?]
	at java.util.concurrent.CompletableFuture$Completion.exec(CompletableFuture.java:483) ~[?:?]
	at java.util.concurrent.ForkJoinTask.doExec(ForkJoinTask.java:373) ~[?:?]
	at java.util.concurrent.ForkJoinPool$WorkQueue.topLevelExec(ForkJoinPool.java:1182) ~[?:?]
	at java.util.concurrent.ForkJoinPool.scan(ForkJoinPool.java:1655) ~[?:?]
	at java.util.concurrent.ForkJoinPool.runWorker(ForkJoinPool.java:1622) ~[?:?]
	at java.util.concurrent.ForkJoinWorkerThread.run(ForkJoinWorkerThread.java:165) ~[?:?]
[28May2026 14:49:30.689] [Worker-ResourceReload-6/WARN] [net.minecraft.client.resources.model.ModelBakery/]: mts:mtsofficialpack.mirrorornament_wheel#inventory
java.io.FileNotFoundException: mts:models/item/mtsofficialpack.mirrorornament_wheel.json
	at net.minecraft.client.resources.model.ModelBakery.m_119364_(ModelBakery.java:417) ~[client-1.20.1-20230612.114412-srg.jar%23481!/:?]
	at net.minecraft.client.resources.model.ModelBakery.m_119362_(ModelBakery.java:266) ~[client-1.20.1-20230612.114412-srg.jar%23481!/:?]
	at net.minecraft.client.resources.model.ModelBakery.m_119341_(ModelBakery.java:243) ~[client-1.20.1-20230612.114412-srg.jar%23481!/:?]
	at net.minecraft.client.resources.model.ModelBakery.m_119306_(ModelBakery.java:384) ~[client-1.20.1-20230612.114412-srg.jar%23481!/:?]
	at net.minecraft.client.resources.model.ModelBakery.<init>(ModelBakery.java:150) ~[client-1.20.1-20230612.114412-srg.jar%23481!/:?]
	at net.minecraft.client.resources.model.ModelManager.m_246505_(ModelManager.java:83) ~[client-1.20.1-20230612.114412-srg.jar%23481!/:?]
	at java.util.concurrent.CompletableFuture.biApply(CompletableFuture.java:1311) ~[?:?]
	at java.util.concurrent.CompletableFuture$BiApply.tryFire(CompletableFuture.java:1280) ~[?:?]
	at java.util.concurrent.CompletableFuture$Completion.exec(CompletableFuture.java:483) ~[?:?]
	at java.util.concurrent.ForkJoinTask.doExec(ForkJoinTask.java:373) ~[?:?]
	at java.util.concurrent.ForkJoinPool$WorkQueue.topLevelExec(ForkJoinPool.java:1182) ~[?:?]
	at java.util.concurrent.ForkJoinPool.scan(ForkJoinPool.java:1655) ~[?:?]
	at java.util.concurrent.ForkJoinPool.runWorker(ForkJoinPool.java:1622) ~[?:?]
	at java.util.concurrent.ForkJoinWorkerThread.run(ForkJoinWorkerThread.java:165) ~[?:?]
[28May2026 14:49:30.763] [Worker-ResourceReload-6/WARN] [net.minecraft.client.resources.model.ModelBakery/]: gcyr:aerospace_aluminium_casing#inventory
java.io.FileNotFoundException: gcyr:models/item/aerospace_aluminium_casing.json
	at net.minecraft.client.resources.model.ModelBakery.m_119364_(ModelBakery.java:417) ~[client-1.20.1-20230612.114412-srg.jar%23481!/:?]
	at net.minecraft.client.resources.model.ModelBakery.m_119362_(ModelBakery.java:266) ~[client-1.20.1-20230612.114412-srg.jar%23481!/:?]
	at net.minecraft.client.resources.model.ModelBakery.m_119341_(ModelBakery.java:243) ~[client-1.20.1-20230612.114412-srg.jar%23481!/:?]
	at net.minecraft.client.resources.model.ModelBakery.m_119306_(ModelBakery.java:384) ~[client-1.20.1-20230612.114412-srg.jar%23481!/:?]
	at net.minecraft.client.resources.model.ModelBakery.<init>(ModelBakery.java:150) ~[client-1.20.1-20230612.114412-srg.jar%23481!/:?]
	at net.minecraft.client.resources.model.ModelManager.m_246505_(ModelManager.java:83) ~[client-1.20.1-20230612.114412-srg.jar%23481!/:?]
	at java.util.concurrent.CompletableFuture.biApply(CompletableFuture.java:1311) ~[?:?]
	at java.util.concurrent.CompletableFuture$BiApply.tryFire(CompletableFuture.java:1280) ~[?:?]
	at java.util.concurrent.CompletableFuture$Completion.exec(CompletableFuture.java:483) ~[?:?]
	at java.util.concurrent.ForkJoinTask.doExec(ForkJoinTask.java:373) ~[?:?]
	at java.util.concurrent.ForkJoinPool$WorkQueue.topLevelExec(ForkJoinPool.java:1182) ~[?:?]
	at java.util.concurrent.ForkJoinPool.scan(ForkJoinPool.java:1655) ~[?:?]
	at java.util.concurrent.ForkJoinPool.runWorker(ForkJoinPool.java:1622) ~[?:?]
	at java.util.concurrent.ForkJoinWorkerThread.run(ForkJoinWorkerThread.java:165) ~[?:?]
[28May2026 14:49:30.763] [Worker-ResourceReload-6/WARN] [net.minecraft.client.resources.model.ModelBakery/]: gcyr:beam_receiver#inventory
java.io.FileNotFoundException: gcyr:models/item/beam_receiver.json
	at net.minecraft.client.resources.model.ModelBakery.m_119364_(ModelBakery.java:417) ~[client-1.20.1-20230612.114412-srg.jar%23481!/:?]
	at net.minecraft.client.resources.model.ModelBakery.m_119362_(ModelBakery.java:266) ~[client-1.20.1-20230612.114412-srg.jar%23481!/:?]
	at net.minecraft.client.resources.model.ModelBakery.m_119341_(ModelBakery.java:243) ~[client-1.20.1-20230612.114412-srg.jar%23481!/:?]
	at net.minecraft.client.resources.model.ModelBakery.m_119306_(ModelBakery.java:384) ~[client-1.20.1-20230612.114412-srg.jar%23481!/:?]
	at net.minecraft.client.resources.model.ModelBakery.<init>(ModelBakery.java:150) ~[client-1.20.1-20230612.114412-srg.jar%23481!/:?]
	at net.minecraft.client.resources.model.ModelManager.m_246505_(ModelManager.java:83) ~[client-1.20.1-20230612.114412-srg.jar%23481!/:?]
	at java.util.concurrent.CompletableFuture.biApply(CompletableFuture.java:1311) ~[?:?]
	at java.util.concurrent.CompletableFuture$BiApply.tryFire(CompletableFuture.java:1280) ~[?:?]
	at java.util.concurrent.CompletableFuture$Completion.exec(CompletableFuture.java:483) ~[?:?]
	at java.util.concurrent.ForkJoinTask.doExec(ForkJoinTask.java:373) ~[?:?]
	at java.util.concurrent.ForkJoinPool$WorkQueue.topLevelExec(ForkJoinPool.java:1182) ~[?:?]
	at java.util.concurrent.ForkJoinPool.scan(ForkJoinPool.java:1655) ~[?:?]
	at java.util.concurrent.ForkJoinPool.runWorker(ForkJoinPool.java:1622) ~[?:?]
	at java.util.concurrent.ForkJoinWorkerThread.run(ForkJoinWorkerThread.java:165) ~[?:?]
[28May2026 14:49:30.764] [Worker-ResourceReload-6/WARN] [net.minecraft.client.resources.model.ModelBakery/]: gcyr:space_elevator_support#inventory
java.io.FileNotFoundException: gcyr:models/item/space_elevator_support.json
	at net.minecraft.client.resources.model.ModelBakery.m_119364_(ModelBakery.java:417) ~[client-1.20.1-20230612.114412-srg.jar%23481!/:?]
	at net.minecraft.client.resources.model.ModelBakery.m_119362_(ModelBakery.java:266) ~[client-1.20.1-20230612.114412-srg.jar%23481!/:?]
	at net.minecraft.client.resources.model.ModelBakery.m_119341_(ModelBakery.java:243) ~[client-1.20.1-20230612.114412-srg.jar%23481!/:?]
	at net.minecraft.client.resources.model.ModelBakery.m_119306_(ModelBakery.java:384) ~[client-1.20.1-20230612.114412-srg.jar%23481!/:?]
	at net.minecraft.client.resources.model.ModelBakery.<init>(ModelBakery.java:150) ~[client-1.20.1-20230612.114412-srg.jar%23481!/:?]
	at net.minecraft.client.resources.model.ModelManager.m_246505_(ModelManager.java:83) ~[client-1.20.1-20230612.114412-srg.jar%23481!/:?]
	at java.util.concurrent.CompletableFuture.biApply(CompletableFuture.java:1311) ~[?:?]
	at java.util.concurrent.CompletableFuture$BiApply.tryFire(CompletableFuture.java:1280) ~[?:?]
	at java.util.concurrent.CompletableFuture$Completion.exec(CompletableFuture.java:483) ~[?:?]
	at java.util.concurrent.ForkJoinTask.doExec(ForkJoinTask.java:373) ~[?:?]
	at java.util.concurrent.ForkJoinPool$WorkQueue.topLevelExec(ForkJoinPool.java:1182) ~[?:?]
	at java.util.concurrent.ForkJoinPool.scan(ForkJoinPool.java:1655) ~[?:?]
	at java.util.concurrent.ForkJoinPool.runWorker(ForkJoinPool.java:1622) ~[?:?]
	at java.util.concurrent.ForkJoinWorkerThread.run(ForkJoinWorkerThread.java:165) ~[?:?]
[28May2026 14:49:30.764] [Worker-ResourceReload-6/WARN] [net.minecraft.client.resources.model.ModelBakery/]: gcyr:dyson_sphere_casing#inventory
java.io.FileNotFoundException: gcyr:models/item/dyson_sphere_casing.json
	at net.minecraft.client.resources.model.ModelBakery.m_119364_(ModelBakery.java:417) ~[client-1.20.1-20230612.114412-srg.jar%23481!/:?]
	at net.minecraft.client.resources.model.ModelBakery.m_119362_(ModelBakery.java:266) ~[client-1.20.1-20230612.114412-srg.jar%23481!/:?]
	at net.minecraft.client.resources.model.ModelBakery.m_119341_(ModelBakery.java:243) ~[client-1.20.1-20230612.114412-srg.jar%23481!/:?]
	at net.minecraft.client.resources.model.ModelBakery.m_119306_(ModelBakery.java:384) ~[client-1.20.1-20230612.114412-srg.jar%23481!/:?]
	at net.minecraft.client.resources.model.ModelBakery.<init>(ModelBakery.java:150) ~[client-1.20.1-20230612.114412-srg.jar%23481!/:?]
	at net.minecraft.client.resources.model.ModelManager.m_246505_(ModelManager.java:83) ~[client-1.20.1-20230612.114412-srg.jar%23481!/:?]
	at java.util.concurrent.CompletableFuture.biApply(CompletableFuture.java:1311) ~[?:?]
	at java.util.concurrent.CompletableFuture$BiApply.tryFire(CompletableFuture.java:1280) ~[?:?]
	at java.util.concurrent.CompletableFuture$Completion.exec(CompletableFuture.java:483) ~[?:?]
	at java.util.concurrent.ForkJoinTask.doExec(ForkJoinTask.java:373) ~[?:?]
	at java.util.concurrent.ForkJoinPool$WorkQueue.topLevelExec(ForkJoinPool.java:1182) ~[?:?]
	at java.util.concurrent.ForkJoinPool.scan(ForkJoinPool.java:1655) ~[?:?]
	at java.util.concurrent.ForkJoinPool.runWorker(ForkJoinPool.java:1622) ~[?:?]
	at java.util.concurrent.ForkJoinWorkerThread.run(ForkJoinWorkerThread.java:165) ~[?:?]
[28May2026 14:49:30.764] [Worker-ResourceReload-6/WARN] [net.minecraft.client.resources.model.ModelBakery/]: gcyr:dyson_solar_cell#inventory
java.io.FileNotFoundException: gcyr:models/item/dyson_solar_cell.json
	at net.minecraft.client.resources.model.ModelBakery.m_119364_(ModelBakery.java:417) ~[client-1.20.1-20230612.114412-srg.jar%23481!/:?]
	at net.minecraft.client.resources.model.ModelBakery.m_119362_(ModelBakery.java:266) ~[client-1.20.1-20230612.114412-srg.jar%23481!/:?]
	at net.minecraft.client.resources.model.ModelBakery.m_119341_(ModelBakery.java:243) ~[client-1.20.1-20230612.114412-srg.jar%23481!/:?]
	at net.minecraft.client.resources.model.ModelBakery.m_119306_(ModelBakery.java:384) ~[client-1.20.1-20230612.114412-srg.jar%23481!/:?]
	at net.minecraft.client.resources.model.ModelBakery.<init>(ModelBakery.java:150) ~[client-1.20.1-20230612.114412-srg.jar%23481!/:?]
	at net.minecraft.client.resources.model.ModelManager.m_246505_(ModelManager.java:83) ~[client-1.20.1-20230612.114412-srg.jar%23481!/:?]
	at java.util.concurrent.CompletableFuture.biApply(CompletableFuture.java:1311) ~[?:?]
	at java.util.concurrent.CompletableFuture$BiApply.tryFire(CompletableFuture.java:1280) ~[?:?]
	at java.util.concurrent.CompletableFuture$Completion.exec(CompletableFuture.java:483) ~[?:?]
	at java.util.concurrent.ForkJoinTask.doExec(ForkJoinTask.java:373) ~[?:?]
	at java.util.concurrent.ForkJoinPool$WorkQueue.topLevelExec(ForkJoinPool.java:1182) ~[?:?]
	at java.util.concurrent.ForkJoinPool.scan(ForkJoinPool.java:1655) ~[?:?]
	at java.util.concurrent.ForkJoinPool.runWorker(ForkJoinPool.java:1622) ~[?:?]
	at java.util.concurrent.ForkJoinWorkerThread.run(ForkJoinWorkerThread.java:165) ~[?:?]
[28May2026 14:49:30.764] [Worker-ResourceReload-6/WARN] [net.minecraft.client.resources.model.ModelBakery/]: gcyr:dyson_sphere_maintenance_port#inventory
java.io.FileNotFoundException: gcyr:models/item/dyson_sphere_maintenance_port.json
	at net.minecraft.client.resources.model.ModelBakery.m_119364_(ModelBakery.java:417) ~[client-1.20.1-20230612.114412-srg.jar%23481!/:?]
	at net.minecraft.client.resources.model.ModelBakery.m_119362_(ModelBakery.java:266) ~[client-1.20.1-20230612.114412-srg.jar%23481!/:?]
	at net.minecraft.client.resources.model.ModelBakery.m_119341_(ModelBakery.java:243) ~[client-1.20.1-20230612.114412-srg.jar%23481!/:?]
	at net.minecraft.client.resources.model.ModelBakery.m_119306_(ModelBakery.java:384) ~[client-1.20.1-20230612.114412-srg.jar%23481!/:?]
	at net.minecraft.client.resources.model.ModelBakery.<init>(ModelBakery.java:150) ~[client-1.20.1-20230612.114412-srg.jar%23481!/:?]
	at net.minecraft.client.resources.model.ModelManager.m_246505_(ModelManager.java:83) ~[client-1.20.1-20230612.114412-srg.jar%23481!/:?]
	at java.util.concurrent.CompletableFuture.biApply(CompletableFuture.java:1311) ~[?:?]
	at java.util.concurrent.CompletableFuture$BiApply.tryFire(CompletableFuture.java:1280) ~[?:?]
	at java.util.concurrent.CompletableFuture$Completion.exec(CompletableFuture.java:483) ~[?:?]
	at java.util.concurrent.ForkJoinTask.doExec(ForkJoinTask.java:373) ~[?:?]
	at java.util.concurrent.ForkJoinPool$WorkQueue.topLevelExec(ForkJoinPool.java:1182) ~[?:?]
	at java.util.concurrent.ForkJoinPool.scan(ForkJoinPool.java:1655) ~[?:?]
	at java.util.concurrent.ForkJoinPool.runWorker(ForkJoinPool.java:1622) ~[?:?]
	at java.util.concurrent.ForkJoinWorkerThread.run(ForkJoinWorkerThread.java:165) ~[?:?]
[28May2026 14:49:30.764] [Worker-ResourceReload-6/WARN] [net.minecraft.client.resources.model.ModelBakery/]: gcyr:stainless_evaporation_casing#inventory
java.io.FileNotFoundException: gcyr:models/item/stainless_evaporation_casing.json
	at net.minecraft.client.resources.model.ModelBakery.m_119364_(ModelBakery.java:417) ~[client-1.20.1-20230612.114412-srg.jar%23481!/:?]
	at net.minecraft.client.resources.model.ModelBakery.m_119362_(ModelBakery.java:266) ~[client-1.20.1-20230612.114412-srg.jar%23481!/:?]
	at net.minecraft.client.resources.model.ModelBakery.m_119341_(ModelBakery.java:243) ~[client-1.20.1-20230612.114412-srg.jar%23481!/:?]
	at net.minecraft.client.resources.model.ModelBakery.m_119306_(ModelBakery.java:384) ~[client-1.20.1-20230612.114412-srg.jar%23481!/:?]
	at net.minecraft.client.resources.model.ModelBakery.<init>(ModelBakery.java:150) ~[client-1.20.1-20230612.114412-srg.jar%23481!/:?]
	at net.minecraft.client.resources.model.ModelManager.m_246505_(ModelManager.java:83) ~[client-1.20.1-20230612.114412-srg.jar%23481!/:?]
	at java.util.concurrent.CompletableFuture.biApply(CompletableFuture.java:1311) ~[?:?]
	at java.util.concurrent.CompletableFuture$BiApply.tryFire(CompletableFuture.java:1280) ~[?:?]
	at java.util.concurrent.CompletableFuture$Completion.exec(CompletableFuture.java:483) ~[?:?]
	at java.util.concurrent.ForkJoinTask.doExec(ForkJoinTask.java:373) ~[?:?]
	at java.util.concurrent.ForkJoinPool$WorkQueue.topLevelExec(ForkJoinPool.java:1182) ~[?:?]
	at java.util.concurrent.ForkJoinPool.scan(ForkJoinPool.java:1655) ~[?:?]
	at java.util.concurrent.ForkJoinPool.runWorker(ForkJoinPool.java:1622) ~[?:?]
	at java.util.concurrent.ForkJoinWorkerThread.run(ForkJoinWorkerThread.java:165) ~[?:?]
[28May2026 14:49:30.765] [Worker-ResourceReload-6/WARN] [net.minecraft.client.resources.model.ModelBakery/]: gcyr:moon_sand#inventory
java.io.FileNotFoundException: gcyr:models/item/moon_sand.json
	at net.minecraft.client.resources.model.ModelBakery.m_119364_(ModelBakery.java:417) ~[client-1.20.1-20230612.114412-srg.jar%23481!/:?]
	at net.minecraft.client.resources.model.ModelBakery.m_119362_(ModelBakery.java:266) ~[client-1.20.1-20230612.114412-srg.jar%23481!/:?]
	at net.minecraft.client.resources.model.ModelBakery.m_119341_(ModelBakery.java:243) ~[client-1.20.1-20230612.114412-srg.jar%23481!/:?]
	at net.minecraft.client.resources.model.ModelBakery.m_119306_(ModelBakery.java:384) ~[client-1.20.1-20230612.114412-srg.jar%23481!/:?]
	at net.minecraft.client.resources.model.ModelBakery.<init>(ModelBakery.java:150) ~[client-1.20.1-20230612.114412-srg.jar%23481!/:?]
	at net.minecraft.client.resources.model.ModelManager.m_246505_(ModelManager.java:83) ~[client-1.20.1-20230612.114412-srg.jar%23481!/:?]
	at java.util.concurrent.CompletableFuture.biApply(CompletableFuture.java:1311) ~[?:?]
	at java.util.concurrent.CompletableFuture$BiApply.tryFire(CompletableFuture.java:1280) ~[?:?]
	at java.util.concurrent.CompletableFuture$Completion.exec(CompletableFuture.java:483) ~[?:?]
	at java.util.concurrent.ForkJoinTask.doExec(ForkJoinTask.java:373) ~[?:?]
	at java.util.concurrent.ForkJoinPool$WorkQueue.topLevelExec(ForkJoinPool.java:1182) ~[?:?]
	at java.util.concurrent.ForkJoinPool.scan(ForkJoinPool.java:1655) ~[?:?]
	at java.util.concurrent.ForkJoinPool.runWorker(ForkJoinPool.java:1622) ~[?:?]
	at java.util.concurrent.ForkJoinWorkerThread.run(ForkJoinWorkerThread.java:165) ~[?:?]
[28May2026 14:49:30.767] [Worker-ResourceReload-6/WARN] [net.minecraft.client.resources.model.ModelBakery/]: gcyr:luna_marker#inventory
java.io.FileNotFoundException: gcyr:models/item/luna_marker.json
	at net.minecraft.client.resources.model.ModelBakery.m_119364_(ModelBakery.java:417) ~[client-1.20.1-20230612.114412-srg.jar%23481!/:?]
	at net.minecraft.client.resources.model.ModelBakery.m_119362_(ModelBakery.java:266) ~[client-1.20.1-20230612.114412-srg.jar%23481!/:?]
	at net.minecraft.client.resources.model.ModelBakery.m_119341_(ModelBakery.java:243) ~[client-1.20.1-20230612.114412-srg.jar%23481!/:?]
	at net.minecraft.client.resources.model.ModelBakery.m_119306_(ModelBakery.java:384) ~[client-1.20.1-20230612.114412-srg.jar%23481!/:?]
	at net.minecraft.client.resources.model.ModelBakery.<init>(ModelBakery.java:150) ~[client-1.20.1-20230612.114412-srg.jar%23481!/:?]
	at net.minecraft.client.resources.model.ModelManager.m_246505_(ModelManager.java:83) ~[client-1.20.1-20230612.114412-srg.jar%23481!/:?]
	at java.util.concurrent.CompletableFuture.biApply(CompletableFuture.java:1311) ~[?:?]
	at java.util.concurrent.CompletableFuture$BiApply.tryFire(CompletableFuture.java:1280) ~[?:?]
	at java.util.concurrent.CompletableFuture$Completion.exec(CompletableFuture.java:483) ~[?:?]
	at java.util.concurrent.ForkJoinTask.doExec(ForkJoinTask.java:373) ~[?:?]
	at java.util.concurrent.ForkJoinPool$WorkQueue.topLevelExec(ForkJoinPool.java:1182) ~[?:?]
	at java.util.concurrent.ForkJoinPool.scan(ForkJoinPool.java:1655) ~[?:?]
	at java.util.concurrent.ForkJoinPool.runWorker(ForkJoinPool.java:1622) ~[?:?]
	at java.util.concurrent.ForkJoinWorkerThread.run(ForkJoinWorkerThread.java:165) ~[?:?]
[28May2026 14:49:30.767] [Worker-ResourceReload-6/WARN] [net.minecraft.client.resources.model.ModelBakery/]: gcyr:mars_marker#inventory
java.io.FileNotFoundException: gcyr:models/item/mars_marker.json
	at net.minecraft.client.resources.model.ModelBakery.m_119364_(ModelBakery.java:417) ~[client-1.20.1-20230612.114412-srg.jar%23481!/:?]
	at net.minecraft.client.resources.model.ModelBakery.m_119362_(ModelBakery.java:266) ~[client-1.20.1-20230612.114412-srg.jar%23481!/:?]
	at net.minecraft.client.resources.model.ModelBakery.m_119341_(ModelBakery.java:243) ~[client-1.20.1-20230612.114412-srg.jar%23481!/:?]
	at net.minecraft.client.resources.model.ModelBakery.m_119306_(ModelBakery.java:384) ~[client-1.20.1-20230612.114412-srg.jar%23481!/:?]
	at net.minecraft.client.resources.model.ModelBakery.<init>(ModelBakery.java:150) ~[client-1.20.1-20230612.114412-srg.jar%23481!/:?]
	at net.minecraft.client.resources.model.ModelManager.m_246505_(ModelManager.java:83) ~[client-1.20.1-20230612.114412-srg.jar%23481!/:?]
	at java.util.concurrent.CompletableFuture.biApply(CompletableFuture.java:1311) ~[?:?]
	at java.util.concurrent.CompletableFuture$BiApply.tryFire(CompletableFuture.java:1280) ~[?:?]
	at java.util.concurrent.CompletableFuture$Completion.exec(CompletableFuture.java:483) ~[?:?]
	at java.util.concurrent.ForkJoinTask.doExec(ForkJoinTask.java:373) ~[?:?]
	at java.util.concurrent.ForkJoinPool$WorkQueue.topLevelExec(ForkJoinPool.java:1182) ~[?:?]
	at java.util.concurrent.ForkJoinPool.scan(ForkJoinPool.java:1655) ~[?:?]
	at java.util.concurrent.ForkJoinPool.runWorker(ForkJoinPool.java:1622) ~[?:?]
	at java.util.concurrent.ForkJoinWorkerThread.run(ForkJoinWorkerThread.java:165) ~[?:?]
[28May2026 14:49:30.767] [Worker-ResourceReload-6/WARN] [net.minecraft.client.resources.model.ModelBakery/]: gcyr:mercury_marker#inventory
java.io.FileNotFoundException: gcyr:models/item/mercury_marker.json
	at net.minecraft.client.resources.model.ModelBakery.m_119364_(ModelBakery.java:417) ~[client-1.20.1-20230612.114412-srg.jar%23481!/:?]
	at net.minecraft.client.resources.model.ModelBakery.m_119362_(ModelBakery.java:266) ~[client-1.20.1-20230612.114412-srg.jar%23481!/:?]
	at net.minecraft.client.resources.model.ModelBakery.m_119341_(ModelBakery.java:243) ~[client-1.20.1-20230612.114412-srg.jar%23481!/:?]
	at net.minecraft.client.resources.model.ModelBakery.m_119306_(ModelBakery.java:384) ~[client-1.20.1-20230612.114412-srg.jar%23481!/:?]
	at net.minecraft.client.resources.model.ModelBakery.<init>(ModelBakery.java:150) ~[client-1.20.1-20230612.114412-srg.jar%23481!/:?]
	at net.minecraft.client.resources.model.ModelManager.m_246505_(ModelManager.java:83) ~[client-1.20.1-20230612.114412-srg.jar%23481!/:?]
	at java.util.concurrent.CompletableFuture.biApply(CompletableFuture.java:1311) ~[?:?]
	at java.util.concurrent.CompletableFuture$BiApply.tryFire(CompletableFuture.java:1280) ~[?:?]
	at java.util.concurrent.CompletableFuture$Completion.exec(CompletableFuture.java:483) ~[?:?]
	at java.util.concurrent.ForkJoinTask.doExec(ForkJoinTask.java:373) ~[?:?]
	at java.util.concurrent.ForkJoinPool$WorkQueue.topLevelExec(ForkJoinPool.java:1182) ~[?:?]
	at java.util.concurrent.ForkJoinPool.scan(ForkJoinPool.java:1655) ~[?:?]
	at java.util.concurrent.ForkJoinPool.runWorker(ForkJoinPool.java:1622) ~[?:?]
	at java.util.concurrent.ForkJoinWorkerThread.run(ForkJoinWorkerThread.java:165) ~[?:?]
[28May2026 14:49:30.767] [Worker-ResourceReload-6/WARN] [net.minecraft.client.resources.model.ModelBakery/]: gcyr:venus_marker#inventory
java.io.FileNotFoundException: gcyr:models/item/venus_marker.json
	at net.minecraft.client.resources.model.ModelBakery.m_119364_(ModelBakery.java:417) ~[client-1.20.1-20230612.114412-srg.jar%23481!/:?]
	at net.minecraft.client.resources.model.ModelBakery.m_119362_(ModelBakery.java:266) ~[client-1.20.1-20230612.114412-srg.jar%23481!/:?]
	at net.minecraft.client.resources.model.ModelBakery.m_119341_(ModelBakery.java:243) ~[client-1.20.1-20230612.114412-srg.jar%23481!/:?]
	at net.minecraft.client.resources.model.ModelBakery.m_119306_(ModelBakery.java:384) ~[client-1.20.1-20230612.114412-srg.jar%23481!/:?]
	at net.minecraft.client.resources.model.ModelBakery.<init>(ModelBakery.java:150) ~[client-1.20.1-20230612.114412-srg.jar%23481!/:?]
	at net.minecraft.client.resources.model.ModelManager.m_246505_(ModelManager.java:83) ~[client-1.20.1-20230612.114412-srg.jar%23481!/:?]
	at java.util.concurrent.CompletableFuture.biApply(CompletableFuture.java:1311) ~[?:?]
	at java.util.concurrent.CompletableFuture$BiApply.tryFire(CompletableFuture.java:1280) ~[?:?]
	at java.util.concurrent.CompletableFuture$Completion.exec(CompletableFuture.java:483) ~[?:?]
	at java.util.concurrent.ForkJoinTask.doExec(ForkJoinTask.java:373) ~[?:?]
	at java.util.concurrent.ForkJoinPool$WorkQueue.topLevelExec(ForkJoinPool.java:1182) ~[?:?]
	at java.util.concurrent.ForkJoinPool.scan(ForkJoinPool.java:1655) ~[?:?]
	at java.util.concurrent.ForkJoinPool.runWorker(ForkJoinPool.java:1622) ~[?:?]
	at java.util.concurrent.ForkJoinWorkerThread.run(ForkJoinWorkerThread.java:165) ~[?:?]
[28May2026 14:49:30.853] [Worker-ResourceReload-6/INFO] [slimeknights.tconstruct.library.client.materials.MaterialRenderInfoLoader/]: 134 material render infos loaded
[28May2026 14:49:30.872] [Worker-ResourceReload-6/WARN] [net.minecraft.client.resources.model.ModelBakery/]: supplementaries:block/hanging_flower_pot_rope
java.io.FileNotFoundException: supplementaries:models/block/hanging_flower_pot_rope.json
	at net.minecraft.client.resources.model.ModelBakery.m_119364_(ModelBakery.java:417) ~[client-1.20.1-20230612.114412-srg.jar%23481!/:?]
	at net.minecraft.client.resources.model.ModelBakery.m_119362_(ModelBakery.java:262) ~[client-1.20.1-20230612.114412-srg.jar%23481!/:?]
	at net.minecraft.client.resources.model.ModelBakery.m_119341_(ModelBakery.java:243) ~[client-1.20.1-20230612.114412-srg.jar%23481!/:?]
	at net.minecraft.client.resources.model.ModelBakery.<init>(ModelBakery.java:159) ~[client-1.20.1-20230612.114412-srg.jar%23481!/:?]
	at net.minecraft.client.resources.model.ModelManager.m_246505_(ModelManager.java:83) ~[client-1.20.1-20230612.114412-srg.jar%23481!/:?]
	at java.util.concurrent.CompletableFuture.biApply(CompletableFuture.java:1311) ~[?:?]
	at java.util.concurrent.CompletableFuture$BiApply.tryFire(CompletableFuture.java:1280) ~[?:?]
	at java.util.concurrent.CompletableFuture$Completion.exec(CompletableFuture.java:483) ~[?:?]
	at java.util.concurrent.ForkJoinTask.doExec(ForkJoinTask.java:373) ~[?:?]
	at java.util.concurrent.ForkJoinPool$WorkQueue.topLevelExec(ForkJoinPool.java:1182) ~[?:?]
	at java.util.concurrent.ForkJoinPool.scan(ForkJoinPool.java:1655) ~[?:?]
	at java.util.concurrent.ForkJoinPool.runWorker(ForkJoinPool.java:1622) ~[?:?]
	at java.util.concurrent.ForkJoinWorkerThread.run(ForkJoinWorkerThread.java:165) ~[?:?]
[28May2026 14:49:38.624] [Worker-ResourceReload-6/WARN] [Mantle/]: Using deprecated 'luminosity' field on ColoredBlockModel color data for tconstruct:queens_slime_block#inventory, this will be removed in 1.20 in favor of Forge's 'emissivity'.
[28May2026 14:49:38.747] [Worker-ResourceReload-6/WARN] [Mantle/]: Using deprecated 'luminosity' field on ColoredBlockModel color data for tconstruct:block/storage/queens_slime, this will be removed in 1.20 in favor of Forge's 'emissivity'.
[28May2026 14:49:38.783] [Worker-ResourceReload-6/WARN] [net.minecraft.client.resources.model.ModelManager/]: Missing textures in model supplementaries:rope_tomatoes#age=2,east=false,knot=true,north=false,ropelogged=false,south=true,west=false:
    minecraft:textures/atlas/blocks.png:farmersdelight:block/tomatoes_vine_stage0
    minecraft:textures/atlas/blocks.png:farmersdelight:block/tomatoes_vine_stage1
    minecraft:textures/atlas/blocks.png:farmersdelight:block/tomatoes_vine_stage2
    minecraft:textures/atlas/blocks.png:farmersdelight:block/tomatoes_vine_stage3
[28May2026 14:49:38.784] [Worker-ResourceReload-6/WARN] [net.minecraft.client.resources.model.ModelManager/]: Missing textures in model supplementaries:confetti_popper#inventory:
    minecraft:textures/atlas/blocks.png:supplementaries:party_hat/party_hat
[28May2026 14:49:38.784] [Worker-ResourceReload-6/WARN] [net.minecraft.client.resources.model.ModelManager/]: Missing textures in model enderio:dense_me_conduit#inventory:
    minecraft:textures/atlas/blocks.png:enderio:block/conduit/power1
[28May2026 14:49:38.784] [Worker-ResourceReload-6/WARN] [net.minecraft.client.resources.model.ModelManager/]: Missing textures in model enderio:ender_fluid_conduit#inventory:
    minecraft:textures/atlas/blocks.png:enderio:block/conduit/power1
[28May2026 14:49:38.784] [Worker-ResourceReload-6/WARN] [net.minecraft.client.resources.model.ModelManager/]: Missing textures in model enderio:pressurized_fluid_conduit#inventory:
    minecraft:textures/atlas/blocks.png:enderio:block/conduit/power1
[28May2026 14:49:38.784] [Worker-ResourceReload-6/WARN] [net.minecraft.client.resources.model.ModelManager/]: Missing textures in model supplementaries:stick_tomatoes#age=2,axis_x=false,axis_z=true,ropelogged=true:
    minecraft:textures/atlas/blocks.png:farmersdelight:block/tomatoes_vine_stage0
    minecraft:textures/atlas/blocks.png:farmersdelight:block/tomatoes_vine_stage1
    minecraft:textures/atlas/blocks.png:farmersdelight:block/tomatoes_vine_stage2
    minecraft:textures/atlas/blocks.png:farmersdelight:block/tomatoes_vine_stage3
[28May2026 14:49:38.784] [Worker-ResourceReload-6/WARN] [net.minecraft.client.resources.model.ModelManager/]: Missing textures in model enderio:redstone_conduit#inventory:
    minecraft:textures/atlas/blocks.png:enderio:block/conduit/power1
[28May2026 14:49:38.784] [Worker-ResourceReload-6/WARN] [net.minecraft.client.resources.model.ModelManager/]: Missing textures in model enderio:item_conduit#inventory:
    minecraft:textures/atlas/blocks.png:enderio:block/conduit/power1
[28May2026 14:49:38.784] [Worker-ResourceReload-6/WARN] [net.minecraft.client.resources.model.ModelManager/]: Missing textures in model supplementaries:tater_in_a_jar#inventory:
    minecraft:textures/atlas/blocks.png:quark:model/tiny_potato/default
[28May2026 14:49:38.784] [Worker-ResourceReload-6/WARN] [net.minecraft.client.resources.model.ModelManager/]: Missing textures in model createaddition:small_light_connector#facing=west,mode=push,powered=true,rotation=x_clockwise_180,variant=default:
    minecraft:textures/atlas/blocks.png:create:block/chute_block
[28May2026 14:49:38.784] [Worker-ResourceReload-6/WARN] [net.minecraft.client.resources.model.ModelManager/]: Missing textures in model enderio:energy_conduit#inventory:
    minecraft:textures/atlas/blocks.png:enderio:block/conduit/power1
[28May2026 14:49:38.784] [Worker-ResourceReload-6/WARN] [net.minecraft.client.resources.model.ModelManager/]: Missing textures in model enderio:me_conduit#inventory:
    minecraft:textures/atlas/blocks.png:enderio:block/conduit/power1
[28May2026 14:49:38.784] [Worker-ResourceReload-6/WARN] [net.minecraft.client.resources.model.ModelManager/]: Missing textures in model enderio:fluid_conduit#inventory:
    minecraft:textures/atlas/blocks.png:enderio:block/conduit/power1
[28May2026 14:49:43.667] [Render thread/ERROR] [Gregicality Rocketry/]: No key sky_objects in MapLike[{"world":"gcyr:venus","stars":{"fancy_count":0,"fast_count":0,"colored_stars":false,"daylight_visible":true},"sunset_color":"none","dimension_effects":{"type":"none"},"cloud_effects":"none","weather_effects":"none","horizon_angle":0}]
[28May2026 14:49:43.667] [Render thread/ERROR] [Gregicality Rocketry/]: Failed to load Gregicality Rocketry sky rendering assets from: "gcyr:gcyr/planet_assets/sky_renderers/venus.json"
java.lang.RuntimeException: No key sky_objects in MapLike[{"world":"gcyr:venus","stars":{"fancy_count":0,"fast_count":0,"colored_stars":false,"daylight_visible":true},"sunset_color":"none","dimension_effects":{"type":"none"},"cloud_effects":"none","weather_effects":"none","horizon_angle":0}]
	at com.mojang.serialization.DataResult.lambda$getOrThrow$5(DataResult.java:101) ~[datafixerupper-6.0.8.jar%2395!/:?]
	at com.mojang.datafixers.util.Either$Right.map(Either.java:99) ~[datafixerupper-6.0.8.jar%2395!/:?]
	at com.mojang.serialization.DataResult.getOrThrow(DataResult.java:93) ~[datafixerupper-6.0.8.jar%2395!/:?]
	at argent_matter.gcyr.data.loader.PlanetResources.m_6213_(PlanetResources.java:52) ~[gcyr-1.20.1-0.2.8.jar%23383!/:?]
	at net.minecraft.server.packs.resources.ResourceManagerReloadListener.m_10759_(ResourceManagerReloadListener.java:15) ~[client-1.20.1-20230612.114412-srg.jar%23481!/:?]
	at java.util.concurrent.CompletableFuture$UniRun.tryFire(CompletableFuture.java:787) ~[?:?]
	at java.util.concurrent.CompletableFuture$Completion.run(CompletableFuture.java:482) ~[?:?]
	at net.minecraft.server.packs.resources.SimpleReloadInstance.m_143940_(SimpleReloadInstance.java:69) ~[client-1.20.1-20230612.114412-srg.jar%23481!/:?]
	at net.minecraft.util.thread.BlockableEventLoop.m_6367_(BlockableEventLoop.java:156) ~[client-1.20.1-20230612.114412-srg.jar%23481!/:?]
	at net.minecraft.util.thread.ReentrantBlockableEventLoop.m_6367_(ReentrantBlockableEventLoop.java:23) ~[client-1.20.1-20230612.114412-srg.jar%23481!/:?]
	at net.minecraft.util.thread.BlockableEventLoop.m_7245_(BlockableEventLoop.java:130) ~[client-1.20.1-20230612.114412-srg.jar%23481!/:?]
	at net.minecraft.util.thread.BlockableEventLoop.m_18699_(BlockableEventLoop.java:115) ~[client-1.20.1-20230612.114412-srg.jar%23481!/:?]
	at net.minecraft.client.Minecraft.m_91383_(Minecraft.java:1106) ~[client-1.20.1-20230612.114412-srg.jar%23481!/:?]
	at net.minecraft.client.Minecraft.m_91374_(Minecraft.java:718) ~[client-1.20.1-20230612.114412-srg.jar%23481!/:?]
	at net.minecraft.client.main.Main.main(Main.java:218) ~[minecraft-1.20.1-client.jar:?]
	at jdk.internal.reflect.NativeMethodAccessorImpl.invoke0(Native Method) ~[?:?]
	at jdk.internal.reflect.NativeMethodAccessorImpl.invoke(NativeMethodAccessorImpl.java:77) ~[?:?]
	at jdk.internal.reflect.DelegatingMethodAccessorImpl.invoke(DelegatingMethodAccessorImpl.java:43) ~[?:?]
	at java.lang.reflect.Method.invoke(Method.java:569) ~[?:?]
	at net.minecraftforge.fml.loading.targets.CommonLaunchHandler.runTarget(CommonLaunchHandler.java:111) ~[fmlloader-1.20.1-47.4.10.jar:?]
	at net.minecraftforge.fml.loading.targets.CommonLaunchHandler.clientService(CommonLaunchHandler.java:99) ~[fmlloader-1.20.1-47.4.10.jar:?]
	at net.minecraftforge.fml.loading.targets.CommonClientLaunchHandler.lambda$makeService$0(CommonClientLaunchHandler.java:25) ~[fmlloader-1.20.1-47.4.10.jar:?]
	at cpw.mods.modlauncher.LaunchServiceHandlerDecorator.launch(LaunchServiceHandlerDecorator.java:30) ~[modlauncher-10.0.9.jar:?]
	at cpw.mods.modlauncher.LaunchServiceHandler.launch(LaunchServiceHandler.java:53) ~[modlauncher-10.0.9.jar:?]
	at cpw.mods.modlauncher.LaunchServiceHandler.launch(LaunchServiceHandler.java:71) ~[modlauncher-10.0.9.jar:?]
	at cpw.mods.modlauncher.Launcher.run(Launcher.java:108) ~[modlauncher-10.0.9.jar:?]
	at cpw.mods.modlauncher.Launcher.main(Launcher.java:78) ~[modlauncher-10.0.9.jar:?]
	at cpw.mods.modlauncher.BootstrapLaunchConsumer.accept(BootstrapLaunchConsumer.java:26) ~[modlauncher-10.0.9.jar:?]
	at cpw.mods.modlauncher.BootstrapLaunchConsumer.accept(BootstrapLaunchConsumer.java:23) ~[modlauncher-10.0.9.jar:?]
	at cpw.mods.bootstraplauncher.BootstrapLauncher.main(BootstrapLauncher.java:141) ~[bootstraplauncher-1.1.2.jar:?]
	at jdk.internal.reflect.NativeMethodAccessorImpl.invoke0(Native Method) ~[?:?]
	at jdk.internal.reflect.NativeMethodAccessorImpl.invoke(NativeMethodAccessorImpl.java:77) ~[?:?]
	at jdk.internal.reflect.DelegatingMethodAccessorImpl.invoke(DelegatingMethodAccessorImpl.java:43) ~[?:?]
	at java.lang.reflect.Method.invoke(Method.java:569) ~[?:?]
	at io.github.zekerzhayard.forgewrapper.installer.Main.main(Main.java:67) ~[?:?]
	at org.prismlauncher.launcher.impl.StandardLauncher.launch(StandardLauncher.java:115) ~[?:?]
	at org.prismlauncher.EntryPoint.listen(EntryPoint.java:129) ~[?:?]
	at org.prismlauncher.EntryPoint.main(EntryPoint.java:70) ~[?:?]
[28May2026 14:49:43.761] [Render thread/INFO] [Obscure Tooltips/]: Loaded 4 resources from tooltips/element/panel
[28May2026 14:49:43.765] [Render thread/INFO] [Obscure Tooltips/]: Loaded 3 resources from tooltips/element/frame
[28May2026 14:49:43.769] [Render thread/INFO] [Obscure Tooltips/]: Loaded 1 resources from tooltips/element/slot
[28May2026 14:49:43.775] [Render thread/INFO] [Obscure Tooltips/]: Loaded 4 resources from tooltips/element/icon
[28May2026 14:49:43.783] [Render thread/INFO] [Obscure Tooltips/]: Loaded 7 resources from tooltips/element/effect
[28May2026 14:49:43.786] [Render thread/INFO] [Obscure Tooltips/]: Loaded 6 resources from tooltips/style
[28May2026 14:49:43.792] [Render thread/INFO] [Obscure Tooltips/]: Loaded 6 resources from tooltips/definition
[28May2026 14:49:43.795] [Render thread/INFO] [Obscure Tooltips/]: Loaded 1 resources from tooltips/label
[28May2026 14:49:43.837] [Worker-ResourceReload-7/INFO] [net.blay09.mods.craftingtweaks.IMCHandler/]: craftingstation has registered tfar.craftingstation.CraftingStationMenu for CraftingTweaks via IMC
[28May2026 14:49:43.876] [Worker-ResourceReload-5/INFO] [net.xalcon.torchmaster.Torchmaster/]: Applying mega torch entity block list overrides...
[28May2026 14:49:43.877] [Worker-ResourceReload-5/INFO] [net.xalcon.torchmaster.Torchmaster/]: Applying dread lamp entity block list overrides...
[28May2026 14:49:43.879] [Worker-ResourceReload-8/INFO] [AttributeFix/]: Loaded values for 32 compatible attributes.
[28May2026 14:49:43.882] [Worker-ResourceReload-6/INFO] [STDOUT/]: [com.mrh0.createaddition.CreateAddition:postInit:136]: Create Crafts & Additions Initialized!
[28May2026 14:49:43.885] [Worker-ResourceReload-8/INFO] [AttributeFix/]: Loaded 32 values from config.
[28May2026 14:49:43.890] [Worker-ResourceReload-8/INFO] [AttributeFix/]: Saving config file. 32 entries.
[28May2026 14:49:43.890] [Worker-ResourceReload-8/INFO] [AttributeFix/]: Applying changes for 32 attributes.
[28May2026 14:49:43.931] [Worker-ResourceReload-7/INFO] [Jade/]: Start loading plugin at net.blay09.mods.balm.forge.compat.hudinfo.ForgeJadeModCompat
[28May2026 14:49:43.949] [Worker-ResourceReload-7/INFO] [Jade/]: Start loading plugin at com.blakebr0.extendedcrafting.compat.JadeCompat
[28May2026 14:49:43.953] [Worker-ResourceReload-7/INFO] [Jade/]: Start loading plugin at net.blay09.mods.cookingforblockheads.compat.ForgeJadeCookingForBlockheadsPlugin
[28May2026 14:49:43.955] [Worker-ResourceReload-7/INFO] [Jade/]: Start loading plugin at net.p3pp3rf1y.sophisticatedstorage.compat.jade.StorageJadePlugin
[28May2026 14:49:43.955] [Worker-ResourceReload-7/INFO] [Jade/]: Start loading plugin at xfacthd.framedblocks.common.compat.jade.FramedJadePlugin
[28May2026 14:49:43.956] [Worker-ResourceReload-7/INFO] [Jade/]: Start loading plugin at mcinterface1201.InterfaceJade
[28May2026 14:49:43.956] [Worker-ResourceReload-7/INFO] [Jade/]: Start loading plugin at dev.quarris.enigmaticgraves.compat.WailaCompat
[28May2026 14:49:43.957] [Worker-ResourceReload-7/INFO] [Jade/]: Start loading plugin at snownee.jade.addon.vanilla.VanillaPlugin
[28May2026 14:49:43.973] [Worker-ResourceReload-7/INFO] [Jade/]: Start loading plugin at snownee.jade.addon.universal.UniversalPlugin
[28May2026 14:49:43.976] [Worker-ResourceReload-7/INFO] [Jade/]: Start loading plugin at snownee.jade.addon.core.CorePlugin
[28May2026 14:49:43.979] [Worker-ResourceReload-7/INFO] [Jade/]: Start loading plugin at appeng.integration.modules.jade.JadeModule
[28May2026 14:49:43.993] [Worker-ResourceReload-7/INFO] [Jade/]: Start loading plugin at com.glodblock.github.extendedae.xmod.jade.JadePlugin
[28May2026 14:49:43.994] [Worker-ResourceReload-7/INFO] [Jade/]: Start loading plugin at com.gregtechceu.gtceu.integration.jade.GTJadePlugin
[28May2026 14:49:44.009] [Worker-ResourceReload-7/INFO] [Jade/]: Start loading plugin at net.neganote.gtutilities.integration.jade.UtilJadePlugin
[28May2026 14:49:44.010] [Worker-ResourceReload-7/INFO] [Jade/]: Start loading plugin at net.mehvahdjukaar.supplementaries.integration.JadeCompat
[28May2026 14:49:44.026] [Worker-ResourceReload-3/INFO] [PonderIndex/]: Registering Ponder Scenes took 158.2 ms
[28May2026 14:49:44.031] [Worker-ResourceReload-3/INFO] [PonderIndex/]: Registering Ponder Tags took 4.146 ms
[28May2026 14:49:45.090] [Render thread/WARN] [net.minecraftforge.fml.DeferredWorkQueue/LOADING]: Mod 'create' took 1.056 s to run a deferred task.
[28May2026 14:49:45.328] [Render thread/INFO] [defaultoptions/]: Loaded 166 default key bindings.
[28May2026 14:49:45.329] [Render thread/INFO] [defaultoptions/]: Applied 111 defaults to key mappings (0 keys were reconfigured).
[28May2026 14:49:45.330] [Render thread/INFO] [defaultoptions/]: Loaded default options for keymappings
[28May2026 14:49:45.454] [Render thread/WARN] [net.minecraft.client.sounds.SoundEngine/]: Missing sound for event: minecraft:item.goat_horn.play
[28May2026 14:49:45.455] [Render thread/WARN] [net.minecraft.client.sounds.SoundEngine/]: Missing sound for event: minecraft:entity.goat.screaming.horn_break
[28May2026 14:49:45.479] [Render thread/INFO] [com.mojang.blaze3d.audio.Library/]: OpenAL initialized on device Rubix22 Digital Stereo (IEC958)
[28May2026 14:49:45.480] [Render thread/INFO] [net.minecraft.client.sounds.SoundEngine/SOUNDS]: Sound engine started
[28May2026 14:49:45.587] [Render thread/INFO] [net.minecraft.client.renderer.texture.TextureAtlas/]: Created: 8192x4096x0 minecraft:textures/atlas/blocks.png-atlas
[28May2026 14:49:45.668] [Render thread/INFO] [net.minecraft.client.renderer.texture.TextureAtlas/]: Created: 512x512x0 minecraft:textures/atlas/signs.png-atlas
[28May2026 14:49:45.669] [Render thread/INFO] [net.minecraft.client.renderer.texture.TextureAtlas/]: Created: 512x512x0 minecraft:textures/atlas/banner_patterns.png-atlas
[28May2026 14:49:45.670] [Render thread/INFO] [net.minecraft.client.renderer.texture.TextureAtlas/]: Created: 512x512x0 minecraft:textures/atlas/shield_patterns.png-atlas
[28May2026 14:49:45.670] [Render thread/INFO] [net.minecraft.client.renderer.texture.TextureAtlas/]: Created: 2048x2048x0 minecraft:textures/atlas/armor_trims.png-atlas
[28May2026 14:49:45.676] [Render thread/INFO] [net.minecraft.client.renderer.texture.TextureAtlas/]: Created: 1024x1024x0 minecraft:textures/atlas/chest.png-atlas
[28May2026 14:49:45.678] [Render thread/INFO] [net.minecraft.client.renderer.texture.TextureAtlas/]: Created: 128x64x0 minecraft:textures/atlas/decorated_pot.png-atlas
[28May2026 14:49:45.678] [Render thread/INFO] [net.minecraft.client.renderer.texture.TextureAtlas/]: Created: 1024x512x0 minecraft:textures/atlas/shulker_boxes.png-atlas
[28May2026 14:49:45.679] [Render thread/INFO] [net.minecraft.client.renderer.texture.TextureAtlas/]: Created: 512x256x0 minecraft:textures/atlas/beds.png-atlas
[28May2026 14:49:45.801] [Render thread/WARN] [net.minecraft.client.renderer.ShaderInstance/]: Shader rendertype_entity_translucent_emissive could not find sampler named Sampler2 in the specified shader program.
[28May2026 14:49:45.843] [Render thread/WARN] [net.minecraft.client.renderer.ShaderInstance/]: Shader mts:mts_entity_lights could not find sampler named Sampler1 in the specified shader program.
[28May2026 14:49:45.843] [Render thread/WARN] [net.minecraft.client.renderer.ShaderInstance/]: Shader mts:mts_entity_lights could not find sampler named Sampler2 in the specified shader program.
[28May2026 14:49:45.843] [Render thread/WARN] [net.minecraft.client.renderer.ShaderInstance/]: Shader mts:mts_entity_lights could not find uniform named Light0_Direction in the specified shader program.
[28May2026 14:49:45.843] [Render thread/WARN] [net.minecraft.client.renderer.ShaderInstance/]: Shader mts:mts_entity_lights could not find uniform named Light1_Direction in the specified shader program.
[28May2026 14:49:45.843] [Render thread/WARN] [net.minecraft.client.renderer.ShaderInstance/]: Shader mts:mts_entity_cutout_noshadows could not find sampler named Sampler1 in the specified shader program.
[28May2026 14:49:45.843] [Render thread/WARN] [net.minecraft.client.renderer.ShaderInstance/]: Shader mts:mts_entity_cutout_noshadows could not find uniform named Light0_Direction in the specified shader program.
[28May2026 14:49:45.843] [Render thread/WARN] [net.minecraft.client.renderer.ShaderInstance/]: Shader mts:mts_entity_cutout_noshadows could not find uniform named Light1_Direction in the specified shader program.
[28May2026 14:49:45.855] [Render thread/WARN] [net.minecraft.client.renderer.ShaderInstance/]: Shader moonlight:text_alpha_color could not find sampler named Sampler2 in the specified shader program.
[28May2026 14:49:45.855] [Render thread/WARN] [net.minecraft.client.renderer.ShaderInstance/]: Shader moonlight:text_alpha_color could not find uniform named IViewRotMat in the specified shader program.
[28May2026 14:49:45.856] [Render thread/WARN] [net.minecraft.client.renderer.ShaderInstance/]: Shader gcyr:black_hole could not find uniform named GameTime in the specified shader program.
[28May2026 14:49:45.856] [Render thread/WARN] [net.minecraft.client.renderer.ShaderInstance/]: Shader gcyr:black_hole could not find uniform named ScreenSize in the specified shader program.
[28May2026 14:49:45.857] [Render thread/WARN] [net.minecraft.client.renderer.ShaderInstance/]: Shader gtmutils:rendertype_wormhole could not find uniform named GameTime in the specified shader program.
[28May2026 14:49:45.857] [Render thread/WARN] [net.minecraft.client.renderer.ShaderInstance/]: Shader gtmutils:rendertype_wormhole could not find uniform named ScrollSpeed in the specified shader program.
[28May2026 14:49:45.858] [Render thread/WARN] [net.minecraft.client.renderer.ShaderInstance/]: Shader supplementaries:static_noise could not find sampler named Sampler1 in the specified shader program.
[28May2026 14:49:45.859] [Render thread/WARN] [net.minecraft.client.renderer.ShaderInstance/]: Shader supplementaries:spherify could not find sampler named Sampler1 in the specified shader program.
[28May2026 14:49:45.859] [Render thread/WARN] [net.minecraft.client.renderer.ShaderInstance/]: Shader supplementaries:spherify could not find uniform named NoiseSpeed in the specified shader program.
[28May2026 14:49:45.859] [Render thread/WARN] [net.minecraft.client.renderer.ShaderInstance/]: Shader supplementaries:spherify could not find uniform named NoiseScale in the specified shader program.
[28May2026 14:49:45.859] [Render thread/WARN] [net.minecraft.client.renderer.ShaderInstance/]: Shader supplementaries:spherify could not find uniform named Intensity in the specified shader program.
[28May2026 14:49:45.859] [Render thread/WARN] [net.minecraft.client.renderer.ShaderInstance/]: Shader supplementaries:spherify could not find uniform named CameraPos in the specified shader program.
[28May2026 14:49:45.871] [Render thread/INFO] [net.minecraft.client.renderer.texture.TextureAtlas/]: Created: 2048x2048x0 minecraft:textures/atlas/particles.png-atlas
[28May2026 14:49:45.876] [Render thread/INFO] [net.minecraft.client.renderer.texture.TextureAtlas/]: Created: 512x512x0 minecraft:textures/atlas/paintings.png-atlas
[28May2026 14:49:45.877] [Render thread/INFO] [net.minecraft.client.renderer.texture.TextureAtlas/]: Created: 256x128x0 minecraft:textures/atlas/mob_effects.png-atlas
[28May2026 14:49:45.878] [Render thread/INFO] [net.minecraft.client.renderer.texture.TextureAtlas/]: Created: 512x256x0 codechickenlib:textures/atlas/gui.png-atlas
[28May2026 14:49:45.880] [Render thread/INFO] [Tooltip Overhaul/]: Found 6 frame configs in TooltipOverhaul config
[28May2026 14:49:45.882] [Render thread/INFO] [Tooltip Overhaul/]: Found 1 custom frame config files from resource packs
[28May2026 14:49:45.882] [Render thread/INFO] [Tooltip Overhaul/]: Loaded 81 custom frame entries total
[28May2026 14:49:45.882] [Render thread/INFO] [Tooltip Overhaul/]: 81 frames have been loaded!
[28May2026 14:49:45.906] [Render thread/INFO] [flywheel/backend/shaders/]: Loaded 77 shader sources in 19.564 ms
[28May2026 14:49:45.932] [Render thread/INFO] [slimeknights.mantle.fluid.tooltip.FluidTooltipHandler/]: Loaded 18 fluid unit lists in 0.371563 ms
[28May2026 14:49:45.936] [Render thread/INFO] [Mantle/]: Finished loading 1204 Block entity fluids in 3.610627 ms
[28May2026 14:49:45.938] [Render thread/INFO] [Mantle/]: Finished loading 0 Block entity items in 2.061012 ms
[28May2026 14:49:45.941] [Render thread/INFO] [Mantle/]: Finished loading 964 Block entity items in 2.719065 ms
[28May2026 14:49:46.499] [Render thread/WARN] [Embeddium-MixinTaintDetector/]: Mod(s) [oculus] are modifying Embeddium class me.jellysquid.mods.sodium.client.gl.device.GLRenderDevice$ImmediateDrawCommandList, which may cause instability.
[28May2026 14:49:46.502] [Render thread/INFO] [patchouli/]: BookContentResourceListenerLoader preloaded 360 jsons
[28May2026 14:49:47.303] [Render thread/INFO] [ModernFix/]: Deduplicated ResourcefulLib highlights (10826 points, 19113 lines)
[28May2026 14:49:47.303] [Render thread/INFO] [net.minecraft.client.renderer.texture.TextureAtlas/]: Created: 128x128x0 computercraft:textures/atlas/gui.png-atlas
[28May2026 14:49:47.303] [Render thread/INFO] [net.minecraft.client.renderer.texture.TextureAtlas/]: Created: 512x256x0 polylib:textures/atlas/gui.png-atlas
[28May2026 14:49:47.309] [Render thread/INFO] [xaero.lib.XaeroLib/]: Successfully reloaded the XaeroLib shaders!
[28May2026 14:49:47.315] [Render thread/INFO] [com.simibubi.create.Create/]: Loaded 57 train hat configurations.
[28May2026 14:49:47.317] [Render thread/INFO] [guideme.internal.GuideReloadListener/]: Data driven guides: []
[28May2026 14:49:47.320] [Render thread/INFO] [net.minecraft.client.renderer.texture.TextureAtlas/]: Created: 128x64x0 guideme:textures/atlas/gui.png-atlas
[28May2026 14:49:47.330] [Render thread/INFO] [tconstruct/]: Loaded 3 armor models in 2.964457 ms
[28May2026 14:49:47.334] [Render thread/INFO] [Mantle/]: Finished loading 712 Faucet Fluids in 2.8122 ms
[28May2026 14:49:47.336] [Render thread/INFO] [Mantle/]: Finished loading 2 Channel fluids in 2.447298 ms
[28May2026 14:49:47.336] [Render thread/INFO] [net.minecraft.client.renderer.texture.TextureAtlas/]: Created: 256x256x0 moonlight:textures/atlas/map_markers.png-atlas
[28May2026 14:49:47.343] [Render thread/INFO] [net.minecraft.client.renderer.texture.TextureAtlas/]: Created: 128x128x0 enderio:textures/atlas/conduit_icons.png-atlas
[28May2026 14:49:47.347] [Render thread/INFO] [YetAnotherConfigLib/]: Successfully loaded image 'supplementaries:textures/block/gottem.gif'
[28May2026 14:49:47.348] [Render thread/INFO] [YetAnotherConfigLib/]: Successfully loaded image 'vista:textures/cassette_tape/axolotl.gif'
[28May2026 14:49:47.348] [Render thread/INFO] [YetAnotherConfigLib/]: Successfully loaded image 'vista:textures/cassette_tape/block_wave.gif'
[28May2026 14:49:47.349] [Render thread/INFO] [YetAnotherConfigLib/]: Successfully loaded image 'vista:textures/cassette_tape/channel_2.gif'
[28May2026 14:49:47.349] [Render thread/INFO] [YetAnotherConfigLib/]: Successfully loaded image 'vista:textures/cassette_tape/chicken_jokey.gif'
[28May2026 14:49:47.350] [Render thread/INFO] [YetAnotherConfigLib/]: Successfully loaded image 'vista:textures/cassette_tape/frogs.gif'
[28May2026 14:49:47.351] [Render thread/INFO] [YetAnotherConfigLib/]: Successfully loaded image 'vista:textures/cassette_tape/mc_98.gif'
[28May2026 14:49:47.351] [Render thread/INFO] [YetAnotherConfigLib/]: Successfully loaded image 'vista:textures/cassette_tape/space_sniffer.gif'
[28May2026 14:49:47.351] [Render thread/INFO] [YetAnotherConfigLib/]: Successfully loaded image 'vista:textures/cassette_tape/steve_headspin.gif'
[28May2026 14:49:47.352] [Render thread/INFO] [YetAnotherConfigLib/]: Successfully loaded image 'vista:textures/cassette_tape/tenna.gif'
[28May2026 14:49:47.462] [Render thread/INFO] [Oculus/]: Creating pipeline for dimension NamespacedId{namespace='minecraft', name='overworld'}
[28May2026 14:49:47.524] [Render thread/INFO] [Embeddium/]: Block minecraft:large_fern had its color provider replaced and will not use per-vertex coloring
[28May2026 14:49:47.524] [Render thread/INFO] [Embeddium/]: Block minecraft:tall_grass had its color provider replaced and will not use per-vertex coloring
[28May2026 14:49:47.524] [Render thread/INFO] [Embeddium/]: Block minecraft:grass_block had its color provider replaced and will not use per-vertex coloring
[28May2026 14:49:47.524] [Render thread/INFO] [Embeddium/]: Block minecraft:fern had its color provider replaced and will not use per-vertex coloring
[28May2026 14:49:47.524] [Render thread/INFO] [Embeddium/]: Block minecraft:grass had its color provider replaced and will not use per-vertex coloring
[28May2026 14:49:47.524] [Render thread/INFO] [Embeddium/]: Block minecraft:potted_fern had its color provider replaced and will not use per-vertex coloring
[28May2026 14:49:47.525] [Render thread/INFO] [Embeddium/]: Block minecraft:sugar_cane had its color provider replaced and will not use per-vertex coloring
[28May2026 14:49:47.525] [Render thread/INFO] [Embeddium/]: Block minecraft:spruce_leaves had its color provider replaced and will not use per-vertex coloring
[28May2026 14:49:47.525] [Render thread/INFO] [Embeddium/]: Block minecraft:birch_leaves had its color provider replaced and will not use per-vertex coloring
[28May2026 14:49:47.525] [Render thread/INFO] [Embeddium/]: Block minecraft:oak_leaves had its color provider replaced and will not use per-vertex coloring
[28May2026 14:49:47.525] [Render thread/INFO] [Embeddium/]: Block minecraft:jungle_leaves had its color provider replaced and will not use per-vertex coloring
[28May2026 14:49:47.525] [Render thread/INFO] [Embeddium/]: Block minecraft:acacia_leaves had its color provider replaced and will not use per-vertex coloring
[28May2026 14:49:47.525] [Render thread/INFO] [Embeddium/]: Block minecraft:dark_oak_leaves had its color provider replaced and will not use per-vertex coloring
[28May2026 14:49:47.525] [Render thread/INFO] [Embeddium/]: Block minecraft:vine had its color provider replaced and will not use per-vertex coloring
[28May2026 14:49:47.987] [Render thread/INFO] [dev.kostromdan.mods.crash_assistant.common_config.mod_list.ModListUtils/]: Parsed 168 mod(s) metadata in 457 ms
[28May2026 14:49:47.989] [Render thread/INFO] [dev.kostromdan.mods.crash_assistant.common_config.mod_list.ModListUtils/]: Modlist saved to config/crash_assistant/modlist.json
[28May2026 14:49:49.405] [Render thread/WARN] [ModernFix/]: Game took 50.634 seconds to start
[28May2026 14:49:49.496] [Render thread/INFO] [STDOUT/]: [earth.terrarium.botarium.common.energy.EnergyApi:finalizeItemRegistration:54]: Finalizing energy item registration
[28May2026 14:49:49.497] [Render thread/INFO] [STDOUT/]: [earth.terrarium.botarium.common.fluid.FluidApi:finalizeItemRegistration:55]: Finalizing fluid item registration
[28May2026 14:49:49.502] [Render thread/WARN] [Embeddium-MixinTaintDetector/]: Mod(s) [oculus] are modifying Embeddium class me.jellysquid.mods.sodium.client.render.immediate.model.BakedModelEncoder, which may cause instability.
[28May2026 14:57:30.426] [Render thread/WARN] [mixin/]: Static binding violation: PRIVATE @Overwrite method m_215924_ in modernfix-modernfix.mixins.json:perf.tag_id_caching.TagEntryMixin cannot reduce visibiliy of PUBLIC target method, visibility will be upgraded.
[28May2026 14:57:30.546] [Render thread/INFO] [com.simibubi.create.Create/]: Created 261 recipes which will be injected into the game
[28May2026 14:57:30.548] [Render thread/INFO] [com.simibubi.create.Create/]: Created 1 tags which will be injected into the game
[28May2026 14:57:30.597] [Render thread/INFO] [slimeknights.tconstruct.data.pack.DynamicAdvancementProviderRunner/]: Captured 42 dynamic advancement resources from 1 providers for tconstruct-advancements in 41.033596 ms
[28May2026 14:57:30.613] [Render thread/INFO] [slimeknights.tconstruct.data.pack.DynamicDataProviderRunner/]: Captured 269 dynamic data resources from 3 providers for tconstruct-materials in 12.367797 ms
[28May2026 14:57:30.711] [Render thread/INFO] [slimeknights.tconstruct.data.pack.DynamicDataProviderRunner/]: Captured 398 dynamic data resources from 6 providers for tconstruct-tinkering in 85.02968 ms
[28May2026 14:57:30.791] [Render thread/INFO] [slimeknights.tconstruct.data.pack.DynamicDataProviderRunner/]: Captured 907 dynamic data resources from 11 providers for tconstruct-tags in 52.113457 ms
[28May2026 14:57:30.913] [Render thread/INFO] [slimeknights.tconstruct.data.pack.DynamicRecipeProviderRunner/]: Captured 3339 dynamic recipe resources from 8 providers for tconstruct-recipes in 97.99983 ms
[28May2026 14:57:31.021] [Render thread/INFO] [GregTechCEu/]: Did not find bolt for bisalloy_400, skipping wirecutter recipe
[28May2026 14:57:32.813] [Render thread/ERROR] [GregTechCEu/]: Tried to set output item stack that doesn't exist, id: gtceu:bend_magnetic_iron_plate_to_foil, TagPrefix: foil, Material: gtceu:iron, Count: 4
[28May2026 14:57:32.813] [Render thread/ERROR] [GregTechCEu/]: Tried to set output item stack that doesn't exist, id: gtceu:bend_magnetic_iron_ingot_to_foil, TagPrefix: foil, Material: gtceu:iron, Count: 4
[28May2026 14:57:34.414] [Render thread/INFO] [tconstruct-GTConstructFluid/]: Initializing Tinkers' Construct fluid mappings via reflection...
[28May2026 14:57:34.414] [Render thread/INFO] [tconstruct-GTConstructFluid/]: Successfully initialized 74 Tinkers' Construct fluid mappings.
[28May2026 14:57:34.415] [Render thread/INFO] [tconstruct-GTRecipes/]: Registering hardcoded special/hot fluid recipes...
[28May2026 14:57:34.456] [Render thread/WARN] [GregTechCEu/]: Recipe gtceu:iridium_chloride_separation is trying to add more outputs than its recipe type can support, Max item outputs: 2
[28May2026 14:57:34.499] [Render thread/ERROR] [GregTechCEu/]: EUt can't be explicitly set to 0, id: gcyr:gasoline
[28May2026 14:57:34.499] [Render thread/ERROR] [GregTechCEu/]: EUt can't be explicitly set to 0, id: gcyr:diesel
[28May2026 14:57:35.342] [Render thread/INFO] [GregTechCEu/]: Registering dungeon loot...
[28May2026 14:57:35.347] [Render thread/INFO] [GregTechCEu/]: GregTech Data loading took 4433ms
[28May2026 14:57:35.348] [Render thread/INFO] [electrolyte.greate.Greate/]: Generating Dynamic Tags...
[28May2026 14:57:35.348] [Render thread/INFO] [electrolyte.greate.Greate/]: Finished generating 200 dynamic tags.
[28May2026 14:57:35.378] [Render thread/INFO] [net.minecraft.server.MinecraftServer/]: Found new data pack Disables granit, etc., loading it automatically
[28May2026 14:57:35.378] [Render thread/INFO] [net.minecraft.server.MinecraftServer/]: Found new data pack Expanded Ecosphere Default World Gen, loading it automatically
[28May2026 14:57:35.378] [Render thread/INFO] [net.minecraft.server.MinecraftServer/]: Found new data pack Supplementaries Generated Pack, loading it automatically
[28May2026 14:57:35.378] [Render thread/INFO] [net.minecraft.server.MinecraftServer/]: Found new data pack create:dynamic_data, loading it automatically
[28May2026 14:57:35.378] [Render thread/INFO] [net.minecraft.server.MinecraftServer/]: Found new data pack generated/fragmentum_layer, loading it automatically
[28May2026 14:57:35.378] [Render thread/INFO] [net.minecraft.server.MinecraftServer/]: Found new data pack greate:dynamic_data, loading it automatically
[28May2026 14:57:35.378] [Render thread/INFO] [net.minecraft.server.MinecraftServer/]: Found new data pack gtceu:dynamic_data, loading it automatically
[28May2026 14:57:35.378] [Render thread/INFO] [net.minecraft.server.MinecraftServer/]: Found new data pack lithostitched/breaks_seed_parity, loading it automatically
[28May2026 14:57:35.378] [Render thread/INFO] [net.minecraft.server.MinecraftServer/]: Found new data pack tconstruct:dynamic_data, loading it automatically
[28May2026 14:57:36.070] [Render thread/INFO] [KubeJS/]: Added bindings for script type SERVER from mod 'almostunified': [AlmostUnified]
[28May2026 14:57:36.073] [Render thread/INFO] [KubeJS Server/]: Loaded script server_scripts:torchmaster.js in 0.002 s
[28May2026 14:57:36.073] [Render thread/INFO] [KubeJS Server/]: Loaded script server_scripts:gregtech/temporary_fixes.js in 0.0 s
[28May2026 14:57:36.074] [Render thread/INFO] [KubeJS Server/]: Loaded script server_scripts:gregtech/components.js in 0.001 s
[28May2026 14:57:36.075] [Render thread/INFO] [KubeJS Server/]: Loaded script server_scripts:gregtech/void_air.js in 0.001 s
[28May2026 14:57:36.075] [Render thread/INFO] [KubeJS Server/]: Loaded script server_scripts:gregtech/machines.js in 0.0 s
[28May2026 14:57:36.077] [Render thread/INFO] [KubeJS Server/]: Loaded script server_scripts:gregtech/wood_unification.js in 0.002 s
[28May2026 14:57:36.079] [Render thread/INFO] [KubeJS Server/]: Loaded script server_scripts:gregtech/greenhouse.js in 0.002 s
[28May2026 14:57:36.082] [Render thread/INFO] [KubeJS Server/]: Loaded script server_scripts:fixes_tweaks/ore_smelting.js in 0.003 s
[28May2026 14:57:36.085] [Render thread/INFO] [KubeJS Server/]: Loaded script server_scripts:fixes_tweaks/Starting_Items.js in 0.002 s
[28May2026 14:57:36.085] [Render thread/INFO] [KubeJS Server/]: Loaded script server_scripts:fixes_tweaks/omnibreaker_retier.js in 0.0 s
[28May2026 14:57:36.087] [Render thread/INFO] [KubeJS Server/]: mods/advanced_peripherals.js#8: Advanced peripherals found, loading compat scripts...
[28May2026 14:57:36.087] [Render thread/INFO] [KubeJS Server/]: mods/advanced_peripherals.js#140: Advacned peripherals compat scripts successfully loaded!
[28May2026 14:57:36.087] [Render thread/INFO] [KubeJS Server/]: Loaded script server_scripts:mods/advanced_peripherals.js in 0.002 s
[28May2026 14:57:36.092] [Render thread/INFO] [KubeJS Server/]: Loaded script server_scripts:mods/Ad_Astra.js in 0.005 s
[28May2026 14:57:36.093] [Render thread/INFO] [KubeJS Server/]: mods/computercraft.js#5: Computercraft Tweaked found, loading compat scripts...
[28May2026 14:57:36.093] [Render thread/INFO] [KubeJS Server/]: mods/computercraft.js#200: Computercraft Tweaked compat scripts successfully loaded!
[28May2026 14:57:36.093] [Render thread/INFO] [KubeJS Server/]: Loaded script server_scripts:mods/computercraft.js in 0.001 s
[28May2026 14:57:36.094] [Render thread/INFO] [KubeJS Server/]: Loaded script server_scripts:mods/buildinggadgets2.js in 0.001 s
[28May2026 14:57:36.097] [Render thread/INFO] [KubeJS Server/]: Loaded script server_scripts:mods/iron_jetpacks.js in 0.002 s
[28May2026 14:57:36.098] [Render thread/INFO] [KubeJS Server/]: Loaded script server_scripts:mods/Packaged_Auto.js in 0.001 s
[28May2026 14:57:36.102] [Render thread/INFO] [KubeJS Server/]: Loaded script server_scripts:mods/EnderIO.js in 0.004 s
[28May2026 14:57:36.105] [Render thread/INFO] [KubeJS Server/]: mods/createdeco.js#5: createdeco found and scripts loaded
[28May2026 14:57:36.105] [Render thread/INFO] [KubeJS Server/]: Loaded script server_scripts:mods/createdeco.js in 0.003 s
[28May2026 14:57:36.106] [Render thread/INFO] [KubeJS Server/]: Loaded script server_scripts:mods/kubeJS.js in 0.001 s
[28May2026 14:57:36.109] [Render thread/INFO] [KubeJS Server/]: Loaded script server_scripts:mods/NuclearCraft.js in 0.003 s
[28May2026 14:57:36.110] [Render thread/INFO] [KubeJS Server/]: Loaded script server_scripts:mods/gregtech.js in 0.001 s
[28May2026 14:57:36.112] [Render thread/INFO] [KubeJS Server/]: mods/create_steamandrails.js#6: Create: Steam and Rails found, loading compat script...
[28May2026 14:57:36.112] [Render thread/INFO] [KubeJS Server/]: mods/create_steamandrails.js#269: Create: Steam and Rails compat script successfully loaded!
[28May2026 14:57:36.112] [Render thread/INFO] [KubeJS Server/]: Loaded script server_scripts:mods/create_steamandrails.js in 0.002 s
[28May2026 14:57:36.112] [Render thread/INFO] [KubeJS Server/]: Loaded script server_scripts:mods/framedblocks.js in 0.0 s
[28May2026 14:57:36.118] [Render thread/INFO] [KubeJS Server/]: Loaded script server_scripts:mods/AE2.js in 0.006 s
[28May2026 14:57:36.119] [Render thread/INFO] [KubeJS Server/]: Loaded script server_scripts:appliedenergistics2/terminals.js in 0.001 s
[28May2026 14:57:36.119] [Render thread/INFO] [KubeJS Server/]: Loaded script server_scripts:appliedenergistics2/certus_quartz.js in 0.0 s
[28May2026 14:57:36.119] [Render thread/INFO] [KubeJS Server/]: Loaded script server_scripts:appliedenergistics2/portable_cells.js in 0.0 s
[28May2026 14:57:36.120] [Render thread/INFO] [KubeJS Server/]: Loaded script server_scripts:appliedenergistics2/ae2wtlib.js in 0.001 s
[28May2026 14:57:36.121] [Render thread/INFO] [KubeJS Server/]: Loaded script server_scripts:appliedenergistics2/extendedae2.js in 0.001 s
[28May2026 14:57:36.121] [Render thread/INFO] [KubeJS Server/]: Loaded script server_scripts:appliedenergistics2/cards.js in 0.0 s
[28May2026 14:57:36.121] [Render thread/INFO] [KubeJS Server/]: Loaded script server_scripts:appliedenergistics2/molecular_assemblers.js in 0.0 s
[28May2026 14:57:36.122] [Render thread/INFO] [KubeJS Server/]: Loaded script server_scripts:appliedenergistics2/ae2.js in 0.001 s
[28May2026 14:57:36.123] [Render thread/INFO] [KubeJS Server/]: Loaded script server_scripts:appliedenergistics2/cells.js in 0.001 s
[28May2026 14:57:36.123] [Render thread/INFO] [KubeJS Server/]: Loaded script server_scripts:appliedenergistics2/inter_providers.js in 0.0 s
[28May2026 14:57:36.123] [Render thread/INFO] [KubeJS Server/]: Loaded script server_scripts:appliedenergistics2/removals.js in 0.0 s
[28May2026 14:57:36.124] [Render thread/INFO] [KubeJS Server/]: Loaded script server_scripts:appliedenergistics2/patterns.js in 0.001 s
[28May2026 14:57:36.124] [Render thread/INFO] [KubeJS Server/]: Loaded script server_scripts:appliedenergistics2/cables.js in 0.0 s
[28May2026 14:57:36.125] [Render thread/INFO] [KubeJS Server/]: Loaded script server_scripts:appliedenergistics2/storage_parts.js in 0.001 s
[28May2026 14:57:36.125] [Render thread/INFO] [KubeJS Server/]: Loaded script server_scripts:appliedenergistics2/inscriber.js in 0.0 s
[28May2026 14:57:36.125] [Render thread/INFO] [KubeJS Server/]: Loaded script server_scripts:appliedenergistics2/pressing.js in 0.0 s
[28May2026 14:57:36.125] [Render thread/INFO] [KubeJS Server/]: Loaded script server_scripts:appliedenergistics2/crafting_storage.js in 0.0 s
[28May2026 14:57:36.126] [Render thread/INFO] [KubeJS Server/]: Loaded script server_scripts:storage_drawers/drawers.js in 0.001 s
[28May2026 14:57:36.127] [Render thread/INFO] [KubeJS Server/]: Loaded script server_scripts:storage_drawers/upgrades.js in 0.001 s
[28May2026 14:57:36.127] [Render thread/INFO] [KubeJS Server/]: Loaded script server_scripts:open_blocks/elevator.js in 0.0 s
[28May2026 14:57:36.127] [Render thread/INFO] [KubeJS Server/]: Loaded script server_scripts:open_blocks/hang_glider.js in 0.0 s
[28May2026 14:57:36.129] [Render thread/INFO] [KubeJS Server/]: Loaded script server_scripts:sophisticated_backpacks/upgrades.js in 0.001 s
[28May2026 14:57:36.129] [Render thread/INFO] [KubeJS Server/]: Loaded script server_scripts:sophisticated_backpacks/backpacks.js in 0.0 s
[28May2026 14:57:36.131] [Render thread/INFO] [KubeJS Server/]: Loaded script server_scripts:aa_planet_resources.js in 0.001 s
[28May2026 14:57:36.131] [Render thread/INFO] [KubeJS Server/]: Loaded script server_scripts:Extended_Crafting_Recipes.js in 0.0 s
[28May2026 14:57:36.131] [Render thread/INFO] [KubeJS Server/]: Loaded script server_scripts:vanilla/vanilla.js in 0.0 s
[28May2026 14:57:36.131] [Render thread/INFO] [KubeJS Server/]: Loaded script server_scripts:vanilla/loot_drops.js in 0.0 s
[28May2026 14:57:36.132] [Render thread/INFO] [KubeJS Server/]: Loaded script server_scripts:miscellaneous.js in 0.001 s
[28May2026 14:57:36.132] [Render thread/INFO] [KubeJS Server/]: Loaded script server_scripts:removals.js in 0.0 s
[28May2026 14:57:36.132] [Render thread/INFO] [KubeJS Server/]: Loaded script server_scripts:ender_storage.js in 0.0 s
[28May2026 14:57:36.132] [Render thread/INFO] [KubeJS Server/]: Loaded script server_scripts:building/building_blocks.js in 0.0 s
[28May2026 14:57:36.134] [Render thread/INFO] [KubeJS Server/]: Loaded script server_scripts:building/architects_palette.js in 0.001 s
[28May2026 14:57:36.134] [Render thread/INFO] [KubeJS Server/]: Loaded script server_scripts:building/building_gadgets.js in 0.0 s
[28May2026 14:57:36.134] [Render thread/INFO] [KubeJS Server/]: Loaded script server_scripts:building/xtones.js in 0.0 s
[28May2026 14:57:36.134] [Render thread/INFO] [KubeJS Server/]: Loaded script server_scripts:tags/items.js in 0.0 s
[28May2026 14:57:36.135] [Render thread/INFO] [KubeJS Server/]: Loaded script server_scripts:tags/ae2.js in 0.001 s
[28May2026 14:57:36.135] [Render thread/INFO] [KubeJS Server/]: Loaded script server_scripts:tags/blocks.js in 0.0 s
[28May2026 14:57:36.135] [Render thread/INFO] [KubeJS Server/]: Loaded script server_scripts:tags/gregtech.js in 0.0 s
[28May2026 14:57:36.135] [Render thread/INFO] [KubeJS Server/]: Loaded 62/62 KubeJS server scripts in 0.083 s with 0 errors and 0 warnings
[28May2026 14:57:36.135] [Render thread/INFO] [KubeJS Server/]: Scripts loaded
[28May2026 14:57:36.141] [Render thread/INFO] [KubeJS Server/]: Initializing recipe event...
[28May2026 14:57:36.143] [Render thread/INFO] [Moonlight/]: Starting runtime resource generation for pack type SERVER_DATA with generators from mods [vista, supplementaries, supplementaries, moonlight]: [net.mehvahdjukaar.supplementaries.dynamicpack.ServerDynamicResourcesGenerator@4059d325]
[28May2026 14:57:36.143] [Render thread/INFO] [Moonlight/]: Generating runtime assets for pack Supplementaries Generated Pack (supplementaries)
[28May2026 14:57:36.162] [Render thread/INFO] [Supplementaries/]: Generated runtime SERVER_DATA for pack Supplementaries Generated Pack (supplementaries) in: 18 ms (multithreaded)
[28May2026 14:57:36.162] [Render thread/INFO] [Moonlight/]: Finished runtime resources generation for 4 packs in a total of 18 ms
[28May2026 14:57:37.327] [Render thread/INFO] [AE2:C/]: Scanning class appeng.server.testplots.TestPlots for plots
[28May2026 14:57:37.330] [Render thread/INFO] [AE2:C/]: Scanning class appeng.server.testplots.AutoCraftingTestPlots for plots
[28May2026 14:57:37.330] [Render thread/INFO] [AE2:C/]: Scanning class appeng.server.testplots.InscriberTestPlots for plots
[28May2026 14:57:37.337] [Render thread/INFO] [AE2:C/]: Scanning class appeng.server.testplots.P2PTestPlots for plots
[28May2026 14:57:37.337] [Render thread/INFO] [AE2:C/]: Scanning class appeng.server.testplots.ItemP2PTestPlots for plots
[28May2026 14:57:37.337] [Render thread/INFO] [AE2:C/]: Scanning class appeng.server.testplots.MemoryCardTestPlots for plots
[28May2026 14:57:37.337] [Render thread/INFO] [AE2:C/]: Scanning class appeng.server.testplots.PatternProviderLockModePlots for plots
[28May2026 14:57:37.338] [Render thread/INFO] [AE2:C/]: Scanning class appeng.server.testplots.PatternProviderPlots for plots
[28May2026 14:57:37.338] [Render thread/INFO] [AE2:C/]: Scanning class appeng.server.testplots.SpatialTestPlots for plots
[28May2026 14:57:37.338] [Render thread/INFO] [AE2:C/]: Scanning class appeng.server.testplots.QnbTestPlots for plots
[28May2026 14:57:37.338] [Render thread/INFO] [AE2:C/]: Scanning class appeng.server.testplots.GuidebookPlot for plots
[28May2026 14:57:37.338] [Render thread/INFO] [AE2:C/]: Scanning class appeng.server.testplots.SubnetPlots for plots
[28May2026 14:57:37.338] [Render thread/INFO] [AE2:C/]: Scanning class appeng.server.testplots.ChannelTests for plots
[28May2026 14:57:37.338] [Render thread/INFO] [AE2:C/]: Scanning class appeng.server.testplots.AnnihilationPlaneTests for plots
[28May2026 14:57:37.338] [Render thread/INFO] [AE2:C/]: Scanning class de.mari_023.ae2wtlib.AE2WTLibTestPlots for plots
[28May2026 14:57:37.498] [Worker-ResourceReload-15/INFO] [KubeJS Server/]: [minecraft:fluid] Found 1200 tags, added 1 objects, removed 0 objects
[28May2026 14:57:37.507] [Worker-ResourceReload-15/ERROR] [net.minecraft.tags.TagLoader/]: Couldn't load tag forge:fissile_fuel as it is missing following references: nuclearcraft:fissile_fuel (from NuclearCraft-1.20.1-1.2.23.jar)
[28May2026 14:57:37.508] [Worker-ResourceReload-15/ERROR] [net.minecraft.tags.TagLoader/]: Couldn't load tag forge:molten_fissile_fuel as it is missing following references: nuclearcraft:fissile_fuel (from NuclearCraft-1.20.1-1.2.23.jar)
[28May2026 14:57:37.512] [Worker-ResourceReload-15/ERROR] [net.minecraft.tags.TagLoader/]: Couldn't load tag forge:spent_nuclear_waste as it is missing following references: nuclearcraft:spent_nuclear_waste (from NuclearCraft-1.20.1-1.2.23.jar)
[28May2026 14:57:37.512] [Worker-ResourceReload-15/ERROR] [net.minecraft.tags.TagLoader/]: Couldn't load tag forge:molten_spent_nuclear_waste as it is missing following references: nuclearcraft:spent_nuclear_waste (from NuclearCraft-1.20.1-1.2.23.jar)
[28May2026 14:57:37.513] [Worker-ResourceReload-15/ERROR] [net.minecraft.tags.TagLoader/]: Couldn't load tag forge:nuclear_waste as it is missing following references: nuclearcraft:nuclear_waste (from NuclearCraft-1.20.1-1.2.23.jar)
[28May2026 14:57:37.516] [Worker-ResourceReload-15/ERROR] [net.minecraft.tags.TagLoader/]: Couldn't load tag forge:molten_nuclear_waste as it is missing following references: nuclearcraft:nuclear_waste (from NuclearCraft-1.20.1-1.2.23.jar)
[28May2026 14:57:37.544] [Worker-ResourceReload-12/INFO] [Mantle/]: Loaded 21 loot table injectors injecting into 19 tables in 23.260271 ms
[28May2026 14:57:37.690] [Worker-ResourceReload-13/INFO] [KubeJS Server/]: [minecraft:block] Found 1451 tags, added 4 objects, removed 0 objects
[28May2026 14:57:37.735] [Worker-ResourceReload-16/INFO] [KubeJS Server/]: [minecraft:item] Found 6414 tags, added 87 objects, removed 5 objects
[28May2026 14:57:37.737] [Worker-ResourceReload-13/ERROR] [net.minecraft.tags.TagLoader/]: Couldn't load tag gcyr:passes_flood_fill as it is missing following references: gcyr:uev_oxygen_spreader (from gcyr-1.20.1-0.2.8.jar), 
	gcyr:uiv_oxygen_spreader (from gcyr-1.20.1-0.2.8.jar), 
	gcyr:uxv_oxygen_spreader (from gcyr-1.20.1-0.2.8.jar), 
	gcyr:opv_oxygen_spreader (from gcyr-1.20.1-0.2.8.jar)
[28May2026 14:57:37.843] [Worker-ResourceReload-16/WARN] [AlmostUnified/]: The following tags are invalid and will be ignored: [forge:rods/aeternium, forge:gears/mithril, forge:gears/platinum, forge:dusts/mithril, forge:raw_materials/signalum, forge:ingots/cinnabar, forge:dusts/elementium, forge:ores/bitumen, forge:raw_materials/osmium, forge:ores/steel, forge:storage_blocks/raw_invar, forge:storage_blocks/raw_obsidian, forge:nuggets/apatite, forge:storage_blocks/raw_bitumen, forge:gems/silver, forge:gems/aluminum, forge:rods/peridot, forge:wires/zinc, forge:wires/fluorite, forge:ingots/obsidian, forge:gears/coal, forge:wires/netherite, forge:nuggets/graphite, forge:gears/graphite, forge:ores/amber, forge:storage_blocks/raw_potassium_nitrate, forge:rods/fluorite, forge:gems/aeternium, forge:rods/potassium_nitrate, forge:gears/constantan, forge:raw_materials/lumium, forge:nuggets/charcoal, forge:ores/elementium, forge:plates/lumium, forge:gems/electrum, forge:plates/bitumen, forge:ingots/chrome, forge:wires/lead, forge:gears/nickel, forge:gears/charcoal, forge:raw_materials/tungsten, forge:storage_blocks/raw_osmium, forge:gems/enderium, forge:rods/enderium, forge:gears/signalum, forge:wires/silver, forge:raw_materials/amber, forge:wires/enderium, forge:plates/coal, forge:wires/brass, forge:nuggets/signalum, forge:nuggets/coal, forge:ingots/potassium_nitrate, forge:plates/cinnabar, forge:nuggets/elementium, forge:ingots/diamond, forge:storage_blocks/sulfur, forge:storage_blocks/raw_constantan, forge:raw_materials/coal_coke, forge:gears/osmium, forge:storage_blocks/raw_lumium, forge:raw_materials/peridot, forge:gears/potassium_nitrate, forge:ingots/constantan, forge:ores/lumium, forge:wires/diamond, forge:gears/amber, forge:gears/lead, forge:raw_materials/iridium, forge:wires/aluminum, forge:gears/chrome, forge:plates/mithril, forge:dusts/potassium_nitrate, forge:gears/lumium, forge:wires/iridium, forge:gears/netherite, forge:storage_blocks/raw_mithril, forge:plates/enderium, forge:rods/coal, forge:raw_materials/steel, forge:ores/osmium, forge:storage_blocks/raw_coal_coke, forge:gems/tin, forge:nuggets/peridot, forge:rods/charcoal, forge:wires/graphite, forge:storage_blocks/bitumen, forge:raw_materials/brass, forge:wires/constantan, forge:wires/sulfur, forge:rods/obsidian, forge:wires/steel, forge:gears/fluorite, forge:gears/uranium, forge:ores/charcoal, forge:ingots/lapis, forge:nuggets/lumium, forge:gears/sapphire, forge:gears/coal_coke, forge:gems/peridot, forge:gems/iridium, forge:ores/aeternium, forge:gears/copper, forge:gems/potassium_nitrate, forge:gems/coal_coke, forge:wires/mithril, forge:gems/lead, forge:gems/cobalt, forge:gears/zinc, forge:plates/aeternium, forge:dusts/bitumen, forge:raw_materials/elementium, forge:rods/amber, forge:gems/invar, forge:ores/mithril, forge:dusts/chrome, forge:ingots/emerald, forge:storage_blocks/potassium_nitrate, forge:nuggets/mithril, forge:ores/peridot, forge:ores/obsidian, forge:dusts/coal_coke, forge:gems/netherite, forge:wires/amber, forge:wires/tin, forge:nuggets/amber, forge:gems/sulfur, forge:gems/graphite, forge:ores/signalum, forge:raw_materials/bronze, forge:storage_blocks/raw_electrum, forge:storage_blocks/chrome, forge:storage_blocks/mithril, forge:ores/invar, forge:storage_blocks/coal_coke, forge:gears/bitumen, forge:nuggets/lapis, forge:ingots/peridot, forge:gears/lapis, forge:storage_blocks/enderium, forge:ingots/amber, forge:ingots/lumium, forge:wires/tungsten, forge:nuggets/enderium, forge:ores/brass, forge:storage_blocks/raw_iridium, forge:rods/lumium, forge:nuggets/diamond, forge:gems/zinc, forge:ingots/apatite, forge:nuggets/aeternium, forge:raw_materials/chrome, forge:wires/lapis, forge:wires/aeternium, forge:wires/elementium, forge:rods/elementium, forge:ores/electrum, forge:rods/constantan, forge:wires/potassium_nitrate, forge:raw_materials/invar, forge:nuggets/cinnabar, forge:wires/cobalt, forge:gems/copper, forge:storage_blocks/lumium, forge:rods/mithril, forge:wires/chrome, forge:gears/obsidian, forge:wires/nickel, forge:wires/bitumen, forge:ingots/charcoal, forge:raw_materials/aluminum, forge:storage_blocks/raw_charcoal, forge:nuggets/bitumen, forge:nuggets/obsidian, forge:plates/sulfur, forge:rods/nickel, forge:gears/elementium, forge:plates/potassium_nitrate, forge:storage_blocks/amber, forge:ores/constantan, forge:ores/coal_coke, forge:raw_materials/enderium, forge:ores/bronze, forge:storage_blocks/peridot, forge:gems/tungsten, forge:ingots/bitumen, forge:plates/coal_coke, forge:wires/invar, forge:plates/apatite, forge:ingots/aeternium, forge:raw_materials/constantan, forge:plates/signalum, forge:rods/chrome, forge:ingots/coal, forge:raw_materials/electrum, forge:gears/brass, forge:gems/brass, forge:nuggets/emerald, forge:nuggets/chrome, forge:plates/amber, forge:storage_blocks/signalum, forge:storage_blocks/raw_signalum, forge:ores/aluminum, forge:rods/netherite, forge:wires/bronze, forge:ores/netherite, forge:gears/electrum, forge:ingots/fluorite, forge:storage_blocks/raw_elementium, forge:ores/potassium_nitrate, forge:ingots/elementium, forge:wires/obsidian, forge:dusts/amber, forge:wires/uranium, forge:ores/enderium, forge:dusts/constantan, forge:storage_blocks/raw_bronze, forge:gems/uranium, forge:gems/signalum, forge:rods/signalum, forge:gears/peridot, forge:rods/bitumen, forge:gems/iron, forge:gears/silver, forge:storage_blocks/raw_chrome, forge:gems/bronze, forge:dusts/lumium, forge:raw_materials/obsidian, forge:gems/platinum, forge:wires/cinnabar, forge:storage_blocks/raw_brass, forge:gems/chrome, forge:storage_blocks/raw_aeternium, forge:wires/lumium, forge:ingots/enderium, forge:storage_blocks/raw_tungsten, forge:gems/lumium, forge:raw_materials/aeternium, forge:nuggets/fluorite, forge:nuggets/sapphire, forge:gears/tin, forge:rods/apatite, forge:gems/gold, forge:plates/chrome, forge:storage_blocks/aeternium, forge:storage_blocks/raw_amber, forge:nuggets/ruby, forge:wires/osmium, forge:wires/platinum, forge:storage_blocks/raw_peridot, forge:gears/sulfur, forge:wires/signalum, forge:nuggets/constantan, forge:raw_materials/charcoal, forge:ingots/sulfur, forge:ores/chrome, forge:ingots/sapphire, forge:rods/cinnabar, forge:rods/sulfur, forge:wires/peridot, forge:gems/osmium, forge:gems/steel, forge:gears/apatite, forge:ingots/coal_coke, forge:wires/ruby, forge:raw_materials/netherite, forge:storage_blocks/raw_enderium, forge:ingots/mithril, forge:nuggets/sulfur, forge:rods/coal_coke, forge:dusts/aeternium, forge:dusts/signalum, forge:raw_materials/bitumen, forge:gears/cobalt, forge:wires/charcoal, forge:gears/aluminum, forge:gems/elementium, forge:gears/emerald, forge:storage_blocks/raw_aluminum, forge:storage_blocks/raw_netherite, forge:storage_blocks/elementium, forge:plates/charcoal, forge:rods/graphite, forge:wires/emerald, forge:gears/aeternium, forge:nuggets/potassium_nitrate, forge:gems/amber, forge:gems/nickel, forge:gears/enderium, forge:rods/aluminum, forge:ingots/signalum, forge:gears/ruby, forge:plates/peridot, forge:gems/bitumen, forge:nuggets/coal_coke, forge:wires/sapphire, forge:ingots/ruby, forge:gears/cinnabar, forge:plates/constantan, forge:gems/obsidian, forge:storage_blocks/constantan, forge:gems/mithril, forge:wires/apatite, forge:storage_blocks/obsidian, forge:storage_blocks/raw_steel, forge:wires/coal, forge:ores/iridium, forge:gems/constantan, forge:plates/elementium, forge:wires/coal_coke, forge:dusts/peridot, forge:plates/fluorite, forge:storage_blocks/raw_uranium, forge:raw_materials/mithril, forge:ores/tungsten, forge:raw_materials/potassium_nitrate]
[28May2026 14:57:38.213] [Worker-ResourceReload-11/ERROR] [net.minecraftforge.common.ForgeHooks/]: Couldn't parse element loot_tables:expatternprovider:blocks/ex_emc_interface
com.google.gson.JsonSyntaxException: Expected name to be an item, was unknown string 'expatternprovider:ex_emc_interface'
	at net.minecraft.util.GsonHelper.m_13866_(GsonHelper.java:145) ~[client-1.20.1-20230612.114412-srg.jar%23481!/:?]
	at java.util.Optional.orElseThrow(Optional.java:403) ~[?:?]
	at net.minecraft.util.GsonHelper.m_13874_(GsonHelper.java:145) ~[client-1.20.1-20230612.114412-srg.jar%23481!/:?]
	at net.minecraft.util.GsonHelper.m_13909_(GsonHelper.java:153) ~[client-1.20.1-20230612.114412-srg.jar%23481!/:?]
	at net.minecraft.world.level.storage.loot.entries.LootItem$Serializer.m_7267_(LootItem.java:55) ~[client-1.20.1-20230612.114412-srg.jar%23481!/:?]
	at net.minecraft.world.level.storage.loot.entries.LootItem$Serializer.m_7267_(LootItem.java:40) ~[client-1.20.1-20230612.114412-srg.jar%23481!/:?]
	at net.minecraft.world.level.storage.loot.entries.LootPoolSingletonContainer$Serializer.m_5921_(LootPoolSingletonContainer.java:151) ~[client-1.20.1-20230612.114412-srg.jar%23481!/:?]
	at net.minecraft.world.level.storage.loot.entries.LootPoolSingletonContainer$Serializer.m_5921_(LootPoolSingletonContainer.java:129) ~[client-1.20.1-20230612.114412-srg.jar%23481!/:?]
	at net.minecraft.world.level.storage.loot.entries.LootPoolEntryContainer$Serializer.m_7561_(LootPoolEntryContainer.java:86) ~[client-1.20.1-20230612.114412-srg.jar%23481!/:?]
	at net.minecraft.world.level.storage.loot.entries.LootPoolEntryContainer$Serializer.m_7561_(LootPoolEntryContainer.java:74) ~[client-1.20.1-20230612.114412-srg.jar%23481!/:?]
	at net.minecraft.world.level.storage.loot.GsonAdapterFactory$JsonAdapter.deserialize(GsonAdapterFactory.java:102) ~[client-1.20.1-20230612.114412-srg.jar%23481!/:?]
	at com.google.gson.internal.bind.TreeTypeAdapter.read(TreeTypeAdapter.java:76) ~[gson-2.10.jar%2388!/:?]
	at com.google.gson.internal.bind.TypeAdapterRuntimeTypeWrapper.read(TypeAdapterRuntimeTypeWrapper.java:40) ~[gson-2.10.jar%2388!/:?]
	at com.google.gson.internal.bind.ArrayTypeAdapter.read(ArrayTypeAdapter.java:72) ~[gson-2.10.jar%2388!/:?]
	at com.google.gson.Gson.fromJson(Gson.java:1214) ~[gson-2.10.jar%2388!/:?]
	at com.google.gson.Gson.fromJson(Gson.java:1319) ~[gson-2.10.jar%2388!/:?]
	at com.google.gson.Gson.fromJson(Gson.java:1290) ~[gson-2.10.jar%2388!/:?]
	at com.google.gson.internal.bind.TreeTypeAdapter$GsonContextImpl.deserialize(TreeTypeAdapter.java:179) ~[gson-2.10.jar%2388!/:?]
	at net.minecraft.util.GsonHelper.m_13808_(GsonHelper.java:463) ~[client-1.20.1-20230612.114412-srg.jar%23481!/:?]
	at net.minecraft.util.GsonHelper.m_13836_(GsonHelper.java:471) ~[client-1.20.1-20230612.114412-srg.jar%23481!/:?]
	at net.minecraft.world.level.storage.loot.LootPool$Serializer.deserialize(LootPool.java:192) ~[client-1.20.1-20230612.114412-srg.jar%23481!/:?]
	at net.minecraft.world.level.storage.loot.LootPool$Serializer.deserialize(LootPool.java:189) ~[client-1.20.1-20230612.114412-srg.jar%23481!/:?]
	at com.google.gson.internal.bind.TreeTypeAdapter.read(TreeTypeAdapter.java:76) ~[gson-2.10.jar%2388!/:?]
	at com.google.gson.internal.bind.TypeAdapterRuntimeTypeWrapper.read(TypeAdapterRuntimeTypeWrapper.java:40) ~[gson-2.10.jar%2388!/:?]
	at com.google.gson.internal.bind.ArrayTypeAdapter.read(ArrayTypeAdapter.java:72) ~[gson-2.10.jar%2388!/:?]
	at com.google.gson.Gson.fromJson(Gson.java:1214) ~[gson-2.10.jar%2388!/:?]
	at com.google.gson.Gson.fromJson(Gson.java:1319) ~[gson-2.10.jar%2388!/:?]
	at com.google.gson.Gson.fromJson(Gson.java:1290) ~[gson-2.10.jar%2388!/:?]
	at com.google.gson.internal.bind.TreeTypeAdapter$GsonContextImpl.deserialize(TreeTypeAdapter.java:179) ~[gson-2.10.jar%2388!/:?]
	at net.minecraft.util.GsonHelper.m_13808_(GsonHelper.java:463) ~[client-1.20.1-20230612.114412-srg.jar%23481!/:?]
	at net.minecraft.util.GsonHelper.m_13845_(GsonHelper.java:481) ~[client-1.20.1-20230612.114412-srg.jar%23481!/:?]
	at net.minecraft.world.level.storage.loot.LootTable$Serializer.deserialize(LootTable.java:294) ~[client-1.20.1-20230612.114412-srg.jar%23481!/:?]
	at net.minecraft.world.level.storage.loot.LootTable$Serializer.deserialize(LootTable.java:291) ~[client-1.20.1-20230612.114412-srg.jar%23481!/:?]
	at com.google.gson.internal.bind.TreeTypeAdapter.read(TreeTypeAdapter.java:76) ~[gson-2.10.jar%2388!/:?]
	at com.google.gson.Gson.fromJson(Gson.java:1214) ~[gson-2.10.jar%2388!/:?]
	at com.google.gson.Gson.fromJson(Gson.java:1319) ~[gson-2.10.jar%2388!/:?]
	at com.google.gson.Gson.fromJson(Gson.java:1261) ~[gson-2.10.jar%2388!/:?]
	at net.minecraftforge.common.ForgeHooks.loadLootTable(ForgeHooks.java:872) ~[forge-1.20.1-47.4.10-universal.jar%23486!/:?]
	at net.minecraftforge.common.ForgeHooks.lambda$getLootTableDeserializer$3(ForgeHooks.java:849) ~[forge-1.20.1-47.4.10-universal.jar%23486!/:?]
	at net.minecraft.world.level.storage.loot.LootDataType.deserialize(LootDataType.java:45) ~[client-1.20.1-20230612.114412-srg.jar%23481!/:?]
	at net.minecraft.world.level.storage.loot.LootDataManager.lambda$scheduleElementParse$4(LootDataManager.java:56) ~[client-1.20.1-20230612.114412-srg.jar%23481!/:?]
	at java.util.HashMap.forEach(HashMap.java:1421) ~[?:?]
	at net.minecraft.world.level.storage.loot.LootDataManager.m_278660_(LootDataManager.java:55) ~[client-1.20.1-20230612.114412-srg.jar%23481!/:?]
	at java.util.concurrent.CompletableFuture$AsyncRun.run(CompletableFuture.java:1804) ~[?:?]
	at java.util.concurrent.CompletableFuture$AsyncRun.exec(CompletableFuture.java:1796) ~[?:?]
	at java.util.concurrent.ForkJoinTask.doExec(ForkJoinTask.java:373) ~[?:?]
	at java.util.concurrent.ForkJoinPool$WorkQueue.topLevelExec(ForkJoinPool.java:1182) ~[?:?]
	at java.util.concurrent.ForkJoinPool.scan(ForkJoinPool.java:1655) ~[?:?]
	at java.util.concurrent.ForkJoinPool.runWorker(ForkJoinPool.java:1622) ~[?:?]
	at java.util.concurrent.ForkJoinWorkerThread.run(ForkJoinWorkerThread.java:165) ~[?:?]
[28May2026 14:57:38.848] [Render thread/WARN] [AlmostUnified/]: Recipe count: 73269
[28May2026 14:57:44.336] [Render thread/WARN] [AlmostUnified/]: Recipe count afterwards: 71679 (done in 5.487 s)
[28May2026 14:57:44.339] [Render thread/INFO] [electrolyte.greate.Greate/]: Converting GTCEu & Create recipes...
[28May2026 14:57:44.531] [Render thread/WARN] [electrolyte.greate.Greate/]: Your custom greate:mixing recipe (createaddition:compat/tconstruct/pig_iron_2) has more item inputs (13) than supported (9).
[28May2026 14:57:44.531] [Render thread/WARN] [electrolyte.greate.Greate/]: Your custom greate:mixing recipe (greate:integration/createaddition/compat/tconstruct/pig_iron_2) has more item inputs (13) than supported (9).
[28May2026 14:57:44.743] [Render thread/INFO] [electrolyte.greate.Greate/]: Finished processing 12392 recipes in 404 ms
[28May2026 14:57:44.746] [Render thread/WARN] [igentuman.nc.NuclearCraft/]: kubejs post injected
[28May2026 14:57:44.746] [Render thread/INFO] [KubeJS Server/]: Processing recipes...
[28May2026 14:57:44.880] [Render thread/WARN] [KubeJS Server/]: Failed to parse recipe 'nuclearcraft:toroidal_accelerator_controller_tier_1[minecraft:crafting_shaped]'! Falling back to vanilla: ItemStack 'result' can't be empty!
[28May2026 14:57:45.036] [Render thread/WARN] [KubeJS Server/]: Failed to parse recipe 'gt_solar:solar_cell_lv[gtceu:assembler]'! Falling back to vanilla: Unknown item 'gtceu:copper_plate'
[28May2026 14:57:45.693] [Render thread/WARN] [KubeJS Server/]: Failed to parse recipe 'incendium:upgrade_elytra[minecraft:smithing_transform]'! Falling back to vanilla: Ingredient 'template' can't be empty!
[28May2026 14:57:45.916] [Render thread/INFO] [KubeJS Server/]: Found 81544 recipes in 1.170 s
[28May2026 14:57:45.937] [KubeJS Recipe Event Worker 0/WARN] [com.simibubi.create.Create/]: Your custom createaddition:rolling/iron_ingot recipe (createaddition:rolling/iron_ingot) specified a duration. Durations have no impact on this type of recipe.
[28May2026 14:57:45.950] [KubeJS Recipe Event Worker 0/WARN] [com.simibubi.create.Create/]: Your custom createaddition:rolling/electrum_plate recipe (createaddition:rolling/electrum_plate) specified a duration. Durations have no impact on this type of recipe.
[28May2026 14:57:45.960] [KubeJS Recipe Event Worker 0/WARN] [com.simibubi.create.Create/]: Your custom createaddition:rolling/gold_ingot recipe (createaddition:rolling/gold_ingot) specified a duration. Durations have no impact on this type of recipe.
[28May2026 14:57:45.966] [KubeJS Recipe Event Worker 0/WARN] [com.simibubi.create.Create/]: Your custom createaddition:rolling/copper_ingot recipe (createaddition:rolling/copper_ingot) specified a duration. Durations have no impact on this type of recipe.
[28May2026 14:57:45.997] [KubeJS Recipe Event Worker 0/WARN] [com.simibubi.create.Create/]: Your custom createaddition:rolling/copper_plate recipe (createaddition:rolling/copper_plate) specified a duration. Durations have no impact on this type of recipe.
[28May2026 14:57:46.024] [KubeJS Recipe Event Worker 0/WARN] [com.simibubi.create.Create/]: Your custom createaddition:rolling/straw recipe (createaddition:rolling/straw) specified a duration. Durations have no impact on this type of recipe.
[28May2026 14:57:46.031] [KubeJS Recipe Event Worker 0/WARN] [com.simibubi.create.Create/]: Your custom createaddition:rolling/gold_plate recipe (createaddition:rolling/gold_plate) specified a duration. Durations have no impact on this type of recipe.
[28May2026 14:57:46.088] [KubeJS Recipe Event Worker 0/WARN] [com.simibubi.create.Create/]: Your custom createaddition:rolling/electrum_ingot recipe (createaddition:rolling/electrum_ingot) specified a duration. Durations have no impact on this type of recipe.
[28May2026 14:57:46.098] [KubeJS Recipe Event Worker 0/WARN] [com.simibubi.create.Create/]: Your custom createaddition:rolling/iron_plate recipe (createaddition:rolling/iron_plate) specified a duration. Durations have no impact on this type of recipe.
[28May2026 14:57:46.099] [KubeJS Recipe Event Worker 0/WARN] [electrolyte.greate.Greate/]: Your custom greate:mixing recipe (greate:mixing/integration/createaddition/compat/tconstruct/pig_iron_2) has more item inputs (13) than supported (9).
[28May2026 14:57:46.112] [KubeJS Recipe Event Worker 0/WARN] [com.simibubi.create.Create/]: Your custom createaddition:rolling/brass_ingot recipe (createaddition:rolling/brass_ingot) specified a duration. Durations have no impact on this type of recipe.
[28May2026 14:57:46.407] [Render thread/ERROR] [KubeJS Server/]: mods/Ad_Astra.js#11: Failed to create recipe for type 'kubejs:shaped': ItemStack 'result' can't be empty!
[28May2026 14:57:46.409] [Render thread/ERROR] [KubeJS Server/]: mods/Ad_Astra.js#19: Failed to create recipe for type 'kubejs:shaped': ItemStack 'result' can't be empty!
[28May2026 14:57:46.410] [Render thread/ERROR] [KubeJS Server/]: mods/Ad_Astra.js#27: Failed to create recipe for type 'kubejs:shaped': ItemStack 'result' can't be empty!
[28May2026 14:57:46.411] [Render thread/ERROR] [KubeJS Server/]: mods/Ad_Astra.js#35: Failed to create recipe for type 'kubejs:shaped': ItemStack 'result' can't be empty!
[28May2026 14:57:46.411] [Render thread/ERROR] [KubeJS Server/]: mods/Ad_Astra.js#43: Failed to create recipe for type 'kubejs:shaped': ItemStack 'result' can't be empty!
[28May2026 14:57:46.474] [Render thread/ERROR] [KubeJS Server/]: mods/Ad_Astra.js#51: Failed to create recipe for type 'kubejs:shaped': ItemStack 'result' can't be empty!
[28May2026 14:57:46.475] [Render thread/ERROR] [KubeJS Server/]: mods/Ad_Astra.js#60: Failed to create recipe for type 'kubejs:shaped': ItemStack 'result' can't be empty!
[28May2026 14:57:46.477] [Render thread/ERROR] [KubeJS Server/]: Error in 'ServerEvents.recipes': Invalid or empty input item (recipe ID: gtceu:assembler/space_helmet)
[28May2026 14:57:46.497] [Render thread/INFO] [KubeJS Server/]: Posted recipe events in 580.5 ms
[28May2026 14:57:46.549] [KubeJS Recipe Event Worker 0/WARN] [KubeJS Server/]: Error parsing recipe sophisticatedstorage:cherry_chest_from_quark_cherry_chest[minecraft:crafting_shapeless]: {"type":"minecraft:crafting_shapeless","conditions":[{"type":"forge:item_exists","item":"quark:cherry_chest"},{"type":"sophisticatedcore:item_enabled","itemRegistryName":"sophisticatedstorage:chest"}],"ingredients":[[],{"item":"minecraft:lever"}],"result":{"item":"sophisticatedstorage:chest","nbt":"{woodType:\"cherry\"}"}}: Item array cannot be empty, at least one item must be defined
[28May2026 14:57:46.581] [KubeJS Recipe Event Worker 0/WARN] [KubeJS Server/]: Error parsing recipe sophisticatedstorage:dark_oak_chest_from_quark_dark_oak_chest[minecraft:crafting_shapeless]: {"type":"minecraft:crafting_shapeless","conditions":[{"type":"forge:item_exists","item":"quark:dark_oak_chest"},{"type":"sophisticatedcore:item_enabled","itemRegistryName":"sophisticatedstorage:chest"}],"ingredients":[[],{"item":"minecraft:lever"}],"result":{"item":"sophisticatedstorage:chest","nbt":"{woodType:\"dark_oak\"}"}}: Item array cannot be empty, at least one item must be defined
[28May2026 14:57:46.585] [KubeJS Recipe Event Worker 0/WARN] [KubeJS Server/]: Error parsing recipe sophisticatedstorage:spruce_chest_from_quark_spruce_chest[minecraft:crafting_shapeless]: {"type":"minecraft:crafting_shapeless","conditions":[{"type":"forge:item_exists","item":"quark:spruce_chest"},{"type":"sophisticatedcore:item_enabled","itemRegistryName":"sophisticatedstorage:chest"}],"ingredients":[[],{"item":"minecraft:lever"}],"result":{"item":"sophisticatedstorage:chest","nbt":"{woodType:\"spruce\"}"}}: Item array cannot be empty, at least one item must be defined
[28May2026 14:57:46.587] [KubeJS Recipe Event Worker 0/WARN] [KubeJS Server/]: Error parsing recipe sophisticatedstorage:oak_chest_from_quark_oak_chest[minecraft:crafting_shapeless]: {"type":"minecraft:crafting_shapeless","conditions":[{"type":"forge:item_exists","item":"quark:oak_chest"},{"type":"sophisticatedcore:item_enabled","itemRegistryName":"sophisticatedstorage:chest"}],"ingredients":[[],{"item":"minecraft:lever"}],"result":{"item":"sophisticatedstorage:chest","nbt":"{woodType:\"oak\"}"}}: Item array cannot be empty, at least one item must be defined
[28May2026 14:57:46.617] [KubeJS Recipe Event Worker 0/WARN] [KubeJS Server/]: Error parsing recipe sophisticatedstorage:birch_chest_from_quark_birch_chest[minecraft:crafting_shapeless]: {"type":"minecraft:crafting_shapeless","conditions":[{"type":"forge:item_exists","item":"quark:birch_chest"},{"type":"sophisticatedcore:item_enabled","itemRegistryName":"sophisticatedstorage:chest"}],"ingredients":[[],{"item":"minecraft:lever"}],"result":{"item":"sophisticatedstorage:chest","nbt":"{woodType:\"birch\"}"}}: Item array cannot be empty, at least one item must be defined
[28May2026 14:57:46.634] [KubeJS Recipe Event Worker 0/WARN] [KubeJS Server/]: Error parsing recipe sophisticatedstorage:bamboo_chest_from_quark_bamboo_chest[minecraft:crafting_shapeless]: {"type":"minecraft:crafting_shapeless","conditions":[{"type":"forge:item_exists","item":"quark:bamboo_chest"},{"type":"sophisticatedcore:item_enabled","itemRegistryName":"sophisticatedstorage:chest"}],"ingredients":[[],{"item":"minecraft:lever"}],"result":{"item":"sophisticatedstorage:chest","nbt":"{woodType:\"bamboo\"}"}}: Item array cannot be empty, at least one item must be defined
[28May2026 14:57:46.641] [KubeJS Recipe Event Worker 0/WARN] [KubeJS Server/]: Error parsing recipe sophisticatedstorage:mangrove_chest_from_quark_mangrove_chest[minecraft:crafting_shapeless]: {"type":"minecraft:crafting_shapeless","conditions":[{"type":"forge:item_exists","item":"quark:mangrove_chest"},{"type":"sophisticatedcore:item_enabled","itemRegistryName":"sophisticatedstorage:chest"}],"ingredients":[[],{"item":"minecraft:lever"}],"result":{"item":"sophisticatedstorage:chest","nbt":"{woodType:\"mangrove\"}"}}: Item array cannot be empty, at least one item must be defined
[28May2026 14:57:46.666] [KubeJS Recipe Event Worker 0/WARN] [KubeJS Server/]: Error parsing recipe sophisticatedstorage:acacia_chest_from_quark_acacia_chest[minecraft:crafting_shapeless]: {"type":"minecraft:crafting_shapeless","conditions":[{"type":"forge:item_exists","item":"quark:acacia_chest"},{"type":"sophisticatedcore:item_enabled","itemRegistryName":"sophisticatedstorage:chest"}],"ingredients":[[],{"item":"minecraft:lever"}],"result":{"item":"sophisticatedstorage:chest","nbt":"{woodType:\"acacia\"}"}}: Item array cannot be empty, at least one item must be defined
[28May2026 14:57:46.753] [KubeJS Recipe Event Worker 0/WARN] [KubeJS Server/]: Error parsing recipe sophisticatedstorage:crimson_chest_from_quark_crimson_chest[minecraft:crafting_shapeless]: {"type":"minecraft:crafting_shapeless","conditions":[{"type":"forge:item_exists","item":"quark:crimson_chest"},{"type":"sophisticatedcore:item_enabled","itemRegistryName":"sophisticatedstorage:chest"}],"ingredients":[[],{"item":"minecraft:lever"}],"result":{"item":"sophisticatedstorage:chest","nbt":"{woodType:\"crimson\"}"}}: Item array cannot be empty, at least one item must be defined
[28May2026 14:57:46.753] [KubeJS Recipe Event Worker 0/WARN] [KubeJS Server/]: Error parsing recipe sophisticatedstorage:jungle_chest_from_quark_jungle_chest[minecraft:crafting_shapeless]: {"type":"minecraft:crafting_shapeless","conditions":[{"type":"forge:item_exists","item":"quark:jungle_chest"},{"type":"sophisticatedcore:item_enabled","itemRegistryName":"sophisticatedstorage:chest"}],"ingredients":[[],{"item":"minecraft:lever"}],"result":{"item":"sophisticatedstorage:chest","nbt":"{woodType:\"jungle\"}"}}: Item array cannot be empty, at least one item must be defined
[28May2026 14:57:46.793] [KubeJS Recipe Event Worker 0/WARN] [KubeJS Server/]: Error parsing recipe sophisticatedstorage:warped_chest_from_quark_warped_chest[minecraft:crafting_shapeless]: {"type":"minecraft:crafting_shapeless","conditions":[{"type":"forge:item_exists","item":"quark:warped_chest"},{"type":"sophisticatedcore:item_enabled","itemRegistryName":"sophisticatedstorage:chest"}],"ingredients":[[],{"item":"minecraft:lever"}],"result":{"item":"sophisticatedstorage:chest","nbt":"{woodType:\"warped\"}"}}: Item array cannot be empty, at least one item must be defined
[28May2026 14:57:46.833] [KubeJS Recipe Event Worker 0/ERROR] [GregTechCEu/]: No key duration in MapLike[{"type":"gtceu:assembler"}]
[28May2026 14:57:46.836] [KubeJS Recipe Event Worker 0/WARN] [KubeJS Server/]: Error parsing recipe gtceu:assembler/space_helmet[gtceu:assembler]: {"type":"gtceu:assembler"}: No key duration in MapLike[{"type":"gtceu:assembler"}]
[28May2026 14:57:46.837] [Render thread/WARN] [electrolyte.greate.Greate/]: KubeJS Create not found, Create recipes will be skipped.
[28May2026 14:57:46.842] [Render thread/INFO] [Iron Jetpacks/]: Loaded 14 jetpack type(s) in 4 ms
[28May2026 14:57:46.845] [Render thread/INFO] [Extended Crafting/]: Loaded 19 singularity type(s) in 1 ms
[28May2026 14:57:46.845] [Render thread/INFO] [Cucumber Library/]: Registered 71 recipes in 8 ms (KubeJS mode)
[28May2026 14:57:46.845] [Render thread/WARN] [igentuman.nc.NuclearCraft/]: Injecting NuclearCraft KubeJS recipes
[28May2026 14:57:47.064] [Render thread/WARN] [GregTechCEu/]: failed to add recipe from staging into lookup DB: gtceu:steam_boiler/gtceu_charcoal_block
[28May2026 14:57:47.183] [Render thread/WARN] [GregTechCEu/]: failed to add recipe from staging into lookup DB: minecraft:nuclearcraft_tin_dust
[28May2026 14:57:47.184] [Render thread/WARN] [GregTechCEu/]: failed to add recipe from staging into lookup DB: gtceu:smelting/smelt_andesite_ruby_ore_to_ingot
[28May2026 14:57:47.185] [Render thread/WARN] [GregTechCEu/]: failed to add recipe from staging into lookup DB: gtceu:smelting/smelt_dust_cobalt_to_ingot
[28May2026 14:57:47.186] [Render thread/WARN] [GregTechCEu/]: failed to add recipe from staging into lookup DB: minecraft:nuclearcraft_lithium_raw
[28May2026 14:57:47.187] [Render thread/WARN] [GregTechCEu/]: failed to add recipe from staging into lookup DB: gtceu:smelting/smelt_andesite_emerald_ore_to_ingot
[28May2026 14:57:47.187] [Render thread/WARN] [GregTechCEu/]: failed to add recipe from staging into lookup DB: gtceu:smelting/smelt_basalt_nickel_ore_to_ingot
[28May2026 14:57:47.188] [Render thread/WARN] [GregTechCEu/]: failed to add recipe from staging into lookup DB: minecraft:nuclearcraft_copper_ingot
[28May2026 14:57:47.188] [Render thread/WARN] [GregTechCEu/]: failed to add recipe from staging into lookup DB: minecraft:nuclearcraft_lead_raw
[28May2026 14:57:47.188] [Render thread/WARN] [GregTechCEu/]: failed to add recipe from staging into lookup DB: gtceu:smelting/smelt_andesite_gold_ore_to_ingot
[28May2026 14:57:47.188] [Render thread/WARN] [GregTechCEu/]: failed to add recipe from staging into lookup DB: gtceu:smelting/smelt_dust_lead_to_ingot
[28May2026 14:57:47.189] [Render thread/WARN] [GregTechCEu/]: failed to add recipe from staging into lookup DB: minecraft:nuclearcraft_zinc_dust
[28May2026 14:57:47.190] [Render thread/WARN] [GregTechCEu/]: failed to add recipe from staging into lookup DB: gtceu:smelting/smelt_andesite_apatite_ore_to_ingot
[28May2026 14:57:47.190] [Render thread/WARN] [GregTechCEu/]: failed to add recipe from staging into lookup DB: minecraft:nuclearcraft_uranium_dust
[28May2026 14:57:47.190] [Render thread/WARN] [GregTechCEu/]: failed to add recipe from staging into lookup DB: gtceu:smelting/smelt_basalt_iron_ore_to_ingot
[28May2026 14:57:47.190] [Render thread/WARN] [GregTechCEu/]: failed to add recipe from staging into lookup DB: minecraft:nuclearcraft_electrum_dust
[28May2026 14:57:47.190] [Render thread/WARN] [GregTechCEu/]: failed to add recipe from staging into lookup DB: gtceu:smelting/smelt_andesite_copper_ore_to_ingot
[28May2026 14:57:47.191] [Render thread/WARN] [GregTechCEu/]: failed to add recipe from staging into lookup DB: gtceu:smelting/smelt_dust_iron_to_ingot
[28May2026 14:57:47.191] [Render thread/WARN] [GregTechCEu/]: failed to add recipe from staging into lookup DB: gtceu:smelting/smelt_andesite_coal_ore_to_ingot
[28May2026 14:57:47.191] [Render thread/WARN] [GregTechCEu/]: failed to add recipe from staging into lookup DB: gtceu:smelting/smelt_dust_thorium_to_ingot
[28May2026 14:57:47.191] [Render thread/WARN] [GregTechCEu/]: failed to add recipe from staging into lookup DB: gtceu:smelting/smelt_andesite_graphite_ore_to_ingot
[28May2026 14:57:47.191] [Render thread/WARN] [GregTechCEu/]: failed to add recipe from staging into lookup DB: gtceu:smelting/smelt_andesite_cinnabar_ore_to_ingot
[28May2026 14:57:47.191] [Render thread/WARN] [GregTechCEu/]: failed to add recipe from staging into lookup DB: gtceu:smelting/smelt_basalt_lead_ore_to_ingot
[28May2026 14:57:47.191] [Render thread/WARN] [GregTechCEu/]: failed to add recipe from staging into lookup DB: gtceu:smelting/smelt_raw_thorium_ore_to_ingot
[28May2026 14:57:47.191] [Render thread/WARN] [GregTechCEu/]: failed to add recipe from staging into lookup DB: gtceu:smelting/smelt_andesite_sulfur_ore_to_ingot
[28May2026 14:57:47.191] [Render thread/WARN] [GregTechCEu/]: failed to add recipe from staging into lookup DB: minecraft:nuclearcraft_platinum_raw
[28May2026 14:57:47.192] [Render thread/WARN] [GregTechCEu/]: failed to add recipe from staging into lookup DB: gtceu:smelting/smelt_basalt_fluorite_ore_to_ingot
[28May2026 14:57:47.192] [Render thread/WARN] [GregTechCEu/]: failed to add recipe from staging into lookup DB: gtceu:smelting/smelt_dust_silver_to_ingot
[28May2026 14:57:47.193] [Render thread/WARN] [GregTechCEu/]: failed to add recipe from staging into lookup DB: gtceu:smelting/smelt_andesite_diamond_ore_to_ingot
[28May2026 14:57:47.193] [Render thread/WARN] [GregTechCEu/]: failed to add recipe from staging into lookup DB: gtceu:smelting/smelt_raw_silver_ore_to_ingot
[28May2026 14:57:47.193] [Render thread/WARN] [GregTechCEu/]: failed to add recipe from staging into lookup DB: gtceu:smelting/smelt_andesite_sapphire_ore_to_ingot
[28May2026 14:57:47.193] [Render thread/WARN] [GregTechCEu/]: failed to add recipe from staging into lookup DB: minecraft:nuclearcraft_gold_ingot
[28May2026 14:57:47.193] [Render thread/WARN] [GregTechCEu/]: failed to add recipe from staging into lookup DB: gtceu:smelting/smelt_dust_beryllium_to_ingot
[28May2026 14:57:47.193] [Render thread/WARN] [GregTechCEu/]: failed to add recipe from staging into lookup DB: minecraft:nuclearcraft_manganese_dust
[28May2026 14:57:47.193] [Render thread/WARN] [GregTechCEu/]: failed to add recipe from staging into lookup DB: gtceu:smelting/smelt_dust_platinum_to_ingot
[28May2026 14:57:47.193] [Render thread/WARN] [GregTechCEu/]: failed to add recipe from staging into lookup DB: gtceu:smelting/smelt_basalt_tin_ore_to_ingot
[28May2026 14:57:47.193] [Render thread/WARN] [GregTechCEu/]: failed to add recipe from staging into lookup DB: gtceu:smelting/smelt_basalt_cobalt_ore_to_ingot
[28May2026 14:57:47.193] [Render thread/WARN] [GregTechCEu/]: failed to add recipe from staging into lookup DB: gtceu:smelting/smelt_basalt_platinum_ore_to_ingot
[28May2026 14:57:47.193] [Render thread/WARN] [GregTechCEu/]: failed to add recipe from staging into lookup DB: gtceu:smelting/smelt_raw_cobalt_ore_to_ingot
[28May2026 14:57:47.194] [Render thread/WARN] [GregTechCEu/]: failed to add recipe from staging into lookup DB: minecraft:nuclearcraft_bronze_dust
[28May2026 14:57:47.194] [Render thread/WARN] [GregTechCEu/]: failed to add recipe from staging into lookup DB: minecraft:nuclearcraft_tin_raw
[28May2026 14:57:47.194] [Render thread/WARN] [GregTechCEu/]: failed to add recipe from staging into lookup DB: gtceu:smelting/smelt_andesite_silver_ore_to_ingot
[28May2026 14:57:47.194] [Render thread/WARN] [GregTechCEu/]: failed to add recipe from staging into lookup DB: gtceu:smelting/smelt_basalt_lapis_ore_to_ingot
[28May2026 14:57:47.541] [Render thread/WARN] [GregTechCEu/]: failed to add recipe from staging into lookup DB: gtceu:macerator/macerate_marble_nickel_ore_to_crushed_ore
[28May2026 14:57:47.542] [Render thread/WARN] [GregTechCEu/]: failed to add recipe from staging into lookup DB: gtceu:macerator/macerate_mars_gold_ore_to_crushed_ore
[28May2026 14:57:47.542] [Render thread/WARN] [GregTechCEu/]: failed to add recipe from staging into lookup DB: gtceu:macerator/macerate_gravel_gold_ore_to_crushed_ore
[28May2026 14:57:47.542] [Render thread/WARN] [GregTechCEu/]: failed to add recipe from staging into lookup DB: gtceu:macerator/macerate_blackstone_fluorite_ore_to_crushed_ore
[28May2026 14:57:47.542] [Render thread/WARN] [GregTechCEu/]: failed to add recipe from staging into lookup DB: gtceu:macerator/macerate_gravel_cinnabar_ore_to_crushed_ore
[28May2026 14:57:47.542] [Render thread/WARN] [GregTechCEu/]: failed to add recipe from staging into lookup DB: gtceu:macerator/macerate_basalt_iron_ore_to_crushed_ore
[28May2026 14:57:47.542] [Render thread/WARN] [GregTechCEu/]: failed to add recipe from staging into lookup DB: gtceu:macerator/macerate_endstone_graphite_ore_to_crushed_ore
[28May2026 14:57:47.542] [Render thread/WARN] [GregTechCEu/]: failed to add recipe from staging into lookup DB: gtceu:macerator/macerate_red_granite_platinum_ore_to_crushed_ore
[28May2026 14:57:47.542] [Render thread/WARN] [GregTechCEu/]: failed to add recipe from staging into lookup DB: gtceu:macerator/macerate_marble_platinum_ore_to_crushed_ore
[28May2026 14:57:47.542] [Render thread/WARN] [GregTechCEu/]: failed to add recipe from staging into lookup DB: gtceu:macerator/macerate_deepslate_ruby_ore_to_crushed_ore
[28May2026 14:57:47.542] [Render thread/WARN] [GregTechCEu/]: failed to add recipe from staging into lookup DB: gtceu:macerator/macerate_granite_platinum_ore_to_crushed_ore
[28May2026 14:57:47.542] [Render thread/WARN] [GregTechCEu/]: failed to add recipe from staging into lookup DB: gtceu:macerator/macerate_andesite_nickel_ore_to_crushed_ore
[28May2026 14:57:47.542] [Render thread/WARN] [GregTechCEu/]: failed to add recipe from staging into lookup DB: gtceu:macerator/macerate_basalt_fluorite_ore_to_crushed_ore
[28May2026 14:57:47.543] [Render thread/WARN] [GregTechCEu/]: failed to add recipe from staging into lookup DB: gtceu:macerator/macerate_netherrack_lead_ore_to_crushed_ore
[28May2026 14:57:47.543] [Render thread/WARN] [GregTechCEu/]: failed to add recipe from staging into lookup DB: gtceu:macerator/macerate_lapis_ore_to_crushed_ore
[28May2026 14:57:47.543] [Render thread/WARN] [GregTechCEu/]: failed to add recipe from staging into lookup DB: gtceu:macerator/macerate_deepslate_cobalt_ore_to_crushed_ore
[28May2026 14:57:47.543] [Render thread/WARN] [GregTechCEu/]: failed to add recipe from staging into lookup DB: gtceu:macerator/macerate_diorite_silver_ore_to_crushed_ore
[28May2026 14:57:47.543] [Render thread/WARN] [GregTechCEu/]: failed to add recipe from staging into lookup DB: gtceu:macerator/macerate_granite_lead_ore_to_crushed_ore
[28May2026 14:57:47.543] [Render thread/WARN] [GregTechCEu/]: failed to add recipe from staging into lookup DB: gtceu:macerator/macerate_marble_silver_ore_to_crushed_ore
[28May2026 14:57:47.543] [Render thread/WARN] [GregTechCEu/]: failed to add recipe from staging into lookup DB: gtceu:macerator/macerate_netherrack_cinnabar_ore_to_crushed_ore
[28May2026 14:57:47.544] [Render thread/WARN] [GregTechCEu/]: failed to add recipe from staging into lookup DB: gtceu:macerator/macerate_platinum_ore_to_crushed_ore
[28May2026 14:57:47.544] [Render thread/WARN] [GregTechCEu/]: failed to add recipe from staging into lookup DB: gtceu:macerator/macerate_blackstone_iron_ore_to_crushed_ore
[28May2026 14:57:47.544] [Render thread/WARN] [GregTechCEu/]: failed to add recipe from staging into lookup DB: gtceu:macerator/macerate_red_granite_cinnabar_ore_to_crushed_ore
[28May2026 14:57:47.544] [Render thread/WARN] [GregTechCEu/]: failed to add recipe from staging into lookup DB: gtceu:macerator/macerate_red_sand_graphite_ore_to_crushed_ore
[28May2026 14:57:47.544] [Render thread/WARN] [GregTechCEu/]: failed to add recipe from staging into lookup DB: gtceu:macerator/macerate_tuff_tin_ore_to_crushed_ore
[28May2026 14:57:47.544] [Render thread/WARN] [GregTechCEu/]: failed to add recipe from staging into lookup DB: gtceu:macerator/macerate_deepslate_iron_ore_to_crushed_ore
[28May2026 14:57:47.544] [Render thread/WARN] [GregTechCEu/]: failed to add recipe from staging into lookup DB: gtceu:macerator/macerate_marble_gold_ore_to_crushed_ore
[28May2026 14:57:47.544] [Render thread/WARN] [GregTechCEu/]: failed to add recipe from staging into lookup DB: gtceu:macerator/macerate_blackstone_lapis_ore_to_crushed_ore
[28May2026 14:57:47.545] [Render thread/WARN] [GregTechCEu/]: failed to add recipe from staging into lookup DB: gtceu:macerator/macerate_mars_ruby_ore_to_crushed_ore
[28May2026 14:57:47.545] [Render thread/WARN] [GregTechCEu/]: failed to add recipe from staging into lookup DB: gtceu:macerator/macerate_red_granite_lead_ore_to_crushed_ore
[28May2026 14:57:47.545] [Render thread/WARN] [GregTechCEu/]: failed to add recipe from staging into lookup DB: gtceu:macerator/macerate_granite_copper_ore_to_crushed_ore
[28May2026 14:57:47.545] [Render thread/WARN] [GregTechCEu/]: failed to add recipe from staging into lookup DB: gtceu:macerator/macerate_granite_ruby_ore_to_crushed_ore
[28May2026 14:57:47.545] [Render thread/WARN] [GregTechCEu/]: failed to add recipe from staging into lookup DB: gtceu:macerator/macerate_blackstone_gold_ore_to_crushed_ore
[28May2026 14:57:47.545] [Render thread/WARN] [GregTechCEu/]: failed to add recipe from staging into lookup DB: gtceu:macerator/macerate_andesite_sulfur_ore_to_crushed_ore
[28May2026 14:57:47.545] [Render thread/WARN] [GregTechCEu/]: failed to add recipe from staging into lookup DB: gtceu:macerator/macerate_red_sand_emerald_ore_to_crushed_ore
[28May2026 14:57:47.545] [Render thread/WARN] [GregTechCEu/]: failed to add recipe from staging into lookup DB: gtceu:macerator/macerate_andesite_sapphire_ore_to_crushed_ore
[28May2026 14:57:47.545] [Render thread/WARN] [GregTechCEu/]: failed to add recipe from staging into lookup DB: gtceu:macerator/macerate_deepslate_sulfur_ore_to_crushed_ore
[28May2026 14:57:47.545] [Render thread/WARN] [GregTechCEu/]: failed to add recipe from staging into lookup DB: gtceu:macerator/macerate_deepslate_lead_ore_to_crushed_ore
[28May2026 14:57:47.545] [Render thread/WARN] [GregTechCEu/]: failed to add recipe from staging into lookup DB: gtceu:macerator/macerate_mars_silver_ore_to_crushed_ore
[28May2026 14:57:47.545] [Render thread/WARN] [GregTechCEu/]: failed to add recipe from staging into lookup DB: gtceu:macerator/macerate_basalt_graphite_ore_to_crushed_ore
[28May2026 14:57:47.546] [Render thread/WARN] [GregTechCEu/]: failed to add recipe from staging into lookup DB: gtceu:macerator/macerate_diorite_graphite_ore_to_crushed_ore
[28May2026 14:57:47.546] [Render thread/WARN] [GregTechCEu/]: failed to add recipe from staging into lookup DB: gtceu:macerator/macerate_red_sand_fluorite_ore_to_crushed_ore
[28May2026 14:57:47.546] [Render thread/WARN] [GregTechCEu/]: failed to add recipe from staging into lookup DB: gtceu:macerator/macerate_tuff_fluorite_ore_to_crushed_ore
[28May2026 14:57:47.546] [Render thread/WARN] [GregTechCEu/]: failed to add recipe from staging into lookup DB: gtceu:macerator/macerate_mars_tin_ore_to_crushed_ore
[28May2026 14:57:47.546] [Render thread/WARN] [GregTechCEu/]: failed to add recipe from staging into lookup DB: gtceu:macerator/macerate_diorite_diamond_ore_to_crushed_ore
[28May2026 14:57:47.546] [Render thread/WARN] [GregTechCEu/]: failed to add recipe from staging into lookup DB: gtceu:macerator/macerate_cinnabar_ore_to_crushed_ore
[28May2026 14:57:47.546] [Render thread/WARN] [GregTechCEu/]: failed to add recipe from staging into lookup DB: gtceu:macerator/macerate_mars_graphite_ore_to_crushed_ore
[28May2026 14:57:47.546] [Render thread/WARN] [GregTechCEu/]: failed to add recipe from staging into lookup DB: gtceu:macerator/macerate_red_sand_lapis_ore_to_crushed_ore
[28May2026 14:57:47.547] [Render thread/WARN] [GregTechCEu/]: failed to add recipe from staging into lookup DB: gtceu:macerator/macerate_diorite_nickel_ore_to_crushed_ore
[28May2026 14:57:47.547] [Render thread/WARN] [GregTechCEu/]: failed to add recipe from staging into lookup DB: gtceu:macerator/macerate_copper_ore_to_crushed_ore
[28May2026 14:57:47.547] [Render thread/WARN] [GregTechCEu/]: failed to add recipe from staging into lookup DB: gtceu:macerator/macerate_gravel_platinum_ore_to_crushed_ore
[28May2026 14:57:47.547] [Render thread/WARN] [GregTechCEu/]: failed to add recipe from staging into lookup DB: gtceu:macerator/macerate_basalt_diamond_ore_to_crushed_ore
[28May2026 14:57:47.547] [Render thread/WARN] [GregTechCEu/]: failed to add recipe from staging into lookup DB: gtceu:macerator/macerate_andesite_tin_ore_to_crushed_ore
[28May2026 14:57:47.547] [Render thread/WARN] [GregTechCEu/]: failed to add recipe from staging into lookup DB: gtceu:macerator/macerate_diorite_sulfur_ore_to_crushed_ore
[28May2026 14:57:47.548] [Render thread/WARN] [GregTechCEu/]: failed to add recipe from staging into lookup DB: gtceu:macerator/macerate_basalt_ruby_ore_to_crushed_ore
[28May2026 14:57:47.548] [Render thread/WARN] [GregTechCEu/]: failed to add recipe from staging into lookup DB: gtceu:macerator/macerate_netherrack_ruby_ore_to_crushed_ore
[28May2026 14:57:47.548] [Render thread/WARN] [GregTechCEu/]: failed to add recipe from staging into lookup DB: gtceu:macerator/macerate_basalt_copper_ore_to_crushed_ore
[28May2026 14:57:47.548] [Render thread/WARN] [GregTechCEu/]: failed to add recipe from staging into lookup DB: gtceu:macerator/macerate_deepslate_emerald_ore_to_crushed_ore
[28May2026 14:57:47.548] [Render thread/WARN] [GregTechCEu/]: failed to add recipe from staging into lookup DB: gtceu:macerator/macerate_granite_tin_ore_to_crushed_ore
[28May2026 14:57:47.548] [Render thread/WARN] [GregTechCEu/]: failed to add recipe from staging into lookup DB: gtceu:macerator/macerate_tuff_platinum_ore_to_crushed_ore
[28May2026 14:57:47.548] [Render thread/WARN] [GregTechCEu/]: failed to add recipe from staging into lookup DB: gtceu:macerator/macerate_gravel_tin_ore_to_crushed_ore
[28May2026 14:57:47.548] [Render thread/WARN] [GregTechCEu/]: failed to add recipe from staging into lookup DB: gtceu:macerator/macerate_diorite_lead_ore_to_crushed_ore
[28May2026 14:57:47.548] [Render thread/WARN] [GregTechCEu/]: failed to add recipe from staging into lookup DB: gtceu:macerator/macerate_granite_gold_ore_to_crushed_ore
[28May2026 14:57:47.548] [Render thread/WARN] [GregTechCEu/]: failed to add recipe from staging into lookup DB: gtceu:macerator/macerate_netherrack_nickel_ore_to_crushed_ore
[28May2026 14:57:47.548] [Render thread/WARN] [GregTechCEu/]: failed to add recipe from staging into lookup DB: gtceu:macerator/macerate_netherrack_diamond_ore_to_crushed_ore
[28May2026 14:57:47.548] [Render thread/WARN] [GregTechCEu/]: failed to add recipe from staging into lookup DB: gtceu:macerator/macerate_mars_apatite_ore_to_crushed_ore
[28May2026 14:57:47.548] [Render thread/WARN] [GregTechCEu/]: failed to add recipe from staging into lookup DB: gtceu:macerator/macerate_endstone_lapis_ore_to_crushed_ore
[28May2026 14:57:47.548] [Render thread/WARN] [GregTechCEu/]: failed to add recipe from staging into lookup DB: gtceu:macerator/macerate_andesite_fluorite_ore_to_crushed_ore
[28May2026 14:57:47.548] [Render thread/WARN] [GregTechCEu/]: failed to add recipe from staging into lookup DB: gtceu:macerator/macerate_nickel_ore_to_crushed_ore
[28May2026 14:57:47.548] [Render thread/WARN] [GregTechCEu/]: failed to add recipe from staging into lookup DB: gtceu:macerator/macerate_netherrack_lapis_ore_to_crushed_ore
[28May2026 14:57:47.549] [Render thread/WARN] [GregTechCEu/]: failed to add recipe from staging into lookup DB: gtceu:macerator/macerate_lead_ore_to_crushed_ore
[28May2026 14:57:47.549] [Render thread/WARN] [GregTechCEu/]: failed to add recipe from staging into lookup DB: gtceu:macerator/macerate_mars_cobalt_ore_to_crushed_ore
[28May2026 14:57:47.549] [Render thread/WARN] [GregTechCEu/]: failed to add recipe from staging into lookup DB: gtceu:macerator/macerate_granite_cobalt_ore_to_crushed_ore
[28May2026 14:57:47.549] [Render thread/WARN] [GregTechCEu/]: failed to add recipe from staging into lookup DB: gtceu:macerator/macerate_red_granite_graphite_ore_to_crushed_ore
[28May2026 14:57:47.549] [Render thread/WARN] [GregTechCEu/]: failed to add recipe from staging into lookup DB: gtceu:macerator/macerate_mars_lead_ore_to_crushed_ore
[28May2026 14:57:47.549] [Render thread/WARN] [GregTechCEu/]: failed to add recipe from staging into lookup DB: gtceu:macerator/macerate_gravel_sapphire_ore_to_crushed_ore
[28May2026 14:57:47.549] [Render thread/WARN] [GregTechCEu/]: failed to add recipe from staging into lookup DB: gtceu:macerator/macerate_endstone_platinum_ore_to_crushed_ore
[28May2026 14:57:47.549] [Render thread/WARN] [GregTechCEu/]: failed to add recipe from staging into lookup DB: gtceu:macerator/macerate_granite_sapphire_ore_to_crushed_ore
[28May2026 14:57:47.549] [Render thread/WARN] [GregTechCEu/]: failed to add recipe from staging into lookup DB: gtceu:macerator/macerate_gravel_nickel_ore_to_crushed_ore
[28May2026 14:57:47.549] [Render thread/WARN] [GregTechCEu/]: failed to add recipe from staging into lookup DB: gtceu:macerator/macerate_diorite_platinum_ore_to_crushed_ore
[28May2026 14:57:47.549] [Render thread/WARN] [GregTechCEu/]: failed to add recipe from staging into lookup DB: gtceu:macerator/macerate_andesite_coal_ore_to_crushed_ore
[28May2026 14:57:47.549] [Render thread/WARN] [GregTechCEu/]: failed to add recipe from staging into lookup DB: gtceu:macerator/macerate_marble_ruby_ore_to_crushed_ore
[28May2026 14:57:47.549] [Render thread/WARN] [GregTechCEu/]: failed to add recipe from staging into lookup DB: gtceu:macerator/macerate_diorite_apatite_ore_to_crushed_ore
[28May2026 14:57:47.550] [Render thread/WARN] [GregTechCEu/]: failed to add recipe from staging into lookup DB: gtceu:macerator/macerate_blackstone_sapphire_ore_to_crushed_ore
[28May2026 14:57:47.550] [Render thread/WARN] [GregTechCEu/]: failed to add recipe from staging into lookup DB: gtceu:macerator/macerate_endstone_ruby_ore_to_crushed_ore
[28May2026 14:57:47.550] [Render thread/WARN] [GregTechCEu/]: failed to add recipe from staging into lookup DB: gtceu:macerator/macerate_granite_emerald_ore_to_crushed_ore
[28May2026 14:57:47.550] [Render thread/WARN] [GregTechCEu/]: failed to add recipe from staging into lookup DB: gtceu:macerator/macerate_blackstone_apatite_ore_to_crushed_ore
[28May2026 14:57:47.550] [Render thread/WARN] [GregTechCEu/]: failed to add recipe from staging into lookup DB: gtceu:macerator/macerate_endstone_gold_ore_to_crushed_ore
[28May2026 14:57:47.550] [Render thread/WARN] [GregTechCEu/]: failed to add recipe from staging into lookup DB: gtceu:macerator/macerate_blackstone_tin_ore_to_crushed_ore
[28May2026 14:57:47.550] [Render thread/WARN] [GregTechCEu/]: failed to add recipe from staging into lookup DB: gtceu:macerator/macerate_netherrack_iron_ore_to_crushed_ore
[28May2026 14:57:47.551] [Render thread/WARN] [GregTechCEu/]: failed to add recipe from staging into lookup DB: gtceu:macerator/macerate_endstone_iron_ore_to_crushed_ore
[28May2026 14:57:47.551] [Render thread/WARN] [GregTechCEu/]: failed to add recipe from staging into lookup DB: gtceu:macerator/macerate_endstone_cinnabar_ore_to_crushed_ore
[28May2026 14:57:47.551] [Render thread/WARN] [GregTechCEu/]: failed to add recipe from staging into lookup DB: gtceu:macerator/macerate_diorite_fluorite_ore_to_crushed_ore
[28May2026 14:57:47.551] [Render thread/WARN] [GregTechCEu/]: failed to add recipe from staging into lookup DB: gtceu:macerator/macerate_marble_iron_ore_to_crushed_ore
[28May2026 14:57:47.551] [Render thread/WARN] [GregTechCEu/]: failed to add recipe from staging into lookup DB: gtceu:macerator/macerate_red_granite_cobalt_ore_to_crushed_ore
[28May2026 14:57:47.551] [Render thread/WARN] [GregTechCEu/]: failed to add recipe from staging into lookup DB: gtceu:macerator/macerate_deepslate_cinnabar_ore_to_crushed_ore
[28May2026 14:57:47.551] [Render thread/WARN] [GregTechCEu/]: failed to add recipe from staging into lookup DB: gtceu:macerator/macerate_red_granite_nickel_ore_to_crushed_ore
[28May2026 14:57:47.551] [Render thread/WARN] [GregTechCEu/]: failed to add recipe from staging into lookup DB: gtceu:macerator/macerate_basalt_sulfur_ore_to_crushed_ore
[28May2026 14:57:47.551] [Render thread/WARN] [GregTechCEu/]: failed to add recipe from staging into lookup DB: gtceu:macerator/macerate_basalt_sapphire_ore_to_crushed_ore
[28May2026 14:57:47.551] [Render thread/WARN] [GregTechCEu/]: failed to add recipe from staging into lookup DB: gtceu:macerator/macerate_deepslate_copper_ore_to_crushed_ore
[28May2026 14:57:47.552] [Render thread/WARN] [GregTechCEu/]: failed to add recipe from staging into lookup DB: gtceu:macerator/macerate_endstone_emerald_ore_to_crushed_ore
[28May2026 14:57:47.552] [Render thread/WARN] [GregTechCEu/]: failed to add recipe from staging into lookup DB: gtceu:macerator/macerate_netherrack_emerald_ore_to_crushed_ore
[28May2026 14:57:47.552] [Render thread/WARN] [GregTechCEu/]: failed to add recipe from staging into lookup DB: gtceu:macerator/macerate_gravel_lead_ore_to_crushed_ore
[28May2026 14:57:47.552] [Render thread/WARN] [GregTechCEu/]: failed to add recipe from staging into lookup DB: gtceu:macerator/macerate_coal_ore_to_crushed_ore
[28May2026 14:57:47.552] [Render thread/WARN] [GregTechCEu/]: failed to add recipe from staging into lookup DB: gtceu:macerator/macerate_andesite_ruby_ore_to_crushed_ore
[28May2026 14:57:47.552] [Render thread/WARN] [GregTechCEu/]: failed to add recipe from staging into lookup DB: gtceu:macerator/macerate_deepslate_diamond_ore_to_crushed_ore
[28May2026 14:57:47.553] [Render thread/WARN] [GregTechCEu/]: failed to add recipe from staging into lookup DB: gtceu:macerator/macerate_basalt_apatite_ore_to_crushed_ore
[28May2026 14:57:47.553] [Render thread/WARN] [GregTechCEu/]: failed to add recipe from staging into lookup DB: gtceu:macerator/macerate_red_sand_nickel_ore_to_crushed_ore
[28May2026 14:57:47.553] [Render thread/WARN] [GregTechCEu/]: failed to add recipe from staging into lookup DB: gtceu:macerator/macerate_blackstone_sulfur_ore_to_crushed_ore
[28May2026 14:57:47.553] [Render thread/WARN] [GregTechCEu/]: failed to add recipe from staging into lookup DB: gtceu:macerator/macerate_tin_ore_to_crushed_ore
[28May2026 14:57:47.553] [Render thread/WARN] [GregTechCEu/]: failed to add recipe from staging into lookup DB: gtceu:macerator/macerate_diorite_gold_ore_to_crushed_ore
[28May2026 14:57:47.553] [Render thread/WARN] [GregTechCEu/]: failed to add recipe from staging into lookup DB: gtceu:macerator/macerate_endstone_cobalt_ore_to_crushed_ore
[28May2026 14:57:47.553] [Render thread/WARN] [GregTechCEu/]: failed to add recipe from staging into lookup DB: gtceu:macerator/macerate_endstone_nickel_ore_to_crushed_ore
[28May2026 14:57:47.553] [Render thread/WARN] [GregTechCEu/]: failed to add recipe from staging into lookup DB: gtceu:macerator/macerate_netherrack_graphite_ore_to_crushed_ore
[28May2026 14:57:47.553] [Render thread/WARN] [GregTechCEu/]: failed to add recipe from staging into lookup DB: gtceu:macerator/macerate_basalt_coal_ore_to_crushed_ore
[28May2026 14:57:47.553] [Render thread/WARN] [GregTechCEu/]: failed to add recipe from staging into lookup DB: gtceu:macerator/macerate_basalt_silver_ore_to_crushed_ore
[28May2026 14:57:47.553] [Render thread/WARN] [GregTechCEu/]: failed to add recipe from staging into lookup DB: gtceu:macerator/macerate_tuff_sulfur_ore_to_crushed_ore
[28May2026 14:57:47.553] [Render thread/WARN] [GregTechCEu/]: failed to add recipe from staging into lookup DB: gtceu:macerator/macerate_emerald_ore_to_crushed_ore
[28May2026 14:57:47.553] [Render thread/WARN] [GregTechCEu/]: failed to add recipe from staging into lookup DB: gtceu:macerator/macerate_deepslate_coal_ore_to_crushed_ore
[28May2026 14:57:47.553] [Render thread/WARN] [GregTechCEu/]: failed to add recipe from staging into lookup DB: gtceu:macerator/macerate_deepslate_platinum_ore_to_crushed_ore
[28May2026 14:57:47.553] [Render thread/WARN] [GregTechCEu/]: failed to add recipe from staging into lookup DB: gtceu:macerator/macerate_red_granite_emerald_ore_to_crushed_ore
[28May2026 14:57:47.554] [Render thread/WARN] [GregTechCEu/]: failed to add recipe from staging into lookup DB: gtceu:macerator/macerate_andesite_copper_ore_to_crushed_ore
[28May2026 14:57:47.554] [Render thread/WARN] [GregTechCEu/]: failed to add recipe from staging into lookup DB: gtceu:macerator/macerate_andesite_iron_ore_to_crushed_ore
[28May2026 14:57:47.554] [Render thread/WARN] [GregTechCEu/]: failed to add recipe from staging into lookup DB: gtceu:macerator/macerate_deepslate_silver_ore_to_crushed_ore
[28May2026 14:57:47.554] [Render thread/WARN] [GregTechCEu/]: failed to add recipe from staging into lookup DB: gtceu:macerator/macerate_diorite_lapis_ore_to_crushed_ore
[28May2026 14:57:47.554] [Render thread/WARN] [GregTechCEu/]: failed to add recipe from staging into lookup DB: gtceu:macerator/macerate_cobalt_ore_to_crushed_ore
[28May2026 14:57:47.554] [Render thread/WARN] [GregTechCEu/]: failed to add recipe from staging into lookup DB: gtceu:macerator/macerate_red_granite_gold_ore_to_crushed_ore
[28May2026 14:57:47.554] [Render thread/WARN] [GregTechCEu/]: failed to add recipe from staging into lookup DB: gtceu:macerator/macerate_red_sand_cobalt_ore_to_crushed_ore
[28May2026 14:57:47.554] [Render thread/WARN] [GregTechCEu/]: failed to add recipe from staging into lookup DB: gtceu:macerator/macerate_marble_cobalt_ore_to_crushed_ore
[28May2026 14:57:47.554] [Render thread/WARN] [GregTechCEu/]: failed to add recipe from staging into lookup DB: gtceu:macerator/macerate_diorite_copper_ore_to_crushed_ore
[28May2026 14:57:47.554] [Render thread/WARN] [GregTechCEu/]: failed to add recipe from staging into lookup DB: gtceu:macerator/macerate_red_sand_gold_ore_to_crushed_ore
[28May2026 14:57:47.555] [Render thread/WARN] [GregTechCEu/]: failed to add recipe from staging into lookup DB: gtceu:macerator/macerate_marble_sapphire_ore_to_crushed_ore
[28May2026 14:57:47.555] [Render thread/WARN] [GregTechCEu/]: failed to add recipe from staging into lookup DB: gtceu:macerator/macerate_mars_lapis_ore_to_crushed_ore
[28May2026 14:57:47.555] [Render thread/WARN] [GregTechCEu/]: failed to add recipe from staging into lookup DB: gtceu:macerator/macerate_marble_fluorite_ore_to_crushed_ore
[28May2026 14:57:47.555] [Render thread/WARN] [GregTechCEu/]: failed to add recipe from staging into lookup DB: gtceu:macerator/macerate_granite_fluorite_ore_to_crushed_ore
[28May2026 14:57:47.555] [Render thread/WARN] [GregTechCEu/]: failed to add recipe from staging into lookup DB: gtceu:macerator/macerate_blackstone_silver_ore_to_crushed_ore
[28May2026 14:57:47.555] [Render thread/WARN] [GregTechCEu/]: failed to add recipe from staging into lookup DB: gtceu:macerator/macerate_granite_coal_ore_to_crushed_ore
[28May2026 14:57:47.555] [Render thread/WARN] [GregTechCEu/]: failed to add recipe from staging into lookup DB: gtceu:macerator/macerate_tuff_sapphire_ore_to_crushed_ore
[28May2026 14:57:47.555] [Render thread/WARN] [GregTechCEu/]: failed to add recipe from staging into lookup DB: gtceu:macerator/macerate_red_sand_apatite_ore_to_crushed_ore
[28May2026 14:57:47.555] [Render thread/WARN] [GregTechCEu/]: failed to add recipe from staging into lookup DB: gtceu:macerator/macerate_mars_cinnabar_ore_to_crushed_ore
[28May2026 14:57:47.556] [Render thread/WARN] [GregTechCEu/]: failed to add recipe from staging into lookup DB: gtceu:macerator/macerate_red_sand_diamond_ore_to_crushed_ore
[28May2026 14:57:47.556] [Render thread/WARN] [GregTechCEu/]: failed to add recipe from staging into lookup DB: gtceu:macerator/macerate_blackstone_cinnabar_ore_to_crushed_ore
[28May2026 14:57:47.556] [Render thread/WARN] [GregTechCEu/]: failed to add recipe from staging into lookup DB: gtceu:macerator/macerate_gravel_fluorite_ore_to_crushed_ore
[28May2026 14:57:47.556] [Render thread/WARN] [GregTechCEu/]: failed to add recipe from staging into lookup DB: gtceu:macerator/macerate_ruby_ore_to_crushed_ore
[28May2026 14:57:47.556] [Render thread/WARN] [GregTechCEu/]: failed to add recipe from staging into lookup DB: gtceu:macerator/macerate_red_sand_sapphire_ore_to_crushed_ore
[28May2026 14:57:47.556] [Render thread/WARN] [GregTechCEu/]: failed to add recipe from staging into lookup DB: gtceu:macerator/macerate_blackstone_emerald_ore_to_crushed_ore
[28May2026 14:57:47.556] [Render thread/WARN] [GregTechCEu/]: failed to add recipe from staging into lookup DB: gtceu:macerator/macerate_basalt_emerald_ore_to_crushed_ore
[28May2026 14:57:47.556] [Render thread/WARN] [GregTechCEu/]: failed to add recipe from staging into lookup DB: gtceu:macerator/macerate_gravel_cobalt_ore_to_crushed_ore
[28May2026 14:57:47.556] [Render thread/WARN] [GregTechCEu/]: failed to add recipe from staging into lookup DB: gtceu:macerator/macerate_fluorite_ore_to_crushed_ore
[28May2026 14:57:47.556] [Render thread/WARN] [GregTechCEu/]: failed to add recipe from staging into lookup DB: gtceu:macerator/macerate_endstone_diamond_ore_to_crushed_ore
[28May2026 14:57:47.556] [Render thread/WARN] [GregTechCEu/]: failed to add recipe from staging into lookup DB: gtceu:macerator/macerate_marble_lead_ore_to_crushed_ore
[28May2026 14:57:47.556] [Render thread/WARN] [GregTechCEu/]: failed to add recipe from staging into lookup DB: gtceu:macerator/macerate_granite_nickel_ore_to_crushed_ore
[28May2026 14:57:47.556] [Render thread/WARN] [GregTechCEu/]: failed to add recipe from staging into lookup DB: gtceu:macerator/macerate_tuff_lead_ore_to_crushed_ore
[28May2026 14:57:47.557] [Render thread/WARN] [GregTechCEu/]: failed to add recipe from staging into lookup DB: gtceu:macerator/macerate_blackstone_nickel_ore_to_crushed_ore
[28May2026 14:57:47.557] [Render thread/WARN] [GregTechCEu/]: failed to add recipe from staging into lookup DB: gtceu:macerator/macerate_diorite_ruby_ore_to_crushed_ore
[28May2026 14:57:47.557] [Render thread/WARN] [GregTechCEu/]: failed to add recipe from staging into lookup DB: gtceu:macerator/macerate_blackstone_coal_ore_to_crushed_ore
[28May2026 14:57:47.557] [Render thread/WARN] [GregTechCEu/]: failed to add recipe from staging into lookup DB: gtceu:macerator/macerate_basalt_cinnabar_ore_to_crushed_ore
[28May2026 14:57:47.557] [Render thread/WARN] [GregTechCEu/]: failed to add recipe from staging into lookup DB: gtceu:macerator/macerate_granite_silver_ore_to_crushed_ore
[28May2026 14:57:47.557] [Render thread/WARN] [GregTechCEu/]: failed to add recipe from staging into lookup DB: gtceu:macerator/macerate_gravel_emerald_ore_to_crushed_ore
[28May2026 14:57:47.557] [Render thread/WARN] [GregTechCEu/]: failed to add recipe from staging into lookup DB: gtceu:macerator/macerate_deepslate_graphite_ore_to_crushed_ore
[28May2026 14:57:47.557] [Render thread/WARN] [GregTechCEu/]: failed to add recipe from staging into lookup DB: gtceu:macerator/macerate_tuff_apatite_ore_to_crushed_ore
[28May2026 14:57:47.557] [Render thread/WARN] [GregTechCEu/]: failed to add recipe from staging into lookup DB: gtceu:macerator/macerate_mars_platinum_ore_to_crushed_ore
[28May2026 14:57:47.557] [Render thread/WARN] [GregTechCEu/]: failed to add recipe from staging into lookup DB: gtceu:macerator/macerate_red_granite_copper_ore_to_crushed_ore
[28May2026 14:57:47.557] [Render thread/WARN] [GregTechCEu/]: failed to add recipe from staging into lookup DB: gtceu:macerator/macerate_tuff_silver_ore_to_crushed_ore
[28May2026 14:57:47.557] [Render thread/WARN] [GregTechCEu/]: failed to add recipe from staging into lookup DB: gtceu:macerator/macerate_diorite_iron_ore_to_crushed_ore
[28May2026 14:57:47.557] [Render thread/WARN] [GregTechCEu/]: failed to add recipe from staging into lookup DB: gtceu:macerator/macerate_mars_emerald_ore_to_crushed_ore
[28May2026 14:57:47.558] [Render thread/WARN] [GregTechCEu/]: failed to add recipe from staging into lookup DB: gtceu:macerator/macerate_red_granite_fluorite_ore_to_crushed_ore
[28May2026 14:57:47.558] [Render thread/WARN] [GregTechCEu/]: failed to add recipe from staging into lookup DB: gtceu:macerator/macerate_endstone_sapphire_ore_to_crushed_ore
[28May2026 14:57:47.558] [Render thread/WARN] [GregTechCEu/]: failed to add recipe from staging into lookup DB: gtceu:macerator/macerate_diorite_sapphire_ore_to_crushed_ore
[28May2026 14:57:47.558] [Render thread/WARN] [GregTechCEu/]: failed to add recipe from staging into lookup DB: gtceu:macerator/macerate_red_granite_apatite_ore_to_crushed_ore
[28May2026 14:57:47.558] [Render thread/WARN] [GregTechCEu/]: failed to add recipe from staging into lookup DB: gtceu:macerator/macerate_netherrack_fluorite_ore_to_crushed_ore
[28May2026 14:57:47.558] [Render thread/WARN] [GregTechCEu/]: failed to add recipe from staging into lookup DB: gtceu:macerator/macerate_endstone_coal_ore_to_crushed_ore
[28May2026 14:57:47.558] [Render thread/WARN] [GregTechCEu/]: failed to add recipe from staging into lookup DB: gtceu:macerator/macerate_marble_lapis_ore_to_crushed_ore
[28May2026 14:57:47.558] [Render thread/WARN] [GregTechCEu/]: failed to add recipe from staging into lookup DB: gtceu:macerator/macerate_red_sand_iron_ore_to_crushed_ore
[28May2026 14:57:47.558] [Render thread/WARN] [GregTechCEu/]: failed to add recipe from staging into lookup DB: gtceu:macerator/macerate_andesite_graphite_ore_to_crushed_ore
[28May2026 14:57:47.558] [Render thread/WARN] [GregTechCEu/]: failed to add recipe from staging into lookup DB: gtceu:macerator/macerate_marble_tin_ore_to_crushed_ore
[28May2026 14:57:47.559] [Render thread/WARN] [GregTechCEu/]: failed to add recipe from staging into lookup DB: gtceu:macerator/macerate_netherrack_tin_ore_to_crushed_ore
[28May2026 14:57:47.559] [Render thread/WARN] [GregTechCEu/]: failed to add recipe from staging into lookup DB: gtceu:macerator/macerate_andesite_diamond_ore_to_crushed_ore
[28May2026 14:57:47.559] [Render thread/WARN] [GregTechCEu/]: failed to add recipe from staging into lookup DB: gtceu:macerator/macerate_red_granite_iron_ore_to_crushed_ore
[28May2026 14:57:47.559] [Render thread/WARN] [GregTechCEu/]: failed to add recipe from staging into lookup DB: gtceu:macerator/macerate_gravel_lapis_ore_to_crushed_ore
[28May2026 14:57:47.559] [Render thread/WARN] [GregTechCEu/]: failed to add recipe from staging into lookup DB: gtceu:macerator/macerate_red_sand_tin_ore_to_crushed_ore
[28May2026 14:57:47.559] [Render thread/WARN] [GregTechCEu/]: failed to add recipe from staging into lookup DB: gtceu:macerator/macerate_red_sand_cinnabar_ore_to_crushed_ore
[28May2026 14:57:47.559] [Render thread/WARN] [GregTechCEu/]: failed to add recipe from staging into lookup DB: gtceu:macerator/macerate_mars_copper_ore_to_crushed_ore
[28May2026 14:57:47.560] [Render thread/WARN] [GregTechCEu/]: failed to add recipe from staging into lookup DB: gtceu:macerator/macerate_red_granite_diamond_ore_to_crushed_ore
[28May2026 14:57:47.560] [Render thread/WARN] [GregTechCEu/]: failed to add recipe from staging into lookup DB: gtceu:macerator/macerate_granite_lapis_ore_to_crushed_ore
[28May2026 14:57:47.560] [Render thread/WARN] [GregTechCEu/]: failed to add recipe from staging into lookup DB: gtceu:macerator/macerate_andesite_cobalt_ore_to_crushed_ore
[28May2026 14:57:47.560] [Render thread/WARN] [GregTechCEu/]: failed to add recipe from staging into lookup DB: gtceu:macerator/macerate_basalt_platinum_ore_to_crushed_ore
[28May2026 14:57:47.560] [Render thread/WARN] [GregTechCEu/]: failed to add recipe from staging into lookup DB: gtceu:macerator/macerate_netherrack_gold_ore_to_crushed_ore
[28May2026 14:57:47.560] [Render thread/WARN] [GregTechCEu/]: failed to add recipe from staging into lookup DB: gtceu:macerator/macerate_diamond_ore_to_crushed_ore
[28May2026 14:57:47.560] [Render thread/WARN] [GregTechCEu/]: failed to add recipe from staging into lookup DB: gtceu:macerator/macerate_tuff_cinnabar_ore_to_crushed_ore
[28May2026 14:57:47.561] [Render thread/WARN] [GregTechCEu/]: failed to add recipe from staging into lookup DB: gtceu:macerator/macerate_red_granite_ruby_ore_to_crushed_ore
[28May2026 14:57:47.561] [Render thread/WARN] [GregTechCEu/]: failed to add recipe from staging into lookup DB: gtceu:macerator/macerate_basalt_lead_ore_to_crushed_ore
[28May2026 14:57:47.561] [Render thread/WARN] [GregTechCEu/]: failed to add recipe from staging into lookup DB: gtceu:macerator/macerate_tuff_diamond_ore_to_crushed_ore
[28May2026 14:57:47.561] [Render thread/WARN] [GregTechCEu/]: failed to add recipe from staging into lookup DB: gtceu:macerator/macerate_netherrack_cobalt_ore_to_crushed_ore
[28May2026 14:57:47.561] [Render thread/WARN] [GregTechCEu/]: failed to add recipe from staging into lookup DB: gtceu:macerator/macerate_endstone_copper_ore_to_crushed_ore
[28May2026 14:57:47.562] [Render thread/WARN] [GregTechCEu/]: failed to add recipe from staging into lookup DB: gtceu:macerator/macerate_red_sand_ruby_ore_to_crushed_ore
[28May2026 14:57:47.562] [Render thread/WARN] [GregTechCEu/]: failed to add recipe from staging into lookup DB: gtceu:macerator/macerate_red_sand_lead_ore_to_crushed_ore
[28May2026 14:57:47.562] [Render thread/WARN] [GregTechCEu/]: failed to add recipe from staging into lookup DB: gtceu:macerator/macerate_diorite_cobalt_ore_to_crushed_ore
[28May2026 14:57:47.562] [Render thread/WARN] [GregTechCEu/]: failed to add recipe from staging into lookup DB: gtceu:macerator/macerate_graphite_ore_to_crushed_ore
[28May2026 14:57:47.562] [Render thread/WARN] [GregTechCEu/]: failed to add recipe from staging into lookup DB: gtceu:macerator/macerate_red_sand_copper_ore_to_crushed_ore
[28May2026 14:57:47.562] [Render thread/WARN] [GregTechCEu/]: failed to add recipe from staging into lookup DB: gtceu:macerator/macerate_marble_emerald_ore_to_crushed_ore
[28May2026 14:57:47.563] [Render thread/WARN] [GregTechCEu/]: failed to add recipe from staging into lookup DB: gtceu:macerator/macerate_basalt_tin_ore_to_crushed_ore
[28May2026 14:57:47.563] [Render thread/WARN] [GregTechCEu/]: failed to add recipe from staging into lookup DB: gtceu:macerator/macerate_marble_copper_ore_to_crushed_ore
[28May2026 14:57:47.563] [Render thread/WARN] [GregTechCEu/]: failed to add recipe from staging into lookup DB: gtceu:macerator/macerate_netherrack_sulfur_ore_to_crushed_ore
[28May2026 14:57:47.563] [Render thread/WARN] [GregTechCEu/]: failed to add recipe from staging into lookup DB: gtceu:macerator/macerate_iron_ore_to_crushed_ore
[28May2026 14:57:47.563] [Render thread/WARN] [GregTechCEu/]: failed to add recipe from staging into lookup DB: gtceu:macerator/macerate_deepslate_nickel_ore_to_crushed_ore
[28May2026 14:57:47.563] [Render thread/WARN] [GregTechCEu/]: failed to add recipe from staging into lookup DB: gtceu:macerator/macerate_deepslate_fluorite_ore_to_crushed_ore
[28May2026 14:57:47.563] [Render thread/WARN] [GregTechCEu/]: failed to add recipe from staging into lookup DB: gtceu:macerator/macerate_netherrack_apatite_ore_to_crushed_ore
[28May2026 14:57:47.563] [Render thread/WARN] [GregTechCEu/]: failed to add recipe from staging into lookup DB: gtceu:macerator/macerate_basalt_lapis_ore_to_crushed_ore
[28May2026 14:57:47.563] [Render thread/WARN] [GregTechCEu/]: failed to add recipe from staging into lookup DB: gtceu:macerator/macerate_gravel_coal_ore_to_crushed_ore
[28May2026 14:57:47.563] [Render thread/WARN] [GregTechCEu/]: failed to add recipe from staging into lookup DB: gtceu:macerator/macerate_endstone_silver_ore_to_crushed_ore
[28May2026 14:57:47.563] [Render thread/WARN] [GregTechCEu/]: failed to add recipe from staging into lookup DB: gtceu:macerator/macerate_diorite_cinnabar_ore_to_crushed_ore
[28May2026 14:57:47.563] [Render thread/WARN] [GregTechCEu/]: failed to add recipe from staging into lookup DB: gtceu:macerator/macerate_mars_diamond_ore_to_crushed_ore
[28May2026 14:57:47.563] [Render thread/WARN] [GregTechCEu/]: failed to add recipe from staging into lookup DB: gtceu:macerator/macerate_tuff_copper_ore_to_crushed_ore
[28May2026 14:57:47.563] [Render thread/WARN] [GregTechCEu/]: failed to add recipe from staging into lookup DB: gtceu:macerator/macerate_red_granite_silver_ore_to_crushed_ore
[28May2026 14:57:47.564] [Render thread/WARN] [GregTechCEu/]: failed to add recipe from staging into lookup DB: gtceu:macerator/macerate_gravel_apatite_ore_to_crushed_ore
[28May2026 14:57:47.564] [Render thread/WARN] [GregTechCEu/]: failed to add recipe from staging into lookup DB: gtceu:macerator/macerate_granite_apatite_ore_to_crushed_ore
[28May2026 14:57:47.564] [Render thread/WARN] [GregTechCEu/]: failed to add recipe from staging into lookup DB: gtceu:macerator/macerate_sapphire_ore_to_crushed_ore
[28May2026 14:57:47.564] [Render thread/WARN] [GregTechCEu/]: failed to add recipe from staging into lookup DB: gtceu:macerator/macerate_marble_graphite_ore_to_crushed_ore
[28May2026 14:57:47.564] [Render thread/WARN] [GregTechCEu/]: failed to add recipe from staging into lookup DB: gtceu:macerator/macerate_red_granite_coal_ore_to_crushed_ore
[28May2026 14:57:47.564] [Render thread/WARN] [GregTechCEu/]: failed to add recipe from staging into lookup DB: gtceu:macerator/macerate_andesite_cinnabar_ore_to_crushed_ore
[28May2026 14:57:47.564] [Render thread/WARN] [GregTechCEu/]: failed to add recipe from staging into lookup DB: gtceu:macerator/macerate_tuff_gold_ore_to_crushed_ore
[28May2026 14:57:47.564] [Render thread/WARN] [GregTechCEu/]: failed to add recipe from staging into lookup DB: gtceu:macerator/macerate_blackstone_copper_ore_to_crushed_ore
[28May2026 14:57:47.564] [Render thread/WARN] [GregTechCEu/]: failed to add recipe from staging into lookup DB: gtceu:macerator/macerate_granite_iron_ore_to_crushed_ore
[28May2026 14:57:47.565] [Render thread/WARN] [GregTechCEu/]: failed to add recipe from staging into lookup DB: gtceu:macerator/macerate_gravel_graphite_ore_to_crushed_ore
[28May2026 14:57:47.565] [Render thread/WARN] [GregTechCEu/]: failed to add recipe from staging into lookup DB: gtceu:macerator/macerate_blackstone_lead_ore_to_crushed_ore
[28May2026 14:57:47.565] [Render thread/WARN] [GregTechCEu/]: failed to add recipe from staging into lookup DB: gtceu:macerator/macerate_mars_coal_ore_to_crushed_ore
[28May2026 14:57:47.565] [Render thread/WARN] [GregTechCEu/]: failed to add recipe from staging into lookup DB: gtceu:macerator/macerate_mars_sapphire_ore_to_crushed_ore
[28May2026 14:57:47.565] [Render thread/WARN] [GregTechCEu/]: failed to add recipe from staging into lookup DB: gtceu:macerator/macerate_netherrack_coal_ore_to_crushed_ore
[28May2026 14:57:47.565] [Render thread/WARN] [GregTechCEu/]: failed to add recipe from staging into lookup DB: gtceu:macerator/macerate_blackstone_diamond_ore_to_crushed_ore
[28May2026 14:57:47.565] [Render thread/WARN] [GregTechCEu/]: failed to add recipe from staging into lookup DB: gtceu:macerator/macerate_gravel_sulfur_ore_to_crushed_ore
[28May2026 14:57:47.565] [Render thread/WARN] [GregTechCEu/]: failed to add recipe from staging into lookup DB: gtceu:macerator/macerate_marble_coal_ore_to_crushed_ore
[28May2026 14:57:47.565] [Render thread/WARN] [GregTechCEu/]: failed to add recipe from staging into lookup DB: gtceu:macerator/macerate_gravel_diamond_ore_to_crushed_ore
[28May2026 14:57:47.565] [Render thread/WARN] [GregTechCEu/]: failed to add recipe from staging into lookup DB: gtceu:macerator/macerate_tuff_iron_ore_to_crushed_ore
[28May2026 14:57:47.566] [Render thread/WARN] [GregTechCEu/]: failed to add recipe from staging into lookup DB: gtceu:macerator/macerate_diorite_coal_ore_to_crushed_ore
[28May2026 14:57:47.566] [Render thread/WARN] [GregTechCEu/]: failed to add recipe from staging into lookup DB: gtceu:macerator/macerate_diorite_tin_ore_to_crushed_ore
[28May2026 14:57:47.566] [Render thread/WARN] [GregTechCEu/]: failed to add recipe from staging into lookup DB: gtceu:macerator/macerate_blackstone_graphite_ore_to_crushed_ore
[28May2026 14:57:47.566] [Render thread/WARN] [GregTechCEu/]: failed to add recipe from staging into lookup DB: gtceu:macerator/macerate_red_granite_sapphire_ore_to_crushed_ore
[28May2026 14:57:47.566] [Render thread/WARN] [GregTechCEu/]: failed to add recipe from staging into lookup DB: gtceu:macerator/macerate_red_sand_silver_ore_to_crushed_ore
[28May2026 14:57:47.566] [Render thread/WARN] [GregTechCEu/]: failed to add recipe from staging into lookup DB: gtceu:macerator/macerate_netherrack_sapphire_ore_to_crushed_ore
[28May2026 14:57:47.566] [Render thread/WARN] [GregTechCEu/]: failed to add recipe from staging into lookup DB: gtceu:macerator/macerate_granite_diamond_ore_to_crushed_ore
[28May2026 14:57:47.566] [Render thread/WARN] [GregTechCEu/]: failed to add recipe from staging into lookup DB: gtceu:macerator/macerate_endstone_fluorite_ore_to_crushed_ore
[28May2026 14:57:47.566] [Render thread/WARN] [GregTechCEu/]: failed to add recipe from staging into lookup DB: gtceu:macerator/macerate_netherrack_silver_ore_to_crushed_ore
[28May2026 14:57:47.566] [Render thread/WARN] [GregTechCEu/]: failed to add recipe from staging into lookup DB: gtceu:macerator/macerate_silver_ore_to_crushed_ore
[28May2026 14:57:47.566] [Render thread/WARN] [GregTechCEu/]: failed to add recipe from staging into lookup DB: gtceu:macerator/macerate_deepslate_apatite_ore_to_crushed_ore
[28May2026 14:57:47.566] [Render thread/WARN] [GregTechCEu/]: failed to add recipe from staging into lookup DB: gtceu:macerator/macerate_marble_cinnabar_ore_to_crushed_ore
[28May2026 14:57:47.566] [Render thread/WARN] [GregTechCEu/]: failed to add recipe from staging into lookup DB: gtceu:macerator/macerate_blackstone_cobalt_ore_to_crushed_ore
[28May2026 14:57:47.567] [Render thread/WARN] [GregTechCEu/]: failed to add recipe from staging into lookup DB: gtceu:macerator/macerate_tuff_lapis_ore_to_crushed_ore
[28May2026 14:57:47.567] [Render thread/WARN] [GregTechCEu/]: failed to add recipe from staging into lookup DB: gtceu:macerator/macerate_basalt_nickel_ore_to_crushed_ore
[28May2026 14:57:47.567] [Render thread/WARN] [GregTechCEu/]: failed to add recipe from staging into lookup DB: gtceu:macerator/macerate_deepslate_tin_ore_to_crushed_ore
[28May2026 14:57:47.567] [Render thread/WARN] [GregTechCEu/]: failed to add recipe from staging into lookup DB: gtceu:macerator/macerate_andesite_lead_ore_to_crushed_ore
[28May2026 14:57:47.567] [Render thread/WARN] [GregTechCEu/]: failed to add recipe from staging into lookup DB: gtceu:macerator/macerate_tuff_cobalt_ore_to_crushed_ore
[28May2026 14:57:47.567] [Render thread/WARN] [GregTechCEu/]: failed to add recipe from staging into lookup DB: gtceu:macerator/macerate_deepslate_gold_ore_to_crushed_ore
[28May2026 14:57:47.567] [Render thread/WARN] [GregTechCEu/]: failed to add recipe from staging into lookup DB: gtceu:macerator/macerate_tuff_nickel_ore_to_crushed_ore
[28May2026 14:57:47.567] [Render thread/WARN] [GregTechCEu/]: failed to add recipe from staging into lookup DB: gtceu:macerator/macerate_gold_ore_to_crushed_ore
[28May2026 14:57:47.567] [Render thread/WARN] [GregTechCEu/]: failed to add recipe from staging into lookup DB: gtceu:macerator/macerate_tuff_ruby_ore_to_crushed_ore
[28May2026 14:57:47.567] [Render thread/WARN] [GregTechCEu/]: failed to add recipe from staging into lookup DB: gtceu:macerator/macerate_mars_sulfur_ore_to_crushed_ore
[28May2026 14:57:47.567] [Render thread/WARN] [GregTechCEu/]: failed to add recipe from staging into lookup DB: gtceu:macerator/macerate_gravel_ruby_ore_to_crushed_ore
[28May2026 14:57:47.568] [Render thread/WARN] [GregTechCEu/]: failed to add recipe from staging into lookup DB: gtceu:macerator/macerate_marble_sulfur_ore_to_crushed_ore
[28May2026 14:57:47.568] [Render thread/WARN] [GregTechCEu/]: failed to add recipe from staging into lookup DB: gtceu:macerator/macerate_apatite_ore_to_crushed_ore
[28May2026 14:57:47.568] [Render thread/WARN] [GregTechCEu/]: failed to add recipe from staging into lookup DB: gtceu:macerator/macerate_gravel_silver_ore_to_crushed_ore
[28May2026 14:57:47.568] [Render thread/WARN] [GregTechCEu/]: failed to add recipe from staging into lookup DB: gtceu:macerator/macerate_deepslate_lapis_ore_to_crushed_ore
[28May2026 14:57:47.568] [Render thread/WARN] [GregTechCEu/]: failed to add recipe from staging into lookup DB: gtceu:macerator/macerate_endstone_sulfur_ore_to_crushed_ore
[28May2026 14:57:47.568] [Render thread/WARN] [GregTechCEu/]: failed to add recipe from staging into lookup DB: gtceu:macerator/macerate_red_sand_coal_ore_to_crushed_ore
[28May2026 14:57:47.568] [Render thread/WARN] [GregTechCEu/]: failed to add recipe from staging into lookup DB: gtceu:macerator/macerate_granite_sulfur_ore_to_crushed_ore
[28May2026 14:57:47.569] [Render thread/WARN] [GregTechCEu/]: failed to add recipe from staging into lookup DB: gtceu:macerator/macerate_basalt_gold_ore_to_crushed_ore
[28May2026 14:57:47.569] [Render thread/WARN] [GregTechCEu/]: failed to add recipe from staging into lookup DB: gtceu:macerator/macerate_andesite_apatite_ore_to_crushed_ore
[28May2026 14:57:47.569] [Render thread/WARN] [GregTechCEu/]: failed to add recipe from staging into lookup DB: gtceu:macerator/macerate_blackstone_platinum_ore_to_crushed_ore
[28May2026 14:57:47.569] [Render thread/WARN] [GregTechCEu/]: failed to add recipe from staging into lookup DB: gtceu:macerator/macerate_andesite_platinum_ore_to_crushed_ore
[28May2026 14:57:47.569] [Render thread/WARN] [GregTechCEu/]: failed to add recipe from staging into lookup DB: gtceu:macerator/macerate_red_granite_lapis_ore_to_crushed_ore
[28May2026 14:57:47.569] [Render thread/WARN] [GregTechCEu/]: failed to add recipe from staging into lookup DB: gtceu:macerator/macerate_gravel_iron_ore_to_crushed_ore
[28May2026 14:57:47.569] [Render thread/WARN] [GregTechCEu/]: failed to add recipe from staging into lookup DB: gtceu:macerator/macerate_endstone_apatite_ore_to_crushed_ore
[28May2026 14:57:47.569] [Render thread/WARN] [GregTechCEu/]: failed to add recipe from staging into lookup DB: gtceu:macerator/macerate_red_sand_sulfur_ore_to_crushed_ore
[28May2026 14:57:47.569] [Render thread/WARN] [GregTechCEu/]: failed to add recipe from staging into lookup DB: gtceu:macerator/macerate_endstone_tin_ore_to_crushed_ore
[28May2026 14:57:47.569] [Render thread/WARN] [GregTechCEu/]: failed to add recipe from staging into lookup DB: gtceu:macerator/macerate_red_sand_platinum_ore_to_crushed_ore
[28May2026 14:57:47.569] [Render thread/WARN] [GregTechCEu/]: failed to add recipe from staging into lookup DB: gtceu:macerator/macerate_sulfur_ore_to_crushed_ore
[28May2026 14:57:47.569] [Render thread/WARN] [GregTechCEu/]: failed to add recipe from staging into lookup DB: gtceu:macerator/macerate_diorite_emerald_ore_to_crushed_ore
[28May2026 14:57:47.569] [Render thread/WARN] [GregTechCEu/]: failed to add recipe from staging into lookup DB: gtceu:macerator/macerate_netherrack_copper_ore_to_crushed_ore
[28May2026 14:57:47.569] [Render thread/WARN] [GregTechCEu/]: failed to add recipe from staging into lookup DB: gtceu:macerator/macerate_tuff_emerald_ore_to_crushed_ore
[28May2026 14:57:47.569] [Render thread/WARN] [GregTechCEu/]: failed to add recipe from staging into lookup DB: gtceu:macerator/macerate_granite_graphite_ore_to_crushed_ore
[28May2026 14:57:47.594] [Render thread/WARN] [GregTechCEu/]: failed to add recipe from staging into lookup DB: gcyr:chemical_reactor/pyrometillic_dianhydride
[28May2026 14:57:47.740] [Render thread/WARN] [GregTechCEu/]: failed to add recipe from staging into lookup DB: gtceu:forge_hammer/hammer_basalt_cobalt_ore_to_crushed_ore
[28May2026 14:57:47.740] [Render thread/WARN] [GregTechCEu/]: failed to add recipe from staging into lookup DB: gtceu:forge_hammer/hammer_basalt_sapphire_ore_to_crushed_ore
[28May2026 14:57:47.741] [Render thread/WARN] [GregTechCEu/]: failed to add recipe from staging into lookup DB: gtceu:forge_hammer/hammer_andesite_silver_ore_to_crushed_ore
[28May2026 14:57:47.741] [Render thread/WARN] [GregTechCEu/]: failed to add recipe from staging into lookup DB: gtceu:forge_hammer/hammer_andesite_lead_ore_to_crushed_ore
[28May2026 14:57:47.742] [Render thread/WARN] [GregTechCEu/]: failed to add recipe from staging into lookup DB: gtceu:forge_hammer/hammer_andesite_graphite_ore_to_crushed_ore
[28May2026 14:57:47.742] [Render thread/WARN] [GregTechCEu/]: failed to add recipe from staging into lookup DB: gtceu:forge_hammer/hammer_andesite_ruby_ore_to_crushed_ore
[28May2026 14:57:47.742] [Render thread/WARN] [GregTechCEu/]: failed to add recipe from staging into lookup DB: gtceu:forge_hammer/hammer_andesite_copper_ore_to_crushed_ore
[28May2026 14:57:47.742] [Render thread/WARN] [GregTechCEu/]: failed to add recipe from staging into lookup DB: gtceu:forge_hammer/hammer_basalt_coal_ore_to_crushed_ore
[28May2026 14:57:47.743] [Render thread/WARN] [GregTechCEu/]: failed to add recipe from staging into lookup DB: gtceu:forge_hammer/hammer_basalt_nickel_ore_to_crushed_ore
[28May2026 14:57:47.743] [Render thread/WARN] [GregTechCEu/]: failed to add recipe from staging into lookup DB: gtceu:forge_hammer/hammer_basalt_cinnabar_ore_to_crushed_ore
[28May2026 14:57:47.744] [Render thread/WARN] [GregTechCEu/]: failed to add recipe from staging into lookup DB: gtceu:forge_hammer/hammer_basalt_gold_ore_to_crushed_ore
[28May2026 14:57:47.744] [Render thread/WARN] [GregTechCEu/]: failed to add recipe from staging into lookup DB: gtceu:forge_hammer/hammer_andesite_fluorite_ore_to_crushed_ore
[28May2026 14:57:47.744] [Render thread/WARN] [GregTechCEu/]: failed to add recipe from staging into lookup DB: gtceu:forge_hammer/hammer_basalt_emerald_ore_to_crushed_ore
[28May2026 14:57:47.744] [Render thread/WARN] [GregTechCEu/]: failed to add recipe from staging into lookup DB: gtceu:forge_hammer/hammer_andesite_apatite_ore_to_crushed_ore
[28May2026 14:57:47.745] [Render thread/WARN] [GregTechCEu/]: failed to add recipe from staging into lookup DB: gtceu:forge_hammer/hammer_andesite_sulfur_ore_to_crushed_ore
[28May2026 14:57:47.745] [Render thread/WARN] [GregTechCEu/]: failed to add recipe from staging into lookup DB: gtceu:forge_hammer/hammer_basalt_iron_ore_to_crushed_ore
[28May2026 14:57:47.745] [Render thread/WARN] [GregTechCEu/]: failed to add recipe from staging into lookup DB: gtceu:forge_hammer/hammer_basalt_tin_ore_to_crushed_ore
[28May2026 14:57:47.745] [Render thread/WARN] [GregTechCEu/]: failed to add recipe from staging into lookup DB: gtceu:forge_hammer/hammer_basalt_lapis_ore_to_crushed_ore
[28May2026 14:57:47.745] [Render thread/WARN] [GregTechCEu/]: failed to add recipe from staging into lookup DB: gtceu:forge_hammer/hammer_basalt_diamond_ore_to_crushed_ore
[28May2026 14:57:47.745] [Render thread/WARN] [GregTechCEu/]: failed to add recipe from staging into lookup DB: gtceu:forge_hammer/hammer_andesite_platinum_ore_to_crushed_ore
[28May2026 14:57:47.868] [Render thread/WARN] [GregTechCEu/]: failed to add recipe from staging into lookup DB: gtceu:large_boiler/quark_charcoal_block
[28May2026 14:57:47.913] [Render thread/WARN] [GregTechCEu/]: failed to add recipe from staging into lookup DB: gcyr:large_chemical_reactor/potassium_hydroxide
[28May2026 14:57:47.978] [Render thread/INFO] [KubeJS Server/]: Added 82 recipes, removed 50 recipes, modified 1 recipes, with 19 failed recipes in 1.479 s
[28May2026 14:57:47.978] [Render thread/INFO] [ModernFix/]: Clearing KubeJS recipe lists...
[28May2026 14:57:48.030] [Render thread/ERROR] [net.minecraft.server.ServerAdvancementManager/]: Parsing error loading custom advancement industrialforegoing:recipes/misc/simulated_hydroponic_bed: Unknown item id 'forge:plastic'
[28May2026 14:57:48.085] [Render thread/INFO] [quark/]: [Automatic Recipe Unlock] Removed 9913 recipe advancements
[28May2026 14:57:48.088] [Render thread/INFO] [net.minecraft.advancements.AdvancementList/]: Loaded 545 advancements
[28May2026 14:57:48.112] [Render thread/INFO] [placebo/]: Registered 0 additional recipes.
[28May2026 14:57:48.116] [Render thread/INFO] [top.theillusivec4.curios.Curios/]: Loaded 11 curio slots
[28May2026 14:57:48.118] [Render thread/INFO] [top.theillusivec4.curios.Curios/]: Loaded 1 curio entities
[28May2026 14:57:48.434] [Render thread/INFO] [slimeknights.mantle.fluid.transfer.FluidContainerTransferManager/]: Loaded 26 dynamic modifiers in 0.637323 ms
[28May2026 14:57:48.434] [Render thread/INFO] [com.dannyandson.tinyredstone.TinyRedstone/]: Beginning loading of data for data loader: tiny_block_overrides
[28May2026 14:57:48.435] [Render thread/INFO] [com.dannyandson.tinyredstone.TinyRedstone/]: Data loader for tiny_block_overrides loaded 1 jsons
[28May2026 14:57:48.448] [Render thread/INFO] [dan200.computercraft.impl.UpgradeManager/]: Loaded 21 turtle upgrades
[28May2026 14:57:48.448] [Render thread/INFO] [dan200.computercraft.impl.UpgradeManager/]: Loaded 8 pocket computer upgrades
[28May2026 14:57:48.459] [Render thread/INFO] [slimeknights.tconstruct.library.materials.definition.MaterialManager/]: Loaded 85 materials in 2.000955 ms
[28May2026 14:57:48.461] [Render thread/INFO] [slimeknights.tconstruct.library.materials.definition.MaterialManager/]: Loaded 20 material tags for 71 materials in 2.327828 ms
[28May2026 14:57:48.465] [Render thread/INFO] [slimeknights.tconstruct.library.materials.stats.MaterialStatsManager/]: 506 stats loaded for 88 materials in 3.659156 ms
[28May2026 14:57:48.469] [Render thread/INFO] [slimeknights.tconstruct.library.materials.traits.MaterialTraitsManager/]: 423 traits loaded for 88 materials in 4.044412 ms
[28May2026 14:57:48.471] [Render thread/INFO] [tconstruct/]: Loaded 5 mob equipment replacements targeting 9 mobs in 0.724439 ms
[28May2026 14:57:48.515] [Render thread/INFO] [quark-zeta/]: Modified advancement minecraft:husbandry/wax_on with 2 patches
[28May2026 14:57:48.515] [Render thread/INFO] [quark-zeta/]: Modified advancement minecraft:adventure/kill_a_mob with 3 patches
[28May2026 14:57:48.515] [Render thread/INFO] [quark-zeta/]: Modified advancement minecraft:husbandry/bred_all_animals with 3 patches
[28May2026 14:57:48.515] [Render thread/INFO] [quark-zeta/]: Modified advancement minecraft:adventure/kill_all_mobs with 3 patches
[28May2026 14:57:48.515] [Render thread/INFO] [quark-zeta/]: Modified advancement minecraft:husbandry/balanced_diet with 3 patches
[28May2026 14:57:48.515] [Render thread/INFO] [quark-zeta/]: Modified advancement minecraft:husbandry/plant_seed with 1 patches
[28May2026 14:57:48.515] [Render thread/INFO] [quark-zeta/]: Modified advancement minecraft:nether/all_effects with 2 patches
[28May2026 14:57:48.515] [Render thread/INFO] [quark-zeta/]: Modified advancement minecraft:husbandry/wax_off with 2 patches
[28May2026 14:57:48.515] [Render thread/INFO] [quark-zeta/]: Modified advancement minecraft:adventure/adventuring_time with 1 patches
[28May2026 14:57:48.515] [Render thread/INFO] [quark-zeta/]: Modified advancement minecraft:nether/all_potions with 1 patches
[28May2026 14:57:48.524] [Render thread/INFO] [slimeknights.tconstruct.library.modifiers.ModifierManager/]: Loaded 216 dynamic modifiers and 5 modifier redirects in 8.793006 ms
[28May2026 14:57:48.526] [Render thread/INFO] [slimeknights.tconstruct.library.modifiers.ModifierManager/]: Loaded 48 modifier tags for 157 modifiers in 2.093851 ms
[28May2026 14:57:48.527] [Render thread/INFO] [slimeknights.tconstruct.library.modifiers.ModifierManager/]: Loaded 57 enchantment to modifier mappings in 1.031368 ms
[28May2026 14:57:48.529] [Render thread/INFO] [tconstruct/]: Loaded 66 spilling fluids in 1.855141 ms
[28May2026 14:57:48.530] [Render thread/INFO] [enderio/]: Data loader for eio_soul/spawner loaded 73 jsons
[28May2026 14:57:48.530] [Render thread/INFO] [enderio/]: Data loader for eio_soul/engine loaded 5 jsons
[28May2026 14:57:48.533] [Render thread/INFO] [Supplementaries/]: Loaded 27 flute songs
[28May2026 14:57:48.540] [Render thread/INFO] [placebo/]: Registered 0 gear_sets.
[28May2026 14:57:48.546] [Render thread/INFO] [slimeknights.tconstruct.library.tools.definition.ToolDefinitionLoader/]: Loaded 52 tool definitions in 2.8482 ms
[28May2026 14:57:48.547] [Render thread/INFO] [slimeknights.tconstruct.library.tools.layout.StationSlotLayoutLoader/]: Loaded 31 station slot layouts in 1.216635 ms
[28May2026 14:57:48.633] [Render thread/INFO] [Moonlight/]: Applied 18 data villager trades
[28May2026 14:57:48.691] [Render thread/INFO] [Supplementaries/]: Finished additional setup in 0 ms
[28May2026 14:57:48.719] [Render thread/INFO] [Cucumber Library/]: Loaded cucumber-tags.json in 0 ms
[28May2026 14:57:48.724] [Render thread/WARN] [ModernFix/]: Initial datapack load took 13.37 s
[28May2026 14:57:48.732] [Render thread/INFO] [mixin/]: Mixing client.MixinRowHelper from mixins/common/nochatreports.mixins.json into net.minecraft.client.gui.layouts.GridLayout$RowHelper
[28May2026 14:57:48.744] [Render thread/INFO] [mixin/]: Mixing client.MixinChatOptionsScreen from mixins/common/nochatreports.mixins.json into net.minecraft.client.gui.screens.ChatOptionsScreen
[28May2026 14:57:48.744] [Render thread/INFO] [mixin/]: Renaming synthetic method lambda$init$0(Lnet/minecraft/client/gui/components/AbstractWidget;)V to md56901c$lambda$init$0$0 in mixins/common/nochatreports.mixins.json:client.MixinChatOptionsScreen
[28May2026 14:57:48.759] [Render thread/INFO] [defaultoptions/]: Default difficulty has been set to PEACEFUL.
[28May2026 14:58:08.881] [Render thread/INFO] [com.simibubi.create.Create/]: Created 261 recipes which will be injected into the game
[28May2026 14:58:08.882] [Render thread/INFO] [com.simibubi.create.Create/]: Created 1 tags which will be injected into the game
[28May2026 14:58:08.886] [Render thread/INFO] [slimeknights.tconstruct.data.pack.DynamicAdvancementProviderRunner/]: Captured 42 dynamic advancement resources from 1 providers for tconstruct-advancements in 3.105285 ms
[28May2026 14:58:08.889] [Render thread/INFO] [slimeknights.tconstruct.data.pack.DynamicDataProviderRunner/]: Captured 269 dynamic data resources from 3 providers for tconstruct-materials in 2.730341 ms
[28May2026 14:58:08.903] [Render thread/INFO] [slimeknights.tconstruct.data.pack.DynamicDataProviderRunner/]: Captured 398 dynamic data resources from 6 providers for tconstruct-tinkering in 13.833391 ms
[28May2026 14:58:08.914] [Render thread/INFO] [slimeknights.tconstruct.data.pack.DynamicDataProviderRunner/]: Captured 907 dynamic data resources from 11 providers for tconstruct-tags in 11.016676 ms
[28May2026 14:58:08.937] [Render thread/WARN] [tconstruct/]: Multiple fuel recipes for solid fuel. This usually indicates a datapack error and may cause desyncs. Original tconstruct:smeltery/melting/fuel/solid, latest tconstruct:smeltery/melting/fuel/solid
[28May2026 14:58:08.944] [Render thread/INFO] [slimeknights.tconstruct.data.pack.DynamicRecipeProviderRunner/]: Captured 3339 dynamic recipe resources from 8 providers for tconstruct-recipes in 29.589104 ms
[28May2026 14:58:08.956] [Render thread/INFO] [GregTechCEu/]: Did not find bolt for bisalloy_400, skipping wirecutter recipe
[28May2026 14:58:09.111] [Render thread/INFO] [GregTechCEu/]: Did not find plate for netherite, skipping mining hammer, spade, saw, axe, hoe, pickaxe, scythe, shovel, sword, hammer, file, knife, wrench recipes
[28May2026 14:58:09.111] [Render thread/WARN] [GregTechCEu/]: Did not find rod for netherite, skipping wirecutter, butchery knife, screwdriver, crowbar recipes
[28May2026 14:58:09.112] [Render thread/WARN] [GregTechCEu/]: Did not find plate for netherite, skipping electric drill, chainsaw, wrench, wirecutter, buzzsaw recipe
[28May2026 14:58:09.112] [Render thread/WARN] [GregTechCEu/]: Did not find long rod for netherite, skipping electric screwdriver recipe
[28May2026 14:58:09.499] [Render thread/ERROR] [GregTechCEu/]: Tried to set output item stack that doesn't exist, id: gtceu:bend_magnetic_iron_plate_to_foil, TagPrefix: foil, Material: gtceu:iron, Count: 4
[28May2026 14:58:09.500] [Render thread/ERROR] [GregTechCEu/]: Tried to set output item stack that doesn't exist, id: gtceu:bend_magnetic_iron_ingot_to_foil, TagPrefix: foil, Material: gtceu:iron, Count: 4
[28May2026 14:58:09.871] [Render thread/INFO] [tconstruct-GTRecipes/]: Registering hardcoded special/hot fluid recipes...
[28May2026 14:58:09.889] [Render thread/WARN] [GregTechCEu/]: Recipe gtceu:iridium_chloride_separation is trying to add more outputs than its recipe type can support, Max item outputs: 2
[28May2026 14:58:09.893] [Render thread/ERROR] [GregTechCEu/]: EUt can't be explicitly set to 0, id: gcyr:gasoline
[28May2026 14:58:09.893] [Render thread/ERROR] [GregTechCEu/]: EUt can't be explicitly set to 0, id: gcyr:diesel
[28May2026 14:58:10.028] [Render thread/INFO] [GregTechCEu/]: Registering dungeon loot...
[28May2026 14:58:10.028] [Render thread/INFO] [GregTechCEu/]: GregTech Data loading took 1084ms
[28May2026 14:58:10.028] [Render thread/INFO] [electrolyte.greate.Greate/]: Generating Dynamic Tags...
[28May2026 14:58:10.028] [Render thread/INFO] [electrolyte.greate.Greate/]: Finished generating 200 dynamic tags.
[28May2026 14:58:10.710] [Render thread/INFO] [KubeJS/]: Added bindings for script type SERVER from mod 'almostunified': [AlmostUnified]
[28May2026 14:58:10.711] [Render thread/INFO] [KubeJS Server/]: Loaded script server_scripts:torchmaster.js in 0.0 s
[28May2026 14:58:10.712] [Render thread/INFO] [KubeJS Server/]: Loaded script server_scripts:gregtech/temporary_fixes.js in 0.001 s
[28May2026 14:58:10.712] [Render thread/INFO] [KubeJS Server/]: Loaded script server_scripts:gregtech/components.js in 0.0 s
[28May2026 14:58:10.712] [Render thread/INFO] [KubeJS Server/]: Loaded script server_scripts:gregtech/void_air.js in 0.0 s
[28May2026 14:58:10.712] [Render thread/INFO] [KubeJS Server/]: Loaded script server_scripts:gregtech/machines.js in 0.0 s
[28May2026 14:58:10.712] [Render thread/INFO] [KubeJS Server/]: Loaded script server_scripts:gregtech/wood_unification.js in 0.0 s
[28May2026 14:58:10.713] [Render thread/INFO] [KubeJS Server/]: Loaded script server_scripts:gregtech/greenhouse.js in 0.0 s
[28May2026 14:58:10.713] [Render thread/INFO] [KubeJS Server/]: Loaded script server_scripts:fixes_tweaks/ore_smelting.js in 0.0 s
[28May2026 14:58:10.714] [Render thread/INFO] [KubeJS Server/]: Loaded script server_scripts:fixes_tweaks/Starting_Items.js in 0.0 s
[28May2026 14:58:10.714] [Render thread/INFO] [KubeJS Server/]: Loaded script server_scripts:fixes_tweaks/omnibreaker_retier.js in 0.0 s
[28May2026 14:58:10.714] [Render thread/INFO] [KubeJS Server/]: mods/advanced_peripherals.js#8: Advanced peripherals found, loading compat scripts...
[28May2026 14:58:10.714] [Render thread/INFO] [KubeJS Server/]: mods/advanced_peripherals.js#140: Advacned peripherals compat scripts successfully loaded!
[28May2026 14:58:10.714] [Render thread/INFO] [KubeJS Server/]: Loaded script server_scripts:mods/advanced_peripherals.js in 0.0 s
[28May2026 14:58:10.716] [Render thread/INFO] [KubeJS Server/]: Loaded script server_scripts:mods/Ad_Astra.js in 0.002 s
[28May2026 14:58:10.716] [Render thread/INFO] [KubeJS Server/]: mods/computercraft.js#5: Computercraft Tweaked found, loading compat scripts...
[28May2026 14:58:10.716] [Render thread/INFO] [KubeJS Server/]: mods/computercraft.js#200: Computercraft Tweaked compat scripts successfully loaded!
[28May2026 14:58:10.716] [Render thread/INFO] [KubeJS Server/]: Loaded script server_scripts:mods/computercraft.js in 0.0 s
[28May2026 14:58:10.716] [Render thread/INFO] [KubeJS Server/]: Loaded script server_scripts:mods/buildinggadgets2.js in 0.0 s
[28May2026 14:58:10.717] [Render thread/INFO] [KubeJS Server/]: Loaded script server_scripts:mods/iron_jetpacks.js in 0.001 s
[28May2026 14:58:10.718] [Render thread/INFO] [KubeJS Server/]: Loaded script server_scripts:mods/Packaged_Auto.js in 0.001 s
[28May2026 14:58:10.719] [Render thread/INFO] [KubeJS Server/]: Loaded script server_scripts:mods/EnderIO.js in 0.001 s
[28May2026 14:58:10.720] [Render thread/INFO] [KubeJS Server/]: mods/createdeco.js#5: createdeco found and scripts loaded
[28May2026 14:58:10.721] [Render thread/INFO] [KubeJS Server/]: Loaded script server_scripts:mods/createdeco.js in 0.001 s
[28May2026 14:58:10.721] [Render thread/INFO] [KubeJS Server/]: Loaded script server_scripts:mods/kubeJS.js in 0.0 s
[28May2026 14:58:10.724] [Render thread/INFO] [KubeJS Server/]: Loaded script server_scripts:mods/NuclearCraft.js in 0.003 s
[28May2026 14:58:10.725] [Render thread/INFO] [KubeJS Server/]: Loaded script server_scripts:mods/gregtech.js in 0.001 s
[28May2026 14:58:10.727] [Render thread/INFO] [KubeJS Server/]: mods/create_steamandrails.js#6: Create: Steam and Rails found, loading compat script...
[28May2026 14:58:10.727] [Render thread/INFO] [KubeJS Server/]: mods/create_steamandrails.js#269: Create: Steam and Rails compat script successfully loaded!
[28May2026 14:58:10.728] [Render thread/INFO] [KubeJS Server/]: Loaded script server_scripts:mods/create_steamandrails.js in 0.002 s
[28May2026 14:58:10.728] [Render thread/INFO] [KubeJS Server/]: Loaded script server_scripts:mods/framedblocks.js in 0.0 s
[28May2026 14:58:10.730] [Render thread/INFO] [KubeJS Server/]: Loaded script server_scripts:mods/AE2.js in 0.002 s
[28May2026 14:58:10.731] [Render thread/INFO] [KubeJS Server/]: Loaded script server_scripts:appliedenergistics2/terminals.js in 0.0 s
[28May2026 14:58:10.731] [Render thread/INFO] [KubeJS Server/]: Loaded script server_scripts:appliedenergistics2/certus_quartz.js in 0.0 s
[28May2026 14:58:10.731] [Render thread/INFO] [KubeJS Server/]: Loaded script server_scripts:appliedenergistics2/portable_cells.js in 0.0 s
[28May2026 14:58:10.731] [Render thread/INFO] [KubeJS Server/]: Loaded script server_scripts:appliedenergistics2/ae2wtlib.js in 0.0 s
[28May2026 14:58:10.732] [Render thread/INFO] [KubeJS Server/]: Loaded script server_scripts:appliedenergistics2/extendedae2.js in 0.001 s
[28May2026 14:58:10.732] [Render thread/INFO] [KubeJS Server/]: Loaded script server_scripts:appliedenergistics2/cards.js in 0.0 s
[28May2026 14:58:10.733] [Render thread/INFO] [KubeJS Server/]: Loaded script server_scripts:appliedenergistics2/molecular_assemblers.js in 0.001 s
[28May2026 14:58:10.733] [Render thread/INFO] [KubeJS Server/]: Loaded script server_scripts:appliedenergistics2/ae2.js in 0.0 s
[28May2026 14:58:10.734] [Render thread/INFO] [KubeJS Server/]: Loaded script server_scripts:appliedenergistics2/cells.js in 0.001 s
[28May2026 14:58:10.734] [Render thread/INFO] [KubeJS Server/]: Loaded script server_scripts:appliedenergistics2/inter_providers.js in 0.0 s
[28May2026 14:58:10.734] [Render thread/INFO] [KubeJS Server/]: Loaded script server_scripts:appliedenergistics2/removals.js in 0.0 s
[28May2026 14:58:10.734] [Render thread/INFO] [KubeJS Server/]: Loaded script server_scripts:appliedenergistics2/patterns.js in 0.0 s
[28May2026 14:58:10.735] [Render thread/INFO] [KubeJS Server/]: Loaded script server_scripts:appliedenergistics2/cables.js in 0.001 s
[28May2026 14:58:10.735] [Render thread/INFO] [KubeJS Server/]: Loaded script server_scripts:appliedenergistics2/storage_parts.js in 0.0 s
[28May2026 14:58:10.735] [Render thread/INFO] [KubeJS Server/]: Loaded script server_scripts:appliedenergistics2/inscriber.js in 0.0 s
[28May2026 14:58:10.735] [Render thread/INFO] [KubeJS Server/]: Loaded script server_scripts:appliedenergistics2/pressing.js in 0.0 s
[28May2026 14:58:10.735] [Render thread/INFO] [KubeJS Server/]: Loaded script server_scripts:appliedenergistics2/crafting_storage.js in 0.0 s
[28May2026 14:58:10.736] [Render thread/INFO] [KubeJS Server/]: Loaded script server_scripts:storage_drawers/drawers.js in 0.0 s
[28May2026 14:58:10.736] [Render thread/INFO] [KubeJS Server/]: Loaded script server_scripts:storage_drawers/upgrades.js in 0.0 s
[28May2026 14:58:10.737] [Render thread/INFO] [KubeJS Server/]: Loaded script server_scripts:open_blocks/elevator.js in 0.001 s
[28May2026 14:58:10.737] [Render thread/INFO] [KubeJS Server/]: Loaded script server_scripts:open_blocks/hang_glider.js in 0.0 s
[28May2026 14:58:10.737] [Render thread/INFO] [KubeJS Server/]: Loaded script server_scripts:sophisticated_backpacks/upgrades.js in 0.0 s
[28May2026 14:58:10.738] [Render thread/INFO] [KubeJS Server/]: Loaded script server_scripts:sophisticated_backpacks/backpacks.js in 0.0 s
[28May2026 14:58:10.739] [Render thread/INFO] [KubeJS Server/]: Loaded script server_scripts:aa_planet_resources.js in 0.001 s
[28May2026 14:58:10.739] [Render thread/INFO] [KubeJS Server/]: Loaded script server_scripts:Extended_Crafting_Recipes.js in 0.0 s
[28May2026 14:58:10.739] [Render thread/INFO] [KubeJS Server/]: Loaded script server_scripts:vanilla/vanilla.js in 0.0 s
[28May2026 14:58:10.739] [Render thread/INFO] [KubeJS Server/]: Loaded script server_scripts:vanilla/loot_drops.js in 0.0 s
[28May2026 14:58:10.739] [Render thread/INFO] [KubeJS Server/]: Loaded script server_scripts:miscellaneous.js in 0.0 s
[28May2026 14:58:10.740] [Render thread/INFO] [KubeJS Server/]: Loaded script server_scripts:removals.js in 0.001 s
[28May2026 14:58:10.740] [Render thread/INFO] [KubeJS Server/]: Loaded script server_scripts:ender_storage.js in 0.0 s
[28May2026 14:58:10.740] [Render thread/INFO] [KubeJS Server/]: Loaded script server_scripts:building/building_blocks.js in 0.0 s
[28May2026 14:58:10.741] [Render thread/INFO] [KubeJS Server/]: Loaded script server_scripts:building/architects_palette.js in 0.001 s
[28May2026 14:58:10.741] [Render thread/INFO] [KubeJS Server/]: Loaded script server_scripts:building/building_gadgets.js in 0.0 s
[28May2026 14:58:10.741] [Render thread/INFO] [KubeJS Server/]: Loaded script server_scripts:building/xtones.js in 0.0 s
[28May2026 14:58:10.741] [Render thread/INFO] [KubeJS Server/]: Loaded script server_scripts:tags/items.js in 0.0 s
[28May2026 14:58:10.742] [Render thread/INFO] [KubeJS Server/]: Loaded script server_scripts:tags/ae2.js in 0.001 s
[28May2026 14:58:10.742] [Render thread/INFO] [KubeJS Server/]: Loaded script server_scripts:tags/blocks.js in 0.0 s
[28May2026 14:58:10.742] [Render thread/INFO] [KubeJS Server/]: Loaded script server_scripts:tags/gregtech.js in 0.0 s
[28May2026 14:58:10.742] [Render thread/INFO] [KubeJS Server/]: Loaded 62/62 KubeJS server scripts in 0.041 s with 0 errors and 0 warnings
[28May2026 14:58:10.742] [Render thread/INFO] [KubeJS Server/]: Scripts loaded
[28May2026 14:58:10.743] [Render thread/INFO] [KubeJS Server/]: Initializing recipe event...
[28May2026 14:58:10.743] [Render thread/WARN] [KubeJS Server/]: Due to the way Minecraft resource loading works, KubeJS' server.log may not contain everything that happened in your server scripts on initial world creation.
[28May2026 14:58:10.743] [Render thread/WARN] [KubeJS Server/]: You can still see the full log (including past reloads) in your latest.log file.
[28May2026 14:58:10.996] [Server thread/INFO] [net.minecraft.client.server.IntegratedServer/]: Starting integrated minecraft server version 1.20.1
[28May2026 14:58:10.996] [Server thread/INFO] [net.minecraft.server.MinecraftServer/]: Generating keypair
[28May2026 14:58:11.011] [Server thread/WARN] [net.minecraftforge.common.ForgeConfigSpec/CORE]: Configuration file /home/bigh/.var/app/org.prismlauncher.PrismLauncher/data/PrismLauncher/instances/GregTech Community Pack Modern/minecraft/saves/New World/serverconfig/packagedexexcrafting-server.toml is not correct. Correcting
[28May2026 14:58:11.011] [Server thread/WARN] [net.minecraftforge.common.ForgeConfigSpec/CORE]: Incorrect key epic_crafter was corrected from null to its default, SimpleCommentedConfig:{}. 
[28May2026 14:58:11.012] [Server thread/WARN] [net.minecraftforge.common.ForgeConfigSpec/CORE]: Incorrect key epic_crafter.energy_capacity was corrected from null to its default, 10000. 
[28May2026 14:58:11.012] [Server thread/WARN] [net.minecraftforge.common.ForgeConfigSpec/CORE]: Incorrect key epic_crafter.energy_req was corrected from null to its default, 10000. 
[28May2026 14:58:11.012] [Server thread/WARN] [net.minecraftforge.common.ForgeConfigSpec/CORE]: Incorrect key epic_crafter.energy_usage was corrected from null to its default, 1000. 
[28May2026 14:58:11.012] [Server thread/WARN] [net.minecraftforge.common.ForgeConfigSpec/CORE]: Incorrect key epic_crafter.draw_me_energy was corrected from null to its default, true. 
[28May2026 14:58:11.013] [Server thread/WARN] [net.minecraftforge.common.ForgeConfigSpec/CORE]: Configuration file /home/bigh/.var/app/org.prismlauncher.PrismLauncher/data/PrismLauncher/instances/GregTech Community Pack Modern/minecraft/saves/New World/serverconfig/fastleafdecay-server.toml is not correct. Correcting
[28May2026 14:58:11.013] [Server thread/WARN] [net.minecraftforge.common.ForgeConfigSpec/CORE]: Incorrect key MinimumDecayTime was corrected from null to its default, 4. 
[28May2026 14:58:11.013] [Server thread/WARN] [net.minecraftforge.common.ForgeConfigSpec/CORE]: Incorrect key MaximumDecayTime was corrected from null to its default, 11. 
[28May2026 14:58:11.013] [Server thread/WARN] [net.minecraftforge.common.ForgeConfigSpec/CORE]: Configuration file /home/bigh/.var/app/org.prismlauncher.PrismLauncher/data/PrismLauncher/instances/GregTech Community Pack Modern/minecraft/saves/New World/serverconfig/curios-server.toml is not correct. Correcting
[28May2026 14:58:11.013] [Server thread/WARN] [net.minecraftforge.common.ForgeConfigSpec/CORE]: Incorrect key keepCurios was corrected from null to its default, DEFAULT. 
[28May2026 14:58:11.013] [Server thread/WARN] [net.minecraftforge.common.ForgeConfigSpec/CORE]: Incorrect key menu was corrected from null to its default, SimpleCommentedConfig:{}. 
[28May2026 14:58:11.013] [Server thread/WARN] [net.minecraftforge.common.ForgeConfigSpec/CORE]: Incorrect key menu.enableLegacyMenu was corrected from null to its default, false. 
[28May2026 14:58:11.013] [Server thread/WARN] [net.minecraftforge.common.ForgeConfigSpec/CORE]: Incorrect key menu.experimental was corrected from null to its default, SimpleCommentedConfig:{}. 
[28May2026 14:58:11.013] [Server thread/WARN] [net.minecraftforge.common.ForgeConfigSpec/CORE]: Incorrect key menu.experimental.minimumColumns was corrected from null to its default, 1. 
[28May2026 14:58:11.013] [Server thread/WARN] [net.minecraftforge.common.ForgeConfigSpec/CORE]: Incorrect key menu.experimental.maxSlotsPerPage was corrected from null to its default, 48. 
[28May2026 14:58:11.014] [Server thread/WARN] [net.minecraftforge.common.ForgeConfigSpec/CORE]: Configuration file /home/bigh/.var/app/org.prismlauncher.PrismLauncher/data/PrismLauncher/instances/GregTech Community Pack Modern/minecraft/saves/New World/serverconfig/forge-server.toml is not correct. Correcting
[28May2026 14:58:11.014] [Server thread/WARN] [net.minecraftforge.common.ForgeConfigSpec/CORE]: Incorrect key server was corrected from null to its default, SimpleCommentedConfig:{}. 
[28May2026 14:58:11.014] [Server thread/WARN] [net.minecraftforge.common.ForgeConfigSpec/CORE]: Incorrect key server.removeErroringBlockEntities was corrected from null to its default, false. 
[28May2026 14:58:11.014] [Server thread/WARN] [net.minecraftforge.common.ForgeConfigSpec/CORE]: Incorrect key server.removeErroringEntities was corrected from null to its default, false. 
[28May2026 14:58:11.014] [Server thread/WARN] [net.minecraftforge.common.ForgeConfigSpec/CORE]: Incorrect key server.fullBoundingBoxLadders was corrected from null to its default, false. 
[28May2026 14:58:11.014] [Server thread/WARN] [net.minecraftforge.common.ForgeConfigSpec/CORE]: Incorrect key server.zombieBaseSummonChance was corrected from null to its default, 0.1. 
[28May2026 14:58:11.014] [Server thread/WARN] [net.minecraftforge.common.ForgeConfigSpec/CORE]: Incorrect key server.zombieBabyChance was corrected from null to its default, 0.05. 
[28May2026 14:58:11.014] [Server thread/WARN] [net.minecraftforge.common.ForgeConfigSpec/CORE]: Incorrect key server.permissionHandler was corrected from null to its default, forge:default_handler. 
[28May2026 14:58:11.014] [Server thread/WARN] [net.minecraftforge.common.ForgeConfigSpec/CORE]: Incorrect key server.advertiseDedicatedServerToLan was corrected from null to its default, true. 
[28May2026 14:58:11.014] [Server thread/WARN] [net.minecraftforge.common.ForgeConfigSpec/CORE]: Incorrect key server.useItemWithDurationZero was corrected from null to its default, false. 
[28May2026 14:58:11.014] [Server thread/WARN] [net.minecraftforge.common.ForgeConfigSpec/CORE]: Configuration file /home/bigh/.var/app/org.prismlauncher.PrismLauncher/data/PrismLauncher/instances/GregTech Community Pack Modern/minecraft/saves/New World/serverconfig/mantle-server.toml is not correct. Correcting
[28May2026 14:58:11.015] [Server thread/WARN] [net.minecraftforge.common.ForgeConfigSpec/CORE]: Incorrect key tagPreferences was corrected from null to its default, [minecraft, tconstruct, tmechworks, metalborn, embers, create, immersiveengineering, mekanism, thermal]. 
[28May2026 14:58:11.015] [Server thread/WARN] [net.minecraftforge.common.ForgeConfigSpec/CORE]: Configuration file /home/bigh/.var/app/org.prismlauncher.PrismLauncher/data/PrismLauncher/instances/GregTech Community Pack Modern/minecraft/saves/New World/serverconfig/tinyredstone-server.toml is not correct. Correcting
[28May2026 14:58:11.015] [Server thread/WARN] [net.minecraftforge.common.ForgeConfigSpec/CORE]: Incorrect key feature was corrected from null to its default, SimpleCommentedConfig:{}. 
[28May2026 14:58:11.015] [Server thread/WARN] [net.minecraftforge.common.ForgeConfigSpec/CORE]: Incorrect key feature.json_blueprint was corrected from null to its default, true. 
[28May2026 14:58:11.015] [Server thread/WARN] [net.minecraftforge.common.ForgeConfigSpec/CORE]: Incorrect key performance was corrected from null to its default, SimpleCommentedConfig:{}. 
[28May2026 14:58:11.015] [Server thread/WARN] [net.minecraftforge.common.ForgeConfigSpec/CORE]: Incorrect key performance.torch_light was corrected from null to its default, false. 
[28May2026 14:58:11.015] [Server thread/WARN] [net.minecraftforge.common.ForgeConfigSpec/CORE]: Incorrect key performance.super_repeater_max was corrected from null to its default, 1000. 
[28May2026 14:58:11.015] [Server thread/WARN] [net.minecraftforge.common.ForgeConfigSpec/CORE]: Incorrect key performance.max_zero_tick_run was corrected from null to its default, 32. 
[28May2026 14:58:11.015] [Server thread/WARN] [net.minecraftforge.common.ForgeConfigSpec/CORE]: Incorrect key performance.allow_world_placement was corrected from null to its default, true. 
[28May2026 14:58:11.015] [Server thread/WARN] [net.minecraftforge.common.ForgeConfigSpec/CORE]: Incorrect key performance.redstone_wires was corrected from null to its default, [redstonepen:track, cb_multipart:multipart, cyclic:clock, tinyredstone:redstone_panel]. 
[28May2026 14:58:11.016] [Server thread/WARN] [net.minecraftforge.common.ForgeConfigSpec/CORE]: Configuration file /home/bigh/.var/app/org.prismlauncher.PrismLauncher/data/PrismLauncher/instances/GregTech Community Pack Modern/minecraft/saves/New World/serverconfig/ritchiesprojectilelib-server.toml is not correct. Correcting
[28May2026 14:58:11.016] [Server thread/WARN] [net.minecraftforge.common.ForgeConfigSpec/CORE]: Incorrect key server was corrected from null to its default, SimpleCommentedConfig:{}. 
[28May2026 14:58:11.016] [Server thread/WARN] [net.minecraftforge.common.ForgeConfigSpec/CORE]: Incorrect key server.maxChunksForceLoaded was corrected from null to its default, 64. 
[28May2026 14:58:11.016] [Server thread/WARN] [net.minecraftforge.common.ForgeConfigSpec/CORE]: Incorrect key server.maxChunksLoadedEachTick was corrected from null to its default, 32. 
[28May2026 14:58:11.016] [Server thread/WARN] [net.minecraftforge.common.ForgeConfigSpec/CORE]: Incorrect key server.projectileChunkAge was corrected from null to its default, 3. 
[28May2026 14:58:11.016] [Server thread/WARN] [net.minecraftforge.common.ForgeConfigSpec/CORE]: Incorrect key server.entityLoadTimeout was corrected from null to its default, 10. 
[28May2026 14:58:11.016] [Server thread/INFO] [net.minecraftforge.fml.config.ConfigFileTypeHandler/CONFIG]: Loading default config file from path /home/bigh/.var/app/org.prismlauncher.PrismLauncher/data/PrismLauncher/instances/GregTech Community Pack Modern/minecraft/defaultconfigs/sophisticatedbackpacks-server.toml
[28May2026 14:58:11.017] [Server thread/WARN] [net.minecraftforge.common.ForgeConfigSpec/CORE]: Configuration file /home/bigh/.var/app/org.prismlauncher.PrismLauncher/data/PrismLauncher/instances/GregTech Community Pack Modern/minecraft/saves/New World/serverconfig/sophisticatedbackpacks-server.toml is not correct. Correcting
[28May2026 14:58:11.017] [Server thread/WARN] [net.minecraftforge.common.ForgeConfigSpec/CORE]: Incorrect key server.allBlockConnectionsDisallowed was corrected from null to its default, false. 
[28May2026 14:58:11.017] [Server thread/WARN] [net.minecraftforge.common.ForgeConfigSpec/CORE]: Incorrect key server.voidUpgrade.voidAlwaysEnabled was corrected from null to its default, true. 
[28May2026 14:58:11.017] [Server thread/WARN] [net.minecraftforge.common.ForgeConfigSpec/CORE]: Incorrect key server.voidUpgrade.voidAnythingEnabled was corrected from true to its default, null. 
[28May2026 14:58:11.017] [Server thread/WARN] [net.minecraftforge.common.ForgeConfigSpec/CORE]: Incorrect key server.advancedVoidUpgrade.voidAlwaysEnabled was corrected from null to its default, true. 
[28May2026 14:58:11.017] [Server thread/WARN] [net.minecraftforge.common.ForgeConfigSpec/CORE]: Incorrect key server.advancedVoidUpgrade.voidAnythingEnabled was corrected from true to its default, null. 
[28May2026 14:58:11.017] [Server thread/WARN] [net.minecraftforge.common.ForgeConfigSpec/CORE]: Incorrect key server.advancedJukeboxUpgrade was corrected from null to its default, SimpleCommentedConfig:{}. 
[28May2026 14:58:11.017] [Server thread/WARN] [net.minecraftforge.common.ForgeConfigSpec/CORE]: Incorrect key server.advancedJukeboxUpgrade.numberOfSlots was corrected from null to its default, 12. 
[28May2026 14:58:11.017] [Server thread/WARN] [net.minecraftforge.common.ForgeConfigSpec/CORE]: Incorrect key server.advancedJukeboxUpgrade.slotsInRow was corrected from null to its default, 4. 
[28May2026 14:58:11.017] [Server thread/WARN] [net.minecraftforge.common.ForgeConfigSpec/CORE]: Incorrect key server.alchemyUpgrade was corrected from null to its default, SimpleCommentedConfig:{}. 
[28May2026 14:58:11.017] [Server thread/WARN] [net.minecraftforge.common.ForgeConfigSpec/CORE]: Incorrect key server.alchemyUpgrade.filterSlots was corrected from null to its default, 4. 
[28May2026 14:58:11.017] [Server thread/WARN] [net.minecraftforge.common.ForgeConfigSpec/CORE]: Incorrect key server.advancedAlchemyUpgrade was corrected from null to its default, SimpleCommentedConfig:{}. 
[28May2026 14:58:11.017] [Server thread/WARN] [net.minecraftforge.common.ForgeConfigSpec/CORE]: Incorrect key server.advancedAlchemyUpgrade.filterSlots was corrected from null to its default, 8. 
[28May2026 14:58:11.018] [Server thread/WARN] [net.minecraftforge.common.ForgeConfigSpec/CORE]: Incorrect key server.entityBackpackAdditions.leatherWeight was corrected from null to its default, 625. 
[28May2026 14:58:11.018] [Server thread/WARN] [net.minecraftforge.common.ForgeConfigSpec/CORE]: Incorrect key server.entityBackpackAdditions.copperWeight was corrected from null to its default, 250. 
[28May2026 14:58:11.018] [Server thread/WARN] [net.minecraftforge.common.ForgeConfigSpec/CORE]: Incorrect key server.entityBackpackAdditions.ironWeight was corrected from null to its default, 125. 
[28May2026 14:58:11.018] [Server thread/WARN] [net.minecraftforge.common.ForgeConfigSpec/CORE]: Incorrect key server.entityBackpackAdditions.goldWeight was corrected from null to its default, 25. 
[28May2026 14:58:11.018] [Server thread/WARN] [net.minecraftforge.common.ForgeConfigSpec/CORE]: Incorrect key server.entityBackpackAdditions.diamondWeight was corrected from null to its default, 5. 
[28May2026 14:58:11.018] [Server thread/WARN] [net.minecraftforge.common.ForgeConfigSpec/CORE]: Incorrect key server.entityBackpackAdditions.netheriteWeight was corrected from null to its default, 1. 
[28May2026 14:58:11.018] [Server thread/WARN] [net.minecraftforge.common.ForgeConfigSpec/CORE]: Incorrect key server.entityBackpackAdditions.minBackpackTierMidDifficulty was corrected from null to its default, 1. 
[28May2026 14:58:11.018] [Server thread/WARN] [net.minecraftforge.common.ForgeConfigSpec/CORE]: Incorrect key server.entityBackpackAdditions.minBackpackTierHighDifficulty was corrected from null to its default, 2. 
[28May2026 14:58:11.018] [Server thread/WARN] [net.minecraftforge.common.ForgeConfigSpec/CORE]: Incorrect key server.entityBackpackAdditions.localDifficultyEffectsBackpackSpawns was corrected from null to its default, true. 
[28May2026 14:58:11.018] [Server thread/WARN] [net.minecraftforge.common.ForgeConfigSpec/CORE]: Incorrect key server.nerfs.nerfEffect was corrected from null to its default, minecraft:slowness. 
[28May2026 14:58:11.019] [Server thread/INFO] [Puzzles Lib/]: Loading server config for hangglider
[28May2026 14:58:11.020] [Server thread/WARN] [net.minecraftforge.common.ForgeConfigSpec/CORE]: Configuration file /home/bigh/.var/app/org.prismlauncher.PrismLauncher/data/PrismLauncher/instances/GregTech Community Pack Modern/minecraft/saves/New World/serverconfig/craftingstation-server.toml is not correct. Correcting
[28May2026 14:58:11.020] [Server thread/WARN] [net.minecraftforge.common.ForgeConfigSpec/CORE]: Incorrect key general was corrected from null to its default, SimpleCommentedConfig:{}. 
[28May2026 14:58:11.020] [Server thread/WARN] [net.minecraftforge.common.ForgeConfigSpec/CORE]: Incorrect key general.display side inventories in crafting grid was corrected from null to its default, true. 
[28May2026 14:58:11.020] [Server thread/WARN] [net.minecraftforge.common.ForgeConfigSpec/CORE]: Incorrect key general.use whitelist for detecting storage blocks was corrected from null to its default, false. 
[28May2026 14:58:11.020] [Server thread/WARN] [net.minecraftforge.common.ForgeConfigSpec/CORE]: Configuration file /home/bigh/.var/app/org.prismlauncher.PrismLauncher/data/PrismLauncher/instances/GregTech Community Pack Modern/minecraft/saves/New World/serverconfig/sophisticatedstorage-server.toml is not correct. Correcting
[28May2026 14:58:11.020] [Server thread/WARN] [net.minecraftforge.common.ForgeConfigSpec/CORE]: Incorrect key server was corrected from null to its default, SimpleCommentedConfig:{}. 
[28May2026 14:58:11.020] [Server thread/WARN] [net.minecraftforge.common.ForgeConfigSpec/CORE]: Incorrect key server.WoodBarrel was corrected from null to its default, SimpleCommentedConfig:{}. 
[28May2026 14:58:11.020] [Server thread/WARN] [net.minecraftforge.common.ForgeConfigSpec/CORE]: Incorrect key server.WoodBarrel.inventorySlotCount was corrected from null to its default, 27. 
[28May2026 14:58:11.020] [Server thread/WARN] [net.minecraftforge.common.ForgeConfigSpec/CORE]: Incorrect key server.WoodBarrel.upgradeSlotCount was corrected from null to its default, 1. 
[28May2026 14:58:11.020] [Server thread/WARN] [net.minecraftforge.common.ForgeConfigSpec/CORE]: Incorrect key server.CopperBarrel was corrected from null to its default, SimpleCommentedConfig:{}. 
[28May2026 14:58:11.020] [Server thread/WARN] [net.minecraftforge.common.ForgeConfigSpec/CORE]: Incorrect key server.CopperBarrel.inventorySlotCount was corrected from null to its default, 45. 
[28May2026 14:58:11.020] [Server thread/WARN] [net.minecraftforge.common.ForgeConfigSpec/CORE]: Incorrect key server.CopperBarrel.upgradeSlotCount was corrected from null to its default, 1. 
[28May2026 14:58:11.020] [Server thread/WARN] [net.minecraftforge.common.ForgeConfigSpec/CORE]: Incorrect key server.IronBarrel was corrected from null to its default, SimpleCommentedConfig:{}. 
[28May2026 14:58:11.020] [Server thread/WARN] [net.minecraftforge.common.ForgeConfigSpec/CORE]: Incorrect key server.IronBarrel.inventorySlotCount was corrected from null to its default, 54. 
[28May2026 14:58:11.020] [Server thread/WARN] [net.minecraftforge.common.ForgeConfigSpec/CORE]: Incorrect key server.IronBarrel.upgradeSlotCount was corrected from null to its default, 2. 
[28May2026 14:58:11.020] [Server thread/WARN] [net.minecraftforge.common.ForgeConfigSpec/CORE]: Incorrect key server.GoldBarrel was corrected from null to its default, SimpleCommentedConfig:{}. 
[28May2026 14:58:11.020] [Server thread/WARN] [net.minecraftforge.common.ForgeConfigSpec/CORE]: Incorrect key server.GoldBarrel.inventorySlotCount was corrected from null to its default, 81. 
[28May2026 14:58:11.020] [Server thread/WARN] [net.minecraftforge.common.ForgeConfigSpec/CORE]: Incorrect key server.GoldBarrel.upgradeSlotCount was corrected from null to its default, 3. 
[28May2026 14:58:11.020] [Server thread/WARN] [net.minecraftforge.common.ForgeConfigSpec/CORE]: Incorrect key server.DiamondBarrel was corrected from null to its default, SimpleCommentedConfig:{}. 
[28May2026 14:58:11.020] [Server thread/WARN] [net.minecraftforge.common.ForgeConfigSpec/CORE]: Incorrect key server.DiamondBarrel.inventorySlotCount was corrected from null to its default, 108. 
[28May2026 14:58:11.020] [Server thread/WARN] [net.minecraftforge.common.ForgeConfigSpec/CORE]: Incorrect key server.DiamondBarrel.upgradeSlotCount was corrected from null to its default, 4. 
[28May2026 14:58:11.020] [Server thread/WARN] [net.minecraftforge.common.ForgeConfigSpec/CORE]: Incorrect key server.NetheriteBarrel was corrected from null to its default, SimpleCommentedConfig:{}. 
[28May2026 14:58:11.020] [Server thread/WARN] [net.minecraftforge.common.ForgeConfigSpec/CORE]: Incorrect key server.NetheriteBarrel.inventorySlotCount was corrected from null to its default, 132. 
[28May2026 14:58:11.020] [Server thread/WARN] [net.minecraftforge.common.ForgeConfigSpec/CORE]: Incorrect key server.NetheriteBarrel.upgradeSlotCount was corrected from null to its default, 5. 
[28May2026 14:58:11.020] [Server thread/WARN] [net.minecraftforge.common.ForgeConfigSpec/CORE]: Incorrect key server.LimitedBarrelI was corrected from null to its default, SimpleCommentedConfig:{}. 
[28May2026 14:58:11.020] [Server thread/WARN] [net.minecraftforge.common.ForgeConfigSpec/CORE]: Incorrect key server.LimitedBarrelI.baseSlotLimitMultiplier was corrected from null to its default, 32. 
[28May2026 14:58:11.020] [Server thread/WARN] [net.minecraftforge.common.ForgeConfigSpec/CORE]: Incorrect key server.LimitedBarrelI.upgradeSlotCount was corrected from null to its default, 1. 
[28May2026 14:58:11.020] [Server thread/WARN] [net.minecraftforge.common.ForgeConfigSpec/CORE]: Incorrect key server.LimitedCopperBarrelI was corrected from null to its default, SimpleCommentedConfig:{}. 
[28May2026 14:58:11.020] [Server thread/WARN] [net.minecraftforge.common.ForgeConfigSpec/CORE]: Incorrect key server.LimitedCopperBarrelI.baseSlotLimitMultiplier was corrected from null to its default, 53. 
[28May2026 14:58:11.020] [Server thread/WARN] [net.minecraftforge.common.ForgeConfigSpec/CORE]: Incorrect key server.LimitedCopperBarrelI.upgradeSlotCount was corrected from null to its default, 1. 
[28May2026 14:58:11.021] [Server thread/WARN] [net.minecraftforge.common.ForgeConfigSpec/CORE]: Incorrect key server.LimitedIronBarrelI was corrected from null to its default, SimpleCommentedConfig:{}. 
[28May2026 14:58:11.021] [Server thread/WARN] [net.minecraftforge.common.ForgeConfigSpec/CORE]: Incorrect key server.LimitedIronBarrelI.baseSlotLimitMultiplier was corrected from null to its default, 64. 
[28May2026 14:58:11.021] [Server thread/WARN] [net.minecraftforge.common.ForgeConfigSpec/CORE]: Incorrect key server.LimitedIronBarrelI.upgradeSlotCount was corrected from null to its default, 2. 
[28May2026 14:58:11.021] [Server thread/WARN] [net.minecraftforge.common.ForgeConfigSpec/CORE]: Incorrect key server.LimitedGoldBarrelI was corrected from null to its default, SimpleCommentedConfig:{}. 
[28May2026 14:58:11.021] [Server thread/WARN] [net.minecraftforge.common.ForgeConfigSpec/CORE]: Incorrect key server.LimitedGoldBarrelI.baseSlotLimitMultiplier was corrected from null to its default, 96. 
[28May2026 14:58:11.021] [Server thread/WARN] [net.minecraftforge.common.ForgeConfigSpec/CORE]: Incorrect key server.LimitedGoldBarrelI.upgradeSlotCount was corrected from null to its default, 3. 
[28May2026 14:58:11.021] [Server thread/WARN] [net.minecraftforge.common.ForgeConfigSpec/CORE]: Incorrect key server.LimitedDiamondBarrelI was corrected from null to its default, SimpleCommentedConfig:{}. 
[28May2026 14:58:11.021] [Server thread/WARN] [net.minecraftforge.common.ForgeConfigSpec/CORE]: Incorrect key server.LimitedDiamondBarrelI.baseSlotLimitMultiplier was corrected from null to its default, 128. 
[28May2026 14:58:11.021] [Server thread/WARN] [net.minecraftforge.common.ForgeConfigSpec/CORE]: Incorrect key server.LimitedDiamondBarrelI.upgradeSlotCount was corrected from null to its default, 4. 
[28May2026 14:58:11.021] [Server thread/WARN] [net.minecraftforge.common.ForgeConfigSpec/CORE]: Incorrect key server.LimitedNetheriteBarrelI was corrected from null to its default, SimpleCommentedConfig:{}. 
[28May2026 14:58:11.021] [Server thread/WARN] [net.minecraftforge.common.ForgeConfigSpec/CORE]: Incorrect key server.LimitedNetheriteBarrelI.baseSlotLimitMultiplier was corrected from null to its default, 160. 
[28May2026 14:58:11.021] [Server thread/WARN] [net.minecraftforge.common.ForgeConfigSpec/CORE]: Incorrect key server.LimitedNetheriteBarrelI.upgradeSlotCount was corrected from null to its default, 5. 
[28May2026 14:58:11.021] [Server thread/WARN] [net.minecraftforge.common.ForgeConfigSpec/CORE]: Incorrect key server.LimitedBarrelII was corrected from null to its default, SimpleCommentedConfig:{}. 
[28May2026 14:58:11.021] [Server thread/WARN] [net.minecraftforge.common.ForgeConfigSpec/CORE]: Incorrect key server.LimitedBarrelII.baseSlotLimitMultiplier was corrected from null to its default, 16. 
[28May2026 14:58:11.021] [Server thread/WARN] [net.minecraftforge.common.ForgeConfigSpec/CORE]: Incorrect key server.LimitedBarrelII.upgradeSlotCount was corrected from null to its default, 1. 
[28May2026 14:58:11.021] [Server thread/WARN] [net.minecraftforge.common.ForgeConfigSpec/CORE]: Incorrect key server.LimitedCopperBarrelII was corrected from null to its default, SimpleCommentedConfig:{}. 
[28May2026 14:58:11.021] [Server thread/WARN] [net.minecraftforge.common.ForgeConfigSpec/CORE]: Incorrect key server.LimitedCopperBarrelII.baseSlotLimitMultiplier was corrected from null to its default, 27. 
[28May2026 14:58:11.021] [Server thread/WARN] [net.minecraftforge.common.ForgeConfigSpec/CORE]: Incorrect key server.LimitedCopperBarrelII.upgradeSlotCount was corrected from null to its default, 1. 
[28May2026 14:58:11.021] [Server thread/WARN] [net.minecraftforge.common.ForgeConfigSpec/CORE]: Incorrect key server.LimitedIronBarrelII was corrected from null to its default, SimpleCommentedConfig:{}. 
[28May2026 14:58:11.021] [Server thread/WARN] [net.minecraftforge.common.ForgeConfigSpec/CORE]: Incorrect key server.LimitedIronBarrelII.baseSlotLimitMultiplier was corrected from null to its default, 32. 
[28May2026 14:58:11.021] [Server thread/WARN] [net.minecraftforge.common.ForgeConfigSpec/CORE]: Incorrect key server.LimitedIronBarrelII.upgradeSlotCount was corrected from null to its default, 2. 
[28May2026 14:58:11.021] [Server thread/WARN] [net.minecraftforge.common.ForgeConfigSpec/CORE]: Incorrect key server.LimitedGoldBarrelII was corrected from null to its default, SimpleCommentedConfig:{}. 
[28May2026 14:58:11.021] [Server thread/WARN] [net.minecraftforge.common.ForgeConfigSpec/CORE]: Incorrect key server.LimitedGoldBarrelII.baseSlotLimitMultiplier was corrected from null to its default, 48. 
[28May2026 14:58:11.021] [Server thread/WARN] [net.minecraftforge.common.ForgeConfigSpec/CORE]: Incorrect key server.LimitedGoldBarrelII.upgradeSlotCount was corrected from null to its default, 3. 
[28May2026 14:58:11.021] [Server thread/WARN] [net.minecraftforge.common.ForgeConfigSpec/CORE]: Incorrect key server.LimitedDiamondBarrelII was corrected from null to its default, SimpleCommentedConfig:{}. 
[28May2026 14:58:11.021] [Server thread/WARN] [net.minecraftforge.common.ForgeConfigSpec/CORE]: Incorrect key server.LimitedDiamondBarrelII.baseSlotLimitMultiplier was corrected from null to its default, 64. 
[28May2026 14:58:11.021] [Server thread/WARN] [net.minecraftforge.common.ForgeConfigSpec/CORE]: Incorrect key server.LimitedDiamondBarrelII.upgradeSlotCount was corrected from null to its default, 4. 
[28May2026 14:58:11.021] [Server thread/WARN] [net.minecraftforge.common.ForgeConfigSpec/CORE]: Incorrect key server.LimitedNetheriteBarrelII was corrected from null to its default, SimpleCommentedConfig:{}. 
[28May2026 14:58:11.021] [Server thread/WARN] [net.minecraftforge.common.ForgeConfigSpec/CORE]: Incorrect key server.LimitedNetheriteBarrelII.baseSlotLimitMultiplier was corrected from null to its default, 80. 
[28May2026 14:58:11.021] [Server thread/WARN] [net.minecraftforge.common.ForgeConfigSpec/CORE]: Incorrect key server.LimitedNetheriteBarrelII.upgradeSlotCount was corrected from null to its default, 5. 
[28May2026 14:58:11.021] [Server thread/WARN] [net.minecraftforge.common.ForgeConfigSpec/CORE]: Incorrect key server.LimitedBarrelIII was corrected from null to its default, SimpleCommentedConfig:{}. 
[28May2026 14:58:11.021] [Server thread/WARN] [net.minecraftforge.common.ForgeConfigSpec/CORE]: Incorrect key server.LimitedBarrelIII.baseSlotLimitMultiplier was corrected from null to its default, 10. 
[28May2026 14:58:11.021] [Server thread/WARN] [net.minecraftforge.common.ForgeConfigSpec/CORE]: Incorrect key server.LimitedBarrelIII.upgradeSlotCount was corrected from null to its default, 1. 
[28May2026 14:58:11.021] [Server thread/WARN] [net.minecraftforge.common.ForgeConfigSpec/CORE]: Incorrect key server.LimitedCopperBarrelIII was corrected from null to its default, SimpleCommentedConfig:{}. 
[28May2026 14:58:11.021] [Server thread/WARN] [net.minecraftforge.common.ForgeConfigSpec/CORE]: Incorrect key server.LimitedCopperBarrelIII.baseSlotLimitMultiplier was corrected from null to its default, 17. 
[28May2026 14:58:11.021] [Server thread/WARN] [net.minecraftforge.common.ForgeConfigSpec/CORE]: Incorrect key server.LimitedCopperBarrelIII.upgradeSlotCount was corrected from null to its default, 1. 
[28May2026 14:58:11.021] [Server thread/WARN] [net.minecraftforge.common.ForgeConfigSpec/CORE]: Incorrect key server.LimitedIronBarrelIII was corrected from null to its default, SimpleCommentedConfig:{}. 
[28May2026 14:58:11.021] [Server thread/WARN] [net.minecraftforge.common.ForgeConfigSpec/CORE]: Incorrect key server.LimitedIronBarrelIII.baseSlotLimitMultiplier was corrected from null to its default, 20. 
[28May2026 14:58:11.021] [Server thread/WARN] [net.minecraftforge.common.ForgeConfigSpec/CORE]: Incorrect key server.LimitedIronBarrelIII.upgradeSlotCount was corrected from null to its default, 2. 
[28May2026 14:58:11.021] [Server thread/WARN] [net.minecraftforge.common.ForgeConfigSpec/CORE]: Incorrect key server.LimitedGoldBarrelIII was corrected from null to its default, SimpleCommentedConfig:{}. 
[28May2026 14:58:11.021] [Server thread/WARN] [net.minecraftforge.common.ForgeConfigSpec/CORE]: Incorrect key server.LimitedGoldBarrelIII.baseSlotLimitMultiplier was corrected from null to its default, 30. 
[28May2026 14:58:11.021] [Server thread/WARN] [net.minecraftforge.common.ForgeConfigSpec/CORE]: Incorrect key server.LimitedGoldBarrelIII.upgradeSlotCount was corrected from null to its default, 3. 
[28May2026 14:58:11.021] [Server thread/WARN] [net.minecraftforge.common.ForgeConfigSpec/CORE]: Incorrect key server.LimitedDiamondBarrelIII was corrected from null to its default, SimpleCommentedConfig:{}. 
[28May2026 14:58:11.021] [Server thread/WARN] [net.minecraftforge.common.ForgeConfigSpec/CORE]: Incorrect key server.LimitedDiamondBarrelIII.baseSlotLimitMultiplier was corrected from null to its default, 40. 
[28May2026 14:58:11.021] [Server thread/WARN] [net.minecraftforge.common.ForgeConfigSpec/CORE]: Incorrect key server.LimitedDiamondBarrelIII.upgradeSlotCount was corrected from null to its default, 4. 
[28May2026 14:58:11.021] [Server thread/WARN] [net.minecraftforge.common.ForgeConfigSpec/CORE]: Incorrect key server.LimitedNetheriteBarrelIII was corrected from null to its default, SimpleCommentedConfig:{}. 
[28May2026 14:58:11.021] [Server thread/WARN] [net.minecraftforge.common.ForgeConfigSpec/CORE]: Incorrect key server.LimitedNetheriteBarrelIII.baseSlotLimitMultiplier was corrected from null to its default, 50. 
[28May2026 14:58:11.021] [Server thread/WARN] [net.minecraftforge.common.ForgeConfigSpec/CORE]: Incorrect key server.LimitedNetheriteBarrelIII.upgradeSlotCount was corrected from null to its default, 5. 
[28May2026 14:58:11.021] [Server thread/WARN] [net.minecraftforge.common.ForgeConfigSpec/CORE]: Incorrect key server.LimitedBarrelIV was corrected from null to its default, SimpleCommentedConfig:{}. 
[28May2026 14:58:11.021] [Server thread/WARN] [net.minecraftforge.common.ForgeConfigSpec/CORE]: Incorrect key server.LimitedBarrelIV.baseSlotLimitMultiplier was corrected from null to its default, 8. 
[28May2026 14:58:11.021] [Server thread/WARN] [net.minecraftforge.common.ForgeConfigSpec/CORE]: Incorrect key server.LimitedBarrelIV.upgradeSlotCount was corrected from null to its default, 1. 
[28May2026 14:58:11.021] [Server thread/WARN] [net.minecraftforge.common.ForgeConfigSpec/CORE]: Incorrect key server.LimitedCopperBarrelIV was corrected from null to its default, SimpleCommentedConfig:{}. 
[28May2026 14:58:11.021] [Server thread/WARN] [net.minecraftforge.common.ForgeConfigSpec/CORE]: Incorrect key server.LimitedCopperBarrelIV.baseSlotLimitMultiplier was corrected from null to its default, 13. 
[28May2026 14:58:11.021] [Server thread/WARN] [net.minecraftforge.common.ForgeConfigSpec/CORE]: Incorrect key server.LimitedCopperBarrelIV.upgradeSlotCount was corrected from null to its default, 1. 
[28May2026 14:58:11.021] [Server thread/WARN] [net.minecraftforge.common.ForgeConfigSpec/CORE]: Incorrect key server.LimitedIronBarrelIV was corrected from null to its default, SimpleCommentedConfig:{}. 
[28May2026 14:58:11.021] [Server thread/WARN] [net.minecraftforge.common.ForgeConfigSpec/CORE]: Incorrect key server.LimitedIronBarrelIV.baseSlotLimitMultiplier was corrected from null to its default, 16. 
[28May2026 14:58:11.021] [Server thread/WARN] [net.minecraftforge.common.ForgeConfigSpec/CORE]: Incorrect key server.LimitedIronBarrelIV.upgradeSlotCount was corrected from null to its default, 2. 
[28May2026 14:58:11.021] [Server thread/WARN] [net.minecraftforge.common.ForgeConfigSpec/CORE]: Incorrect key server.LimitedGoldBarrelIV was corrected from null to its default, SimpleCommentedConfig:{}. 
[28May2026 14:58:11.021] [Server thread/WARN] [net.minecraftforge.common.ForgeConfigSpec/CORE]: Incorrect key server.LimitedGoldBarrelIV.baseSlotLimitMultiplier was corrected from null to its default, 24. 
[28May2026 14:58:11.021] [Server thread/WARN] [net.minecraftforge.common.ForgeConfigSpec/CORE]: Incorrect key server.LimitedGoldBarrelIV.upgradeSlotCount was corrected from null to its default, 3. 
[28May2026 14:58:11.021] [Server thread/WARN] [net.minecraftforge.common.ForgeConfigSpec/CORE]: Incorrect key server.LimitedDiamondBarrelIV was corrected from null to its default, SimpleCommentedConfig:{}. 
[28May2026 14:58:11.021] [Server thread/WARN] [net.minecraftforge.common.ForgeConfigSpec/CORE]: Incorrect key server.LimitedDiamondBarrelIV.baseSlotLimitMultiplier was corrected from null to its default, 32. 
[28May2026 14:58:11.021] [Server thread/WARN] [net.minecraftforge.common.ForgeConfigSpec/CORE]: Incorrect key server.LimitedDiamondBarrelIV.upgradeSlotCount was corrected from null to its default, 4. 
[28May2026 14:58:11.021] [Server thread/WARN] [net.minecraftforge.common.ForgeConfigSpec/CORE]: Incorrect key server.LimitedNetheriteBarrelIV was corrected from null to its default, SimpleCommentedConfig:{}. 
[28May2026 14:58:11.021] [Server thread/WARN] [net.minecraftforge.common.ForgeConfigSpec/CORE]: Incorrect key server.LimitedNetheriteBarrelIV.baseSlotLimitMultiplier was corrected from null to its default, 40. 
[28May2026 14:58:11.021] [Server thread/WARN] [net.minecraftforge.common.ForgeConfigSpec/CORE]: Incorrect key server.LimitedNetheriteBarrelIV.upgradeSlotCount was corrected from null to its default, 5. 
[28May2026 14:58:11.021] [Server thread/WARN] [net.minecraftforge.common.ForgeConfigSpec/CORE]: Incorrect key server.WoodChest was corrected from null to its default, SimpleCommentedConfig:{}. 
[28May2026 14:58:11.021] [Server thread/WARN] [net.minecraftforge.common.ForgeConfigSpec/CORE]: Incorrect key server.WoodChest.inventorySlotCount was corrected from null to its default, 27. 
[28May2026 14:58:11.021] [Server thread/WARN] [net.minecraftforge.common.ForgeConfigSpec/CORE]: Incorrect key server.WoodChest.upgradeSlotCount was corrected from null to its default, 1. 
[28May2026 14:58:11.021] [Server thread/WARN] [net.minecraftforge.common.ForgeConfigSpec/CORE]: Incorrect key server.CopperChest was corrected from null to its default, SimpleCommentedConfig:{}. 
[28May2026 14:58:11.021] [Server thread/WARN] [net.minecraftforge.common.ForgeConfigSpec/CORE]: Incorrect key server.CopperChest.inventorySlotCount was corrected from null to its default, 45. 
[28May2026 14:58:11.021] [Server thread/WARN] [net.minecraftforge.common.ForgeConfigSpec/CORE]: Incorrect key server.CopperChest.upgradeSlotCount was corrected from null to its default, 1. 
[28May2026 14:58:11.021] [Server thread/WARN] [net.minecraftforge.common.ForgeConfigSpec/CORE]: Incorrect key server.IronChest was corrected from null to its default, SimpleCommentedConfig:{}. 
[28May2026 14:58:11.022] [Server thread/WARN] [net.minecraftforge.common.ForgeConfigSpec/CORE]: Incorrect key server.IronChest.inventorySlotCount was corrected from null to its default, 54. 
[28May2026 14:58:11.022] [Server thread/WARN] [net.minecraftforge.common.ForgeConfigSpec/CORE]: Incorrect key server.IronChest.upgradeSlotCount was corrected from null to its default, 2. 
[28May2026 14:58:11.022] [Server thread/WARN] [net.minecraftforge.common.ForgeConfigSpec/CORE]: Incorrect key server.GoldChest was corrected from null to its default, SimpleCommentedConfig:{}. 
[28May2026 14:58:11.022] [Server thread/WARN] [net.minecraftforge.common.ForgeConfigSpec/CORE]: Incorrect key server.GoldChest.inventorySlotCount was corrected from null to its default, 81. 
[28May2026 14:58:11.022] [Server thread/WARN] [net.minecraftforge.common.ForgeConfigSpec/CORE]: Incorrect key server.GoldChest.upgradeSlotCount was corrected from null to its default, 3. 
[28May2026 14:58:11.022] [Server thread/WARN] [net.minecraftforge.common.ForgeConfigSpec/CORE]: Incorrect key server.DiamondChest was corrected from null to its default, SimpleCommentedConfig:{}. 
[28May2026 14:58:11.022] [Server thread/WARN] [net.minecraftforge.common.ForgeConfigSpec/CORE]: Incorrect key server.DiamondChest.inventorySlotCount was corrected from null to its default, 108. 
[28May2026 14:58:11.022] [Server thread/WARN] [net.minecraftforge.common.ForgeConfigSpec/CORE]: Incorrect key server.DiamondChest.upgradeSlotCount was corrected from null to its default, 4. 
[28May2026 14:58:11.022] [Server thread/WARN] [net.minecraftforge.common.ForgeConfigSpec/CORE]: Incorrect key server.NetheriteChest was corrected from null to its default, SimpleCommentedConfig:{}. 
[28May2026 14:58:11.022] [Server thread/WARN] [net.minecraftforge.common.ForgeConfigSpec/CORE]: Incorrect key server.NetheriteChest.inventorySlotCount was corrected from null to its default, 132. 
[28May2026 14:58:11.022] [Server thread/WARN] [net.minecraftforge.common.ForgeConfigSpec/CORE]: Incorrect key server.NetheriteChest.upgradeSlotCount was corrected from null to its default, 5. 
[28May2026 14:58:11.022] [Server thread/WARN] [net.minecraftforge.common.ForgeConfigSpec/CORE]: Incorrect key server.ShulkerBox was corrected from null to its default, SimpleCommentedConfig:{}. 
[28May2026 14:58:11.022] [Server thread/WARN] [net.minecraftforge.common.ForgeConfigSpec/CORE]: Incorrect key server.ShulkerBox.inventorySlotCount was corrected from null to its default, 27. 
[28May2026 14:58:11.022] [Server thread/WARN] [net.minecraftforge.common.ForgeConfigSpec/CORE]: Incorrect key server.ShulkerBox.upgradeSlotCount was corrected from null to its default, 1. 
[28May2026 14:58:11.022] [Server thread/WARN] [net.minecraftforge.common.ForgeConfigSpec/CORE]: Incorrect key server.CopperShulkerBox was corrected from null to its default, SimpleCommentedConfig:{}. 
[28May2026 14:58:11.022] [Server thread/WARN] [net.minecraftforge.common.ForgeConfigSpec/CORE]: Incorrect key server.CopperShulkerBox.inventorySlotCount was corrected from null to its default, 45. 
[28May2026 14:58:11.022] [Server thread/WARN] [net.minecraftforge.common.ForgeConfigSpec/CORE]: Incorrect key server.CopperShulkerBox.upgradeSlotCount was corrected from null to its default, 1. 
[28May2026 14:58:11.022] [Server thread/WARN] [net.minecraftforge.common.ForgeConfigSpec/CORE]: Incorrect key server.IronShulkerBox was corrected from null to its default, SimpleCommentedConfig:{}. 
[28May2026 14:58:11.022] [Server thread/WARN] [net.minecraftforge.common.ForgeConfigSpec/CORE]: Incorrect key server.IronShulkerBox.inventorySlotCount was corrected from null to its default, 54. 
[28May2026 14:58:11.022] [Server thread/WARN] [net.minecraftforge.common.ForgeConfigSpec/CORE]: Incorrect key server.IronShulkerBox.upgradeSlotCount was corrected from null to its default, 2. 
[28May2026 14:58:11.022] [Server thread/WARN] [net.minecraftforge.common.ForgeConfigSpec/CORE]: Incorrect key server.GoldShulkerBox was corrected from null to its default, SimpleCommentedConfig:{}. 
[28May2026 14:58:11.022] [Server thread/WARN] [net.minecraftforge.common.ForgeConfigSpec/CORE]: Incorrect key server.GoldShulkerBox.inventorySlotCount was corrected from null to its default, 81. 
[28May2026 14:58:11.022] [Server thread/WARN] [net.minecraftforge.common.ForgeConfigSpec/CORE]: Incorrect key server.GoldShulkerBox.upgradeSlotCount was corrected from null to its default, 3. 
[28May2026 14:58:11.022] [Server thread/WARN] [net.minecraftforge.common.ForgeConfigSpec/CORE]: Incorrect key server.DiamondShulkerBox was corrected from null to its default, SimpleCommentedConfig:{}. 
[28May2026 14:58:11.022] [Server thread/WARN] [net.minecraftforge.common.ForgeConfigSpec/CORE]: Incorrect key server.DiamondShulkerBox.inventorySlotCount was corrected from null to its default, 108. 
[28May2026 14:58:11.022] [Server thread/WARN] [net.minecraftforge.common.ForgeConfigSpec/CORE]: Incorrect key server.DiamondShulkerBox.upgradeSlotCount was corrected from null to its default, 4. 
[28May2026 14:58:11.022] [Server thread/WARN] [net.minecraftforge.common.ForgeConfigSpec/CORE]: Incorrect key server.NetheriteShulkerBox was corrected from null to its default, SimpleCommentedConfig:{}. 
[28May2026 14:58:11.022] [Server thread/WARN] [net.minecraftforge.common.ForgeConfigSpec/CORE]: Incorrect key server.NetheriteShulkerBox.inventorySlotCount was corrected from null to its default, 132. 
[28May2026 14:58:11.022] [Server thread/WARN] [net.minecraftforge.common.ForgeConfigSpec/CORE]: Incorrect key server.NetheriteShulkerBox.upgradeSlotCount was corrected from null to its default, 5. 
[28May2026 14:58:11.022] [Server thread/WARN] [net.minecraftforge.common.ForgeConfigSpec/CORE]: Incorrect key server.shulkerBoxDisallowedItems was corrected from null to its default, SimpleCommentedConfig:{}. 
[28May2026 14:58:11.022] [Server thread/WARN] [net.minecraftforge.common.ForgeConfigSpec/CORE]: Incorrect key server.shulkerBoxDisallowedItems.disallowedItems was corrected from null to its default, []. 
[28May2026 14:58:11.022] [Server thread/WARN] [net.minecraftforge.common.ForgeConfigSpec/CORE]: Incorrect key server.shulkerBoxDisallowedItems.containerItemsDisallowed was corrected from null to its default, false. 
[28May2026 14:58:11.022] [Server thread/WARN] [net.minecraftforge.common.ForgeConfigSpec/CORE]: Incorrect key server.stackUpgrade was corrected from null to its default, SimpleCommentedConfig:{}. 
[28May2026 14:58:11.022] [Server thread/WARN] [net.minecraftforge.common.ForgeConfigSpec/CORE]: Incorrect key server.stackUpgrade.nonStackableItems was corrected from null to its default, [minecraft:bundle, minecraft:shulker_box, minecraft:white_shulker_box, minecraft:orange_shulker_box, minecraft:magenta_shulker_box, minecraft:light_blue_shulker_box, minecraft:yellow_shulker_box, minecraft:lime_shulker_box, minecraft:pink_shulker_box, minecraft:gray_shulker_box, minecraft:light_gray_shulker_box, minecraft:cyan_shulker_box, minecraft:purple_shulker_box, minecraft:blue_shulker_box, minecraft:brown_shulker_box, minecraft:green_shulker_box, minecraft:red_shulker_box, minecraft:black_shulker_box]. 
[28May2026 14:58:11.022] [Server thread/WARN] [net.minecraftforge.common.ForgeConfigSpec/CORE]: Incorrect key server.compactingUpgrade was corrected from null to its default, SimpleCommentedConfig:{}. 
[28May2026 14:58:11.022] [Server thread/WARN] [net.minecraftforge.common.ForgeConfigSpec/CORE]: Incorrect key server.compactingUpgrade.filterSlots was corrected from null to its default, 9. 
[28May2026 14:58:11.022] [Server thread/WARN] [net.minecraftforge.common.ForgeConfigSpec/CORE]: Incorrect key server.compactingUpgrade.slotsInRow was corrected from null to its default, 3. 
[28May2026 14:58:11.022] [Server thread/WARN] [net.minecraftforge.common.ForgeConfigSpec/CORE]: Incorrect key server.advancedCompactingUpgrade was corrected from null to its default, SimpleCommentedConfig:{}. 
[28May2026 14:58:11.022] [Server thread/WARN] [net.minecraftforge.common.ForgeConfigSpec/CORE]: Incorrect key server.advancedCompactingUpgrade.filterSlots was corrected from null to its default, 16. 
[28May2026 14:58:11.022] [Server thread/WARN] [net.minecraftforge.common.ForgeConfigSpec/CORE]: Incorrect key server.advancedCompactingUpgrade.slotsInRow was corrected from null to its default, 4. 
[28May2026 14:58:11.022] [Server thread/WARN] [net.minecraftforge.common.ForgeConfigSpec/CORE]: Incorrect key server.depositUpgrade was corrected from null to its default, SimpleCommentedConfig:{}. 
[28May2026 14:58:11.022] [Server thread/WARN] [net.minecraftforge.common.ForgeConfigSpec/CORE]: Incorrect key server.depositUpgrade.filterSlots was corrected from null to its default, 9. 
[28May2026 14:58:11.022] [Server thread/WARN] [net.minecraftforge.common.ForgeConfigSpec/CORE]: Incorrect key server.depositUpgrade.slotsInRow was corrected from null to its default, 3. 
[28May2026 14:58:11.022] [Server thread/WARN] [net.minecraftforge.common.ForgeConfigSpec/CORE]: Incorrect key server.advancedDepositUpgrade was corrected from null to its default, SimpleCommentedConfig:{}. 
[28May2026 14:58:11.022] [Server thread/WARN] [net.minecraftforge.common.ForgeConfigSpec/CORE]: Incorrect key server.advancedDepositUpgrade.filterSlots was corrected from null to its default, 16. 
[28May2026 14:58:11.022] [Server thread/WARN] [net.minecraftforge.common.ForgeConfigSpec/CORE]: Incorrect key server.advancedDepositUpgrade.slotsInRow was corrected from null to its default, 4. 
[28May2026 14:58:11.022] [Server thread/WARN] [net.minecraftforge.common.ForgeConfigSpec/CORE]: Incorrect key server.feedingUpgrade was corrected from null to its default, SimpleCommentedConfig:{}. 
[28May2026 14:58:11.022] [Server thread/WARN] [net.minecraftforge.common.ForgeConfigSpec/CORE]: Incorrect key server.feedingUpgrade.filterSlots was corrected from null to its default, 9. 
[28May2026 14:58:11.022] [Server thread/WARN] [net.minecraftforge.common.ForgeConfigSpec/CORE]: Incorrect key server.feedingUpgrade.slotsInRow was corrected from null to its default, 3. 
[28May2026 14:58:11.022] [Server thread/WARN] [net.minecraftforge.common.ForgeConfigSpec/CORE]: Incorrect key server.advancedFeedingUpgrade was corrected from null to its default, SimpleCommentedConfig:{}. 
[28May2026 14:58:11.022] [Server thread/WARN] [net.minecraftforge.common.ForgeConfigSpec/CORE]: Incorrect key server.advancedFeedingUpgrade.filterSlots was corrected from null to its default, 16. 
[28May2026 14:58:11.022] [Server thread/WARN] [net.minecraftforge.common.ForgeConfigSpec/CORE]: Incorrect key server.advancedFeedingUpgrade.slotsInRow was corrected from null to its default, 4. 
[28May2026 14:58:11.022] [Server thread/WARN] [net.minecraftforge.common.ForgeConfigSpec/CORE]: Incorrect key server.filterUpgrade was corrected from null to its default, SimpleCommentedConfig:{}. 
[28May2026 14:58:11.022] [Server thread/WARN] [net.minecraftforge.common.ForgeConfigSpec/CORE]: Incorrect key server.filterUpgrade.filterSlots was corrected from null to its default, 9. 
[28May2026 14:58:11.022] [Server thread/WARN] [net.minecraftforge.common.ForgeConfigSpec/CORE]: Incorrect key server.filterUpgrade.slotsInRow was corrected from null to its default, 3. 
[28May2026 14:58:11.022] [Server thread/WARN] [net.minecraftforge.common.ForgeConfigSpec/CORE]: Incorrect key server.advancedFilterUpgrade was corrected from null to its default, SimpleCommentedConfig:{}. 
[28May2026 14:58:11.022] [Server thread/WARN] [net.minecraftforge.common.ForgeConfigSpec/CORE]: Incorrect key server.advancedFilterUpgrade.filterSlots was corrected from null to its default, 16. 
[28May2026 14:58:11.022] [Server thread/WARN] [net.minecraftforge.common.ForgeConfigSpec/CORE]: Incorrect key server.advancedFilterUpgrade.slotsInRow was corrected from null to its default, 4. 
[28May2026 14:58:11.022] [Server thread/WARN] [net.minecraftforge.common.ForgeConfigSpec/CORE]: Incorrect key server.magnetUpgrade was corrected from null to its default, SimpleCommentedConfig:{}. 
[28May2026 14:58:11.022] [Server thread/WARN] [net.minecraftforge.common.ForgeConfigSpec/CORE]: Incorrect key server.magnetUpgrade.filterSlots was corrected from null to its default, 9. 
[28May2026 14:58:11.022] [Server thread/WARN] [net.minecraftforge.common.ForgeConfigSpec/CORE]: Incorrect key server.magnetUpgrade.slotsInRow was corrected from null to its default, 3. 
[28May2026 14:58:11.022] [Server thread/WARN] [net.minecraftforge.common.ForgeConfigSpec/CORE]: Incorrect key server.magnetUpgrade.magnetRange was corrected from null to its default, 3. 
[28May2026 14:58:11.022] [Server thread/WARN] [net.minecraftforge.common.ForgeConfigSpec/CORE]: Incorrect key server.advancedMagnetUpgrade was corrected from null to its default, SimpleCommentedConfig:{}. 
[28May2026 14:58:11.022] [Server thread/WARN] [net.minecraftforge.common.ForgeConfigSpec/CORE]: Incorrect key server.advancedMagnetUpgrade.filterSlots was corrected from null to its default, 16. 
[28May2026 14:58:11.022] [Server thread/WARN] [net.minecraftforge.common.ForgeConfigSpec/CORE]: Incorrect key server.advancedMagnetUpgrade.slotsInRow was corrected from null to its default, 4. 
[28May2026 14:58:11.022] [Server thread/WARN] [net.minecraftforge.common.ForgeConfigSpec/CORE]: Incorrect key server.advancedMagnetUpgrade.magnetRange was corrected from null to its default, 5. 
[28May2026 14:58:11.022] [Server thread/WARN] [net.minecraftforge.common.ForgeConfigSpec/CORE]: Incorrect key server.pickupUpgrade was corrected from null to its default, SimpleCommentedConfig:{}. 
[28May2026 14:58:11.022] [Server thread/WARN] [net.minecraftforge.common.ForgeConfigSpec/CORE]: Incorrect key server.pickupUpgrade.filterSlots was corrected from null to its default, 9. 
[28May2026 14:58:11.022] [Server thread/WARN] [net.minecraftforge.common.ForgeConfigSpec/CORE]: Incorrect key server.pickupUpgrade.slotsInRow was corrected from null to its default, 3. 
[28May2026 14:58:11.022] [Server thread/WARN] [net.minecraftforge.common.ForgeConfigSpec/CORE]: Incorrect key server.advancedPickupUpgrade was corrected from null to its default, SimpleCommentedConfig:{}. 
[28May2026 14:58:11.022] [Server thread/WARN] [net.minecraftforge.common.ForgeConfigSpec/CORE]: Incorrect key server.advancedPickupUpgrade.filterSlots was corrected from null to its default, 16. 
[28May2026 14:58:11.022] [Server thread/WARN] [net.minecraftforge.common.ForgeConfigSpec/CORE]: Incorrect key server.advancedPickupUpgrade.slotsInRow was corrected from null to its default, 4. 
[28May2026 14:58:11.022] [Server thread/WARN] [net.minecraftforge.common.ForgeConfigSpec/CORE]: Incorrect key server.voidUpgrade was corrected from null to its default, SimpleCommentedConfig:{}. 
[28May2026 14:58:11.022] [Server thread/WARN] [net.minecraftforge.common.ForgeConfigSpec/CORE]: Incorrect key server.voidUpgrade.filterSlots was corrected from null to its default, 9. 
[28May2026 14:58:11.022] [Server thread/WARN] [net.minecraftforge.common.ForgeConfigSpec/CORE]: Incorrect key server.voidUpgrade.slotsInRow was corrected from null to its default, 3. 
[28May2026 14:58:11.022] [Server thread/WARN] [net.minecraftforge.common.ForgeConfigSpec/CORE]: Incorrect key server.voidUpgrade.voidAlwaysEnabled was corrected from null to its default, true. 
[28May2026 14:58:11.022] [Server thread/WARN] [net.minecraftforge.common.ForgeConfigSpec/CORE]: Incorrect key server.advancedVoidUpgrade was corrected from null to its default, SimpleCommentedConfig:{}. 
[28May2026 14:58:11.022] [Server thread/WARN] [net.minecraftforge.common.ForgeConfigSpec/CORE]: Incorrect key server.advancedVoidUpgrade.filterSlots was corrected from null to its default, 16. 
[28May2026 14:58:11.022] [Server thread/WARN] [net.minecraftforge.common.ForgeConfigSpec/CORE]: Incorrect key server.advancedVoidUpgrade.slotsInRow was corrected from null to its default, 4. 
[28May2026 14:58:11.023] [Server thread/WARN] [net.minecraftforge.common.ForgeConfigSpec/CORE]: Incorrect key server.advancedVoidUpgrade.voidAlwaysEnabled was corrected from null to its default, true. 
[28May2026 14:58:11.023] [Server thread/WARN] [net.minecraftforge.common.ForgeConfigSpec/CORE]: Incorrect key server.smeltingUpgrade was corrected from null to its default, SimpleCommentedConfig:{}. 
[28May2026 14:58:11.023] [Server thread/WARN] [net.minecraftforge.common.ForgeConfigSpec/CORE]: Incorrect key server.smeltingUpgrade.smeltingSpeedMultiplier was corrected from null to its default, 1.0. 
[28May2026 14:58:11.023] [Server thread/WARN] [net.minecraftforge.common.ForgeConfigSpec/CORE]: Incorrect key server.smeltingUpgrade.fuelEfficiencyMultiplier was corrected from null to its default, 1.0. 
[28May2026 14:58:11.023] [Server thread/WARN] [net.minecraftforge.common.ForgeConfigSpec/CORE]: Incorrect key server.smokingUpgrade was corrected from null to its default, SimpleCommentedConfig:{}. 
[28May2026 14:58:11.023] [Server thread/WARN] [net.minecraftforge.common.ForgeConfigSpec/CORE]: Incorrect key server.smokingUpgrade.smeltingSpeedMultiplier was corrected from null to its default, 1.0. 
[28May2026 14:58:11.023] [Server thread/WARN] [net.minecraftforge.common.ForgeConfigSpec/CORE]: Incorrect key server.smokingUpgrade.fuelEfficiencyMultiplier was corrected from null to its default, 1.0. 
[28May2026 14:58:11.023] [Server thread/WARN] [net.minecraftforge.common.ForgeConfigSpec/CORE]: Incorrect key server.blastingUpgrade was corrected from null to its default, SimpleCommentedConfig:{}. 
[28May2026 14:58:11.023] [Server thread/WARN] [net.minecraftforge.common.ForgeConfigSpec/CORE]: Incorrect key server.blastingUpgrade.smeltingSpeedMultiplier was corrected from null to its default, 1.0. 
[28May2026 14:58:11.023] [Server thread/WARN] [net.minecraftforge.common.ForgeConfigSpec/CORE]: Incorrect key server.blastingUpgrade.fuelEfficiencyMultiplier was corrected from null to its default, 1.0. 
[28May2026 14:58:11.023] [Server thread/WARN] [net.minecraftforge.common.ForgeConfigSpec/CORE]: Incorrect key server.autoSmeltingUpgrade was corrected from null to its default, SimpleCommentedConfig:{}. 
[28May2026 14:58:11.023] [Server thread/WARN] [net.minecraftforge.common.ForgeConfigSpec/CORE]: Incorrect key server.autoSmeltingUpgrade.smeltingSpeedMultiplier was corrected from null to its default, 1.0. 
[28May2026 14:58:11.023] [Server thread/WARN] [net.minecraftforge.common.ForgeConfigSpec/CORE]: Incorrect key server.autoSmeltingUpgrade.fuelEfficiencyMultiplier was corrected from null to its default, 1.0. 
[28May2026 14:58:11.023] [Server thread/WARN] [net.minecraftforge.common.ForgeConfigSpec/CORE]: Incorrect key server.autoSmeltingUpgrade.inputFilterSlots was corrected from null to its default, 8. 
[28May2026 14:58:11.023] [Server thread/WARN] [net.minecraftforge.common.ForgeConfigSpec/CORE]: Incorrect key server.autoSmeltingUpgrade.inputFilterSlotsInRow was corrected from null to its default, 4. 
[28May2026 14:58:11.023] [Server thread/WARN] [net.minecraftforge.common.ForgeConfigSpec/CORE]: Incorrect key server.autoSmeltingUpgrade.fuelFilterSlots was corrected from null to its default, 4. 
[28May2026 14:58:11.023] [Server thread/WARN] [net.minecraftforge.common.ForgeConfigSpec/CORE]: Incorrect key server.autoSmeltingUpgrade.fuelFilterSlotsInRow was corrected from null to its default, 4. 
[28May2026 14:58:11.023] [Server thread/WARN] [net.minecraftforge.common.ForgeConfigSpec/CORE]: Incorrect key server.autoSmokingUpgrade was corrected from null to its default, SimpleCommentedConfig:{}. 
[28May2026 14:58:11.023] [Server thread/WARN] [net.minecraftforge.common.ForgeConfigSpec/CORE]: Incorrect key server.autoSmokingUpgrade.smeltingSpeedMultiplier was corrected from null to its default, 1.0. 
[28May2026 14:58:11.023] [Server thread/WARN] [net.minecraftforge.common.ForgeConfigSpec/CORE]: Incorrect key server.autoSmokingUpgrade.fuelEfficiencyMultiplier was corrected from null to its default, 1.0. 
[28May2026 14:58:11.023] [Server thread/WARN] [net.minecraftforge.common.ForgeConfigSpec/CORE]: Incorrect key server.autoSmokingUpgrade.inputFilterSlots was corrected from null to its default, 8. 
[28May2026 14:58:11.023] [Server thread/WARN] [net.minecraftforge.common.ForgeConfigSpec/CORE]: Incorrect key server.autoSmokingUpgrade.inputFilterSlotsInRow was corrected from null to its default, 4. 
[28May2026 14:58:11.023] [Server thread/WARN] [net.minecraftforge.common.ForgeConfigSpec/CORE]: Incorrect key server.autoSmokingUpgrade.fuelFilterSlots was corrected from null to its default, 4. 
[28May2026 14:58:11.023] [Server thread/WARN] [net.minecraftforge.common.ForgeConfigSpec/CORE]: Incorrect key server.autoSmokingUpgrade.fuelFilterSlotsInRow was corrected from null to its default, 4. 
[28May2026 14:58:11.023] [Server thread/WARN] [net.minecraftforge.common.ForgeConfigSpec/CORE]: Incorrect key server.autoBlastingUpgrade was corrected from null to its default, SimpleCommentedConfig:{}. 
[28May2026 14:58:11.023] [Server thread/WARN] [net.minecraftforge.common.ForgeConfigSpec/CORE]: Incorrect key server.autoBlastingUpgrade.smeltingSpeedMultiplier was corrected from null to its default, 1.0. 
[28May2026 14:58:11.023] [Server thread/WARN] [net.minecraftforge.common.ForgeConfigSpec/CORE]: Incorrect key server.autoBlastingUpgrade.fuelEfficiencyMultiplier was corrected from null to its default, 1.0. 
[28May2026 14:58:11.023] [Server thread/WARN] [net.minecraftforge.common.ForgeConfigSpec/CORE]: Incorrect key server.autoBlastingUpgrade.inputFilterSlots was corrected from null to its default, 8. 
[28May2026 14:58:11.023] [Server thread/WARN] [net.minecraftforge.common.ForgeConfigSpec/CORE]: Incorrect key server.autoBlastingUpgrade.inputFilterSlotsInRow was corrected from null to its default, 4. 
[28May2026 14:58:11.023] [Server thread/WARN] [net.minecraftforge.common.ForgeConfigSpec/CORE]: Incorrect key server.autoBlastingUpgrade.fuelFilterSlots was corrected from null to its default, 4. 
[28May2026 14:58:11.023] [Server thread/WARN] [net.minecraftforge.common.ForgeConfigSpec/CORE]: Incorrect key server.autoBlastingUpgrade.fuelFilterSlotsInRow was corrected from null to its default, 4. 
[28May2026 14:58:11.023] [Server thread/WARN] [net.minecraftforge.common.ForgeConfigSpec/CORE]: Incorrect key server.pumpUpgrade was corrected from null to its default, SimpleCommentedConfig:{}. 
[28May2026 14:58:11.023] [Server thread/WARN] [net.minecraftforge.common.ForgeConfigSpec/CORE]: Incorrect key server.pumpUpgrade.filterSlots was corrected from null to its default, 4. 
[28May2026 14:58:11.023] [Server thread/WARN] [net.minecraftforge.common.ForgeConfigSpec/CORE]: Incorrect key server.pumpUpgrade.maxInputOutput was corrected from null to its default, 20. 
[28May2026 14:58:11.023] [Server thread/WARN] [net.minecraftforge.common.ForgeConfigSpec/CORE]: Incorrect key server.pumpUpgrade.stackMultiplierRatio was corrected from null to its default, 1.0. 
[28May2026 14:58:11.023] [Server thread/WARN] [net.minecraftforge.common.ForgeConfigSpec/CORE]: Incorrect key server.xpPumpUpgrade was corrected from null to its default, SimpleCommentedConfig:{}. 
[28May2026 14:58:11.023] [Server thread/WARN] [net.minecraftforge.common.ForgeConfigSpec/CORE]: Incorrect key server.xpPumpUpgrade.mendingOn was corrected from null to its default, true. 
[28May2026 14:58:11.023] [Server thread/WARN] [net.minecraftforge.common.ForgeConfigSpec/CORE]: Incorrect key server.xpPumpUpgrade.maxXpPointsPerMending was corrected from null to its default, 5. 
[28May2026 14:58:11.023] [Server thread/WARN] [net.minecraftforge.common.ForgeConfigSpec/CORE]: Incorrect key server.compressionUpgrade was corrected from null to its default, SimpleCommentedConfig:{}. 
[28May2026 14:58:11.023] [Server thread/WARN] [net.minecraftforge.common.ForgeConfigSpec/CORE]: Incorrect key server.compressionUpgrade.maxNumberOfSlots was corrected from null to its default, 5. 
[28May2026 14:58:11.023] [Server thread/WARN] [net.minecraftforge.common.ForgeConfigSpec/CORE]: Incorrect key server.compressionUpgrade.additionalDecompressibleItems was corrected from null to its default, [minecraft:glowstone=4xminecraft:glowstone_dust, minecraft:quartz_block=4xminecraft:quartz, minecraft:clay=4xminecraft:clay_ball, minecraft:snow_block=4xminecraft:snowball, minecraft:bricks=4xminecraft:brick, minecraft:nether_bricks=4xminecraft:nether_brick, minecraft:nether_wart_block=9xminecraft:nether_wart, minecraft:melon=9xminecraft:melon_slice, minecraft:packed_ice=9xminecraft:ice, minecraft:blue_ice=9xminecraft:packed_ice]. 
[28May2026 14:58:11.023] [Server thread/WARN] [net.minecraftforge.common.ForgeConfigSpec/CORE]: Incorrect key server.hopperUpgrade was corrected from null to its default, SimpleCommentedConfig:{}. 
[28May2026 14:58:11.023] [Server thread/WARN] [net.minecraftforge.common.ForgeConfigSpec/CORE]: Incorrect key server.hopperUpgrade.inputFilterSlots was corrected from null to its default, 2. 
[28May2026 14:58:11.023] [Server thread/WARN] [net.minecraftforge.common.ForgeConfigSpec/CORE]: Incorrect key server.hopperUpgrade.inputFilterSlotsInRow was corrected from null to its default, 2. 
[28May2026 14:58:11.023] [Server thread/WARN] [net.minecraftforge.common.ForgeConfigSpec/CORE]: Incorrect key server.hopperUpgrade.outputFilterSlots was corrected from null to its default, 2. 
[28May2026 14:58:11.023] [Server thread/WARN] [net.minecraftforge.common.ForgeConfigSpec/CORE]: Incorrect key server.hopperUpgrade.outputFilterSlotsInRow was corrected from null to its default, 2. 
[28May2026 14:58:11.023] [Server thread/WARN] [net.minecraftforge.common.ForgeConfigSpec/CORE]: Incorrect key server.hopperUpgrade.transferSpeedTicks was corrected from null to its default, 8. 
[28May2026 14:58:11.023] [Server thread/WARN] [net.minecraftforge.common.ForgeConfigSpec/CORE]: Incorrect key server.hopperUpgrade.maxTransferStackSize was corrected from null to its default, 1. 
[28May2026 14:58:11.023] [Server thread/WARN] [net.minecraftforge.common.ForgeConfigSpec/CORE]: Incorrect key server.advancedHopperUpgrade was corrected from null to its default, SimpleCommentedConfig:{}. 
[28May2026 14:58:11.023] [Server thread/WARN] [net.minecraftforge.common.ForgeConfigSpec/CORE]: Incorrect key server.advancedHopperUpgrade.inputFilterSlots was corrected from null to its default, 4. 
[28May2026 14:58:11.023] [Server thread/WARN] [net.minecraftforge.common.ForgeConfigSpec/CORE]: Incorrect key server.advancedHopperUpgrade.inputFilterSlotsInRow was corrected from null to its default, 4. 
[28May2026 14:58:11.023] [Server thread/WARN] [net.minecraftforge.common.ForgeConfigSpec/CORE]: Incorrect key server.advancedHopperUpgrade.outputFilterSlots was corrected from null to its default, 4. 
[28May2026 14:58:11.023] [Server thread/WARN] [net.minecraftforge.common.ForgeConfigSpec/CORE]: Incorrect key server.advancedHopperUpgrade.outputFilterSlotsInRow was corrected from null to its default, 4. 
[28May2026 14:58:11.023] [Server thread/WARN] [net.minecraftforge.common.ForgeConfigSpec/CORE]: Incorrect key server.advancedHopperUpgrade.transferSpeedTicks was corrected from null to its default, 2. 
[28May2026 14:58:11.023] [Server thread/WARN] [net.minecraftforge.common.ForgeConfigSpec/CORE]: Incorrect key server.advancedHopperUpgrade.maxTransferStackSize was corrected from null to its default, 4. 
[28May2026 14:58:11.023] [Server thread/WARN] [net.minecraftforge.common.ForgeConfigSpec/CORE]: Incorrect key server.advancedJukeboxUpgrade was corrected from null to its default, SimpleCommentedConfig:{}. 
[28May2026 14:58:11.023] [Server thread/WARN] [net.minecraftforge.common.ForgeConfigSpec/CORE]: Incorrect key server.advancedJukeboxUpgrade.numberOfSlots was corrected from null to its default, 12. 
[28May2026 14:58:11.023] [Server thread/WARN] [net.minecraftforge.common.ForgeConfigSpec/CORE]: Incorrect key server.advancedJukeboxUpgrade.slotsInRow was corrected from null to its default, 4. 
[28May2026 14:58:11.023] [Server thread/WARN] [net.minecraftforge.common.ForgeConfigSpec/CORE]: Incorrect key server.alchemyUpgrade was corrected from null to its default, SimpleCommentedConfig:{}. 
[28May2026 14:58:11.023] [Server thread/WARN] [net.minecraftforge.common.ForgeConfigSpec/CORE]: Incorrect key server.alchemyUpgrade.filterSlots was corrected from null to its default, 4. 
[28May2026 14:58:11.023] [Server thread/WARN] [net.minecraftforge.common.ForgeConfigSpec/CORE]: Incorrect key server.advancedAlchemyUpgrade was corrected from null to its default, SimpleCommentedConfig:{}. 
[28May2026 14:58:11.023] [Server thread/WARN] [net.minecraftforge.common.ForgeConfigSpec/CORE]: Incorrect key server.advancedAlchemyUpgrade.filterSlots was corrected from null to its default, 8. 
[28May2026 14:58:11.023] [Server thread/WARN] [net.minecraftforge.common.ForgeConfigSpec/CORE]: Incorrect key server.maxUpgradesPerStorage was corrected from null to its default, [shulker_box|stack_upgrades|2, shulker_box|furnace_upgrades|1, shulker_box|jukebox_upgrades|1, chest|stack_upgrades|2, chest|furnace_upgrades|1, chest|jukebox_upgrades|1, limited_barrel|jukebox_upgrades|1, limited_barrel|furnace_upgrades|1, barrel|stack_upgrades|2, barrel|furnace_upgrades|1, barrel|jukebox_upgrades|1]. 
[28May2026 14:58:11.023] [Server thread/WARN] [net.minecraftforge.common.ForgeConfigSpec/CORE]: Incorrect key server.tooManyItemEntityDrops was corrected from null to its default, 200. 
[28May2026 14:58:11.023] [Server thread/WARN] [net.minecraftforge.common.ForgeConfigSpec/CORE]: Incorrect key server.limitedBarrelCountDyeingEnabled was corrected from null to its default, true. 
[28May2026 14:58:11.023] [Server thread/WARN] [net.minecraftforge.common.ForgeConfigSpec/CORE]: Incorrect key server.controllerRange was corrected from null to its default, 15. 
[28May2026 14:58:11.025] [Server thread/WARN] [net.minecraftforge.common.ForgeConfigSpec/CORE]: Configuration file /home/bigh/.var/app/org.prismlauncher.PrismLauncher/data/PrismLauncher/instances/GregTech Community Pack Modern/minecraft/saves/New World/serverconfig/tinypipes-server.toml is not correct. Correcting
[28May2026 14:58:11.025] [Server thread/WARN] [net.minecraftforge.common.ForgeConfigSpec/CORE]: Incorrect key balance was corrected from null to its default, SimpleCommentedConfig:{}. 
[28May2026 14:58:11.025] [Server thread/WARN] [net.minecraftforge.common.ForgeConfigSpec/CORE]: Incorrect key balance.fe_per_tick was corrected from null to its default, 256. 
[28May2026 14:58:11.025] [Server thread/WARN] [net.minecraftforge.common.ForgeConfigSpec/CORE]: Incorrect key balance.mb_per_second was corrected from null to its default, 500. 
[28May2026 14:58:11.025] [Server thread/WARN] [net.minecraftforge.common.ForgeConfigSpec/CORE]: Incorrect key balance.items_per_second was corrected from null to its default, 2. 
[28May2026 14:58:11.025] [Server thread/WARN] [net.minecraftforge.common.ForgeConfigSpec/CORE]: Incorrect key balance.speed_upgrade_multiplier was corrected from null to its default, 2.0. 
[28May2026 14:58:11.025] [Server thread/WARN] [net.minecraftforge.common.ForgeConfigSpec/CORE]: Incorrect key balance.speed_upgrade_max was corrected from null to its default, 5. 
[28May2026 14:58:11.026] [Server thread/WARN] [net.minecraftforge.common.ForgeConfigSpec/CORE]: Configuration file /home/bigh/.var/app/org.prismlauncher.PrismLauncher/data/PrismLauncher/instances/GregTech Community Pack Modern/minecraft/saves/New World/serverconfig/computercraft-server.toml is not correct. Correcting
[28May2026 14:58:11.026] [Server thread/WARN] [net.minecraftforge.common.ForgeConfigSpec/CORE]: Incorrect key computer_space_limit was corrected from null to its default, 1000000. 
[28May2026 14:58:11.026] [Server thread/WARN] [net.minecraftforge.common.ForgeConfigSpec/CORE]: Incorrect key floppy_space_limit was corrected from null to its default, 125000. 
[28May2026 14:58:11.026] [Server thread/WARN] [net.minecraftforge.common.ForgeConfigSpec/CORE]: Incorrect key upload_max_size was corrected from null to its default, 524288. 
[28May2026 14:58:11.026] [Server thread/WARN] [net.minecraftforge.common.ForgeConfigSpec/CORE]: Incorrect key maximum_open_files was corrected from null to its default, 128. 
[28May2026 14:58:11.026] [Server thread/WARN] [net.minecraftforge.common.ForgeConfigSpec/CORE]: Incorrect key default_computer_settings was corrected from null to its default, . 
[28May2026 14:58:11.026] [Server thread/WARN] [net.minecraftforge.common.ForgeConfigSpec/CORE]: Incorrect key log_computer_errors was corrected from null to its default, true. 
[28May2026 14:58:11.026] [Server thread/WARN] [net.minecraftforge.common.ForgeConfigSpec/CORE]: Incorrect key command_require_creative was corrected from null to its default, true. 
[28May2026 14:58:11.026] [Server thread/WARN] [net.minecraftforge.common.ForgeConfigSpec/CORE]: Incorrect key disabled_generic_methods was corrected from null to its default, []. 
[28May2026 14:58:11.026] [Server thread/WARN] [net.minecraftforge.common.ForgeConfigSpec/CORE]: Incorrect key execution was corrected from null to its default, SimpleCommentedConfig:{}. 
[28May2026 14:58:11.026] [Server thread/WARN] [net.minecraftforge.common.ForgeConfigSpec/CORE]: Incorrect key execution.computer_threads was corrected from null to its default, 1. 
[28May2026 14:58:11.026] [Server thread/WARN] [net.minecraftforge.common.ForgeConfigSpec/CORE]: Incorrect key execution.max_main_global_time was corrected from null to its default, 10. 
[28May2026 14:58:11.026] [Server thread/WARN] [net.minecraftforge.common.ForgeConfigSpec/CORE]: Incorrect key execution.max_main_computer_time was corrected from null to its default, 5. 
[28May2026 14:58:11.027] [Server thread/WARN] [net.minecraftforge.common.ForgeConfigSpec/CORE]: Incorrect key http was corrected from null to its default, SimpleCommentedConfig:{}. 
[28May2026 14:58:11.027] [Server thread/WARN] [net.minecraftforge.common.ForgeConfigSpec/CORE]: Incorrect key http.enabled was corrected from null to its default, true. 
[28May2026 14:58:11.027] [Server thread/WARN] [net.minecraftforge.common.ForgeConfigSpec/CORE]: Incorrect key http.websocket_enabled was corrected from null to its default, true. 
[28May2026 14:58:11.027] [Server thread/WARN] [net.minecraftforge.common.ForgeConfigSpec/CORE]: Incorrect key http.rules was corrected from null to its default, [SimpleCommentedConfig:{host=$private, action=deny}, SimpleCommentedConfig:{host=*, action=allow, max_download=16777216, max_upload=4194304, max_websocket_message=131072, use_proxy=false}]. 
[28May2026 14:58:11.027] [Server thread/WARN] [net.minecraftforge.common.ForgeConfigSpec/CORE]: Incorrect key http.max_requests was corrected from null to its default, 16. 
[28May2026 14:58:11.027] [Server thread/WARN] [net.minecraftforge.common.ForgeConfigSpec/CORE]: Incorrect key http.max_websockets was corrected from null to its default, 4. 
[28May2026 14:58:11.027] [Server thread/WARN] [net.minecraftforge.common.ForgeConfigSpec/CORE]: Incorrect key http.bandwidth was corrected from null to its default, SimpleCommentedConfig:{}. 
[28May2026 14:58:11.027] [Server thread/WARN] [net.minecraftforge.common.ForgeConfigSpec/CORE]: Incorrect key http.bandwidth.global_download was corrected from null to its default, 33554432. 
[28May2026 14:58:11.027] [Server thread/WARN] [net.minecraftforge.common.ForgeConfigSpec/CORE]: Incorrect key http.bandwidth.global_upload was corrected from null to its default, 33554432. 
[28May2026 14:58:11.027] [Server thread/WARN] [net.minecraftforge.common.ForgeConfigSpec/CORE]: Incorrect key http.proxy was corrected from null to its default, SimpleCommentedConfig:{}. 
[28May2026 14:58:11.027] [Server thread/WARN] [net.minecraftforge.common.ForgeConfigSpec/CORE]: Incorrect key http.proxy.type was corrected from null to its default, HTTP. 
[28May2026 14:58:11.027] [Server thread/WARN] [net.minecraftforge.common.ForgeConfigSpec/CORE]: Incorrect key http.proxy.host was corrected from null to its default, . 
[28May2026 14:58:11.027] [Server thread/WARN] [net.minecraftforge.common.ForgeConfigSpec/CORE]: Incorrect key http.proxy.port was corrected from null to its default, 8080. 
[28May2026 14:58:11.027] [Server thread/WARN] [net.minecraftforge.common.ForgeConfigSpec/CORE]: Incorrect key peripheral was corrected from null to its default, SimpleCommentedConfig:{}. 
[28May2026 14:58:11.027] [Server thread/WARN] [net.minecraftforge.common.ForgeConfigSpec/CORE]: Incorrect key peripheral.command_block_enabled was corrected from null to its default, false. 
[28May2026 14:58:11.027] [Server thread/WARN] [net.minecraftforge.common.ForgeConfigSpec/CORE]: Incorrect key peripheral.modem_range was corrected from null to its default, 64. 
[28May2026 14:58:11.027] [Server thread/WARN] [net.minecraftforge.common.ForgeConfigSpec/CORE]: Incorrect key peripheral.modem_high_altitude_range was corrected from null to its default, 384. 
[28May2026 14:58:11.027] [Server thread/WARN] [net.minecraftforge.common.ForgeConfigSpec/CORE]: Incorrect key peripheral.modem_range_during_storm was corrected from null to its default, 64. 
[28May2026 14:58:11.027] [Server thread/WARN] [net.minecraftforge.common.ForgeConfigSpec/CORE]: Incorrect key peripheral.modem_high_altitude_range_during_storm was corrected from null to its default, 384. 
[28May2026 14:58:11.027] [Server thread/WARN] [net.minecraftforge.common.ForgeConfigSpec/CORE]: Incorrect key peripheral.max_notes_per_tick was corrected from null to its default, 8. 
[28May2026 14:58:11.027] [Server thread/WARN] [net.minecraftforge.common.ForgeConfigSpec/CORE]: Incorrect key peripheral.monitor_bandwidth was corrected from null to its default, 1000000. 
[28May2026 14:58:11.027] [Server thread/WARN] [net.minecraftforge.common.ForgeConfigSpec/CORE]: Incorrect key turtle was corrected from null to its default, SimpleCommentedConfig:{}. 
[28May2026 14:58:11.027] [Server thread/WARN] [net.minecraftforge.common.ForgeConfigSpec/CORE]: Incorrect key turtle.need_fuel was corrected from null to its default, true. 
[28May2026 14:58:11.027] [Server thread/WARN] [net.minecraftforge.common.ForgeConfigSpec/CORE]: Incorrect key turtle.normal_fuel_limit was corrected from null to its default, 20000. 
[28May2026 14:58:11.028] [Server thread/WARN] [net.minecraftforge.common.ForgeConfigSpec/CORE]: Incorrect key turtle.advanced_fuel_limit was corrected from null to its default, 100000. 
[28May2026 14:58:11.028] [Server thread/WARN] [net.minecraftforge.common.ForgeConfigSpec/CORE]: Incorrect key turtle.can_push was corrected from null to its default, true. 
[28May2026 14:58:11.028] [Server thread/WARN] [net.minecraftforge.common.ForgeConfigSpec/CORE]: Incorrect key term_sizes was corrected from null to its default, SimpleCommentedConfig:{}. 
[28May2026 14:58:11.028] [Server thread/WARN] [net.minecraftforge.common.ForgeConfigSpec/CORE]: Incorrect key term_sizes.computer was corrected from null to its default, SimpleCommentedConfig:{}. 
[28May2026 14:58:11.028] [Server thread/WARN] [net.minecraftforge.common.ForgeConfigSpec/CORE]: Incorrect key term_sizes.computer.width was corrected from null to its default, 51. 
[28May2026 14:58:11.028] [Server thread/WARN] [net.minecraftforge.common.ForgeConfigSpec/CORE]: Incorrect key term_sizes.computer.height was corrected from null to its default, 19. 
[28May2026 14:58:11.028] [Server thread/WARN] [net.minecraftforge.common.ForgeConfigSpec/CORE]: Incorrect key term_sizes.pocket_computer was corrected from null to its default, SimpleCommentedConfig:{}. 
[28May2026 14:58:11.028] [Server thread/WARN] [net.minecraftforge.common.ForgeConfigSpec/CORE]: Incorrect key term_sizes.pocket_computer.width was corrected from null to its default, 26. 
[28May2026 14:58:11.028] [Server thread/WARN] [net.minecraftforge.common.ForgeConfigSpec/CORE]: Incorrect key term_sizes.pocket_computer.height was corrected from null to its default, 20. 
[28May2026 14:58:11.028] [Server thread/WARN] [net.minecraftforge.common.ForgeConfigSpec/CORE]: Incorrect key term_sizes.monitor was corrected from null to its default, SimpleCommentedConfig:{}. 
[28May2026 14:58:11.028] [Server thread/WARN] [net.minecraftforge.common.ForgeConfigSpec/CORE]: Incorrect key term_sizes.monitor.width was corrected from null to its default, 8. 
[28May2026 14:58:11.028] [Server thread/WARN] [net.minecraftforge.common.ForgeConfigSpec/CORE]: Incorrect key term_sizes.monitor.height was corrected from null to its default, 6. 
[28May2026 14:58:11.060] [Server thread/WARN] [net.minecraftforge.common.ForgeConfigSpec/CORE]: Configuration file /home/bigh/.var/app/org.prismlauncher.PrismLauncher/data/PrismLauncher/instances/GregTech Community Pack Modern/minecraft/saves/New World/serverconfig/packagedexcrafting-server.toml is not correct. Correcting
[28May2026 14:58:11.060] [Server thread/WARN] [net.minecraftforge.common.ForgeConfigSpec/CORE]: Incorrect key basic_crafter was corrected from null to its default, SimpleCommentedConfig:{}. 
[28May2026 14:58:11.060] [Server thread/WARN] [net.minecraftforge.common.ForgeConfigSpec/CORE]: Incorrect key basic_crafter.energy_capacity was corrected from null to its default, 5000. 
[28May2026 14:58:11.060] [Server thread/WARN] [net.minecraftforge.common.ForgeConfigSpec/CORE]: Incorrect key basic_crafter.energy_req was corrected from null to its default, 500. 
[28May2026 14:58:11.060] [Server thread/WARN] [net.minecraftforge.common.ForgeConfigSpec/CORE]: Incorrect key basic_crafter.energy_usage was corrected from null to its default, 100. 
[28May2026 14:58:11.060] [Server thread/WARN] [net.minecraftforge.common.ForgeConfigSpec/CORE]: Incorrect key basic_crafter.draw_me_energy was corrected from null to its default, true. 
[28May2026 14:58:11.060] [Server thread/WARN] [net.minecraftforge.common.ForgeConfigSpec/CORE]: Incorrect key advanced_crafter was corrected from null to its default, SimpleCommentedConfig:{}. 
[28May2026 14:58:11.060] [Server thread/WARN] [net.minecraftforge.common.ForgeConfigSpec/CORE]: Incorrect key advanced_crafter.energy_capacity was corrected from null to its default, 5000. 
[28May2026 14:58:11.060] [Server thread/WARN] [net.minecraftforge.common.ForgeConfigSpec/CORE]: Incorrect key advanced_crafter.energy_req was corrected from null to its default, 1000. 
[28May2026 14:58:11.061] [Server thread/WARN] [net.minecraftforge.common.ForgeConfigSpec/CORE]: Incorrect key advanced_crafter.energy_usage was corrected from null to its default, 125. 
[28May2026 14:58:11.061] [Server thread/WARN] [net.minecraftforge.common.ForgeConfigSpec/CORE]: Incorrect key advanced_crafter.draw_me_energy was corrected from null to its default, true. 
[28May2026 14:58:11.061] [Server thread/WARN] [net.minecraftforge.common.ForgeConfigSpec/CORE]: Incorrect key elite_crafter was corrected from null to its default, SimpleCommentedConfig:{}. 
[28May2026 14:58:11.061] [Server thread/WARN] [net.minecraftforge.common.ForgeConfigSpec/CORE]: Incorrect key elite_crafter.energy_capacity was corrected from null to its default, 5000. 
[28May2026 14:58:11.061] [Server thread/WARN] [net.minecraftforge.common.ForgeConfigSpec/CORE]: Incorrect key elite_crafter.energy_req was corrected from null to its default, 2500. 
[28May2026 14:58:11.061] [Server thread/WARN] [net.minecraftforge.common.ForgeConfigSpec/CORE]: Incorrect key elite_crafter.energy_usage was corrected from null to its default, 250. 
[28May2026 14:58:11.061] [Server thread/WARN] [net.minecraftforge.common.ForgeConfigSpec/CORE]: Incorrect key elite_crafter.draw_me_energy was corrected from null to its default, true. 
[28May2026 14:58:11.061] [Server thread/WARN] [net.minecraftforge.common.ForgeConfigSpec/CORE]: Incorrect key ultimate_crafter was corrected from null to its default, SimpleCommentedConfig:{}. 
[28May2026 14:58:11.061] [Server thread/WARN] [net.minecraftforge.common.ForgeConfigSpec/CORE]: Incorrect key ultimate_crafter.energy_capacity was corrected from null to its default, 5000. 
[28May2026 14:58:11.061] [Server thread/WARN] [net.minecraftforge.common.ForgeConfigSpec/CORE]: Incorrect key ultimate_crafter.energy_req was corrected from null to its default, 5000. 
[28May2026 14:58:11.061] [Server thread/WARN] [net.minecraftforge.common.ForgeConfigSpec/CORE]: Incorrect key ultimate_crafter.energy_usage was corrected from null to its default, 500. 
[28May2026 14:58:11.061] [Server thread/WARN] [net.minecraftforge.common.ForgeConfigSpec/CORE]: Incorrect key ultimate_crafter.draw_me_energy was corrected from null to its default, true. 
[28May2026 14:58:11.061] [Server thread/WARN] [net.minecraftforge.common.ForgeConfigSpec/CORE]: Incorrect key ender_crafter was corrected from null to its default, SimpleCommentedConfig:{}. 
[28May2026 14:58:11.061] [Server thread/WARN] [net.minecraftforge.common.ForgeConfigSpec/CORE]: Incorrect key ender_crafter.energy_capacity was corrected from null to its default, 5000. 
[28May2026 14:58:11.061] [Server thread/WARN] [net.minecraftforge.common.ForgeConfigSpec/CORE]: Incorrect key ender_crafter.alternator_eff was corrected from null to its default, 0.02. 
[28May2026 14:58:11.061] [Server thread/WARN] [net.minecraftforge.common.ForgeConfigSpec/CORE]: Incorrect key ender_crafter.energy_req was corrected from null to its default, 500. 
[28May2026 14:58:11.061] [Server thread/WARN] [net.minecraftforge.common.ForgeConfigSpec/CORE]: Incorrect key ender_crafter.energy_usage was corrected from null to its default, 100. 
[28May2026 14:58:11.061] [Server thread/WARN] [net.minecraftforge.common.ForgeConfigSpec/CORE]: Incorrect key ender_crafter.draw_me_energy was corrected from null to its default, true. 
[28May2026 14:58:11.061] [Server thread/WARN] [net.minecraftforge.common.ForgeConfigSpec/CORE]: Incorrect key flux_crafter was corrected from null to its default, SimpleCommentedConfig:{}. 
[28May2026 14:58:11.061] [Server thread/WARN] [net.minecraftforge.common.ForgeConfigSpec/CORE]: Incorrect key flux_crafter.energy_capacity was corrected from null to its default, 5000. 
[28May2026 14:58:11.061] [Server thread/WARN] [net.minecraftforge.common.ForgeConfigSpec/CORE]: Incorrect key flux_crafter.energy_req was corrected from null to its default, 500. 
[28May2026 14:58:11.061] [Server thread/WARN] [net.minecraftforge.common.ForgeConfigSpec/CORE]: Incorrect key flux_crafter.energy_usage was corrected from null to its default, 100. 
[28May2026 14:58:11.061] [Server thread/WARN] [net.minecraftforge.common.ForgeConfigSpec/CORE]: Incorrect key flux_crafter.draw_me_energy was corrected from null to its default, false. 
[28May2026 14:58:11.061] [Server thread/WARN] [net.minecraftforge.common.ForgeConfigSpec/CORE]: Incorrect key flux_crafter.combination_crafter was corrected from null to its default, SimpleCommentedConfig:{}. 
[28May2026 14:58:11.061] [Server thread/WARN] [net.minecraftforge.common.ForgeConfigSpec/CORE]: Incorrect key flux_crafter.combination_crafter.energy_capacity was corrected from null to its default, 5000000. 
[28May2026 14:58:11.061] [Server thread/WARN] [net.minecraftforge.common.ForgeConfigSpec/CORE]: Incorrect key flux_crafter.combination_crafter.draw_me_energy was corrected from null to its default, false. 
[28May2026 14:58:11.062] [Server thread/WARN] [net.minecraftforge.common.ForgeConfigSpec/CORE]: Configuration file /home/bigh/.var/app/org.prismlauncher.PrismLauncher/data/PrismLauncher/instances/GregTech Community Pack Modern/minecraft/saves/New World/serverconfig/toolbelt-server.toml is not correct. Correcting
[28May2026 14:58:11.062] [Server thread/WARN] [net.minecraftforge.common.ForgeConfigSpec/CORE]: Incorrect key general was corrected from null to its default, SimpleCommentedConfig:{}. 
[28May2026 14:58:11.062] [Server thread/WARN] [net.minecraftforge.common.ForgeConfigSpec/CORE]: Incorrect key general.whitelist was corrected from null to its default, []. 
[28May2026 14:58:11.062] [Server thread/WARN] [net.minecraftforge.common.ForgeConfigSpec/CORE]: Incorrect key general.blacklist was corrected from null to its default, []. 
[28May2026 14:58:11.062] [Server thread/WARN] [net.minecraftforge.common.ForgeConfigSpec/CORE]: Incorrect key general.allowAllNonStackableItems was corrected from null to its default, true. 
[28May2026 14:58:11.063] [Server thread/WARN] [net.minecraftforge.common.ForgeConfigSpec/CORE]: Configuration file /home/bigh/.var/app/org.prismlauncher.PrismLauncher/data/PrismLauncher/instances/GregTech Community Pack Modern/minecraft/saves/New World/serverconfig/packagedauto-server.toml is not correct. Correcting
[28May2026 14:58:11.063] [Server thread/WARN] [net.minecraftforge.common.ForgeConfigSpec/CORE]: Incorrect key encoder was corrected from null to its default, SimpleCommentedConfig:{}. 
[28May2026 14:58:11.063] [Server thread/WARN] [net.minecraftforge.common.ForgeConfigSpec/CORE]: Incorrect key encoder.pattern_slots was corrected from null to its default, 20. 
[28May2026 14:58:11.063] [Server thread/WARN] [net.minecraftforge.common.ForgeConfigSpec/CORE]: Incorrect key encoder.disabled_recipe_types was corrected from null to its default, []. 
[28May2026 14:58:11.063] [Server thread/WARN] [net.minecraftforge.common.ForgeConfigSpec/CORE]: Incorrect key packager was corrected from null to its default, SimpleCommentedConfig:{}. 
[28May2026 14:58:11.063] [Server thread/WARN] [net.minecraftforge.common.ForgeConfigSpec/CORE]: Incorrect key packager.energy_capacity was corrected from null to its default, 5000. 
[28May2026 14:58:11.063] [Server thread/WARN] [net.minecraftforge.common.ForgeConfigSpec/CORE]: Incorrect key packager.energy_req was corrected from null to its default, 500. 
[28May2026 14:58:11.063] [Server thread/WARN] [net.minecraftforge.common.ForgeConfigSpec/CORE]: Incorrect key packager.energy_usage was corrected from null to its default, 100. 
[28May2026 14:58:11.063] [Server thread/WARN] [net.minecraftforge.common.ForgeConfigSpec/CORE]: Incorrect key packager.refresh_interval was corrected from null to its default, 4. 
[28May2026 14:58:11.063] [Server thread/WARN] [net.minecraftforge.common.ForgeConfigSpec/CORE]: Incorrect key packager.draw_me_energy was corrected from null to its default, true. 
[28May2026 14:58:11.063] [Server thread/WARN] [net.minecraftforge.common.ForgeConfigSpec/CORE]: Incorrect key packager_extension was corrected from null to its default, SimpleCommentedConfig:{}. 
[28May2026 14:58:11.063] [Server thread/WARN] [net.minecraftforge.common.ForgeConfigSpec/CORE]: Incorrect key packager_extension.energy_capacity was corrected from null to its default, 5000. 
[28May2026 14:58:11.063] [Server thread/WARN] [net.minecraftforge.common.ForgeConfigSpec/CORE]: Incorrect key packager_extension.energy_req was corrected from null to its default, 500. 
[28May2026 14:58:11.063] [Server thread/WARN] [net.minecraftforge.common.ForgeConfigSpec/CORE]: Incorrect key packager_extension.energy_usage was corrected from null to its default, 100. 
[28May2026 14:58:11.063] [Server thread/WARN] [net.minecraftforge.common.ForgeConfigSpec/CORE]: Incorrect key packager_extension.refresh_interval was corrected from null to its default, 4. 
[28May2026 14:58:11.063] [Server thread/WARN] [net.minecraftforge.common.ForgeConfigSpec/CORE]: Incorrect key packager_extension.draw_me_energy was corrected from null to its default, true. 
[28May2026 14:58:11.063] [Server thread/WARN] [net.minecraftforge.common.ForgeConfigSpec/CORE]: Incorrect key unpackager was corrected from null to its default, SimpleCommentedConfig:{}. 
[28May2026 14:58:11.063] [Server thread/WARN] [net.minecraftforge.common.ForgeConfigSpec/CORE]: Incorrect key unpackager.energy_capacity was corrected from null to its default, 5000. 
[28May2026 14:58:11.063] [Server thread/WARN] [net.minecraftforge.common.ForgeConfigSpec/CORE]: Incorrect key unpackager.energy_usage was corrected from null to its default, 50. 
[28May2026 14:58:11.063] [Server thread/WARN] [net.minecraftforge.common.ForgeConfigSpec/CORE]: Incorrect key unpackager.refresh_interval was corrected from null to its default, 4. 
[28May2026 14:58:11.063] [Server thread/WARN] [net.minecraftforge.common.ForgeConfigSpec/CORE]: Incorrect key unpackager.draw_me_energy was corrected from null to its default, true. 
[28May2026 14:58:11.063] [Server thread/WARN] [net.minecraftforge.common.ForgeConfigSpec/CORE]: Incorrect key distributor was corrected from null to its default, SimpleCommentedConfig:{}. 
[28May2026 14:58:11.063] [Server thread/WARN] [net.minecraftforge.common.ForgeConfigSpec/CORE]: Incorrect key distributor.range was corrected from null to its default, 16. 
[28May2026 14:58:11.063] [Server thread/WARN] [net.minecraftforge.common.ForgeConfigSpec/CORE]: Incorrect key distributor.refresh_interval was corrected from null to its default, 4. 
[28May2026 14:58:11.063] [Server thread/WARN] [net.minecraftforge.common.ForgeConfigSpec/CORE]: Incorrect key crafting_proxy was corrected from null to its default, SimpleCommentedConfig:{}. 
[28May2026 14:58:11.063] [Server thread/WARN] [net.minecraftforge.common.ForgeConfigSpec/CORE]: Incorrect key crafting_proxy.range was corrected from null to its default, 8. 
[28May2026 14:58:11.064] [Server thread/WARN] [net.minecraftforge.common.ForgeConfigSpec/CORE]: Incorrect key crafter was corrected from null to its default, SimpleCommentedConfig:{}. 
[28May2026 14:58:11.064] [Server thread/WARN] [net.minecraftforge.common.ForgeConfigSpec/CORE]: Incorrect key crafter.energy_capacity was corrected from null to its default, 5000. 
[28May2026 14:58:11.064] [Server thread/WARN] [net.minecraftforge.common.ForgeConfigSpec/CORE]: Incorrect key crafter.energy_req was corrected from null to its default, 500. 
[28May2026 14:58:11.064] [Server thread/WARN] [net.minecraftforge.common.ForgeConfigSpec/CORE]: Incorrect key crafter.energy_usage was corrected from null to its default, 100. 
[28May2026 14:58:11.064] [Server thread/WARN] [net.minecraftforge.common.ForgeConfigSpec/CORE]: Incorrect key crafter.refresh_interval was corrected from null to its default, 4. 
[28May2026 14:58:11.064] [Server thread/WARN] [net.minecraftforge.common.ForgeConfigSpec/CORE]: Incorrect key crafter.draw_me_energy was corrected from null to its default, true. 
[28May2026 14:58:11.064] [Server thread/WARN] [net.minecraftforge.common.ForgeConfigSpec/CORE]: Incorrect key fluid_package_filler was corrected from null to its default, SimpleCommentedConfig:{}. 
[28May2026 14:58:11.064] [Server thread/WARN] [net.minecraftforge.common.ForgeConfigSpec/CORE]: Incorrect key fluid_package_filler.energy_capacity was corrected from null to its default, 5000. 
[28May2026 14:58:11.064] [Server thread/WARN] [net.minecraftforge.common.ForgeConfigSpec/CORE]: Incorrect key fluid_package_filler.energy_req was corrected from null to its default, 500. 
[28May2026 14:58:11.064] [Server thread/WARN] [net.minecraftforge.common.ForgeConfigSpec/CORE]: Incorrect key fluid_package_filler.energy_usage was corrected from null to its default, 100. 
[28May2026 14:58:11.064] [Server thread/WARN] [net.minecraftforge.common.ForgeConfigSpec/CORE]: Incorrect key fluid_package_filler.refresh_interval was corrected from null to its default, 4. 
[28May2026 14:58:11.065] [Server thread/WARN] [net.minecraftforge.common.ForgeConfigSpec/CORE]: Configuration file /home/bigh/.var/app/org.prismlauncher.PrismLauncher/data/PrismLauncher/instances/GregTech Community Pack Modern/minecraft/saves/New World/serverconfig/framedblocks-server.toml is not correct. Correcting
[28May2026 14:58:11.065] [Server thread/WARN] [net.minecraftforge.common.ForgeConfigSpec/CORE]: Incorrect key general was corrected from null to its default, SimpleCommentedConfig:{}. 
[28May2026 14:58:11.065] [Server thread/WARN] [net.minecraftforge.common.ForgeConfigSpec/CORE]: Incorrect key general.allowBlockEntities was corrected from null to its default, false. 
[28May2026 14:58:11.065] [Server thread/WARN] [net.minecraftforge.common.ForgeConfigSpec/CORE]: Incorrect key general.enableIntangibleFeature was corrected from null to its default, false. 
[28May2026 14:58:11.065] [Server thread/WARN] [net.minecraftforge.common.ForgeConfigSpec/CORE]: Incorrect key general.intangibleMarkerItem was corrected from null to its default, minecraft:phantom_membrane. 
[28May2026 14:58:11.065] [Server thread/WARN] [net.minecraftforge.common.ForgeConfigSpec/CORE]: Incorrect key general.oneWayWindowOwnable was corrected from null to its default, true. 
[28May2026 14:58:11.065] [Server thread/WARN] [net.minecraftforge.common.ForgeConfigSpec/CORE]: Incorrect key general.consumeCamoItem was corrected from null to its default, true. 
[28May2026 14:58:11.065] [Server thread/WARN] [net.minecraftforge.common.ForgeConfigSpec/CORE]: Incorrect key general.glowstoneLightLevel was corrected from null to its default, 15. 
[28May2026 14:58:11.065] [Server thread/WARN] [net.minecraftforge.common.ForgeConfigSpec/CORE]: Configuration file /home/bigh/.var/app/org.prismlauncher.PrismLauncher/data/PrismLauncher/instances/GregTech Community Pack Modern/minecraft/saves/New World/serverconfig/createbigcannons-server.toml is not correct. Correcting
[28May2026 14:58:11.065] [Server thread/WARN] [net.minecraftforge.common.ForgeConfigSpec/CORE]: Incorrect key failure was corrected from null to its default, SimpleCommentedConfig:{}. 
[28May2026 14:58:11.065] [Server thread/WARN] [net.minecraftforge.common.ForgeConfigSpec/CORE]: Incorrect key failure.disableAllCannonFailure was corrected from null to its default, false. 
[28May2026 14:58:11.065] [Server thread/WARN] [net.minecraftforge.common.ForgeConfigSpec/CORE]: Incorrect key failure.squibChance was corrected from null to its default, 0.25. 
[28May2026 14:58:11.065] [Server thread/WARN] [net.minecraftforge.common.ForgeConfigSpec/CORE]: Incorrect key failure.barrelChargeBurstChance was corrected from null to its default, 0.20000000298023224. 
[28May2026 14:58:11.065] [Server thread/WARN] [net.minecraftforge.common.ForgeConfigSpec/CORE]: Incorrect key failure.failureExplosionPower was corrected from null to its default, 2.0. 
[28May2026 14:58:11.066] [Server thread/WARN] [net.minecraftforge.common.ForgeConfigSpec/CORE]: Incorrect key failure.overloadBurstChance was corrected from null to its default, 0.5. 
[28May2026 14:58:11.066] [Server thread/WARN] [net.minecraftforge.common.ForgeConfigSpec/CORE]: Incorrect key failure.interruptedIgnitionChance was corrected from null to its default, 0.33000001311302185. 
[28May2026 14:58:11.066] [Server thread/WARN] [net.minecraftforge.common.ForgeConfigSpec/CORE]: Incorrect key munitions was corrected from null to its default, SimpleCommentedConfig:{}. 
[28May2026 14:58:11.066] [Server thread/WARN] [net.minecraftforge.common.ForgeConfigSpec/CORE]: Incorrect key munitions.projectilesCanBounce was corrected from null to its default, true. 
[28May2026 14:58:11.066] [Server thread/WARN] [net.minecraftforge.common.ForgeConfigSpec/CORE]: Incorrect key munitions.baseProjectileBounceChance was corrected from null to its default, 0.33000001311302185. 
[28May2026 14:58:11.066] [Server thread/WARN] [net.minecraftforge.common.ForgeConfigSpec/CORE]: Incorrect key munitions.baseProjectileFluidBounceChance was corrected from null to its default, 0.8999999761581421. 
[28May2026 14:58:11.066] [Server thread/WARN] [net.minecraftforge.common.ForgeConfigSpec/CORE]: Incorrect key munitions.minimumVelocityForPenetrationBonus was corrected from null to its default, 1.0. 
[28May2026 14:58:11.066] [Server thread/WARN] [net.minecraftforge.common.ForgeConfigSpec/CORE]: Incorrect key munitions.penetrationBonusScale was corrected from null to its default, 0.10000000149011612. 
[28May2026 14:58:11.066] [Server thread/WARN] [net.minecraftforge.common.ForgeConfigSpec/CORE]: Incorrect key munitions.damageRestriction was corrected from null to its default, ALL_DAMAGE. 
[28May2026 14:58:11.066] [Server thread/WARN] [net.minecraftforge.common.ForgeConfigSpec/CORE]: Incorrect key munitions.projectilesChangeSurroundings was corrected from null to its default, true. 
[28May2026 14:58:11.066] [Server thread/WARN] [net.minecraftforge.common.ForgeConfigSpec/CORE]: Incorrect key munitions.munitionBlocksCanExplode was corrected from null to its default, true. 
[28May2026 14:58:11.066] [Server thread/WARN] [net.minecraftforge.common.ForgeConfigSpec/CORE]: Incorrect key munitions.dampBigCannonPropellant was corrected from null to its default, SimpleCommentedConfig:{}. 
[28May2026 14:58:11.066] [Server thread/WARN] [net.minecraftforge.common.ForgeConfigSpec/CORE]: Incorrect key munitions.dampBigCannonPropellant.dampPropellantBlocksStartingIgnition was corrected from null to its default, true. 
[28May2026 14:58:11.066] [Server thread/WARN] [net.minecraftforge.common.ForgeConfigSpec/CORE]: Incorrect key munitions.dampBigCannonPropellant.dampPropellantWeakensPropellant was corrected from null to its default, true. 
[28May2026 14:58:11.066] [Server thread/WARN] [net.minecraftforge.common.ForgeConfigSpec/CORE]: Incorrect key munitions.chunkloading was corrected from null to its default, SimpleCommentedConfig:{}. 
[28May2026 14:58:11.066] [Server thread/WARN] [net.minecraftforge.common.ForgeConfigSpec/CORE]: Incorrect key munitions.chunkloading.projectilesCanChunkload was corrected from null to its default, true. 
[28May2026 14:58:11.066] [Server thread/WARN] [net.minecraftforge.common.ForgeConfigSpec/CORE]: Incorrect key munitions.chunkloading.smokeCloudsCanChunkload was corrected from null to its default, true. 
[28May2026 14:58:11.066] [Server thread/WARN] [net.minecraftforge.common.ForgeConfigSpec/CORE]: Incorrect key munitions.bigCannonMunitions was corrected from null to its default, SimpleCommentedConfig:{}. 
[28May2026 14:58:11.066] [Server thread/WARN] [net.minecraftforge.common.ForgeConfigSpec/CORE]: Incorrect key munitions.bigCannonMunitions.trailType was corrected from null to its default, SHORT. 
[28May2026 14:58:11.066] [Server thread/WARN] [net.minecraftforge.common.ForgeConfigSpec/CORE]: Incorrect key munitions.bigCannonMunitions.allBigCannonProjectilesAreTracers was corrected from null to its default, false. 
[28May2026 14:58:11.066] [Server thread/WARN] [net.minecraftforge.common.ForgeConfigSpec/CORE]: Incorrect key munitions.bigCannonMunitions.quickFiringBreechItemPickupDelay was corrected from null to its default, 20. 
[28May2026 14:58:11.066] [Server thread/WARN] [net.minecraftforge.common.ForgeConfigSpec/CORE]: Incorrect key munitions.bigCannonMunitions.quickFiringBreechItemGoesToInventory was corrected from null to its default, false. 
[28May2026 14:58:11.066] [Server thread/WARN] [net.minecraftforge.common.ForgeConfigSpec/CORE]: Incorrect key munitions.fuzes was corrected from null to its default, SimpleCommentedConfig:{}. 
[28May2026 14:58:11.066] [Server thread/WARN] [net.minecraftforge.common.ForgeConfigSpec/CORE]: Incorrect key munitions.fuzes.impactFuzeDetonationChance was corrected from null to its default, 0.6700000166893005. 
[28May2026 14:58:11.066] [Server thread/WARN] [net.minecraftforge.common.ForgeConfigSpec/CORE]: Incorrect key munitions.fuzes.impactFuzeDurability was corrected from null to its default, 3. 
[28May2026 14:58:11.066] [Server thread/WARN] [net.minecraftforge.common.ForgeConfigSpec/CORE]: Incorrect key munitions.fuzes.inertiaFuzeDetonationChance was corrected from null to its default, 0.8999999761581421. 
[28May2026 14:58:11.066] [Server thread/WARN] [net.minecraftforge.common.ForgeConfigSpec/CORE]: Incorrect key munitions.fuzes.inertiaFuzeDurability was corrected from null to its default, 3. 
[28May2026 14:58:11.066] [Server thread/WARN] [net.minecraftforge.common.ForgeConfigSpec/CORE]: Incorrect key munitions.fuzes.proximityFuzeArmingTime was corrected from null to its default, 5. 
[28May2026 14:58:11.066] [Server thread/WARN] [net.minecraftforge.common.ForgeConfigSpec/CORE]: Incorrect key munitions.fuzes.proximityFuzeScale was corrected from null to its default, 5. 
[28May2026 14:58:11.066] [Server thread/WARN] [net.minecraftforge.common.ForgeConfigSpec/CORE]: Incorrect key munitions.fuzes.proximityFuzeSpacing was corrected from null to its default, 1.5. 
[28May2026 14:58:11.066] [Server thread/WARN] [net.minecraftforge.common.ForgeConfigSpec/CORE]: Incorrect key munitions.groupedMunitions was corrected from null to its default, SimpleCommentedConfig:{}. 
[28May2026 14:58:11.066] [Server thread/WARN] [net.minecraftforge.common.ForgeConfigSpec/CORE]: Incorrect key munitions.groupedMunitions.fluidBlobBlockEffectChance was corrected from null to its default, 0.5. 
[28May2026 14:58:11.066] [Server thread/WARN] [net.minecraftforge.common.ForgeConfigSpec/CORE]: Incorrect key munitions.autocannonMunitions was corrected from null to its default, SimpleCommentedConfig:{}. 
[28May2026 14:58:11.066] [Server thread/WARN] [net.minecraftforge.common.ForgeConfigSpec/CORE]: Incorrect key munitions.autocannonMunitions.trailType was corrected from null to its default, SHORT. 
[28May2026 14:58:11.066] [Server thread/WARN] [net.minecraftforge.common.ForgeConfigSpec/CORE]: Incorrect key munitions.autocannonMunitions.allAutocannonProjectilesAreTracers was corrected from null to its default, false. 
[28May2026 14:58:11.066] [Server thread/WARN] [net.minecraftforge.common.ForgeConfigSpec/CORE]: Incorrect key munitions.autocannonMunitions.autocannonAmmoContainerAutocannonRoundCapacity was corrected from null to its default, 16. 
[28May2026 14:58:11.066] [Server thread/WARN] [net.minecraftforge.common.ForgeConfigSpec/CORE]: Incorrect key munitions.autocannonMunitions.autocannonAmmoContainerMachineGunRoundCapacity was corrected from null to its default, 64. 
[28May2026 14:58:11.066] [Server thread/WARN] [net.minecraftforge.common.ForgeConfigSpec/CORE]: Incorrect key cannons was corrected from null to its default, SimpleCommentedConfig:{}. 
[28May2026 14:58:11.066] [Server thread/WARN] [net.minecraftforge.common.ForgeConfigSpec/CORE]: Incorrect key cannons.maxCannonLength was corrected from null to its default, 64. 
[28May2026 14:58:11.066] [Server thread/WARN] [net.minecraftforge.common.ForgeConfigSpec/CORE]: Incorrect key cannons.quickfiringBreechLoadingCooldown was corrected from null to its default, 40. 
[28May2026 14:58:11.066] [Server thread/WARN] [net.minecraftforge.common.ForgeConfigSpec/CORE]: Incorrect key cannons.quickfiringBreechOpeningCooldown was corrected from null to its default, 5. 
[28May2026 14:58:11.066] [Server thread/WARN] [net.minecraftforge.common.ForgeConfigSpec/CORE]: Incorrect key cannons.bigCannonRecoilScale was corrected from null to its default, 4.0. 
[28May2026 14:58:11.066] [Server thread/WARN] [net.minecraftforge.common.ForgeConfigSpec/CORE]: Incorrect key cannons.autocannonRecoilScale was corrected from null to its default, 0.5. 
[28May2026 14:58:11.067] [Server thread/WARN] [net.minecraftforge.common.ForgeConfigSpec/CORE]: Incorrect key cannons.dropMortar was corrected from null to its default, SimpleCommentedConfig:{}. 
[28May2026 14:58:11.067] [Server thread/WARN] [net.minecraftforge.common.ForgeConfigSpec/CORE]: Incorrect key cannons.dropMortar.dropMortarDelay was corrected from null to its default, 5. 
[28May2026 14:58:11.067] [Server thread/WARN] [net.minecraftforge.common.ForgeConfigSpec/CORE]: Incorrect key cannons.dropMortar.dropMortarItemCooldown was corrected from null to its default, 40. 
[28May2026 14:58:11.067] [Server thread/WARN] [net.minecraftforge.common.ForgeConfigSpec/CORE]: Incorrect key cannons.loadingTools was corrected from null to its default, SimpleCommentedConfig:{}. 
[28May2026 14:58:11.067] [Server thread/WARN] [net.minecraftforge.common.ForgeConfigSpec/CORE]: Incorrect key cannons.loadingTools.deployersCanUseLoadingTools was corrected from null to its default, false. 
[28May2026 14:58:11.067] [Server thread/WARN] [net.minecraftforge.common.ForgeConfigSpec/CORE]: Incorrect key cannons.loadingTools.ramRodReach was corrected from null to its default, 5. 
[28May2026 14:58:11.067] [Server thread/WARN] [net.minecraftforge.common.ForgeConfigSpec/CORE]: Incorrect key cannons.loadingTools.ramRodStrength was corrected from null to its default, 3. 
[28May2026 14:58:11.067] [Server thread/WARN] [net.minecraftforge.common.ForgeConfigSpec/CORE]: Incorrect key cannons.loadingTools.wormReach was corrected from null to its default, 5. 
[28May2026 14:58:11.067] [Server thread/WARN] [net.minecraftforge.common.ForgeConfigSpec/CORE]: Incorrect key cannons.loadingTools.loadingToolHungerConsumption was corrected from null to its default, 2.5. 
[28May2026 14:58:11.067] [Server thread/WARN] [net.minecraftforge.common.ForgeConfigSpec/CORE]: Incorrect key cannons.loadingTools.loadingToolCooldown was corrected from null to its default, 20. 
[28May2026 14:58:11.067] [Server thread/WARN] [net.minecraftforge.common.ForgeConfigSpec/CORE]: Incorrect key cannons.carriage was corrected from null to its default, SimpleCommentedConfig:{}. 
[28May2026 14:58:11.067] [Server thread/WARN] [net.minecraftforge.common.ForgeConfigSpec/CORE]: Incorrect key cannons.carriage.carriageSpeed was corrected from null to its default, 0.03999999910593033. 
[28May2026 14:58:11.067] [Server thread/WARN] [net.minecraftforge.common.ForgeConfigSpec/CORE]: Incorrect key cannons.carriage.carriageTurnRate was corrected from null to its default, 1.0. 
[28May2026 14:58:11.067] [Server thread/WARN] [net.minecraftforge.common.ForgeConfigSpec/CORE]: Incorrect key cannons.carriage.cannonWeightAffectsCarriageSpeed was corrected from null to its default, true. 
[28May2026 14:58:11.067] [Server thread/WARN] [net.minecraftforge.common.ForgeConfigSpec/CORE]: Incorrect key cannons.displayLink was corrected from null to its default, SimpleCommentedConfig:{}. 
[28May2026 14:58:11.067] [Server thread/WARN] [net.minecraftforge.common.ForgeConfigSpec/CORE]: Incorrect key cannons.displayLink.shouldDisplayCannonRotation was corrected from null to its default, true. 
[28May2026 14:58:11.067] [Server thread/WARN] [net.minecraftforge.common.ForgeConfigSpec/CORE]: Incorrect key cannons.displayLink.shouldDisplayContainedMunitions was corrected from null to its default, true. 
[28May2026 14:58:11.067] [Server thread/WARN] [net.minecraftforge.common.ForgeConfigSpec/CORE]: Incorrect key cannons.bigCannonScreenShake was corrected from null to its default, SimpleCommentedConfig:{}. 
[28May2026 14:58:11.067] [Server thread/WARN] [net.minecraftforge.common.ForgeConfigSpec/CORE]: Incorrect key cannons.bigCannonScreenShake.blastDistanceMultiplier was corrected from null to its default, 8.0. 
[28May2026 14:58:11.067] [Server thread/WARN] [net.minecraftforge.common.ForgeConfigSpec/CORE]: Incorrect key kinetics was corrected from null to its default, SimpleCommentedConfig:{}. 
[28May2026 14:58:11.067] [Server thread/WARN] [net.minecraftforge.common.ForgeConfigSpec/CORE]: Incorrect key kinetics.maxLoaderLength was corrected from null to its default, 64. 
[28May2026 14:58:11.067] [Server thread/WARN] [net.minecraftforge.common.ForgeConfigSpec/CORE]: Incorrect key kinetics.enableIntersectionLoading was corrected from null to its default, false. 
[28May2026 14:58:11.067] [Server thread/WARN] [net.minecraftforge.common.ForgeConfigSpec/CORE]: Incorrect key kinetics.stressValues was corrected from null to its default, SimpleCommentedConfig:{}. 
[28May2026 14:58:11.067] [Server thread/WARN] [net.minecraftforge.common.ForgeConfigSpec/CORE]: Incorrect key kinetics.stressValues.v2 was corrected from null to its default, SimpleCommentedConfig:{}. 
[28May2026 14:58:11.067] [Server thread/WARN] [net.minecraftforge.common.ForgeConfigSpec/CORE]: Incorrect key kinetics.stressValues.v2.impact was corrected from null to its default, SimpleCommentedConfig:{}. 
[28May2026 14:58:11.067] [Server thread/WARN] [net.minecraftforge.common.ForgeConfigSpec/CORE]: Incorrect key kinetics.stressValues.v2.impact.steel_sliding_breech was corrected from null to its default, 32.0. 
[28May2026 14:58:11.067] [Server thread/WARN] [net.minecraftforge.common.ForgeConfigSpec/CORE]: Incorrect key kinetics.stressValues.v2.impact.cannon_drill was corrected from null to its default, 8.0. 
[28May2026 14:58:11.067] [Server thread/WARN] [net.minecraftforge.common.ForgeConfigSpec/CORE]: Incorrect key kinetics.stressValues.v2.impact.nethersteel_screw_breech was corrected from null to its default, 40.0. 
[28May2026 14:58:11.067] [Server thread/WARN] [net.minecraftforge.common.ForgeConfigSpec/CORE]: Incorrect key kinetics.stressValues.v2.impact.steel_screw_breech was corrected from null to its default, 16.0. 
[28May2026 14:58:11.067] [Server thread/WARN] [net.minecraftforge.common.ForgeConfigSpec/CORE]: Incorrect key kinetics.stressValues.v2.impact.bronze_sliding_breech was corrected from null to its default, 12.0. 
[28May2026 14:58:11.067] [Server thread/WARN] [net.minecraftforge.common.ForgeConfigSpec/CORE]: Incorrect key kinetics.stressValues.v2.impact.cannon_loader was corrected from null to its default, 4.0. 
[28May2026 14:58:11.067] [Server thread/WARN] [net.minecraftforge.common.ForgeConfigSpec/CORE]: Incorrect key kinetics.stressValues.v2.impact.cannon_builder was corrected from null to its default, 8.0. 
[28May2026 14:58:11.067] [Server thread/WARN] [net.minecraftforge.common.ForgeConfigSpec/CORE]: Incorrect key kinetics.stressValues.v2.impact.cast_iron_sliding_breech was corrected from null to its default, 16.0. 
[28May2026 14:58:11.068] [Server thread/WARN] [net.minecraftforge.common.ForgeConfigSpec/CORE]: Incorrect key crafting was corrected from null to its default, SimpleCommentedConfig:{}. 
[28May2026 14:58:11.068] [Server thread/WARN] [net.minecraftforge.common.ForgeConfigSpec/CORE]: Incorrect key crafting.maxCannonCastHeight was corrected from null to its default, 32. 
[28May2026 14:58:11.068] [Server thread/WARN] [net.minecraftforge.common.ForgeConfigSpec/CORE]: Incorrect key crafting.maxCannonDrillLength was corrected from null to its default, 32. 
[28May2026 14:58:11.068] [Server thread/WARN] [net.minecraftforge.common.ForgeConfigSpec/CORE]: Incorrect key crafting.maxCannonBuilderLength was corrected from null to its default, 32. 
[28May2026 14:58:11.068] [Server thread/WARN] [net.minecraftforge.common.ForgeConfigSpec/CORE]: Incorrect key crafting.maxCannonBuilderRange was corrected from null to its default, 32. 
[28May2026 14:58:11.068] [Server thread/WARN] [net.minecraftforge.common.ForgeConfigSpec/CORE]: Incorrect key crafting.builtUpCannonHeatingTime was corrected from null to its default, 6000. 
[28May2026 14:58:11.068] [Server thread/WARN] [net.minecraftforge.common.ForgeConfigSpec/CORE]: Configuration file /home/bigh/.var/app/org.prismlauncher.PrismLauncher/data/PrismLauncher/instances/GregTech Community Pack Modern/minecraft/saves/New World/serverconfig/solcarrot-server.toml is not correct. Correcting
[28May2026 14:58:11.068] [Server thread/WARN] [net.minecraftforge.common.ForgeConfigSpec/CORE]: Incorrect key milestones was corrected from null to its default, SimpleCommentedConfig:{}. 
[28May2026 14:58:11.068] [Server thread/WARN] [net.minecraftforge.common.ForgeConfigSpec/CORE]: Incorrect key milestones.baseHearts was corrected from null to its default, 10. 
[28May2026 14:58:11.068] [Server thread/WARN] [net.minecraftforge.common.ForgeConfigSpec/CORE]: Incorrect key milestones.heartsPerMilestone was corrected from null to its default, 2. 
[28May2026 14:58:11.069] [Server thread/WARN] [net.minecraftforge.common.ForgeConfigSpec/CORE]: Incorrect key milestones.milestones was corrected from null to its default, [5, 10, 15, 20, 25]. 
[28May2026 14:58:11.069] [Server thread/WARN] [net.minecraftforge.common.ForgeConfigSpec/CORE]: Incorrect key filtering was corrected from null to its default, SimpleCommentedConfig:{}. 
[28May2026 14:58:11.069] [Server thread/WARN] [net.minecraftforge.common.ForgeConfigSpec/CORE]: Incorrect key filtering.blacklist was corrected from null to its default, []. 
[28May2026 14:58:11.069] [Server thread/WARN] [net.minecraftforge.common.ForgeConfigSpec/CORE]: Incorrect key filtering.whitelist was corrected from null to its default, []. 
[28May2026 14:58:11.069] [Server thread/WARN] [net.minecraftforge.common.ForgeConfigSpec/CORE]: Incorrect key filtering.minimumFoodValue was corrected from null to its default, 1. 
[28May2026 14:58:11.069] [Server thread/WARN] [net.minecraftforge.common.ForgeConfigSpec/CORE]: Incorrect key miscellaneous was corrected from null to its default, SimpleCommentedConfig:{}. 
[28May2026 14:58:11.069] [Server thread/WARN] [net.minecraftforge.common.ForgeConfigSpec/CORE]: Incorrect key miscellaneous.resetOnDeath was corrected from null to its default, false. 
[28May2026 14:58:11.069] [Server thread/WARN] [net.minecraftforge.common.ForgeConfigSpec/CORE]: Incorrect key miscellaneous.limitProgressionToSurvival was corrected from null to its default, false. 
[28May2026 14:58:11.070] [Server thread/WARN] [net.minecraftforge.common.ForgeConfigSpec/CORE]: Configuration file /home/bigh/.var/app/org.prismlauncher.PrismLauncher/data/PrismLauncher/instances/GregTech Community Pack Modern/minecraft/saves/New World/serverconfig/create_enchantment_industry-server.toml is not correct. Correcting
[28May2026 14:58:11.070] [Server thread/WARN] [net.minecraftforge.common.ForgeConfigSpec/CORE]: Incorrect key disenchanterTankCapacity was corrected from null to its default, 1000. 
[28May2026 14:58:11.070] [Server thread/WARN] [net.minecraftforge.common.ForgeConfigSpec/CORE]: Incorrect key copierTankCapacity was corrected from null to its default, 4000. 
[28May2026 14:58:11.070] [Server thread/WARN] [net.minecraftforge.common.ForgeConfigSpec/CORE]: Incorrect key blazeEnchanterTankCapacity was corrected from null to its default, 2000. 
[28May2026 14:58:11.070] [Server thread/WARN] [net.minecraftforge.common.ForgeConfigSpec/CORE]: Incorrect key maxHyperEnchantingLevelExtension was corrected from null to its default, 2. 
[28May2026 14:58:11.070] [Server thread/WARN] [net.minecraftforge.common.ForgeConfigSpec/CORE]: Incorrect key deployerXpDropChance was corrected from null to its default, 1.0. 
[28May2026 14:58:11.070] [Server thread/WARN] [net.minecraftforge.common.ForgeConfigSpec/CORE]: Incorrect key enableHyperEnchant was corrected from null to its default, true. 
[28May2026 14:58:11.070] [Server thread/WARN] [net.minecraftforge.common.ForgeConfigSpec/CORE]: Incorrect key enchantByBlazeEnchanterCostCoefficient was corrected from null to its default, 1.0. 
[28May2026 14:58:11.070] [Server thread/WARN] [net.minecraftforge.common.ForgeConfigSpec/CORE]: Incorrect key hyperEnchantByBlazeEnchanterCostCoefficient was corrected from null to its default, 1.0. 
[28May2026 14:58:11.070] [Server thread/WARN] [net.minecraftforge.common.ForgeConfigSpec/CORE]: Incorrect key copyEnchantedBookCostCoefficient was corrected from null to its default, 1.0. 
[28May2026 14:58:11.071] [Server thread/WARN] [net.minecraftforge.common.ForgeConfigSpec/CORE]: Incorrect key copyEnchantedBookWithHyperExperienceCostCoefficient was corrected from null to its default, 1.0. 
[28May2026 14:58:11.071] [Server thread/WARN] [net.minecraftforge.common.ForgeConfigSpec/CORE]: Incorrect key copyWrittenBookCostPerPage was corrected from null to its default, 5. 
[28May2026 14:58:11.071] [Server thread/WARN] [net.minecraftforge.common.ForgeConfigSpec/CORE]: Incorrect key copyNameTagCost was corrected from null to its default, 7. 
[28May2026 14:58:11.071] [Server thread/WARN] [net.minecraftforge.common.ForgeConfigSpec/CORE]: Incorrect key copyTrainScheduleCost was corrected from null to its default, 10. 
[28May2026 14:58:11.071] [Server thread/WARN] [net.minecraftforge.common.ForgeConfigSpec/CORE]: Incorrect key copyClipboardCost was corrected from null to its default, 10. 
[28May2026 14:58:11.071] [Server thread/WARN] [net.minecraftforge.common.ForgeConfigSpec/CORE]: Incorrect key crushingWheelDropExpRate was corrected from null to its default, 0.30000001192092896. 
[28May2026 14:58:11.071] [Server thread/WARN] [net.minecraftforge.common.ForgeConfigSpec/CORE]: Incorrect key crushingWheelDropExpScale was corrected from null to its default, 0.3400000035762787. 
[28May2026 14:58:11.071] [Server thread/WARN] [net.minecraftforge.common.ForgeConfigSpec/CORE]: Incorrect key copyingWrittenBookAlwaysGetOriginalVersion was corrected from null to its default, true. 
[28May2026 14:58:11.072] [Server thread/WARN] [net.minecraftforge.common.ForgeConfigSpec/CORE]: Configuration file /home/bigh/.var/app/org.prismlauncher.PrismLauncher/data/PrismLauncher/instances/GregTech Community Pack Modern/minecraft/saves/New World/serverconfig/railways-server.toml is not correct. Correcting
[28May2026 14:58:11.072] [Server thread/WARN] [net.minecraftforge.common.ForgeConfigSpec/CORE]: Incorrect key misc was corrected from null to its default, SimpleCommentedConfig:{}. 
[28May2026 14:58:11.072] [Server thread/WARN] [net.minecraftforge.common.ForgeConfigSpec/CORE]: Incorrect key misc.strictCoupler was corrected from null to its default, false. 
[28May2026 14:58:11.072] [Server thread/WARN] [net.minecraftforge.common.ForgeConfigSpec/CORE]: Incorrect key misc.flipDistantSwitches was corrected from null to its default, true. 
[28May2026 14:58:11.072] [Server thread/WARN] [net.minecraftforge.common.ForgeConfigSpec/CORE]: Incorrect key misc.switchPlacementRange was corrected from null to its default, 64. 
[28May2026 14:58:11.072] [Server thread/WARN] [net.minecraftforge.common.ForgeConfigSpec/CORE]: Incorrect key misc.creeperTrackDamage was corrected from null to its default, false. 
[28May2026 14:58:11.072] [Server thread/WARN] [net.minecraftforge.common.ForgeConfigSpec/CORE]: Incorrect key misc.handcarHungerMultiplier was corrected from null to its default, 0.009999999776482582. 
[28May2026 14:58:11.072] [Server thread/WARN] [net.minecraftforge.common.ForgeConfigSpec/CORE]: Incorrect key misc.rollersClearSnow was corrected from null to its default, true. 
[28May2026 14:58:11.072] [Server thread/WARN] [net.minecraftforge.common.ForgeConfigSpec/CORE]: Incorrect key misc.unlimitedCreativeRelocation was corrected from null to its default, false. 
[28May2026 14:58:11.072] [Server thread/WARN] [net.minecraftforge.common.ForgeConfigSpec/CORE]: Incorrect key semaphores was corrected from null to its default, SimpleCommentedConfig:{}. 
[28May2026 14:58:11.072] [Server thread/WARN] [net.minecraftforge.common.ForgeConfigSpec/CORE]: Incorrect key semaphores.simplifiedPlacement was corrected from null to its default, true. 
[28May2026 14:58:11.072] [Server thread/WARN] [net.minecraftforge.common.ForgeConfigSpec/CORE]: Incorrect key semaphores.flipYellowOrder was corrected from null to its default, false. 
[28May2026 14:58:11.072] [Server thread/WARN] [net.minecraftforge.common.ForgeConfigSpec/CORE]: Incorrect key conductors was corrected from null to its default, SimpleCommentedConfig:{}. 
[28May2026 14:58:11.072] [Server thread/WARN] [net.minecraftforge.common.ForgeConfigSpec/CORE]: Incorrect key conductors.mustOwnBoundTrain was corrected from null to its default, false. 
[28May2026 14:58:11.072] [Server thread/WARN] [net.minecraftforge.common.ForgeConfigSpec/CORE]: Incorrect key conductors.maxConductorVentLength was corrected from null to its default, 64. 
[28May2026 14:58:11.072] [Server thread/WARN] [net.minecraftforge.common.ForgeConfigSpec/CORE]: Incorrect key conductors.whistleRebindRate was corrected from null to its default, 10. 
[28May2026 14:58:11.072] [Server thread/WARN] [net.minecraftforge.common.ForgeConfigSpec/CORE]: Incorrect key realism was corrected from null to its default, SimpleCommentedConfig:{}. 
[28May2026 14:58:11.072] [Server thread/WARN] [net.minecraftforge.common.ForgeConfigSpec/CORE]: Incorrect key realism.realisticTrains was corrected from null to its default, false. 
[28May2026 14:58:11.072] [Server thread/WARN] [net.minecraftforge.common.ForgeConfigSpec/CORE]: Incorrect key realism.realisticFuelTanks was corrected from null to its default, true. 
[28May2026 14:58:11.073] [Server thread/WARN] [net.minecraftforge.common.ForgeConfigSpec/CORE]: Configuration file /home/bigh/.var/app/org.prismlauncher.PrismLauncher/data/PrismLauncher/instances/GregTech Community Pack Modern/minecraft/saves/New World/serverconfig/create-server.toml is not correct. Correcting
[28May2026 14:58:11.073] [Server thread/WARN] [net.minecraftforge.common.ForgeConfigSpec/CORE]: Incorrect key infrastructure was corrected from null to its default, SimpleCommentedConfig:{}. 
[28May2026 14:58:11.073] [Server thread/WARN] [net.minecraftforge.common.ForgeConfigSpec/CORE]: Incorrect key infrastructure.tickrateSyncTimer was corrected from null to its default, 20. 
[28May2026 14:58:11.073] [Server thread/WARN] [net.minecraftforge.common.ForgeConfigSpec/CORE]: Incorrect key recipes was corrected from null to its default, SimpleCommentedConfig:{}. 
[28May2026 14:58:11.073] [Server thread/WARN] [net.minecraftforge.common.ForgeConfigSpec/CORE]: Incorrect key recipes.bulkPressing was corrected from null to its default, false. 
[28May2026 14:58:11.073] [Server thread/WARN] [net.minecraftforge.common.ForgeConfigSpec/CORE]: Incorrect key recipes.bulkCutting was corrected from null to its default, false. 
[28May2026 14:58:11.073] [Server thread/WARN] [net.minecraftforge.common.ForgeConfigSpec/CORE]: Incorrect key recipes.allowBrewingInMixer was corrected from null to its default, true. 
[28May2026 14:58:11.073] [Server thread/WARN] [net.minecraftforge.common.ForgeConfigSpec/CORE]: Incorrect key recipes.allowShapelessInMixer was corrected from null to its default, true. 
[28May2026 14:58:11.073] [Server thread/WARN] [net.minecraftforge.common.ForgeConfigSpec/CORE]: Incorrect key recipes.allowShapedSquareInPress was corrected from null to its default, true. 
[28May2026 14:58:11.073] [Server thread/WARN] [net.minecraftforge.common.ForgeConfigSpec/CORE]: Incorrect key recipes.allowRegularCraftingInCrafter was corrected from null to its default, true. 
[28May2026 14:58:11.073] [Server thread/WARN] [net.minecraftforge.common.ForgeConfigSpec/CORE]: Incorrect key recipes.maxFireworkIngredientsInCrafter was corrected from null to its default, 9. 
[28May2026 14:58:11.073] [Server thread/WARN] [net.minecraftforge.common.ForgeConfigSpec/CORE]: Incorrect key recipes.allowStonecuttingOnSaw was corrected from null to its default, true. 
[28May2026 14:58:11.073] [Server thread/WARN] [net.minecraftforge.common.ForgeConfigSpec/CORE]: Incorrect key recipes.allowCastingBySpout was corrected from null to its default, true. 
[28May2026 14:58:11.073] [Server thread/WARN] [net.minecraftforge.common.ForgeConfigSpec/CORE]: Incorrect key recipes.displayLogStrippingRecipes was corrected from null to its default, true. 
[28May2026 14:58:11.073] [Server thread/WARN] [net.minecraftforge.common.ForgeConfigSpec/CORE]: Incorrect key recipes.lightSourceCountForRefinedRadiance was corrected from null to its default, 10. 
[28May2026 14:58:11.073] [Server thread/WARN] [net.minecraftforge.common.ForgeConfigSpec/CORE]: Incorrect key recipes.enableRefinedRadianceRecipe was corrected from null to its default, true. 
[28May2026 14:58:11.073] [Server thread/WARN] [net.minecraftforge.common.ForgeConfigSpec/CORE]: Incorrect key recipes.enableShadowSteelRecipe was corrected from null to its default, true. 
[28May2026 14:58:11.073] [Server thread/WARN] [net.minecraftforge.common.ForgeConfigSpec/CORE]: Incorrect key kinetics was corrected from null to its default, SimpleCommentedConfig:{}. 
[28May2026 14:58:11.073] [Server thread/WARN] [net.minecraftforge.common.ForgeConfigSpec/CORE]: Incorrect key kinetics.disableStress was corrected from null to its default, false. 
[28May2026 14:58:11.073] [Server thread/WARN] [net.minecraftforge.common.ForgeConfigSpec/CORE]: Incorrect key kinetics.maxBeltLength was corrected from null to its default, 20. 
[28May2026 14:58:11.073] [Server thread/WARN] [net.minecraftforge.common.ForgeConfigSpec/CORE]: Incorrect key kinetics.maxChainConveyorLength was corrected from null to its default, 32. 
[28May2026 14:58:11.073] [Server thread/WARN] [net.minecraftforge.common.ForgeConfigSpec/CORE]: Incorrect key kinetics.maxChainConveyorConnections was corrected from null to its default, 4. 
[28May2026 14:58:11.073] [Server thread/WARN] [net.minecraftforge.common.ForgeConfigSpec/CORE]: Incorrect key kinetics.crushingDamage was corrected from null to its default, 4. 
[28May2026 14:58:11.073] [Server thread/WARN] [net.minecraftforge.common.ForgeConfigSpec/CORE]: Incorrect key kinetics.maxRotationSpeed was corrected from null to its default, 256. 
[28May2026 14:58:11.073] [Server thread/WARN] [net.minecraftforge.common.ForgeConfigSpec/CORE]: Incorrect key kinetics.ignoreDeployerAttacks was corrected from null to its default, CREEPERS. 
[28May2026 14:58:11.073] [Server thread/WARN] [net.minecraftforge.common.ForgeConfigSpec/CORE]: Incorrect key kinetics.kineticValidationFrequency was corrected from null to its default, 60. 
[28May2026 14:58:11.073] [Server thread/WARN] [net.minecraftforge.common.ForgeConfigSpec/CORE]: Incorrect key kinetics.crankHungerMultiplier was corrected from null to its default, 0.009999999776482582. 
[28May2026 14:58:11.073] [Server thread/WARN] [net.minecraftforge.common.ForgeConfigSpec/CORE]: Incorrect key kinetics.minimumWindmillSails was corrected from null to its default, 8. 
[28May2026 14:58:11.073] [Server thread/WARN] [net.minecraftforge.common.ForgeConfigSpec/CORE]: Incorrect key kinetics.windmillSailsPerRPM was corrected from null to its default, 8. 
[28May2026 14:58:11.073] [Server thread/WARN] [net.minecraftforge.common.ForgeConfigSpec/CORE]: Incorrect key kinetics.maxEjectorDistance was corrected from null to its default, 32. 
[28May2026 14:58:11.073] [Server thread/WARN] [net.minecraftforge.common.ForgeConfigSpec/CORE]: Incorrect key kinetics.ejectorScanInterval was corrected from null to its default, 120. 
[28May2026 14:58:11.073] [Server thread/WARN] [net.minecraftforge.common.ForgeConfigSpec/CORE]: Incorrect key kinetics.encasedFan was corrected from null to its default, SimpleCommentedConfig:{}. 
[28May2026 14:58:11.073] [Server thread/WARN] [net.minecraftforge.common.ForgeConfigSpec/CORE]: Incorrect key kinetics.encasedFan.fanPushDistance was corrected from null to its default, 20. 
[28May2026 14:58:11.073] [Server thread/WARN] [net.minecraftforge.common.ForgeConfigSpec/CORE]: Incorrect key kinetics.encasedFan.fanPullDistance was corrected from null to its default, 20. 
[28May2026 14:58:11.073] [Server thread/WARN] [net.minecraftforge.common.ForgeConfigSpec/CORE]: Incorrect key kinetics.encasedFan.fanBlockCheckRate was corrected from null to its default, 30. 
[28May2026 14:58:11.073] [Server thread/WARN] [net.minecraftforge.common.ForgeConfigSpec/CORE]: Incorrect key kinetics.encasedFan.fanRotationArgmax was corrected from null to its default, 256. 
[28May2026 14:58:11.073] [Server thread/WARN] [net.minecraftforge.common.ForgeConfigSpec/CORE]: Incorrect key kinetics.encasedFan.fanProcessingTime was corrected from null to its default, 150. 
[28May2026 14:58:11.073] [Server thread/WARN] [net.minecraftforge.common.ForgeConfigSpec/CORE]: Incorrect key kinetics.contraptions was corrected from null to its default, SimpleCommentedConfig:{}. 
[28May2026 14:58:11.073] [Server thread/WARN] [net.minecraftforge.common.ForgeConfigSpec/CORE]: Incorrect key kinetics.contraptions.maxBlocksMoved was corrected from null to its default, 2048. 
[28May2026 14:58:11.073] [Server thread/WARN] [net.minecraftforge.common.ForgeConfigSpec/CORE]: Incorrect key kinetics.contraptions.maxChassisRange was corrected from null to its default, 16. 
[28May2026 14:58:11.073] [Server thread/WARN] [net.minecraftforge.common.ForgeConfigSpec/CORE]: Incorrect key kinetics.contraptions.maxPistonPoles was corrected from null to its default, 64. 
[28May2026 14:58:11.073] [Server thread/WARN] [net.minecraftforge.common.ForgeConfigSpec/CORE]: Incorrect key kinetics.contraptions.maxRopeLength was corrected from null to its default, 384. 
[28May2026 14:58:11.073] [Server thread/WARN] [net.minecraftforge.common.ForgeConfigSpec/CORE]: Incorrect key kinetics.contraptions.maxCartCouplingLength was corrected from null to its default, 32. 
[28May2026 14:58:11.073] [Server thread/WARN] [net.minecraftforge.common.ForgeConfigSpec/CORE]: Incorrect key kinetics.contraptions.rollerFillDepth was corrected from null to its default, 12. 
[28May2026 14:58:11.073] [Server thread/WARN] [net.minecraftforge.common.ForgeConfigSpec/CORE]: Incorrect key kinetics.contraptions.survivalContraptionPickup was corrected from null to its default, true. 
[28May2026 14:58:11.074] [Server thread/WARN] [net.minecraftforge.common.ForgeConfigSpec/CORE]: Incorrect key kinetics.contraptions.movableSpawners was corrected from null to its default, NO_PICKUP. 
[28May2026 14:58:11.074] [Server thread/WARN] [net.minecraftforge.common.ForgeConfigSpec/CORE]: Incorrect key kinetics.contraptions.amethystMovement was corrected from null to its default, NO_PICKUP. 
[28May2026 14:58:11.074] [Server thread/WARN] [net.minecraftforge.common.ForgeConfigSpec/CORE]: Incorrect key kinetics.contraptions.movableObsidian was corrected from null to its default, UNMOVABLE. 
[28May2026 14:58:11.074] [Server thread/WARN] [net.minecraftforge.common.ForgeConfigSpec/CORE]: Incorrect key kinetics.contraptions.movableReinforcedDeepslate was corrected from null to its default, UNMOVABLE. 
[28May2026 14:58:11.074] [Server thread/WARN] [net.minecraftforge.common.ForgeConfigSpec/CORE]: Incorrect key kinetics.contraptions.moveItemsToStorage was corrected from null to its default, true. 
[28May2026 14:58:11.074] [Server thread/WARN] [net.minecraftforge.common.ForgeConfigSpec/CORE]: Incorrect key kinetics.contraptions.harvestPartiallyGrown was corrected from null to its default, false. 
[28May2026 14:58:11.074] [Server thread/WARN] [net.minecraftforge.common.ForgeConfigSpec/CORE]: Incorrect key kinetics.contraptions.harvesterReplants was corrected from null to its default, true. 
[28May2026 14:58:11.074] [Server thread/WARN] [net.minecraftforge.common.ForgeConfigSpec/CORE]: Incorrect key kinetics.contraptions.minecartContraptionInContainers was corrected from null to its default, false. 
[28May2026 14:58:11.074] [Server thread/WARN] [net.minecraftforge.common.ForgeConfigSpec/CORE]: Incorrect key kinetics.contraptions.stabiliseStableContraptions was corrected from null to its default, false. 
[28May2026 14:58:11.074] [Server thread/WARN] [net.minecraftforge.common.ForgeConfigSpec/CORE]: Incorrect key kinetics.contraptions.syncPlayerPickupHitboxWithContraptionHitbox was corrected from null to its default, false. 
[28May2026 14:58:11.074] [Server thread/WARN] [net.minecraftforge.common.ForgeConfigSpec/CORE]: Incorrect key kinetics.contraptions.noDropWhenContraptionReplaceBlocks was corrected from null to its default, false. 
[28May2026 14:58:11.074] [Server thread/WARN] [net.minecraftforge.common.ForgeConfigSpec/CORE]: Incorrect key kinetics.stats was corrected from null to its default, SimpleCommentedConfig:{}. 
[28May2026 14:58:11.074] [Server thread/WARN] [net.minecraftforge.common.ForgeConfigSpec/CORE]: Incorrect key kinetics.stats.mediumSpeed was corrected from null to its default, 30.0. 
[28May2026 14:58:11.074] [Server thread/WARN] [net.minecraftforge.common.ForgeConfigSpec/CORE]: Incorrect key kinetics.stats.fastSpeed was corrected from null to its default, 100.0. 
[28May2026 14:58:11.074] [Server thread/WARN] [net.minecraftforge.common.ForgeConfigSpec/CORE]: Incorrect key kinetics.stats.mediumStressImpact was corrected from null to its default, 4.0. 
[28May2026 14:58:11.074] [Server thread/WARN] [net.minecraftforge.common.ForgeConfigSpec/CORE]: Incorrect key kinetics.stats.highStressImpact was corrected from null to its default, 8.0. 
[28May2026 14:58:11.074] [Server thread/WARN] [net.minecraftforge.common.ForgeConfigSpec/CORE]: Incorrect key kinetics.stats.mediumCapacity was corrected from null to its default, 256.0. 
[28May2026 14:58:11.074] [Server thread/WARN] [net.minecraftforge.common.ForgeConfigSpec/CORE]: Incorrect key kinetics.stats.highCapacity was corrected from null to its default, 1024.0. 
[28May2026 14:58:11.074] [Server thread/WARN] [net.minecraftforge.common.ForgeConfigSpec/CORE]: Incorrect key kinetics.stressValues was corrected from null to its default, SimpleCommentedConfig:{}. 
[28May2026 14:58:11.074] [Server thread/WARN] [net.minecraftforge.common.ForgeConfigSpec/CORE]: Incorrect key kinetics.stressValues.v2 was corrected from null to its default, SimpleCommentedConfig:{}. 
[28May2026 14:58:11.074] [Server thread/WARN] [net.minecraftforge.common.ForgeConfigSpec/CORE]: Incorrect key kinetics.stressValues.v2.impact was corrected from null to its default, SimpleCommentedConfig:{}. 
[28May2026 14:58:11.074] [Server thread/WARN] [net.minecraftforge.common.ForgeConfigSpec/CORE]: Incorrect key kinetics.stressValues.v2.impact.brass_encased_shaft was corrected from null to its default, 0.0. 
[28May2026 14:58:11.074] [Server thread/WARN] [net.minecraftforge.common.ForgeConfigSpec/CORE]: Incorrect key kinetics.stressValues.v2.impact.turntable was corrected from null to its default, 4.0. 
[28May2026 14:58:11.074] [Server thread/WARN] [net.minecraftforge.common.ForgeConfigSpec/CORE]: Incorrect key kinetics.stressValues.v2.impact.clutch was corrected from null to its default, 0.0. 
[28May2026 14:58:11.074] [Server thread/WARN] [net.minecraftforge.common.ForgeConfigSpec/CORE]: Incorrect key kinetics.stressValues.v2.impact.mechanical_mixer was corrected from null to its default, 4.0. 
[28May2026 14:58:11.074] [Server thread/WARN] [net.minecraftforge.common.ForgeConfigSpec/CORE]: Incorrect key kinetics.stressValues.v2.impact.gearbox was corrected from null to its default, 0.0. 
[28May2026 14:58:11.074] [Server thread/WARN] [net.minecraftforge.common.ForgeConfigSpec/CORE]: Incorrect key kinetics.stressValues.v2.impact.mechanical_bearing was corrected from null to its default, 4.0. 
[28May2026 14:58:11.074] [Server thread/WARN] [net.minecraftforge.common.ForgeConfigSpec/CORE]: Incorrect key kinetics.stressValues.v2.impact.copper_backtank was corrected from null to its default, 4.0. 
[28May2026 14:58:11.074] [Server thread/WARN] [net.minecraftforge.common.ForgeConfigSpec/CORE]: Incorrect key kinetics.stressValues.v2.impact.hose_pulley was corrected from null to its default, 4.0. 
[28May2026 14:58:11.074] [Server thread/WARN] [net.minecraftforge.common.ForgeConfigSpec/CORE]: Incorrect key kinetics.stressValues.v2.impact.display_board was corrected from null to its default, 0.0. 
[28May2026 14:58:11.074] [Server thread/WARN] [net.minecraftforge.common.ForgeConfigSpec/CORE]: Incorrect key kinetics.stressValues.v2.impact.crushing_wheel was corrected from null to its default, 8.0. 
[28May2026 14:58:11.074] [Server thread/WARN] [net.minecraftforge.common.ForgeConfigSpec/CORE]: Incorrect key kinetics.stressValues.v2.impact.adjustable_chain_gearshift was corrected from null to its default, 0.0. 
[28May2026 14:58:11.074] [Server thread/WARN] [net.minecraftforge.common.ForgeConfigSpec/CORE]: Incorrect key kinetics.stressValues.v2.impact.millstone was corrected from null to its default, 4.0. 
[28May2026 14:58:11.074] [Server thread/WARN] [net.minecraftforge.common.ForgeConfigSpec/CORE]: Incorrect key kinetics.stressValues.v2.impact.rotation_speed_controller was corrected from null to its default, 0.0. 
[28May2026 14:58:11.074] [Server thread/WARN] [net.minecraftforge.common.ForgeConfigSpec/CORE]: Incorrect key kinetics.stressValues.v2.impact.sticky_mechanical_piston was corrected from null to its default, 4.0. 
[28May2026 14:58:11.074] [Server thread/WARN] [net.minecraftforge.common.ForgeConfigSpec/CORE]: Incorrect key kinetics.stressValues.v2.impact.mechanical_crafter was corrected from null to its default, 2.0. 
[28May2026 14:58:11.074] [Server thread/WARN] [net.minecraftforge.common.ForgeConfigSpec/CORE]: Incorrect key kinetics.stressValues.v2.impact.deployer was corrected from null to its default, 4.0. 
[28May2026 14:58:11.074] [Server thread/WARN] [net.minecraftforge.common.ForgeConfigSpec/CORE]: Incorrect key kinetics.stressValues.v2.impact.elevator_pulley was corrected from null to its default, 4.0. 
[28May2026 14:58:11.074] [Server thread/WARN] [net.minecraftforge.common.ForgeConfigSpec/CORE]: Incorrect key kinetics.stressValues.v2.impact.stressometer was corrected from null to its default, 0.0. 
[28May2026 14:58:11.074] [Server thread/WARN] [net.minecraftforge.common.ForgeConfigSpec/CORE]: Incorrect key kinetics.stressValues.v2.impact.cogwheel was corrected from null to its default, 0.0. 
[28May2026 14:58:11.074] [Server thread/WARN] [net.minecraftforge.common.ForgeConfigSpec/CORE]: Incorrect key kinetics.stressValues.v2.impact.encased_chain_drive was corrected from null to its default, 0.0. 
[28May2026 14:58:11.074] [Server thread/WARN] [net.minecraftforge.common.ForgeConfigSpec/CORE]: Incorrect key kinetics.stressValues.v2.impact.belt was corrected from null to its default, 0.0. 
[28May2026 14:58:11.074] [Server thread/WARN] [net.minecraftforge.common.ForgeConfigSpec/CORE]: Incorrect key kinetics.stressValues.v2.impact.brass_encased_large_cogwheel was corrected from null to its default, 0.0. 
[28May2026 14:58:11.074] [Server thread/WARN] [net.minecraftforge.common.ForgeConfigSpec/CORE]: Incorrect key kinetics.stressValues.v2.impact.weighted_ejector was corrected from null to its default, 2.0. 
[28May2026 14:58:11.074] [Server thread/WARN] [net.minecraftforge.common.ForgeConfigSpec/CORE]: Incorrect key kinetics.stressValues.v2.impact.chain_conveyor was corrected from null to its default, 1.0. 
[28May2026 14:58:11.074] [Server thread/WARN] [net.minecraftforge.common.ForgeConfigSpec/CORE]: Incorrect key kinetics.stressValues.v2.impact.mechanical_saw was corrected from null to its default, 4.0. 
[28May2026 14:58:11.074] [Server thread/WARN] [net.minecraftforge.common.ForgeConfigSpec/CORE]: Incorrect key kinetics.stressValues.v2.impact.flywheel was corrected from null to its default, 0.0. 
[28May2026 14:58:11.074] [Server thread/WARN] [net.minecraftforge.common.ForgeConfigSpec/CORE]: Incorrect key kinetics.stressValues.v2.impact.mechanical_piston was corrected from null to its default, 4.0. 
[28May2026 14:58:11.074] [Server thread/WARN] [net.minecraftforge.common.ForgeConfigSpec/CORE]: Incorrect key kinetics.stressValues.v2.impact.speedometer was corrected from null to its default, 0.0. 
[28May2026 14:58:11.074] [Server thread/WARN] [net.minecraftforge.common.ForgeConfigSpec/CORE]: Incorrect key kinetics.stressValues.v2.impact.brass_encased_cogwheel was corrected from null to its default, 0.0. 
[28May2026 14:58:11.074] [Server thread/WARN] [net.minecraftforge.common.ForgeConfigSpec/CORE]: Incorrect key kinetics.stressValues.v2.impact.clockwork_bearing was corrected from null to its default, 4.0. 
[28May2026 14:58:11.074] [Server thread/WARN] [net.minecraftforge.common.ForgeConfigSpec/CORE]: Incorrect key kinetics.stressValues.v2.impact.mechanical_press was corrected from null to its default, 8.0. 
[28May2026 14:58:11.074] [Server thread/WARN] [net.minecraftforge.common.ForgeConfigSpec/CORE]: Incorrect key kinetics.stressValues.v2.impact.mechanical_drill was corrected from null to its default, 4.0. 
[28May2026 14:58:11.074] [Server thread/WARN] [net.minecraftforge.common.ForgeConfigSpec/CORE]: Incorrect key kinetics.stressValues.v2.impact.andesite_encased_shaft was corrected from null to its default, 0.0. 
[28May2026 14:58:11.074] [Server thread/WARN] [net.minecraftforge.common.ForgeConfigSpec/CORE]: Incorrect key kinetics.stressValues.v2.impact.netherite_backtank was corrected from null to its default, 4.0. 
[28May2026 14:58:11.074] [Server thread/WARN] [net.minecraftforge.common.ForgeConfigSpec/CORE]: Incorrect key kinetics.stressValues.v2.impact.mechanical_arm was corrected from null to its default, 2.0. 
[28May2026 14:58:11.074] [Server thread/WARN] [net.minecraftforge.common.ForgeConfigSpec/CORE]: Incorrect key kinetics.stressValues.v2.impact.sequenced_gearshift was corrected from null to its default, 0.0. 
[28May2026 14:58:11.074] [Server thread/WARN] [net.minecraftforge.common.ForgeConfigSpec/CORE]: Incorrect key kinetics.stressValues.v2.impact.andesite_encased_large_cogwheel was corrected from null to its default, 0.0. 
[28May2026 14:58:11.074] [Server thread/WARN] [net.minecraftforge.common.ForgeConfigSpec/CORE]: Incorrect key kinetics.stressValues.v2.impact.shaft was corrected from null to its default, 0.0. 
[28May2026 14:58:11.074] [Server thread/WARN] [net.minecraftforge.common.ForgeConfigSpec/CORE]: Incorrect key kinetics.stressValues.v2.impact.cuckoo_clock was corrected from null to its default, 1.0. 
[28May2026 14:58:11.074] [Server thread/WARN] [net.minecraftforge.common.ForgeConfigSpec/CORE]: Incorrect key kinetics.stressValues.v2.impact.gearshift was corrected from null to its default, 0.0. 
[28May2026 14:58:11.074] [Server thread/WARN] [net.minecraftforge.common.ForgeConfigSpec/CORE]: Incorrect key kinetics.stressValues.v2.impact.rope_pulley was corrected from null to its default, 4.0. 
[28May2026 14:58:11.074] [Server thread/WARN] [net.minecraftforge.common.ForgeConfigSpec/CORE]: Incorrect key kinetics.stressValues.v2.impact.andesite_encased_cogwheel was corrected from null to its default, 0.0. 
[28May2026 14:58:11.074] [Server thread/WARN] [net.minecraftforge.common.ForgeConfigSpec/CORE]: Incorrect key kinetics.stressValues.v2.impact.large_cogwheel was corrected from null to its default, 0.0. 
[28May2026 14:58:11.074] [Server thread/WARN] [net.minecraftforge.common.ForgeConfigSpec/CORE]: Incorrect key kinetics.stressValues.v2.impact.encased_fan was corrected from null to its default, 2.0. 
[28May2026 14:58:11.074] [Server thread/WARN] [net.minecraftforge.common.ForgeConfigSpec/CORE]: Incorrect key kinetics.stressValues.v2.impact.mysterious_cuckoo_clock was corrected from null to its default, 1.0. 
[28May2026 14:58:11.074] [Server thread/WARN] [net.minecraftforge.common.ForgeConfigSpec/CORE]: Incorrect key kinetics.stressValues.v2.impact.gantry_shaft was corrected from null to its default, 0.0. 
[28May2026 14:58:11.074] [Server thread/WARN] [net.minecraftforge.common.ForgeConfigSpec/CORE]: Incorrect key kinetics.stressValues.v2.impact.mechanical_pump was corrected from null to its default, 4.0. 
[28May2026 14:58:11.074] [Server thread/WARN] [net.minecraftforge.common.ForgeConfigSpec/CORE]: Incorrect key kinetics.stressValues.v2.capacity was corrected from null to its default, SimpleCommentedConfig:{}. 
[28May2026 14:58:11.074] [Server thread/WARN] [net.minecraftforge.common.ForgeConfigSpec/CORE]: Incorrect key kinetics.stressValues.v2.capacity.steam_engine was corrected from null to its default, 1024.0. 
[28May2026 14:58:11.074] [Server thread/WARN] [net.minecraftforge.common.ForgeConfigSpec/CORE]: Incorrect key kinetics.stressValues.v2.capacity.water_wheel was corrected from null to its default, 32.0. 
[28May2026 14:58:11.074] [Server thread/WARN] [net.minecraftforge.common.ForgeConfigSpec/CORE]: Incorrect key kinetics.stressValues.v2.capacity.copper_valve_handle was corrected from null to its default, 8.0. 
[28May2026 14:58:11.074] [Server thread/WARN] [net.minecraftforge.common.ForgeConfigSpec/CORE]: Incorrect key kinetics.stressValues.v2.capacity.hand_crank was corrected from null to its default, 8.0. 
[28May2026 14:58:11.074] [Server thread/WARN] [net.minecraftforge.common.ForgeConfigSpec/CORE]: Incorrect key kinetics.stressValues.v2.capacity.creative_motor was corrected from null to its default, 16384.0. 
[28May2026 14:58:11.074] [Server thread/WARN] [net.minecraftforge.common.ForgeConfigSpec/CORE]: Incorrect key kinetics.stressValues.v2.capacity.large_water_wheel was corrected from null to its default, 128.0. 
[28May2026 14:58:11.074] [Server thread/WARN] [net.minecraftforge.common.ForgeConfigSpec/CORE]: Incorrect key kinetics.stressValues.v2.capacity.windmill_bearing was corrected from null to its default, 512.0. 
[28May2026 14:58:11.074] [Server thread/WARN] [net.minecraftforge.common.ForgeConfigSpec/CORE]: Incorrect key kinetics.stressValues.v2.creative_motor was corrected from null to its default, 2097152.0. 
[28May2026 14:58:11.074] [Server thread/WARN] [net.minecraftforge.common.ForgeConfigSpec/CORE]: Incorrect key kinetics.stressValues.v2.hand_crank was corrected from null to its default, 0.25. 
[28May2026 14:58:11.074] [Server thread/WARN] [net.minecraftforge.common.ForgeConfigSpec/CORE]: Incorrect key kinetics.stressValues.v2.windmill_bearing was corrected from null to its default, 128.0. 
[28May2026 14:58:11.074] [Server thread/WARN] [net.minecraftforge.common.ForgeConfigSpec/CORE]: Incorrect key kinetics.stressValues.v2.large_water_wheel was corrected from null to its default, 8.0. 
[28May2026 14:58:11.074] [Server thread/WARN] [net.minecraftforge.common.ForgeConfigSpec/CORE]: Incorrect key kinetics.stressValues.v2.steam_engine was corrected from null to its default, 256.0. 
[28May2026 14:58:11.074] [Server thread/WARN] [net.minecraftforge.common.ForgeConfigSpec/CORE]: Incorrect key kinetics.stressValues.v2.copper_valve_handle was corrected from null to its default, 0.25. 
[28May2026 14:58:11.074] [Server thread/WARN] [net.minecraftforge.common.ForgeConfigSpec/CORE]: Incorrect key kinetics.stressValues.v2.water_wheel was corrected from null to its default, 1.0. 
[28May2026 14:58:11.075] [Server thread/WARN] [net.minecraftforge.common.ForgeConfigSpec/CORE]: Incorrect key fluids was corrected from null to its default, SimpleCommentedConfig:{}. 
[28May2026 14:58:11.075] [Server thread/WARN] [net.minecraftforge.common.ForgeConfigSpec/CORE]: Incorrect key fluids.fluidTankCapacity was corrected from null to its default, 8. 
[28May2026 14:58:11.075] [Server thread/WARN] [net.minecraftforge.common.ForgeConfigSpec/CORE]: Incorrect key fluids.fluidTankMaxHeight was corrected from null to its default, 32. 
[28May2026 14:58:11.075] [Server thread/WARN] [net.minecraftforge.common.ForgeConfigSpec/CORE]: Incorrect key fluids.mechanicalPumpRange was corrected from null to its default, 16. 
[28May2026 14:58:11.075] [Server thread/WARN] [net.minecraftforge.common.ForgeConfigSpec/CORE]: Incorrect key fluids.hosePulleyRange was corrected from null to its default, 128. 
[28May2026 14:58:11.075] [Server thread/WARN] [net.minecraftforge.common.ForgeConfigSpec/CORE]: Incorrect key fluids.hosePulleyBlockThreshold was corrected from null to its default, 10000. 
[28May2026 14:58:11.075] [Server thread/WARN] [net.minecraftforge.common.ForgeConfigSpec/CORE]: Incorrect key fluids.fillInfinite was corrected from null to its default, false. 
[28May2026 14:58:11.075] [Server thread/WARN] [net.minecraftforge.common.ForgeConfigSpec/CORE]: Incorrect key fluids.bottomlessFluidMode was corrected from null to its default, ALLOW_BY_TAG. 
[28May2026 14:58:11.075] [Server thread/WARN] [net.minecraftforge.common.ForgeConfigSpec/CORE]: Incorrect key fluids.fluidFillPlaceFluidSourceBlocks was corrected from null to its default, true. 
[28May2026 14:58:11.075] [Server thread/WARN] [net.minecraftforge.common.ForgeConfigSpec/CORE]: Incorrect key fluids.pipesPlaceFluidSourceBlocks was corrected from null to its default, true. 
[28May2026 14:58:11.075] [Server thread/WARN] [net.minecraftforge.common.ForgeConfigSpec/CORE]: Incorrect key logistics was corrected from null to its default, SimpleCommentedConfig:{}. 
[28May2026 14:58:11.075] [Server thread/WARN] [net.minecraftforge.common.ForgeConfigSpec/CORE]: Incorrect key logistics.defaultExtractionTimer was corrected from null to its default, 8. 
[28May2026 14:58:11.075] [Server thread/WARN] [net.minecraftforge.common.ForgeConfigSpec/CORE]: Incorrect key logistics.psiTimeout was corrected from null to its default, 60. 
[28May2026 14:58:11.075] [Server thread/WARN] [net.minecraftforge.common.ForgeConfigSpec/CORE]: Incorrect key logistics.mechanicalArmRange was corrected from null to its default, 5. 
[28May2026 14:58:11.075] [Server thread/WARN] [net.minecraftforge.common.ForgeConfigSpec/CORE]: Incorrect key logistics.packagePortRange was corrected from null to its default, 5. 
[28May2026 14:58:11.075] [Server thread/WARN] [net.minecraftforge.common.ForgeConfigSpec/CORE]: Incorrect key logistics.linkRange was corrected from null to its default, 256. 
[28May2026 14:58:11.075] [Server thread/WARN] [net.minecraftforge.common.ForgeConfigSpec/CORE]: Incorrect key logistics.displayLinkRange was corrected from null to its default, 64. 
[28May2026 14:58:11.075] [Server thread/WARN] [net.minecraftforge.common.ForgeConfigSpec/CORE]: Incorrect key logistics.vaultCapacity was corrected from null to its default, 20. 
[28May2026 14:58:11.075] [Server thread/WARN] [net.minecraftforge.common.ForgeConfigSpec/CORE]: Incorrect key logistics.chainConveyorCapacity was corrected from null to its default, 20. 
[28May2026 14:58:11.075] [Server thread/WARN] [net.minecraftforge.common.ForgeConfigSpec/CORE]: Incorrect key logistics.brassTunnelTimer was corrected from null to its default, 10. 
[28May2026 14:58:11.075] [Server thread/WARN] [net.minecraftforge.common.ForgeConfigSpec/CORE]: Incorrect key logistics.factoryGaugeTimer was corrected from null to its default, 100. 
[28May2026 14:58:11.075] [Server thread/WARN] [net.minecraftforge.common.ForgeConfigSpec/CORE]: Incorrect key logistics.seatHostileMobs was corrected from null to its default, true. 
[28May2026 14:58:11.075] [Server thread/WARN] [net.minecraftforge.common.ForgeConfigSpec/CORE]: Incorrect key schematics was corrected from null to its default, SimpleCommentedConfig:{}. 
[28May2026 14:58:11.076] [Server thread/WARN] [net.minecraftforge.common.ForgeConfigSpec/CORE]: Incorrect key schematics.creativePrintIncludesAir was corrected from null to its default, false. 
[28May2026 14:58:11.076] [Server thread/WARN] [net.minecraftforge.common.ForgeConfigSpec/CORE]: Incorrect key schematics.maxSchematics was corrected from null to its default, 10. 
[28May2026 14:58:11.076] [Server thread/WARN] [net.minecraftforge.common.ForgeConfigSpec/CORE]: Incorrect key schematics.maxTotalSchematicSize was corrected from null to its default, 256. 
[28May2026 14:58:11.076] [Server thread/WARN] [net.minecraftforge.common.ForgeConfigSpec/CORE]: Incorrect key schematics.maxSchematicPacketSize was corrected from null to its default, 1024. 
[28May2026 14:58:11.076] [Server thread/WARN] [net.minecraftforge.common.ForgeConfigSpec/CORE]: Incorrect key schematics.schematicIdleTimeout was corrected from null to its default, 600. 
[28May2026 14:58:11.076] [Server thread/WARN] [net.minecraftforge.common.ForgeConfigSpec/CORE]: Incorrect key schematics.schematicannon was corrected from null to its default, SimpleCommentedConfig:{}. 
[28May2026 14:58:11.076] [Server thread/WARN] [net.minecraftforge.common.ForgeConfigSpec/CORE]: Incorrect key schematics.schematicannon.schematicannonDelay was corrected from null to its default, 10. 
[28May2026 14:58:11.076] [Server thread/WARN] [net.minecraftforge.common.ForgeConfigSpec/CORE]: Incorrect key schematics.schematicannon.schematicannonShotsPerGunpowder was corrected from null to its default, 400. 
[28May2026 14:58:11.076] [Server thread/WARN] [net.minecraftforge.common.ForgeConfigSpec/CORE]: Incorrect key equipment was corrected from null to its default, SimpleCommentedConfig:{}. 
[28May2026 14:58:11.076] [Server thread/WARN] [net.minecraftforge.common.ForgeConfigSpec/CORE]: Incorrect key equipment.maxSymmetryWandRange was corrected from null to its default, 50. 
[28May2026 14:58:11.076] [Server thread/WARN] [net.minecraftforge.common.ForgeConfigSpec/CORE]: Incorrect key equipment.placementAssistRange was corrected from null to its default, 12. 
[28May2026 14:58:11.076] [Server thread/WARN] [net.minecraftforge.common.ForgeConfigSpec/CORE]: Incorrect key equipment.toolboxRange was corrected from null to its default, 10. 
[28May2026 14:58:11.076] [Server thread/WARN] [net.minecraftforge.common.ForgeConfigSpec/CORE]: Incorrect key equipment.airInBacktank was corrected from null to its default, 900. 
[28May2026 14:58:11.076] [Server thread/WARN] [net.minecraftforge.common.ForgeConfigSpec/CORE]: Incorrect key equipment.enchantedBacktankCapacity was corrected from null to its default, 300. 
[28May2026 14:58:11.076] [Server thread/WARN] [net.minecraftforge.common.ForgeConfigSpec/CORE]: Incorrect key equipment.maxExtendoGripActions was corrected from null to its default, 1000. 
[28May2026 14:58:11.076] [Server thread/WARN] [net.minecraftforge.common.ForgeConfigSpec/CORE]: Incorrect key equipment.maxPotatoCannonShots was corrected from null to its default, 200. 
[28May2026 14:58:11.076] [Server thread/WARN] [net.minecraftforge.common.ForgeConfigSpec/CORE]: Incorrect key trains was corrected from null to its default, SimpleCommentedConfig:{}. 
[28May2026 14:58:11.076] [Server thread/WARN] [net.minecraftforge.common.ForgeConfigSpec/CORE]: Incorrect key trains.trainsCauseDamage was corrected from null to its default, true. 
[28May2026 14:58:11.076] [Server thread/WARN] [net.minecraftforge.common.ForgeConfigSpec/CORE]: Incorrect key trains.maxTrackPlacementLength was corrected from null to its default, 32. 
[28May2026 14:58:11.077] [Server thread/WARN] [net.minecraftforge.common.ForgeConfigSpec/CORE]: Incorrect key trains.maxAssemblyLength was corrected from null to its default, 128. 
[28May2026 14:58:11.077] [Server thread/WARN] [net.minecraftforge.common.ForgeConfigSpec/CORE]: Incorrect key trains.maxBogeyCount was corrected from null to its default, 20. 
[28May2026 14:58:11.077] [Server thread/WARN] [net.minecraftforge.common.ForgeConfigSpec/CORE]: Incorrect key trains.manualTrainSpeedModifier was corrected from null to its default, 0.75. 
[28May2026 14:58:11.077] [Server thread/WARN] [net.minecraftforge.common.ForgeConfigSpec/CORE]: Incorrect key trains.trainStats was corrected from null to its default, SimpleCommentedConfig:{}. 
[28May2026 14:58:11.077] [Server thread/WARN] [net.minecraftforge.common.ForgeConfigSpec/CORE]: Incorrect key trains.trainStats.trainTopSpeed was corrected from null to its default, 28.0. 
[28May2026 14:58:11.077] [Server thread/WARN] [net.minecraftforge.common.ForgeConfigSpec/CORE]: Incorrect key trains.trainStats.trainTurningTopSpeed was corrected from null to its default, 14.0. 
[28May2026 14:58:11.077] [Server thread/WARN] [net.minecraftforge.common.ForgeConfigSpec/CORE]: Incorrect key trains.trainStats.trainAcceleration was corrected from null to its default, 3.0. 
[28May2026 14:58:11.077] [Server thread/WARN] [net.minecraftforge.common.ForgeConfigSpec/CORE]: Incorrect key trains.poweredTrainStats was corrected from null to its default, SimpleCommentedConfig:{}. 
[28May2026 14:58:11.077] [Server thread/WARN] [net.minecraftforge.common.ForgeConfigSpec/CORE]: Incorrect key trains.poweredTrainStats.poweredTrainTopSpeed was corrected from null to its default, 40.0. 
[28May2026 14:58:11.077] [Server thread/WARN] [net.minecraftforge.common.ForgeConfigSpec/CORE]: Incorrect key trains.poweredTrainStats.poweredTrainTurningTopSpeed was corrected from null to its default, 20.0. 
[28May2026 14:58:11.077] [Server thread/WARN] [net.minecraftforge.common.ForgeConfigSpec/CORE]: Incorrect key trains.poweredTrainStats.poweredTrainAcceleration was corrected from null to its default, 3.0. 
[28May2026 14:58:11.077] [Server thread/WARN] [net.minecraftforge.common.ForgeConfigSpec/CORE]: Configuration file /home/bigh/.var/app/org.prismlauncher.PrismLauncher/data/PrismLauncher/instances/GregTech Community Pack Modern/minecraft/saves/New World/serverconfig/greate-server.toml is not correct. Correcting
[28May2026 14:58:11.077] [Server thread/WARN] [net.minecraftforge.common.ForgeConfigSpec/CORE]: Incorrect key kinetics was corrected from null to its default, SimpleCommentedConfig:{}. 
[28May2026 14:58:11.077] [Server thread/WARN] [net.minecraftforge.common.ForgeConfigSpec/CORE]: Incorrect key kinetics.stressValues was corrected from null to its default, SimpleCommentedConfig:{}. 
[28May2026 14:58:11.077] [Server thread/WARN] [net.minecraftforge.common.ForgeConfigSpec/CORE]: Incorrect key kinetics.stressValues.v2 was corrected from null to its default, SimpleCommentedConfig:{}. 
[28May2026 14:58:11.078] [Server thread/WARN] [net.minecraftforge.common.ForgeConfigSpec/CORE]: Incorrect key kinetics.stressValues.v2.impact was corrected from null to its default, SimpleCommentedConfig:{}. 
[28May2026 14:58:11.078] [Server thread/WARN] [net.minecraftforge.common.ForgeConfigSpec/CORE]: Incorrect key kinetics.stressValues.v2.impact.naquadah_alloy was corrected from null to its default, SimpleCommentedConfig:{}. 
[28May2026 14:58:11.078] [Server thread/WARN] [net.minecraftforge.common.ForgeConfigSpec/CORE]: Incorrect key kinetics.stressValues.v2.impact.naquadah_alloy.naquadah_alloy_millstone was corrected from null to its default, 4.0. 
[28May2026 14:58:11.078] [Server thread/WARN] [net.minecraftforge.common.ForgeConfigSpec/CORE]: Incorrect key kinetics.stressValues.v2.impact.naquadah_alloy.naquadah_alloy_shaft was corrected from null to its default, 0.0. 
[28May2026 14:58:11.078] [Server thread/WARN] [net.minecraftforge.common.ForgeConfigSpec/CORE]: Incorrect key kinetics.stressValues.v2.impact.naquadah_alloy.naquadah_alloy_mechanical_pump was corrected from null to its default, 4.0. 
[28May2026 14:58:11.078] [Server thread/WARN] [net.minecraftforge.common.ForgeConfigSpec/CORE]: Incorrect key kinetics.stressValues.v2.impact.naquadah_alloy.brass_encased_naquadah_alloy_shaft was corrected from null to its default, 0.0. 
[28May2026 14:58:11.078] [Server thread/WARN] [net.minecraftforge.common.ForgeConfigSpec/CORE]: Incorrect key kinetics.stressValues.v2.impact.naquadah_alloy.andesite_encased_naquadah_alloy_shaft was corrected from null to its default, 0.0. 
[28May2026 14:58:11.078] [Server thread/WARN] [net.minecraftforge.common.ForgeConfigSpec/CORE]: Incorrect key kinetics.stressValues.v2.impact.naquadah_alloy.naquadah_alloy_crushing_wheel was corrected from null to its default, 4.0. 
[28May2026 14:58:11.078] [Server thread/WARN] [net.minecraftforge.common.ForgeConfigSpec/CORE]: Incorrect key kinetics.stressValues.v2.impact.naquadah_alloy.naquadah_alloy_cogwheel was corrected from null to its default, 0.0. 
[28May2026 14:58:11.078] [Server thread/WARN] [net.minecraftforge.common.ForgeConfigSpec/CORE]: Incorrect key kinetics.stressValues.v2.impact.naquadah_alloy.naquadah_alloy_encased_fan was corrected from null to its default, 4.0. 
[28May2026 14:58:11.078] [Server thread/WARN] [net.minecraftforge.common.ForgeConfigSpec/CORE]: Incorrect key kinetics.stressValues.v2.impact.naquadah_alloy.andesite_encased_naquadah_alloy_cogwheel was corrected from null to its default, 0.0. 
[28May2026 14:58:11.078] [Server thread/WARN] [net.minecraftforge.common.ForgeConfigSpec/CORE]: Incorrect key kinetics.stressValues.v2.impact.naquadah_alloy.large_naquadah_alloy_cogwheel was corrected from null to its default, 0.0. 
[28May2026 14:58:11.078] [Server thread/WARN] [net.minecraftforge.common.ForgeConfigSpec/CORE]: Incorrect key kinetics.stressValues.v2.impact.naquadah_alloy.andesite_encased_large_naquadah_alloy_cogwheel was corrected from null to its default, 0.0. 
[28May2026 14:58:11.078] [Server thread/WARN] [net.minecraftforge.common.ForgeConfigSpec/CORE]: Incorrect key kinetics.stressValues.v2.impact.naquadah_alloy.brass_encased_large_naquadah_alloy_cogwheel was corrected from null to its default, 0.0. 
[28May2026 14:58:11.078] [Server thread/WARN] [net.minecraftforge.common.ForgeConfigSpec/CORE]: Incorrect key kinetics.stressValues.v2.impact.naquadah_alloy.naquadah_alloy_mechanical_mixer was corrected from null to its default, 4.0. 
[28May2026 14:58:11.078] [Server thread/WARN] [net.minecraftforge.common.ForgeConfigSpec/CORE]: Incorrect key kinetics.stressValues.v2.impact.naquadah_alloy.brass_encased_naquadah_alloy_cogwheel was corrected from null to its default, 0.0. 
[28May2026 14:58:11.078] [Server thread/WARN] [net.minecraftforge.common.ForgeConfigSpec/CORE]: Incorrect key kinetics.stressValues.v2.impact.naquadah_alloy.naquadah_alloy_mechanical_saw was corrected from null to its default, 8.0. 
[28May2026 14:58:11.078] [Server thread/WARN] [net.minecraftforge.common.ForgeConfigSpec/CORE]: Incorrect key kinetics.stressValues.v2.impact.naquadah_alloy.naquadah_alloy_gearbox was corrected from null to its default, 0.0. 
[28May2026 14:58:11.078] [Server thread/WARN] [net.minecraftforge.common.ForgeConfigSpec/CORE]: Incorrect key kinetics.stressValues.v2.impact.naquadah_alloy.naquadah_alloy_mechanical_press was corrected from null to its default, 8.0. 
[28May2026 14:58:11.078] [Server thread/WARN] [net.minecraftforge.common.ForgeConfigSpec/CORE]: Incorrect key kinetics.stressValues.v2.impact.darmstadtium was corrected from null to its default, SimpleCommentedConfig:{}. 
[28May2026 14:58:11.078] [Server thread/WARN] [net.minecraftforge.common.ForgeConfigSpec/CORE]: Incorrect key kinetics.stressValues.v2.impact.darmstadtium.darmstadtium_mechanical_saw was corrected from null to its default, 9.0. 
[28May2026 14:58:11.078] [Server thread/WARN] [net.minecraftforge.common.ForgeConfigSpec/CORE]: Incorrect key kinetics.stressValues.v2.impact.darmstadtium.darmstadtium_mechanical_press was corrected from null to its default, 9.0. 
[28May2026 14:58:11.078] [Server thread/WARN] [net.minecraftforge.common.ForgeConfigSpec/CORE]: Incorrect key kinetics.stressValues.v2.impact.darmstadtium.brass_encased_darmstadtium_cogwheel was corrected from null to its default, 0.0. 
[28May2026 14:58:11.078] [Server thread/WARN] [net.minecraftforge.common.ForgeConfigSpec/CORE]: Incorrect key kinetics.stressValues.v2.impact.darmstadtium.andesite_encased_darmstadtium_shaft was corrected from null to its default, 0.0. 
[28May2026 14:58:11.078] [Server thread/WARN] [net.minecraftforge.common.ForgeConfigSpec/CORE]: Incorrect key kinetics.stressValues.v2.impact.darmstadtium.brass_encased_darmstadtium_shaft was corrected from null to its default, 0.0. 
[28May2026 14:58:11.078] [Server thread/WARN] [net.minecraftforge.common.ForgeConfigSpec/CORE]: Incorrect key kinetics.stressValues.v2.impact.darmstadtium.darmstadtium_cogwheel was corrected from null to its default, 0.0. 
[28May2026 14:58:11.078] [Server thread/WARN] [net.minecraftforge.common.ForgeConfigSpec/CORE]: Incorrect key kinetics.stressValues.v2.impact.darmstadtium.darmstadtium_encased_fan was corrected from null to its default, 4.5. 
[28May2026 14:58:11.078] [Server thread/WARN] [net.minecraftforge.common.ForgeConfigSpec/CORE]: Incorrect key kinetics.stressValues.v2.impact.darmstadtium.darmstadtium_shaft was corrected from null to its default, 0.0. 
[28May2026 14:58:11.078] [Server thread/WARN] [net.minecraftforge.common.ForgeConfigSpec/CORE]: Incorrect key kinetics.stressValues.v2.impact.darmstadtium.andesite_encased_large_darmstadtium_cogwheel was corrected from null to its default, 0.0. 
[28May2026 14:58:11.078] [Server thread/WARN] [net.minecraftforge.common.ForgeConfigSpec/CORE]: Incorrect key kinetics.stressValues.v2.impact.darmstadtium.darmstadtium_gearbox was corrected from null to its default, 0.0. 
[28May2026 14:58:11.078] [Server thread/WARN] [net.minecraftforge.common.ForgeConfigSpec/CORE]: Incorrect key kinetics.stressValues.v2.impact.darmstadtium.darmstadtium_mechanical_pump was corrected from null to its default, 4.5. 
[28May2026 14:58:11.078] [Server thread/WARN] [net.minecraftforge.common.ForgeConfigSpec/CORE]: Incorrect key kinetics.stressValues.v2.impact.darmstadtium.brass_encased_large_darmstadtium_cogwheel was corrected from null to its default, 0.0. 
[28May2026 14:58:11.078] [Server thread/WARN] [net.minecraftforge.common.ForgeConfigSpec/CORE]: Incorrect key kinetics.stressValues.v2.impact.darmstadtium.darmstadtium_millstone was corrected from null to its default, 4.5. 
[28May2026 14:58:11.078] [Server thread/WARN] [net.minecraftforge.common.ForgeConfigSpec/CORE]: Incorrect key kinetics.stressValues.v2.impact.darmstadtium.large_darmstadtium_cogwheel was corrected from null to its default, 0.0. 
[28May2026 14:58:11.078] [Server thread/WARN] [net.minecraftforge.common.ForgeConfigSpec/CORE]: Incorrect key kinetics.stressValues.v2.impact.darmstadtium.darmstadtium_crushing_wheel was corrected from null to its default, 4.5. 
[28May2026 14:58:11.078] [Server thread/WARN] [net.minecraftforge.common.ForgeConfigSpec/CORE]: Incorrect key kinetics.stressValues.v2.impact.darmstadtium.darmstadtium_mechanical_mixer was corrected from null to its default, 4.5. 
[28May2026 14:58:11.078] [Server thread/WARN] [net.minecraftforge.common.ForgeConfigSpec/CORE]: Incorrect key kinetics.stressValues.v2.impact.darmstadtium.andesite_encased_darmstadtium_cogwheel was corrected from null to its default, 0.0. 
[28May2026 14:58:11.078] [Server thread/WARN] [net.minecraftforge.common.ForgeConfigSpec/CORE]: Incorrect key kinetics.stressValues.v2.impact.aluminium was corrected from null to its default, SimpleCommentedConfig:{}. 
[28May2026 14:58:11.078] [Server thread/WARN] [net.minecraftforge.common.ForgeConfigSpec/CORE]: Incorrect key kinetics.stressValues.v2.impact.aluminium.aluminium_mechanical_saw was corrected from null to its default, 3.0. 
[28May2026 14:58:11.078] [Server thread/WARN] [net.minecraftforge.common.ForgeConfigSpec/CORE]: Incorrect key kinetics.stressValues.v2.impact.aluminium.andesite_encased_aluminium_cogwheel was corrected from null to its default, 0.0. 
[28May2026 14:58:11.078] [Server thread/WARN] [net.minecraftforge.common.ForgeConfigSpec/CORE]: Incorrect key kinetics.stressValues.v2.impact.aluminium.aluminium_mechanical_pump was corrected from null to its default, 1.5. 
[28May2026 14:58:11.078] [Server thread/WARN] [net.minecraftforge.common.ForgeConfigSpec/CORE]: Incorrect key kinetics.stressValues.v2.impact.aluminium.aluminium_mechanical_mixer was corrected from null to its default, 1.5. 
[28May2026 14:58:11.078] [Server thread/WARN] [net.minecraftforge.common.ForgeConfigSpec/CORE]: Incorrect key kinetics.stressValues.v2.impact.aluminium.brass_encased_large_aluminium_cogwheel was corrected from null to its default, 0.0. 
[28May2026 14:58:11.078] [Server thread/WARN] [net.minecraftforge.common.ForgeConfigSpec/CORE]: Incorrect key kinetics.stressValues.v2.impact.aluminium.aluminium_gearbox was corrected from null to its default, 0.0. 
[28May2026 14:58:11.078] [Server thread/WARN] [net.minecraftforge.common.ForgeConfigSpec/CORE]: Incorrect key kinetics.stressValues.v2.impact.aluminium.large_aluminium_cogwheel was corrected from null to its default, 0.0. 
[28May2026 14:58:11.078] [Server thread/WARN] [net.minecraftforge.common.ForgeConfigSpec/CORE]: Incorrect key kinetics.stressValues.v2.impact.aluminium.aluminium_crushing_wheel was corrected from null to its default, 1.5. 
[28May2026 14:58:11.078] [Server thread/WARN] [net.minecraftforge.common.ForgeConfigSpec/CORE]: Incorrect key kinetics.stressValues.v2.impact.aluminium.brass_encased_aluminium_cogwheel was corrected from null to its default, 0.0. 
[28May2026 14:58:11.078] [Server thread/WARN] [net.minecraftforge.common.ForgeConfigSpec/CORE]: Incorrect key kinetics.stressValues.v2.impact.aluminium.aluminium_cogwheel was corrected from null to its default, 0.0. 
[28May2026 14:58:11.078] [Server thread/WARN] [net.minecraftforge.common.ForgeConfigSpec/CORE]: Incorrect key kinetics.stressValues.v2.impact.aluminium.aluminium_shaft was corrected from null to its default, 0.0. 
[28May2026 14:58:11.078] [Server thread/WARN] [net.minecraftforge.common.ForgeConfigSpec/CORE]: Incorrect key kinetics.stressValues.v2.impact.aluminium.andesite_encased_aluminium_shaft was corrected from null to its default, 0.0. 
[28May2026 14:58:11.078] [Server thread/WARN] [net.minecraftforge.common.ForgeConfigSpec/CORE]: Incorrect key kinetics.stressValues.v2.impact.aluminium.brass_encased_aluminium_shaft was corrected from null to its default, 0.0. 
[28May2026 14:58:11.078] [Server thread/WARN] [net.minecraftforge.common.ForgeConfigSpec/CORE]: Incorrect key kinetics.stressValues.v2.impact.aluminium.andesite_encased_large_aluminium_cogwheel was corrected from null to its default, 0.0. 
[28May2026 14:58:11.078] [Server thread/WARN] [net.minecraftforge.common.ForgeConfigSpec/CORE]: Incorrect key kinetics.stressValues.v2.impact.aluminium.aluminium_encased_fan was corrected from null to its default, 1.5. 
[28May2026 14:58:11.078] [Server thread/WARN] [net.minecraftforge.common.ForgeConfigSpec/CORE]: Incorrect key kinetics.stressValues.v2.impact.aluminium.aluminium_mechanical_press was corrected from null to its default, 3.0. 
[28May2026 14:58:11.078] [Server thread/WARN] [net.minecraftforge.common.ForgeConfigSpec/CORE]: Incorrect key kinetics.stressValues.v2.impact.aluminium.aluminium_millstone was corrected from null to its default, 1.5. 
[28May2026 14:58:11.078] [Server thread/WARN] [net.minecraftforge.common.ForgeConfigSpec/CORE]: Incorrect key kinetics.stressValues.v2.impact.andesite_alloy was corrected from null to its default, SimpleCommentedConfig:{}. 
[28May2026 14:58:11.078] [Server thread/WARN] [net.minecraftforge.common.ForgeConfigSpec/CORE]: Incorrect key kinetics.stressValues.v2.impact.andesite_alloy.andesite_alloy_mechanical_pump was corrected from null to its default, 0.5. 
[28May2026 14:58:11.078] [Server thread/WARN] [net.minecraftforge.common.ForgeConfigSpec/CORE]: Incorrect key kinetics.stressValues.v2.impact.andesite_alloy.andesite_encased_large_andesite_alloy_cogwheel was corrected from null to its default, 0.0. 
[28May2026 14:58:11.078] [Server thread/WARN] [net.minecraftforge.common.ForgeConfigSpec/CORE]: Incorrect key kinetics.stressValues.v2.impact.andesite_alloy.andesite_alloy_crushing_wheel was corrected from null to its default, 0.5. 
[28May2026 14:58:11.078] [Server thread/WARN] [net.minecraftforge.common.ForgeConfigSpec/CORE]: Incorrect key kinetics.stressValues.v2.impact.andesite_alloy.andesite_alloy_shaft was corrected from null to its default, 0.0. 
[28May2026 14:58:11.078] [Server thread/WARN] [net.minecraftforge.common.ForgeConfigSpec/CORE]: Incorrect key kinetics.stressValues.v2.impact.andesite_alloy.andesite_encased_andesite_alloy_cogwheel was corrected from null to its default, 0.0. 
[28May2026 14:58:11.078] [Server thread/WARN] [net.minecraftforge.common.ForgeConfigSpec/CORE]: Incorrect key kinetics.stressValues.v2.impact.andesite_alloy.brass_encased_andesite_alloy_cogwheel was corrected from null to its default, 0.0. 
[28May2026 14:58:11.078] [Server thread/WARN] [net.minecraftforge.common.ForgeConfigSpec/CORE]: Incorrect key kinetics.stressValues.v2.impact.andesite_alloy.andesite_encased_andesite_alloy_shaft was corrected from null to its default, 0.0. 
[28May2026 14:58:11.078] [Server thread/WARN] [net.minecraftforge.common.ForgeConfigSpec/CORE]: Incorrect key kinetics.stressValues.v2.impact.andesite_alloy.brass_encased_andesite_alloy_shaft was corrected from null to its default, 0.0. 
[28May2026 14:58:11.078] [Server thread/WARN] [net.minecraftforge.common.ForgeConfigSpec/CORE]: Incorrect key kinetics.stressValues.v2.impact.andesite_alloy.andesite_alloy_mechanical_mixer was corrected from null to its default, 0.5. 
[28May2026 14:58:11.078] [Server thread/WARN] [net.minecraftforge.common.ForgeConfigSpec/CORE]: Incorrect key kinetics.stressValues.v2.impact.andesite_alloy.andesite_alloy_mechanical_press was corrected from null to its default, 1.0. 
[28May2026 14:58:11.078] [Server thread/WARN] [net.minecraftforge.common.ForgeConfigSpec/CORE]: Incorrect key kinetics.stressValues.v2.impact.andesite_alloy.andesite_alloy_encased_fan was corrected from null to its default, 0.5. 
[28May2026 14:58:11.078] [Server thread/WARN] [net.minecraftforge.common.ForgeConfigSpec/CORE]: Incorrect key kinetics.stressValues.v2.impact.andesite_alloy.andesite_alloy_gearbox was corrected from null to its default, 0.0. 
[28May2026 14:58:11.078] [Server thread/WARN] [net.minecraftforge.common.ForgeConfigSpec/CORE]: Incorrect key kinetics.stressValues.v2.impact.andesite_alloy.andesite_alloy_mechanical_saw was corrected from null to its default, 1.0. 
[28May2026 14:58:11.078] [Server thread/WARN] [net.minecraftforge.common.ForgeConfigSpec/CORE]: Incorrect key kinetics.stressValues.v2.impact.andesite_alloy.large_andesite_alloy_cogwheel was corrected from null to its default, 0.0. 
[28May2026 14:58:11.078] [Server thread/WARN] [net.minecraftforge.common.ForgeConfigSpec/CORE]: Incorrect key kinetics.stressValues.v2.impact.andesite_alloy.brass_encased_large_andesite_alloy_cogwheel was corrected from null to its default, 0.0. 
[28May2026 14:58:11.078] [Server thread/WARN] [net.minecraftforge.common.ForgeConfigSpec/CORE]: Incorrect key kinetics.stressValues.v2.impact.andesite_alloy.andesite_alloy_cogwheel was corrected from null to its default, 0.0. 
[28May2026 14:58:11.078] [Server thread/WARN] [net.minecraftforge.common.ForgeConfigSpec/CORE]: Incorrect key kinetics.stressValues.v2.impact.andesite_alloy.andesite_alloy_millstone was corrected from null to its default, 0.5. 
[28May2026 14:58:11.078] [Server thread/WARN] [net.minecraftforge.common.ForgeConfigSpec/CORE]: Incorrect key kinetics.stressValues.v2.impact.neutronium was corrected from null to its default, SimpleCommentedConfig:{}. 
[28May2026 14:58:11.078] [Server thread/WARN] [net.minecraftforge.common.ForgeConfigSpec/CORE]: Incorrect key kinetics.stressValues.v2.impact.neutronium.neutronium_gearbox was corrected from null to its default, 0.0. 
[28May2026 14:58:11.078] [Server thread/WARN] [net.minecraftforge.common.ForgeConfigSpec/CORE]: Incorrect key kinetics.stressValues.v2.impact.neutronium.neutronium_cogwheel was corrected from null to its default, 0.0. 
[28May2026 14:58:11.078] [Server thread/WARN] [net.minecraftforge.common.ForgeConfigSpec/CORE]: Incorrect key kinetics.stressValues.v2.impact.neutronium.neutronium_mechanical_mixer was corrected from null to its default, 5.0. 
[28May2026 14:58:11.078] [Server thread/WARN] [net.minecraftforge.common.ForgeConfigSpec/CORE]: Incorrect key kinetics.stressValues.v2.impact.neutronium.neutronium_mechanical_saw was corrected from null to its default, 10.0. 
[28May2026 14:58:11.078] [Server thread/WARN] [net.minecraftforge.common.ForgeConfigSpec/CORE]: Incorrect key kinetics.stressValues.v2.impact.neutronium.large_neutronium_cogwheel was corrected from null to its default, 0.0. 
[28May2026 14:58:11.078] [Server thread/WARN] [net.minecraftforge.common.ForgeConfigSpec/CORE]: Incorrect key kinetics.stressValues.v2.impact.neutronium.neutronium_mechanical_pump was corrected from null to its default, 5.0. 
[28May2026 14:58:11.078] [Server thread/WARN] [net.minecraftforge.common.ForgeConfigSpec/CORE]: Incorrect key kinetics.stressValues.v2.impact.neutronium.brass_encased_neutronium_shaft was corrected from null to its default, 0.0. 
[28May2026 14:58:11.078] [Server thread/WARN] [net.minecraftforge.common.ForgeConfigSpec/CORE]: Incorrect key kinetics.stressValues.v2.impact.neutronium.neutronium_mechanical_press was corrected from null to its default, 10.0. 
[28May2026 14:58:11.078] [Server thread/WARN] [net.minecraftforge.common.ForgeConfigSpec/CORE]: Incorrect key kinetics.stressValues.v2.impact.neutronium.neutronium_encased_fan was corrected from null to its default, 5.6. 
[28May2026 14:58:11.078] [Server thread/WARN] [net.minecraftforge.common.ForgeConfigSpec/CORE]: Incorrect key kinetics.stressValues.v2.impact.neutronium.neutronium_crushing_wheel was corrected from null to its default, 5.0. 
[28May2026 14:58:11.078] [Server thread/WARN] [net.minecraftforge.common.ForgeConfigSpec/CORE]: Incorrect key kinetics.stressValues.v2.impact.neutronium.andesite_encased_neutronium_shaft was corrected from null to its default, 0.0. 
[28May2026 14:58:11.078] [Server thread/WARN] [net.minecraftforge.common.ForgeConfigSpec/CORE]: Incorrect key kinetics.stressValues.v2.impact.neutronium.andesite_encased_large_neutronium_cogwheel was corrected from null to its default, 0.0. 
[28May2026 14:58:11.078] [Server thread/WARN] [net.minecraftforge.common.ForgeConfigSpec/CORE]: Incorrect key kinetics.stressValues.v2.impact.neutronium.neutronium_millstone was corrected from null to its default, 5.0. 
[28May2026 14:58:11.078] [Server thread/WARN] [net.minecraftforge.common.ForgeConfigSpec/CORE]: Incorrect key kinetics.stressValues.v2.impact.neutronium.brass_encased_neutronium_cogwheel was corrected from null to its default, 0.0. 
[28May2026 14:58:11.078] [Server thread/WARN] [net.minecraftforge.common.ForgeConfigSpec/CORE]: Incorrect key kinetics.stressValues.v2.impact.neutronium.brass_encased_large_neutronium_cogwheel was corrected from null to its default, 0.0. 
[28May2026 14:58:11.078] [Server thread/WARN] [net.minecraftforge.common.ForgeConfigSpec/CORE]: Incorrect key kinetics.stressValues.v2.impact.neutronium.neutronium_shaft was corrected from null to its default, 0.0. 
[28May2026 14:58:11.078] [Server thread/WARN] [net.minecraftforge.common.ForgeConfigSpec/CORE]: Incorrect key kinetics.stressValues.v2.impact.neutronium.andesite_encased_neutronium_cogwheel was corrected from null to its default, 0.0. 
[28May2026 14:58:11.078] [Server thread/WARN] [net.minecraftforge.common.ForgeConfigSpec/CORE]: Incorrect key kinetics.stressValues.v2.impact.steel was corrected from null to its default, SimpleCommentedConfig:{}. 
[28May2026 14:58:11.078] [Server thread/WARN] [net.minecraftforge.common.ForgeConfigSpec/CORE]: Incorrect key kinetics.stressValues.v2.impact.steel.steel_mechanical_mixer was corrected from null to its default, 1.0. 
[28May2026 14:58:11.078] [Server thread/WARN] [net.minecraftforge.common.ForgeConfigSpec/CORE]: Incorrect key kinetics.stressValues.v2.impact.steel.tungsten_steel_gearbox was corrected from null to its default, 0.0. 
[28May2026 14:58:11.078] [Server thread/WARN] [net.minecraftforge.common.ForgeConfigSpec/CORE]: Incorrect key kinetics.stressValues.v2.impact.steel.tungsten_steel_crushing_wheel was corrected from null to its default, 3.0. 
[28May2026 14:58:11.078] [Server thread/WARN] [net.minecraftforge.common.ForgeConfigSpec/CORE]: Incorrect key kinetics.stressValues.v2.impact.steel.tungsten_steel_mechanical_pump was corrected from null to its default, 3.0. 
[28May2026 14:58:11.078] [Server thread/WARN] [net.minecraftforge.common.ForgeConfigSpec/CORE]: Incorrect key kinetics.stressValues.v2.impact.steel.brass_encased_tungsten_steel_shaft was corrected from null to its default, 0.0. 
[28May2026 14:58:11.078] [Server thread/WARN] [net.minecraftforge.common.ForgeConfigSpec/CORE]: Incorrect key kinetics.stressValues.v2.impact.steel.andesite_encased_steel_shaft was corrected from null to its default, 0.0. 
[28May2026 14:58:11.078] [Server thread/WARN] [net.minecraftforge.common.ForgeConfigSpec/CORE]: Incorrect key kinetics.stressValues.v2.impact.steel.large_steel_cogwheel was corrected from null to its default, 0.0. 
[28May2026 14:58:11.078] [Server thread/WARN] [net.minecraftforge.common.ForgeConfigSpec/CORE]: Incorrect key kinetics.stressValues.v2.impact.steel.andesite_encased_large_tungsten_steel_cogwheel was corrected from null to its default, 0.0. 
[28May2026 14:58:11.078] [Server thread/WARN] [net.minecraftforge.common.ForgeConfigSpec/CORE]: Incorrect key kinetics.stressValues.v2.impact.steel.andesite_encased_tungsten_steel_cogwheel was corrected from null to its default, 0.0. 
[28May2026 14:58:11.078] [Server thread/WARN] [net.minecraftforge.common.ForgeConfigSpec/CORE]: Incorrect key kinetics.stressValues.v2.impact.steel.stainless_steel_mechanical_saw was corrected from null to its default, 4.0. 
[28May2026 14:58:11.078] [Server thread/WARN] [net.minecraftforge.common.ForgeConfigSpec/CORE]: Incorrect key kinetics.stressValues.v2.impact.steel.stainless_steel_cogwheel was corrected from null to its default, 0.0. 
[28May2026 14:58:11.078] [Server thread/WARN] [net.minecraftforge.common.ForgeConfigSpec/CORE]: Incorrect key kinetics.stressValues.v2.impact.steel.steel_crushing_wheel was corrected from null to its default, 1.0. 
[28May2026 14:58:11.078] [Server thread/WARN] [net.minecraftforge.common.ForgeConfigSpec/CORE]: Incorrect key kinetics.stressValues.v2.impact.steel.steel_mechanical_press was corrected from null to its default, 2.0. 
[28May2026 14:58:11.078] [Server thread/WARN] [net.minecraftforge.common.ForgeConfigSpec/CORE]: Incorrect key kinetics.stressValues.v2.impact.steel.andesite_encased_stainless_steel_shaft was corrected from null to its default, 0.0. 
[28May2026 14:58:11.078] [Server thread/WARN] [net.minecraftforge.common.ForgeConfigSpec/CORE]: Incorrect key kinetics.stressValues.v2.impact.steel.tungsten_steel_encased_fan was corrected from null to its default, 3.0. 
[28May2026 14:58:11.078] [Server thread/WARN] [net.minecraftforge.common.ForgeConfigSpec/CORE]: Incorrect key kinetics.stressValues.v2.impact.steel.steel_shaft was corrected from null to its default, 0.0. 
[28May2026 14:58:11.078] [Server thread/WARN] [net.minecraftforge.common.ForgeConfigSpec/CORE]: Incorrect key kinetics.stressValues.v2.impact.steel.andesite_encased_large_stainless_steel_cogwheel was corrected from null to its default, 0.0. 
[28May2026 14:58:11.078] [Server thread/WARN] [net.minecraftforge.common.ForgeConfigSpec/CORE]: Incorrect key kinetics.stressValues.v2.impact.steel.brass_encased_large_steel_cogwheel was corrected from null to its default, 0.0. 
[28May2026 14:58:11.078] [Server thread/WARN] [net.minecraftforge.common.ForgeConfigSpec/CORE]: Incorrect key kinetics.stressValues.v2.impact.steel.large_tungsten_steel_cogwheel was corrected from null to its default, 0.0. 
[28May2026 14:58:11.078] [Server thread/WARN] [net.minecraftforge.common.ForgeConfigSpec/CORE]: Incorrect key kinetics.stressValues.v2.impact.steel.andesite_encased_steel_cogwheel was corrected from null to its default, 0.0. 
[28May2026 14:58:11.078] [Server thread/WARN] [net.minecraftforge.common.ForgeConfigSpec/CORE]: Incorrect key kinetics.stressValues.v2.impact.steel.steel_cogwheel was corrected from null to its default, 0.0. 
[28May2026 14:58:11.078] [Server thread/WARN] [net.minecraftforge.common.ForgeConfigSpec/CORE]: Incorrect key kinetics.stressValues.v2.impact.steel.stainless_steel_shaft was corrected from null to its default, 0.0. 
[28May2026 14:58:11.078] [Server thread/WARN] [net.minecraftforge.common.ForgeConfigSpec/CORE]: Incorrect key kinetics.stressValues.v2.impact.steel.tungsten_steel_cogwheel was corrected from null to its default, 0.0. 
[28May2026 14:58:11.078] [Server thread/WARN] [net.minecraftforge.common.ForgeConfigSpec/CORE]: Incorrect key kinetics.stressValues.v2.impact.steel.stainless_steel_mechanical_press was corrected from null to its default, 4.0. 
[28May2026 14:58:11.078] [Server thread/WARN] [net.minecraftforge.common.ForgeConfigSpec/CORE]: Incorrect key kinetics.stressValues.v2.impact.steel.large_stainless_steel_cogwheel was corrected from null to its default, 0.0. 
[28May2026 14:58:11.078] [Server thread/WARN] [net.minecraftforge.common.ForgeConfigSpec/CORE]: Incorrect key kinetics.stressValues.v2.impact.steel.andesite_encased_large_steel_cogwheel was corrected from null to its default, 0.0. 
[28May2026 14:58:11.078] [Server thread/WARN] [net.minecraftforge.common.ForgeConfigSpec/CORE]: Incorrect key kinetics.stressValues.v2.impact.steel.brass_encased_large_tungsten_steel_cogwheel was corrected from null to its default, 0.0. 
[28May2026 14:58:11.078] [Server thread/WARN] [net.minecraftforge.common.ForgeConfigSpec/CORE]: Incorrect key kinetics.stressValues.v2.impact.steel.brass_encased_steel_cogwheel was corrected from null to its default, 0.0. 
[28May2026 14:58:11.078] [Server thread/WARN] [net.minecraftforge.common.ForgeConfigSpec/CORE]: Incorrect key kinetics.stressValues.v2.impact.steel.stainless_steel_mechanical_pump was corrected from null to its default, 2.0. 
[28May2026 14:58:11.078] [Server thread/WARN] [net.minecraftforge.common.ForgeConfigSpec/CORE]: Incorrect key kinetics.stressValues.v2.impact.steel.brass_encased_large_stainless_steel_cogwheel was corrected from null to its default, 0.0. 
[28May2026 14:58:11.078] [Server thread/WARN] [net.minecraftforge.common.ForgeConfigSpec/CORE]: Incorrect key kinetics.stressValues.v2.impact.steel.stainless_steel_encased_fan was corrected from null to its default, 2.0. 
[28May2026 14:58:11.078] [Server thread/WARN] [net.minecraftforge.common.ForgeConfigSpec/CORE]: Incorrect key kinetics.stressValues.v2.impact.steel.stainless_steel_millstone was corrected from null to its default, 2.0. 
[28May2026 14:58:11.078] [Server thread/WARN] [net.minecraftforge.common.ForgeConfigSpec/CORE]: Incorrect key kinetics.stressValues.v2.impact.steel.stainless_steel_gearbox was corrected from null to its default, 0.0. 
[28May2026 14:58:11.078] [Server thread/WARN] [net.minecraftforge.common.ForgeConfigSpec/CORE]: Incorrect key kinetics.stressValues.v2.impact.steel.tungsten_steel_millstone was corrected from null to its default, 3.0. 
[28May2026 14:58:11.078] [Server thread/WARN] [net.minecraftforge.common.ForgeConfigSpec/CORE]: Incorrect key kinetics.stressValues.v2.impact.steel.brass_encased_stainless_steel_shaft was corrected from null to its default, 0.0. 
[28May2026 14:58:11.078] [Server thread/WARN] [net.minecraftforge.common.ForgeConfigSpec/CORE]: Incorrect key kinetics.stressValues.v2.impact.steel.brass_encased_steel_shaft was corrected from null to its default, 0.0. 
[28May2026 14:58:11.078] [Server thread/WARN] [net.minecraftforge.common.ForgeConfigSpec/CORE]: Incorrect key kinetics.stressValues.v2.impact.steel.steel_millstone was corrected from null to its default, 1.0. 
[28May2026 14:58:11.078] [Server thread/WARN] [net.minecraftforge.common.ForgeConfigSpec/CORE]: Incorrect key kinetics.stressValues.v2.impact.steel.tungsten_steel_mechanical_press was corrected from null to its default, 6.0. 
[28May2026 14:58:11.078] [Server thread/WARN] [net.minecraftforge.common.ForgeConfigSpec/CORE]: Incorrect key kinetics.stressValues.v2.impact.steel.tungsten_steel_shaft was corrected from null to its default, 0.0. 
[28May2026 14:58:11.078] [Server thread/WARN] [net.minecraftforge.common.ForgeConfigSpec/CORE]: Incorrect key kinetics.stressValues.v2.impact.steel.steel_mechanical_pump was corrected from null to its default, 1.0. 
[28May2026 14:58:11.078] [Server thread/WARN] [net.minecraftforge.common.ForgeConfigSpec/CORE]: Incorrect key kinetics.stressValues.v2.impact.steel.stainless_steel_mechanical_mixer was corrected from null to its default, 2.0. 
[28May2026 14:58:11.078] [Server thread/WARN] [net.minecraftforge.common.ForgeConfigSpec/CORE]: Incorrect key kinetics.stressValues.v2.impact.steel.andesite_encased_stainless_steel_cogwheel was corrected from null to its default, 0.0. 
[28May2026 14:58:11.078] [Server thread/WARN] [net.minecraftforge.common.ForgeConfigSpec/CORE]: Incorrect key kinetics.stressValues.v2.impact.steel.andesite_encased_tungsten_steel_shaft was corrected from null to its default, 0.0. 
[28May2026 14:58:11.078] [Server thread/WARN] [net.minecraftforge.common.ForgeConfigSpec/CORE]: Incorrect key kinetics.stressValues.v2.impact.steel.steel_gearbox was corrected from null to its default, 0.0. 
[28May2026 14:58:11.078] [Server thread/WARN] [net.minecraftforge.common.ForgeConfigSpec/CORE]: Incorrect key kinetics.stressValues.v2.impact.steel.tungsten_steel_mechanical_saw was corrected from null to its default, 6.0. 
[28May2026 14:58:11.078] [Server thread/WARN] [net.minecraftforge.common.ForgeConfigSpec/CORE]: Incorrect key kinetics.stressValues.v2.impact.steel.brass_encased_tungsten_steel_cogwheel was corrected from null to its default, 0.0. 
[28May2026 14:58:11.078] [Server thread/WARN] [net.minecraftforge.common.ForgeConfigSpec/CORE]: Incorrect key kinetics.stressValues.v2.impact.steel.brass_encased_stainless_steel_cogwheel was corrected from null to its default, 0.0. 
[28May2026 14:58:11.078] [Server thread/WARN] [net.minecraftforge.common.ForgeConfigSpec/CORE]: Incorrect key kinetics.stressValues.v2.impact.steel.stainless_steel_crushing_wheel was corrected from null to its default, 2.0. 
[28May2026 14:58:11.078] [Server thread/WARN] [net.minecraftforge.common.ForgeConfigSpec/CORE]: Incorrect key kinetics.stressValues.v2.impact.steel.tungsten_steel_mechanical_mixer was corrected from null to its default, 3.0. 
[28May2026 14:58:11.078] [Server thread/WARN] [net.minecraftforge.common.ForgeConfigSpec/CORE]: Incorrect key kinetics.stressValues.v2.impact.steel.steel_mechanical_saw was corrected from null to its default, 2.0. 
[28May2026 14:58:11.078] [Server thread/WARN] [net.minecraftforge.common.ForgeConfigSpec/CORE]: Incorrect key kinetics.stressValues.v2.impact.steel.steel_encased_fan was corrected from null to its default, 1.0. 
[28May2026 14:58:11.078] [Server thread/WARN] [net.minecraftforge.common.ForgeConfigSpec/CORE]: Incorrect key kinetics.stressValues.v2.impact.tungsten_steel was corrected from null to its default, SimpleCommentedConfig:{}. 
[28May2026 14:58:11.078] [Server thread/WARN] [net.minecraftforge.common.ForgeConfigSpec/CORE]: Incorrect key kinetics.stressValues.v2.impact.tungsten_steel.tungsten_steel_gearbox was corrected from null to its default, 0.0. 
[28May2026 14:58:11.078] [Server thread/WARN] [net.minecraftforge.common.ForgeConfigSpec/CORE]: Incorrect key kinetics.stressValues.v2.impact.tungsten_steel.tungsten_steel_crushing_wheel was corrected from null to its default, 3.0. 
[28May2026 14:58:11.078] [Server thread/WARN] [net.minecraftforge.common.ForgeConfigSpec/CORE]: Incorrect key kinetics.stressValues.v2.impact.tungsten_steel.tungsten_steel_mechanical_pump was corrected from null to its default, 3.0. 
[28May2026 14:58:11.079] [Server thread/WARN] [net.minecraftforge.common.ForgeConfigSpec/CORE]: Incorrect key kinetics.stressValues.v2.impact.tungsten_steel.brass_encased_tungsten_steel_shaft was corrected from null to its default, 0.0. 
[28May2026 14:58:11.079] [Server thread/WARN] [net.minecraftforge.common.ForgeConfigSpec/CORE]: Incorrect key kinetics.stressValues.v2.impact.tungsten_steel.andesite_encased_large_tungsten_steel_cogwheel was corrected from null to its default, 0.0. 
[28May2026 14:58:11.079] [Server thread/WARN] [net.minecraftforge.common.ForgeConfigSpec/CORE]: Incorrect key kinetics.stressValues.v2.impact.tungsten_steel.andesite_encased_tungsten_steel_cogwheel was corrected from null to its default, 0.0. 
[28May2026 14:58:11.079] [Server thread/WARN] [net.minecraftforge.common.ForgeConfigSpec/CORE]: Incorrect key kinetics.stressValues.v2.impact.tungsten_steel.tungsten_steel_encased_fan was corrected from null to its default, 3.0. 
[28May2026 14:58:11.079] [Server thread/WARN] [net.minecraftforge.common.ForgeConfigSpec/CORE]: Incorrect key kinetics.stressValues.v2.impact.tungsten_steel.large_tungsten_steel_cogwheel was corrected from null to its default, 0.0. 
[28May2026 14:58:11.079] [Server thread/WARN] [net.minecraftforge.common.ForgeConfigSpec/CORE]: Incorrect key kinetics.stressValues.v2.impact.tungsten_steel.tungsten_steel_cogwheel was corrected from null to its default, 0.0. 
[28May2026 14:58:11.079] [Server thread/WARN] [net.minecraftforge.common.ForgeConfigSpec/CORE]: Incorrect key kinetics.stressValues.v2.impact.tungsten_steel.brass_encased_large_tungsten_steel_cogwheel was corrected from null to its default, 0.0. 
[28May2026 14:58:11.079] [Server thread/WARN] [net.minecraftforge.common.ForgeConfigSpec/CORE]: Incorrect key kinetics.stressValues.v2.impact.tungsten_steel.tungsten_steel_millstone was corrected from null to its default, 3.0. 
[28May2026 14:58:11.079] [Server thread/WARN] [net.minecraftforge.common.ForgeConfigSpec/CORE]: Incorrect key kinetics.stressValues.v2.impact.tungsten_steel.tungsten_steel_mechanical_press was corrected from null to its default, 6.0. 
[28May2026 14:58:11.079] [Server thread/WARN] [net.minecraftforge.common.ForgeConfigSpec/CORE]: Incorrect key kinetics.stressValues.v2.impact.tungsten_steel.tungsten_steel_shaft was corrected from null to its default, 0.0. 
[28May2026 14:58:11.079] [Server thread/WARN] [net.minecraftforge.common.ForgeConfigSpec/CORE]: Incorrect key kinetics.stressValues.v2.impact.tungsten_steel.andesite_encased_tungsten_steel_shaft was corrected from null to its default, 0.0. 
[28May2026 14:58:11.079] [Server thread/WARN] [net.minecraftforge.common.ForgeConfigSpec/CORE]: Incorrect key kinetics.stressValues.v2.impact.tungsten_steel.tungsten_steel_mechanical_saw was corrected from null to its default, 6.0. 
[28May2026 14:58:11.079] [Server thread/WARN] [net.minecraftforge.common.ForgeConfigSpec/CORE]: Incorrect key kinetics.stressValues.v2.impact.tungsten_steel.brass_encased_tungsten_steel_cogwheel was corrected from null to its default, 0.0. 
[28May2026 14:58:11.079] [Server thread/WARN] [net.minecraftforge.common.ForgeConfigSpec/CORE]: Incorrect key kinetics.stressValues.v2.impact.tungsten_steel.tungsten_steel_mechanical_mixer was corrected from null to its default, 3.0. 
[28May2026 14:58:11.079] [Server thread/WARN] [net.minecraftforge.common.ForgeConfigSpec/CORE]: Incorrect key kinetics.stressValues.v2.impact.rhodium_plated_palladium was corrected from null to its default, SimpleCommentedConfig:{}. 
[28May2026 14:58:11.079] [Server thread/WARN] [net.minecraftforge.common.ForgeConfigSpec/CORE]: Incorrect key kinetics.stressValues.v2.impact.rhodium_plated_palladium.rhodium_plated_palladium_cogwheel was corrected from null to its default, 0.0. 
[28May2026 14:58:11.079] [Server thread/WARN] [net.minecraftforge.common.ForgeConfigSpec/CORE]: Incorrect key kinetics.stressValues.v2.impact.rhodium_plated_palladium.andesite_encased_rhodium_plated_palladium_cogwheel was corrected from null to its default, 0.0. 
[28May2026 14:58:11.079] [Server thread/WARN] [net.minecraftforge.common.ForgeConfigSpec/CORE]: Incorrect key kinetics.stressValues.v2.impact.rhodium_plated_palladium.rhodium_plated_palladium_shaft was corrected from null to its default, 0.0. 
[28May2026 14:58:11.079] [Server thread/WARN] [net.minecraftforge.common.ForgeConfigSpec/CORE]: Incorrect key kinetics.stressValues.v2.impact.rhodium_plated_palladium.brass_encased_rhodium_plated_palladium_shaft was corrected from null to its default, 0.0. 
[28May2026 14:58:11.079] [Server thread/WARN] [net.minecraftforge.common.ForgeConfigSpec/CORE]: Incorrect key kinetics.stressValues.v2.impact.rhodium_plated_palladium.rhodium_plated_palladium_mechanical_pump was corrected from null to its default, 3.5. 
[28May2026 14:58:11.079] [Server thread/WARN] [net.minecraftforge.common.ForgeConfigSpec/CORE]: Incorrect key kinetics.stressValues.v2.impact.rhodium_plated_palladium.rhodium_plated_palladium_mechanical_mixer was corrected from null to its default, 3.5. 
[28May2026 14:58:11.079] [Server thread/WARN] [net.minecraftforge.common.ForgeConfigSpec/CORE]: Incorrect key kinetics.stressValues.v2.impact.rhodium_plated_palladium.rhodium_plated_palladium_crushing_wheel was corrected from null to its default, 3.5. 
[28May2026 14:58:11.079] [Server thread/WARN] [net.minecraftforge.common.ForgeConfigSpec/CORE]: Incorrect key kinetics.stressValues.v2.impact.rhodium_plated_palladium.rhodium_plated_palladium_mechanical_saw was corrected from null to its default, 7.0. 
[28May2026 14:58:11.079] [Server thread/WARN] [net.minecraftforge.common.ForgeConfigSpec/CORE]: Incorrect key kinetics.stressValues.v2.impact.rhodium_plated_palladium.rhodium_plated_palladium_gearbox was corrected from null to its default, 0.0. 
[28May2026 14:58:11.087] [Server thread/WARN] [net.minecraftforge.common.ForgeConfigSpec/CORE]: Incorrect key kinetics.stressValues.v2.impact.rhodium_plated_palladium.rhodium_plated_palladium_millstone was corrected from null to its default, 3.5. 
[28May2026 14:58:11.087] [Server thread/WARN] [net.minecraftforge.common.ForgeConfigSpec/CORE]: Incorrect key kinetics.stressValues.v2.impact.rhodium_plated_palladium.brass_encased_large_rhodium_plated_palladium_cogwheel was corrected from null to its default, 0.0. 
[28May2026 14:58:11.087] [Server thread/WARN] [net.minecraftforge.common.ForgeConfigSpec/CORE]: Incorrect key kinetics.stressValues.v2.impact.rhodium_plated_palladium.rhodium_plated_palladium_encased_fan was corrected from null to its default, 3.5. 
[28May2026 14:58:11.087] [Server thread/WARN] [net.minecraftforge.common.ForgeConfigSpec/CORE]: Incorrect key kinetics.stressValues.v2.impact.rhodium_plated_palladium.large_rhodium_plated_palladium_cogwheel was corrected from null to its default, 0.0. 
[28May2026 14:58:11.087] [Server thread/WARN] [net.minecraftforge.common.ForgeConfigSpec/CORE]: Incorrect key kinetics.stressValues.v2.impact.rhodium_plated_palladium.rhodium_plated_palladium_mechanical_press was corrected from null to its default, 7.0. 
[28May2026 14:58:11.087] [Server thread/WARN] [net.minecraftforge.common.ForgeConfigSpec/CORE]: Incorrect key kinetics.stressValues.v2.impact.rhodium_plated_palladium.andesite_encased_rhodium_plated_palladium_shaft was corrected from null to its default, 0.0. 
[28May2026 14:58:11.087] [Server thread/WARN] [net.minecraftforge.common.ForgeConfigSpec/CORE]: Incorrect key kinetics.stressValues.v2.impact.rhodium_plated_palladium.brass_encased_rhodium_plated_palladium_cogwheel was corrected from null to its default, 0.0. 
[28May2026 14:58:11.087] [Server thread/WARN] [net.minecraftforge.common.ForgeConfigSpec/CORE]: Incorrect key kinetics.stressValues.v2.impact.rhodium_plated_palladium.andesite_encased_large_rhodium_plated_palladium_cogwheel was corrected from null to its default, 0.0. 
[28May2026 14:58:11.087] [Server thread/WARN] [net.minecraftforge.common.ForgeConfigSpec/CORE]: Incorrect key kinetics.stressValues.v2.impact.titanium was corrected from null to its default, SimpleCommentedConfig:{}. 
[28May2026 14:58:11.087] [Server thread/WARN] [net.minecraftforge.common.ForgeConfigSpec/CORE]: Incorrect key kinetics.stressValues.v2.impact.titanium.titanium_cogwheel was corrected from null to its default, 0.0. 
[28May2026 14:58:11.087] [Server thread/WARN] [net.minecraftforge.common.ForgeConfigSpec/CORE]: Incorrect key kinetics.stressValues.v2.impact.titanium.titanium_mechanical_press was corrected from null to its default, 5.0. 
[28May2026 14:58:11.087] [Server thread/WARN] [net.minecraftforge.common.ForgeConfigSpec/CORE]: Incorrect key kinetics.stressValues.v2.impact.titanium.andesite_encased_large_titanium_cogwheel was corrected from null to its default, 0.0. 
[28May2026 14:58:11.087] [Server thread/WARN] [net.minecraftforge.common.ForgeConfigSpec/CORE]: Incorrect key kinetics.stressValues.v2.impact.titanium.titanium_mechanical_mixer was corrected from null to its default, 2.5. 
[28May2026 14:58:11.087] [Server thread/WARN] [net.minecraftforge.common.ForgeConfigSpec/CORE]: Incorrect key kinetics.stressValues.v2.impact.titanium.titanium_mechanical_pump was corrected from null to its default, 2.5. 
[28May2026 14:58:11.087] [Server thread/WARN] [net.minecraftforge.common.ForgeConfigSpec/CORE]: Incorrect key kinetics.stressValues.v2.impact.titanium.large_titanium_cogwheel was corrected from null to its default, 0.0. 
[28May2026 14:58:11.087] [Server thread/WARN] [net.minecraftforge.common.ForgeConfigSpec/CORE]: Incorrect key kinetics.stressValues.v2.impact.titanium.titanium_millstone was corrected from null to its default, 2.5. 
[28May2026 14:58:11.087] [Server thread/WARN] [net.minecraftforge.common.ForgeConfigSpec/CORE]: Incorrect key kinetics.stressValues.v2.impact.titanium.brass_encased_titanium_shaft was corrected from null to its default, 0.0. 
[28May2026 14:58:11.087] [Server thread/WARN] [net.minecraftforge.common.ForgeConfigSpec/CORE]: Incorrect key kinetics.stressValues.v2.impact.titanium.titanium_crushing_wheel was corrected from null to its default, 2.5. 
[28May2026 14:58:11.087] [Server thread/WARN] [net.minecraftforge.common.ForgeConfigSpec/CORE]: Incorrect key kinetics.stressValues.v2.impact.titanium.titanium_shaft was corrected from null to its default, 0.0. 
[28May2026 14:58:11.087] [Server thread/WARN] [net.minecraftforge.common.ForgeConfigSpec/CORE]: Incorrect key kinetics.stressValues.v2.impact.titanium.andesite_encased_titanium_shaft was corrected from null to its default, 0.0. 
[28May2026 14:58:11.087] [Server thread/WARN] [net.minecraftforge.common.ForgeConfigSpec/CORE]: Incorrect key kinetics.stressValues.v2.impact.titanium.brass_encased_titanium_cogwheel was corrected from null to its default, 0.0. 
[28May2026 14:58:11.087] [Server thread/WARN] [net.minecraftforge.common.ForgeConfigSpec/CORE]: Incorrect key kinetics.stressValues.v2.impact.titanium.titanium_mechanical_saw was corrected from null to its default, 5.0. 
[28May2026 14:58:11.087] [Server thread/WARN] [net.minecraftforge.common.ForgeConfigSpec/CORE]: Incorrect key kinetics.stressValues.v2.impact.titanium.brass_encased_large_titanium_cogwheel was corrected from null to its default, 0.0. 
[28May2026 14:58:11.087] [Server thread/WARN] [net.minecraftforge.common.ForgeConfigSpec/CORE]: Incorrect key kinetics.stressValues.v2.impact.titanium.andesite_encased_titanium_cogwheel was corrected from null to its default, 0.0. 
[28May2026 14:58:11.087] [Server thread/WARN] [net.minecraftforge.common.ForgeConfigSpec/CORE]: Incorrect key kinetics.stressValues.v2.impact.titanium.titanium_gearbox was corrected from null to its default, 0.0. 
[28May2026 14:58:11.087] [Server thread/WARN] [net.minecraftforge.common.ForgeConfigSpec/CORE]: Incorrect key kinetics.stressValues.v2.impact.titanium.titanium_encased_fan was corrected from null to its default, 2.5. 
[28May2026 14:58:11.087] [Server thread/WARN] [net.minecraftforge.common.ForgeConfigSpec/CORE]: Incorrect key kinetics.stressValues.v2.impact.stainless_steel was corrected from null to its default, SimpleCommentedConfig:{}. 
[28May2026 14:58:11.087] [Server thread/WARN] [net.minecraftforge.common.ForgeConfigSpec/CORE]: Incorrect key kinetics.stressValues.v2.impact.stainless_steel.stainless_steel_mechanical_saw was corrected from null to its default, 4.0. 
[28May2026 14:58:11.087] [Server thread/WARN] [net.minecraftforge.common.ForgeConfigSpec/CORE]: Incorrect key kinetics.stressValues.v2.impact.stainless_steel.stainless_steel_cogwheel was corrected from null to its default, 0.0. 
[28May2026 14:58:11.087] [Server thread/WARN] [net.minecraftforge.common.ForgeConfigSpec/CORE]: Incorrect key kinetics.stressValues.v2.impact.stainless_steel.andesite_encased_stainless_steel_shaft was corrected from null to its default, 0.0. 
[28May2026 14:58:11.087] [Server thread/WARN] [net.minecraftforge.common.ForgeConfigSpec/CORE]: Incorrect key kinetics.stressValues.v2.impact.stainless_steel.andesite_encased_large_stainless_steel_cogwheel was corrected from null to its default, 0.0. 
[28May2026 14:58:11.087] [Server thread/WARN] [net.minecraftforge.common.ForgeConfigSpec/CORE]: Incorrect key kinetics.stressValues.v2.impact.stainless_steel.stainless_steel_shaft was corrected from null to its default, 0.0. 
[28May2026 14:58:11.087] [Server thread/WARN] [net.minecraftforge.common.ForgeConfigSpec/CORE]: Incorrect key kinetics.stressValues.v2.impact.stainless_steel.stainless_steel_mechanical_press was corrected from null to its default, 4.0. 
[28May2026 14:58:11.087] [Server thread/WARN] [net.minecraftforge.common.ForgeConfigSpec/CORE]: Incorrect key kinetics.stressValues.v2.impact.stainless_steel.large_stainless_steel_cogwheel was corrected from null to its default, 0.0. 
[28May2026 14:58:11.087] [Server thread/WARN] [net.minecraftforge.common.ForgeConfigSpec/CORE]: Incorrect key kinetics.stressValues.v2.impact.stainless_steel.stainless_steel_mechanical_pump was corrected from null to its default, 2.0. 
[28May2026 14:58:11.087] [Server thread/WARN] [net.minecraftforge.common.ForgeConfigSpec/CORE]: Incorrect key kinetics.stressValues.v2.impact.stainless_steel.brass_encased_large_stainless_steel_cogwheel was corrected from null to its default, 0.0. 
[28May2026 14:58:11.087] [Server thread/WARN] [net.minecraftforge.common.ForgeConfigSpec/CORE]: Incorrect key kinetics.stressValues.v2.impact.stainless_steel.stainless_steel_encased_fan was corrected from null to its default, 2.0. 
[28May2026 14:58:11.087] [Server thread/WARN] [net.minecraftforge.common.ForgeConfigSpec/CORE]: Incorrect key kinetics.stressValues.v2.impact.stainless_steel.stainless_steel_millstone was corrected from null to its default, 2.0. 
[28May2026 14:58:11.088] [Server thread/WARN] [net.minecraftforge.common.ForgeConfigSpec/CORE]: Incorrect key kinetics.stressValues.v2.impact.stainless_steel.stainless_steel_gearbox was corrected from null to its default, 0.0. 
[28May2026 14:58:11.088] [Server thread/WARN] [net.minecraftforge.common.ForgeConfigSpec/CORE]: Incorrect key kinetics.stressValues.v2.impact.stainless_steel.brass_encased_stainless_steel_shaft was corrected from null to its default, 0.0. 
[28May2026 14:58:11.088] [Server thread/WARN] [net.minecraftforge.common.ForgeConfigSpec/CORE]: Incorrect key kinetics.stressValues.v2.impact.stainless_steel.stainless_steel_mechanical_mixer was corrected from null to its default, 2.0. 
[28May2026 14:58:11.088] [Server thread/WARN] [net.minecraftforge.common.ForgeConfigSpec/CORE]: Incorrect key kinetics.stressValues.v2.impact.stainless_steel.andesite_encased_stainless_steel_cogwheel was corrected from null to its default, 0.0. 
[28May2026 14:58:11.088] [Server thread/WARN] [net.minecraftforge.common.ForgeConfigSpec/CORE]: Incorrect key kinetics.stressValues.v2.impact.stainless_steel.brass_encased_stainless_steel_cogwheel was corrected from null to its default, 0.0. 
[28May2026 14:58:11.088] [Server thread/WARN] [net.minecraftforge.common.ForgeConfigSpec/CORE]: Incorrect key kinetics.stressValues.v2.impact.stainless_steel.stainless_steel_crushing_wheel was corrected from null to its default, 2.0. 
[28May2026 14:58:11.088] [Server thread/WARN] [net.minecraftforge.common.ForgeConfigSpec/CORE]: Incorrect key kinetics.pumps was corrected from null to its default, SimpleCommentedConfig:{}. 
[28May2026 14:58:11.088] [Server thread/WARN] [net.minecraftforge.common.ForgeConfigSpec/CORE]: Incorrect key kinetics.pumps.pressure was corrected from null to its default, SimpleCommentedConfig:{}. 
[28May2026 14:58:11.088] [Server thread/WARN] [net.minecraftforge.common.ForgeConfigSpec/CORE]: Incorrect key kinetics.pumps.pressure.andesitePressure was corrected from null to its default, 4.0. 
[28May2026 14:58:11.088] [Server thread/WARN] [net.minecraftforge.common.ForgeConfigSpec/CORE]: Incorrect key kinetics.pumps.pressure.steelPressure was corrected from null to its default, 16.0. 
[28May2026 14:58:11.088] [Server thread/WARN] [net.minecraftforge.common.ForgeConfigSpec/CORE]: Incorrect key kinetics.pumps.pressure.aluminiumPressure was corrected from null to its default, 64.0. 
[28May2026 14:58:11.088] [Server thread/WARN] [net.minecraftforge.common.ForgeConfigSpec/CORE]: Incorrect key kinetics.pumps.pressure.stainlessSteelPressure was corrected from null to its default, 256.0. 
[28May2026 14:58:11.088] [Server thread/WARN] [net.minecraftforge.common.ForgeConfigSpec/CORE]: Incorrect key kinetics.pumps.pressure.titaniumPressure was corrected from null to its default, 1028.0. 
[28May2026 14:58:11.088] [Server thread/WARN] [net.minecraftforge.common.ForgeConfigSpec/CORE]: Incorrect key kinetics.pumps.pressure.tungstensteelPressure was corrected from null to its default, 4096.0. 
[28May2026 14:58:11.088] [Server thread/WARN] [net.minecraftforge.common.ForgeConfigSpec/CORE]: Incorrect key kinetics.pumps.pressure.palladiumPressure was corrected from null to its default, 16384.0. 
[28May2026 14:58:11.088] [Server thread/WARN] [net.minecraftforge.common.ForgeConfigSpec/CORE]: Incorrect key kinetics.pumps.pressure.naquadahPressure was corrected from null to its default, 65536.0. 
[28May2026 14:58:11.088] [Server thread/WARN] [net.minecraftforge.common.ForgeConfigSpec/CORE]: Incorrect key kinetics.pumps.pressure.darmstadtiumPressure was corrected from null to its default, 262144.0. 
[28May2026 14:58:11.088] [Server thread/WARN] [net.minecraftforge.common.ForgeConfigSpec/CORE]: Incorrect key kinetics.pumps.pressure.neutroniumPressure was corrected from null to its default, 1048576.0. 
[28May2026 14:58:11.141] [Server thread/INFO] [spark/]: Starting background profiler...
[28May2026 14:58:11.446] [Server thread/INFO] [terrablender/]: Initialized TerraBlender biomes for level stem minecraft:the_nether
[28May2026 14:58:11.546] [Server thread/INFO] [terrablender/]: Initialized TerraBlender biomes for level stem minecraft:overworld
[28May2026 14:58:11.865] [Server thread/ERROR] [igentuman.nc.NuclearCraft/]: No fluid found for tag forge:xenorium298
[28May2026 14:58:11.903] [Server thread/ERROR] [igentuman.nc.NuclearCraft/]: No fluid found for tag forge:fissile_fuel
[28May2026 14:58:11.903] [Server thread/ERROR] [igentuman.nc.NuclearCraft/]: No fluid found for tag forge:nuclear_waste
[28May2026 14:58:11.903] [Server thread/ERROR] [igentuman.nc.NuclearCraft/]: No fluid found for tag forge:xenorium/298_ni
[28May2026 14:58:11.903] [Server thread/ERROR] [igentuman.nc.NuclearCraft/]: No fluid found for tag forge:xenorium/298_ox
[28May2026 14:58:11.903] [Server thread/ERROR] [igentuman.nc.NuclearCraft/]: No fluid found for tag forge:xenorium/298_za
[28May2026 14:58:11.903] [Server thread/ERROR] [igentuman.nc.NuclearCraft/]: No fluid found for tag forge:coal
[28May2026 14:58:11.903] [Server thread/ERROR] [igentuman.nc.NuclearCraft/]: No fluid found for tag forge:graphite
[28May2026 14:58:11.903] [Server thread/ERROR] [igentuman.nc.NuclearCraft/]: No fluid found for tag forge:graphite
[28May2026 14:58:11.903] [Server thread/ERROR] [igentuman.nc.NuclearCraft/]: No fluid found for tag forge:niobium_tin
[28May2026 14:58:11.903] [Server thread/ERROR] [igentuman.nc.NuclearCraft/]: No fluid found for tag forge:graphite
[28May2026 14:58:11.934] [Server thread/WARN] [mixin/]: Method overwrite conflict for removeIf in lithium.mixins.json:world.chunk_tickets.SortedArraySetMixin, previously written by org.embeddedt.modernfix.common.mixin.bugfix.paper_chunk_patches.SortedArraySetMixin. Skipping method.
[28May2026 14:58:15.296] [Server thread/INFO] [net.minecraft.server.MinecraftServer/]: Preparing start region for dimension minecraft:overworld
[28May2026 14:58:15.297] [Server thread/INFO] [KubeJS Server/]: Server resource reload complete!
[28May2026 14:58:17.382] [Worker-Main-4/INFO] [STDOUT/]: [earth.terrarium.botarium.common.energy.EnergyApi:finalizeBlockRegistration:39]: Finalizing energy block registration
[28May2026 14:58:17.382] [Worker-Main-4/INFO] [STDOUT/]: [earth.terrarium.botarium.common.fluid.FluidApi:finalizeBlockRegistration:42]: Finalizing fluid block registration
[28May2026 14:58:39.856] [Server thread/INFO] [net.minecraftforge.server.permission.PermissionAPI/]: Successfully initialized permission handler forge:default_handler
[28May2026 14:58:39.863] [Render thread/INFO] [net.minecraft.server.level.progress.LoggerChunkProgressListener/]: Time elapsed: 578884 ms
[28May2026 14:58:39.871] [Server thread/INFO] [xaero.map.WorldMap/]: Registered synced player tracker system: ftb_teams
[28May2026 14:58:39.872] [Server thread/INFO] [xaero.hud.minimap.MinimapLogs/]: Registered synced player tracker system: ftb_teams
[28May2026 14:58:39.902] [Server thread/INFO] [FTB Quests/]: Loading quests from /home/bigh/.var/app/org.prismlauncher.PrismLauncher/data/PrismLauncher/instances/GregTech Community Pack Modern/minecraft/config/ftbquests/quests
[28May2026 14:58:39.934] [Server thread/INFO] [FTB Quests/]: Loaded 4 chapter groups, 17 chapters, 564 quests, 8 reward tables
[28May2026 14:58:40.082] [Server thread/WARN] [net.minecraft.network.syncher.SynchedEntityData/]: defineId called for: class net.minecraft.world.entity.player.Player from class tschipp.carryon.common.carry.CarryOnDataManager
[28May2026 14:58:40.120] [Server thread/INFO] [patchouli/]: Sending reload packet to clients
[28May2026 14:58:41.337] [Server thread/INFO] [net.minecraft.client.server.IntegratedServer/]: Changing view distance to 12, from 10
[28May2026 14:58:41.338] [Server thread/INFO] [net.minecraft.client.server.IntegratedServer/]: Changing simulation distance to 12, from 0
[28May2026 14:58:41.355] [Render thread/WARN] [io.netty.util.internal.SystemPropertyUtil/]: Unable to parse the boolean system property 'java.net.preferIPv6Addresses':system - using the default value: false
[28May2026 14:58:41.392] [Render thread/INFO] [mixin/]: Mixing client.MixinClientHandshakePacketListenerImpl from mixins/forge/nochatreports-forge.mixins.json into net.minecraft.client.multiplayer.ClientHandshakePacketListenerImpl
[28May2026 14:58:41.437] [Netty Server IO #1/INFO] [mixin/]: Mixing server.MixinServerboundChatCommandPacket from mixins/common/nochatreports.mixins.json into net.minecraft.network.protocol.game.ServerboundChatCommandPacket
[28May2026 14:58:41.438] [Netty Server IO #1/INFO] [mixin/]: Mixing server.MixinServerboundChatPacket from mixins/common/nochatreports.mixins.json into net.minecraft.network.protocol.game.ServerboundChatPacket
[28May2026 14:58:41.439] [Netty Server IO #1/INFO] [mixin/]: Mixing server.MixinServerboundChatSessionUpdatePacket from mixins/common/nochatreports.mixins.json into net.minecraft.network.protocol.game.ServerboundChatSessionUpdatePacket
[28May2026 14:58:41.590] [Netty Local Client IO #0/INFO] [net.minecraftforge.network.NetworkHooks/]: Connected to a modded server.
[28May2026 14:58:41.604] [Server thread/INFO] [net.minecraft.server.players.PlayerList/]: Bigh2011x[local:E:72dee0ed] logged in with entity id 32 at (120.5, 71.0, -114.5)
[28May2026 14:58:41.631] [Render thread/INFO] [xaero.hud.minimap.MinimapLogs/]: Minimap required item set to nothing.
[28May2026 14:58:41.631] [Render thread/INFO] [xaero.hud.minimap.MinimapLogs/]: New Xaero hud session initialized!
[28May2026 14:58:41.657] [Render thread/INFO] [xaero.map.WorldMap/]: Fullscreen map required item set to nothing.
[28May2026 14:58:41.665] [Render thread/INFO] [xaero.map.WorldMap/]: New world map session initialized!
[28May2026 14:58:41.676] [Server thread/INFO] [ModernFix/]: Using enhanced recipe sync for player Bigh2011x
[28May2026 14:58:41.709] [Server thread/INFO] [net.minecraft.server.MinecraftServer/]: Bigh2011x joined the game
[28May2026 14:58:41.827] [Render thread/INFO] [Inventory Profiles Next/]: [Inventory Profiles Next] Loaded 27 external GUI hints
[28May2026 14:58:41.827] [Render thread/INFO] [Inventory Profiles Next/]: [Inventory Profiles Next] Loaded 798 build-in GUI hints
[28May2026 14:58:41.828] [Render thread/INFO] [Inventory Profiles Next/]: [Inventory Profiles Next] Effective GUI hints after merge: 809
[28May2026 14:58:41.834] [Render thread/INFO] [Oculus/]: Reloading pipeline on dimension change: NamespacedId{namespace='minecraft', name='overworld'} => NamespacedId{namespace='minecraft', name='overworld'}
[28May2026 14:58:41.835] [Render thread/INFO] [Oculus/]: Destroying pipeline NamespacedId{namespace='minecraft', name='overworld'}
[28May2026 14:58:41.835] [Render thread/INFO] [Oculus/]: Creating pipeline for dimension NamespacedId{namespace='minecraft', name='overworld'}
[28May2026 14:58:41.851] [Render thread/WARN] [Embeddium-MixinTaintDetector/]: Mod(s) [oculus] are modifying Embeddium class me.jellysquid.mods.sodium.client.render.chunk.RenderSectionManager, which may cause instability.
[28May2026 14:58:41.852] [Netty Local Client IO #0/INFO] [FTB Quests/]: Read 404616 bytes, 1686 objects
[28May2026 14:58:41.858] [Render thread/WARN] [Embeddium-MixinTaintDetector/]: Mod(s) [oculus] are modifying Embeddium class me.jellysquid.mods.sodium.client.render.chunk.compile.tasks.ChunkBuilderMeshingTask, which may cause instability.
[28May2026 14:58:41.870] [Render thread/WARN] [Embeddium-MixinTaintDetector/]: Mod(s) [oculus] are modifying Embeddium class me.jellysquid.mods.sodium.client.render.chunk.vertex.format.ChunkMeshFormats, which may cause instability.
[28May2026 14:58:41.871] [Render thread/WARN] [Embeddium-MixinTaintDetector/]: Mod(s) [oculus] are modifying Embeddium class me.jellysquid.mods.sodium.client.render.chunk.vertex.format.ChunkMeshAttribute, which may cause instability.
[28May2026 14:58:41.873] [Render thread/WARN] [Embeddium-MixinTaintDetector/]: Mod(s) [oculus] are modifying Embeddium class me.jellysquid.mods.sodium.client.gl.attribute.GlVertexFormat$Builder, which may cause instability.
[28May2026 14:58:41.874] [Render thread/WARN] [Embeddium-MixinTaintDetector/]: Mod(s) [oculus] are modifying Embeddium class me.jellysquid.mods.sodium.client.gl.attribute.GlVertexAttributeFormat, which may cause instability.
[28May2026 14:58:41.875] [Render thread/WARN] [Embeddium-MixinTaintDetector/]: Mod(s) [oculus] are modifying Embeddium class me.jellysquid.mods.sodium.client.render.chunk.DefaultChunkRenderer, which may cause instability.
[28May2026 14:58:41.878] [Render thread/WARN] [Embeddium-MixinTaintDetector/]: Mod(s) [oculus] are modifying Embeddium class me.jellysquid.mods.sodium.client.render.chunk.ShaderChunkRenderer, which may cause instability.
[28May2026 14:58:41.885] [Render thread/WARN] [Embeddium-MixinTaintDetector/]: Mod(s) [oculus] are modifying Embeddium class me.jellysquid.mods.sodium.client.render.chunk.compile.ChunkBuildBuffers, which may cause instability.
[28May2026 14:58:41.887] [Render thread/WARN] [Embeddium-MixinTaintDetector/]: Mod(s) [oculus] are modifying Embeddium class me.jellysquid.mods.sodium.client.render.chunk.vertex.builder.ChunkMeshBufferBuilder, which may cause instability.
[28May2026 14:58:41.888] [Render thread/WARN] [Embeddium-MixinTaintDetector/]: Mod(s) [oculus] are modifying Embeddium class me.jellysquid.mods.sodium.client.render.chunk.compile.buffers.BakedChunkModelBuilder, which may cause instability.
[28May2026 14:58:41.893] [Render thread/WARN] [mixin/]: Error loading class: net/fabricmc/fabric/api/blockview/v2/FabricBlockView (java.lang.ClassNotFoundException: net.fabricmc.fabric.api.blockview.v2.FabricBlockView)
[28May2026 14:58:41.894] [Render thread/WARN] [mixin/]: Error loading class: net/fabricmc/fabric/api/rendering/data/v1/RenderAttachedBlockView (java.lang.ClassNotFoundException: net.fabricmc.fabric.api.rendering.data.v1.RenderAttachedBlockView)
[28May2026 14:58:41.899] [Server thread/INFO] [Jade/]: Syncing config to Bigh2011x (4ad7ad70-dd98-470a-a438-bf61b02daec8)
[28May2026 14:58:41.901] [Render thread/WARN] [Embeddium-MixinTaintDetector/]: Mod(s) [oculus] are modifying Embeddium class me.jellysquid.mods.sodium.client.model.light.smooth.SmoothLightPipeline, which may cause instability.
[28May2026 14:58:41.903] [Render thread/WARN] [Embeddium-MixinTaintDetector/]: Mod(s) [oculus] are modifying Embeddium class me.jellysquid.mods.sodium.client.model.light.flat.FlatLightPipeline, which may cause instability.
[28May2026 14:58:41.914] [Render thread/WARN] [Embeddium-MixinTaintDetector/]: Mod(s) [supplementaries] are modifying Embeddium class me.jellysquid.mods.sodium.client.render.chunk.compile.pipeline.FluidRenderer, which may cause instability.
[28May2026 14:58:41.960] [Render thread/INFO] [ChunkBuilder/]: Started 6 worker threads
[28May2026 14:58:42.003] [Render thread/INFO] [flywheel/]: Started 6 worker threads
[28May2026 14:58:42.017] [Render thread/INFO] [Supplementaries/]: Synced Flute Songs
[28May2026 14:58:42.017] [Render thread/INFO] [Supplementaries/]: Synced Captured Mobs settings
[28May2026 14:58:42.017] [Render thread/INFO] [Supplementaries/]: Synced Globe data
[28May2026 14:58:42.017] [Render thread/INFO] [Supplementaries/]: Synced Hourglass data
[28May2026 14:58:42.017] [Render thread/INFO] [Iron Jetpacks/]: Loaded 14 jetpacks from the server
[28May2026 14:58:42.019] [Render thread/INFO] [Extended Crafting/]: Loaded 19 singularities from the server
[28May2026 14:58:42.131] [REI-ReloadPlugins/INFO] [REI/]: [REI] OOOOOOOOOOOOOOOOOOOOOOOOOOOOOOOOOOOOOOOO
[28May2026 14:58:42.132] [REI-ReloadPlugins/INFO] [REI/]: [REI] REIPlugin starting main-reload for START.
[28May2026 14:58:42.132] [REI-ReloadPlugins/INFO] [REI/]: [REI] Plugins (24):
[28May2026 14:58:42.132] [REI-ReloadPlugins/INFO] [REI/]: [REI]  - (-100.00) DefaultClientPluginImpl of DefaultClientPluginImpl [roughlyenoughitems]
[28May2026 14:58:42.132] [REI-ReloadPlugins/INFO] [REI/]: [REI]  - (-100.00) DefaultPluginImpl of DefaultPluginImpl [roughlyenoughitems]
[28May2026 14:58:42.132] [REI-ReloadPlugins/INFO] [REI/]: [REI]  - (0.00) HideIngredientsFromTagsPlugin of HideIngredientsFromTagsPlugin [roughlyenoughitems]
[28May2026 14:58:42.132] [REI-ReloadPlugins/INFO] [REI/]: [REI]  - (0.00) DefaultClientRuntimePlugin of DefaultClientRuntimePlugin [roughlyenoughitems]
[28May2026 14:58:42.132] [REI-ReloadPlugins/INFO] [REI/]: [REI]  - (0.00) DefaultRuntimePlugin of DefaultRuntimePlugin [roughlyenoughitems]
[28May2026 14:58:42.132] [REI-ReloadPlugins/INFO] [REI/]: [REI]  - (0.00) REICompat of REICompat [supplementaries]
[28May2026 14:58:42.132] [REI-ReloadPlugins/INFO] [REI/]: [REI]  - (0.00) GTREIPlugin of GTREIPlugin [gtceu]
[28May2026 14:58:42.132] [REI-ReloadPlugins/INFO] [REI/]: [REI]  - (0.00) FTBQuestsREIIntegrationForge of FTBQuestsREIIntegrationForge [ftbxmodcompat]
[28May2026 14:58:42.132] [REI-ReloadPlugins/INFO] [REI/]: [REI]  - (0.00) ExtendedAE of ExtendedAE [expatternprovider]
[28May2026 14:58:42.132] [REI-ReloadPlugins/INFO] [REI/]: [REI]  - (0.00) FramedReiPlugin of FramedReiPlugin [framedblocks]
[28May2026 14:58:42.132] [REI-ReloadPlugins/INFO] [REI/]: [REI]  - (0.00) StorageReiClientPlugin of StorageReiClientPlugin [sophisticatedstorage]
[28May2026 14:58:42.132] [REI-ReloadPlugins/INFO] [REI/]: [REI]  - (0.00) BackpackReiClientPlugin of BackpackReiClientPlugin [sophisticatedbackpacks]
[28May2026 14:58:42.132] [REI-ReloadPlugins/INFO] [REI/]: [REI]  - (0.00) almostunified.roughlyenoughitems of almostunified.roughlyenoughitems [almostunified]
[28May2026 14:58:42.132] [REI-ReloadPlugins/INFO] [REI/]: [REI]  - (0.00) AdornReiClientForge of AdornReiClientForge [adorn]
[28May2026 14:58:42.132] [REI-ReloadPlugins/INFO] [REI/]: [REI]  - (0.00) REIPluginImpl of REIPluginImpl [ldlib]
[28May2026 14:58:42.132] [REI-ReloadPlugins/INFO] [REI/]: [REI]  - (0.00) StorageReiCommonPlugin of StorageReiCommonPlugin [sophisticatedstorage]
[28May2026 14:58:42.132] [REI-ReloadPlugins/INFO] [REI/]: [REI]  - (0.00) ReiClientPlugin of ReiClientPlugin [craftingstation]
[28May2026 14:58:42.132] [REI-ReloadPlugins/INFO] [REI/]: [REI]  - (0.00) ReiPlugin of ReiPlugin [craftingstation]
[28May2026 14:58:42.132] [REI-ReloadPlugins/INFO] [REI/]: [REI]  - (0.00) REIForgePluginStub of REIForgePluginStub [ftblibrary]
[28May2026 14:58:42.132] [REI-ReloadPlugins/INFO] [REI/]: [REI]  - (0.00) BackpackReiCommonPlugin of BackpackReiCommonPlugin [sophisticatedbackpacks]
[28May2026 14:58:42.132] [REI-ReloadPlugins/INFO] [REI/]: [REI]  - (0.00) CoreReiCommonPlugin of CoreReiCommonPlugin [sophisticatedcore]
[28May2026 14:58:42.132] [REI-ReloadPlugins/INFO] [REI/]: [REI]  - (0.00) AdornReiServerForge of AdornReiServerForge [adorn]
[28May2026 14:58:42.132] [REI-ReloadPlugins/INFO] [REI/]: [REI]  - (0.00) AE2 of AE2 [ae2]
[28May2026 14:58:42.132] [REI-ReloadPlugins/INFO] [REI/]: [REI]  - (10000000.00) REIForgePluginStub of REIForgePluginStub [kubejs]
[28May2026 14:58:42.132] [REI-ReloadPlugins/INFO] [REI/]: [REI] OOOOOOOOOOOOOOOOOOOOOOOOOOOOOOOOOOOOOOOO
[28May2026 14:58:42.152] [REI-ReloadPlugins/INFO] [REI/]: [REI] ----------------------------------------
[28May2026 14:58:42.152] [REI-ReloadPlugins/INFO] [REI/]: [REI] REIClientPlugin starting main-reload for START.
[28May2026 14:58:42.152] [REI-ReloadPlugins/INFO] [REI/]: [REI] Plugins (17):
[28May2026 14:58:42.152] [REI-ReloadPlugins/INFO] [REI/]: [REI]  - (-100.00) DefaultClientPluginImpl of DefaultClientPluginImpl [roughlyenoughitems]
[28May2026 14:58:42.152] [REI-ReloadPlugins/INFO] [REI/]: [REI]  - (0.00) REICompat of REICompat [supplementaries]
[28May2026 14:58:42.152] [REI-ReloadPlugins/INFO] [REI/]: [REI]  - (0.00) GTREIPlugin of GTREIPlugin [gtceu]
[28May2026 14:58:42.152] [REI-ReloadPlugins/INFO] [REI/]: [REI]  - (0.00) FTBQuestsREIIntegrationForge of FTBQuestsREIIntegrationForge [ftbxmodcompat]
[28May2026 14:58:42.153] [REI-ReloadPlugins/INFO] [REI/]: [REI]  - (0.00) ExtendedAE of ExtendedAE [expatternprovider]
[28May2026 14:58:42.153] [REI-ReloadPlugins/INFO] [REI/]: [REI]  - (0.00) FramedReiPlugin of FramedReiPlugin [framedblocks]
[28May2026 14:58:42.153] [REI-ReloadPlugins/INFO] [REI/]: [REI]  - (0.00) StorageReiClientPlugin of StorageReiClientPlugin [sophisticatedstorage]
[28May2026 14:58:42.153] [REI-ReloadPlugins/INFO] [REI/]: [REI]  - (0.00) BackpackReiClientPlugin of BackpackReiClientPlugin [sophisticatedbackpacks]
[28May2026 14:58:42.153] [REI-ReloadPlugins/INFO] [REI/]: [REI]  - (0.00) almostunified.roughlyenoughitems of almostunified.roughlyenoughitems [almostunified]
[28May2026 14:58:42.153] [REI-ReloadPlugins/INFO] [REI/]: [REI]  - (0.00) AdornReiClientForge of AdornReiClientForge [adorn]
[28May2026 14:58:42.153] [REI-ReloadPlugins/INFO] [REI/]: [REI]  - (0.00) REIPluginImpl of REIPluginImpl [ldlib]
[28May2026 14:58:42.153] [REI-ReloadPlugins/INFO] [REI/]: [REI]  - (0.00) ReiClientPlugin of ReiClientPlugin [craftingstation]
[28May2026 14:58:42.153] [REI-ReloadPlugins/INFO] [REI/]: [REI]  - (0.00) REIForgePluginStub of REIForgePluginStub [ftblibrary]
[28May2026 14:58:42.153] [REI-ReloadPlugins/INFO] [REI/]: [REI]  - (0.00) AE2 of AE2 [ae2]
[28May2026 14:58:42.153] [REI-ReloadPlugins/INFO] [REI/]: [REI]  - (0.00) HideIngredientsFromTagsPlugin of HideIngredientsFromTagsPlugin [roughlyenoughitems]
[28May2026 14:58:42.153] [REI-ReloadPlugins/INFO] [REI/]: [REI]  - (0.00) DefaultClientRuntimePlugin of DefaultClientRuntimePlugin [roughlyenoughitems]
[28May2026 14:58:42.153] [REI-ReloadPlugins/INFO] [REI/]: [REI]  - (10000000.00) REIForgePluginStub of REIForgePluginStub [kubejs]
[28May2026 14:58:42.153] [REI-ReloadPlugins/INFO] [REI/]: [REI] ----------------------------------------
[28May2026 14:58:42.178] [Render thread/WARN] [net.minecraft.client.ClientRecipeBook/]: Unknown recipe category: ae2:charger/ae2:charger/meteorite_compass
[28May2026 14:58:42.184] [Render thread/WARN] [net.minecraft.client.ClientRecipeBook/]: Unknown recipe category: ae2:charger/ae2:charger/charged_certus_quartz_crystal
[28May2026 14:58:42.218] [Render thread/WARN] [net.minecraft.client.ClientRecipeBook/]: Unknown recipe category: ae2:charger/ae2:charger/guide
[28May2026 14:58:42.248] [Render thread/WARN] [REI/]: [REI] Found 1 existing reload task(s) after trying to terminate them!
[28May2026 14:58:42.318] [Render thread/INFO] [xaero.hud.minimap.MinimapLogs/]: Minimap updated server level id: 444269245 for world ResourceKey[minecraft:dimension / minecraft:overworld]
[28May2026 14:58:42.451] [Render thread/INFO] [FTB Chunks/]: Loading FTB Chunks client data from world ebe77325-cd23-401b-ad16-f5db751cf0c1
[28May2026 14:58:42.456] [Render thread/INFO] [Jade/]: Received config from the server: 
[28May2026 14:58:42.852] [Render thread/WARN] [net.minecraft.client.multiplayer.ClientPacketListener/]: Unknown custom packet identifier: configuration:network
[28May2026 14:58:42.928] [REI-ReloadPlugins/INFO] [AlmostUnified/]: [AutoHiding] Hiding 1/2 items for tag '#forge:plates/obsidian' -> [gtceu:obsidian_plate]
[28May2026 14:58:42.928] [REI-ReloadPlugins/INFO] [AlmostUnified/]: [AutoHiding] Hiding 1/2 items for tag '#forge:storage_blocks/zinc' -> [nuclearcraft:zinc_block]
[28May2026 14:58:42.929] [REI-ReloadPlugins/INFO] [AlmostUnified/]: [AutoHiding] Hiding 16/22 items for tag '#forge:ores/emerald' -> [gtceu:deepslate_emerald_ore, gtceu:red_sand_emerald_ore, gtceu:blackstone_emerald_ore, gtceu:sand_emerald_ore, gtceu:mercury_emerald_ore, gtceu:venus_emerald_ore, gtceu:gravel_emerald_ore, gtceu:tuff_emerald_ore, gtceu:mars_emerald_ore, gtceu:emerald_ore, gtceu:moon_emerald_ore, gtceu:marble_emerald_ore, gtceu:proxima_centauri_b_emerald_ore, gtceu:netherrack_emerald_ore, gtceu:endstone_emerald_ore, gtceu:basalt_emerald_ore]
[28May2026 14:58:42.929] [REI-ReloadPlugins/INFO] [AlmostUnified/]: [AutoHiding] Hiding 2/3 items for tag '#forge:dusts/obsidian' -> [enderio:powdered_obsidian, nuclearcraft:obsidian_dust]
[28May2026 14:58:42.930] [REI-ReloadPlugins/INFO] [AlmostUnified/]: [AutoHiding] Hiding 16/23 items for tag '#forge:ores/gold' -> [gtceu:gold_ore, gtceu:mars_gold_ore, gtceu:proxima_centauri_b_gold_ore, gtceu:tuff_gold_ore, gtceu:deepslate_gold_ore, gtceu:basalt_gold_ore, gtceu:netherrack_gold_ore, gtceu:moon_gold_ore, gtceu:mercury_gold_ore, gtceu:blackstone_gold_ore, gtceu:sand_gold_ore, gtceu:venus_gold_ore, gtceu:marble_gold_ore, gtceu:gravel_gold_ore, gtceu:endstone_gold_ore, gtceu:red_sand_gold_ore]
[28May2026 14:58:42.930] [REI-ReloadPlugins/INFO] [AlmostUnified/]: [AutoHiding] Hiding 1/2 items for tag '#forge:raw_materials/zinc' -> [nuclearcraft:zinc_chunk]
[28May2026 14:58:42.930] [REI-ReloadPlugins/INFO] [AlmostUnified/]: [AutoHiding] Hiding 1/2 items for tag '#forge:nuggets/zinc' -> [nuclearcraft:zinc_nugget]
[28May2026 14:58:42.930] [REI-ReloadPlugins/INFO] [AlmostUnified/]: [AutoHiding] Hiding 16/22 items for tag '#forge:ores/diamond' -> [gtceu:moon_diamond_ore, gtceu:marble_diamond_ore, gtceu:red_sand_diamond_ore, gtceu:netherrack_diamond_ore, gtceu:basalt_diamond_ore, gtceu:endstone_diamond_ore, gtceu:deepslate_diamond_ore, gtceu:blackstone_diamond_ore, gtceu:sand_diamond_ore, gtceu:gravel_diamond_ore, gtceu:proxima_centauri_b_diamond_ore, gtceu:venus_diamond_ore, gtceu:tuff_diamond_ore, gtceu:mars_diamond_ore, gtceu:mercury_diamond_ore, gtceu:diamond_ore]
[28May2026 14:58:42.930] [REI-ReloadPlugins/INFO] [AlmostUnified/]: [AutoHiding] Hiding 1/2 items for tag '#forge:nuggets/copper' -> [tconstruct:copper_nugget]
[28May2026 14:58:42.930] [REI-ReloadPlugins/INFO] [AlmostUnified/]: [AutoHiding] Hiding 1/3 items for tag '#forge:ores/zinc' -> [nuclearcraft:zinc_ore]
[28May2026 14:58:42.930] [REI-ReloadPlugins/INFO] [AlmostUnified/]: [AutoHiding] Hiding 16/22 items for tag '#forge:ores/copper' -> [gtceu:venus_copper_ore, gtceu:tuff_copper_ore, gtceu:red_sand_copper_ore, gtceu:copper_ore, gtceu:sand_copper_ore, gtceu:mars_copper_ore, gtceu:mercury_copper_ore, gtceu:gravel_copper_ore, gtceu:blackstone_copper_ore, gtceu:netherrack_copper_ore, gtceu:endstone_copper_ore, gtceu:marble_copper_ore, gtceu:basalt_copper_ore, gtceu:proxima_centauri_b_copper_ore, gtceu:deepslate_copper_ore, gtceu:moon_copper_ore]
[28May2026 14:58:42.931] [REI-ReloadPlugins/INFO] [AlmostUnified/]: [AutoHiding] Hiding 16/22 items for tag '#forge:ores/iron' -> [gtceu:mars_iron_ore, gtceu:sand_iron_ore, gtceu:marble_iron_ore, gtceu:venus_iron_ore, gtceu:red_sand_iron_ore, gtceu:deepslate_iron_ore, gtceu:netherrack_iron_ore, gtceu:moon_iron_ore, gtceu:mercury_iron_ore, gtceu:proxima_centauri_b_iron_ore, gtceu:tuff_iron_ore, gtceu:gravel_iron_ore, gtceu:endstone_iron_ore, gtceu:blackstone_iron_ore, gtceu:basalt_iron_ore, gtceu:iron_ore]
[28May2026 14:58:42.931] [REI-ReloadPlugins/INFO] [AlmostUnified/]: [AutoHiding] Hiding 1/2 items for tag '#forge:plates/copper' -> [nuclearcraft:copper_plate]
[28May2026 14:58:42.931] [REI-ReloadPlugins/INFO] [AlmostUnified/]: [AutoHiding] Hiding 16/22 items for tag '#forge:ores/lapis' -> [gtceu:proxima_centauri_b_lapis_ore, gtceu:mars_lapis_ore, gtceu:marble_lapis_ore, gtceu:sand_lapis_ore, gtceu:mercury_lapis_ore, gtceu:endstone_lapis_ore, gtceu:blackstone_lapis_ore, gtceu:venus_lapis_ore, gtceu:lapis_ore, gtceu:netherrack_lapis_ore, gtceu:deepslate_lapis_ore, gtceu:tuff_lapis_ore, gtceu:red_sand_lapis_ore, gtceu:gravel_lapis_ore, gtceu:basalt_lapis_ore, gtceu:moon_lapis_ore]
[28May2026 14:58:42.931] [REI-ReloadPlugins/INFO] [AlmostUnified/]: [AutoHiding] Hiding 1/2 items for tag '#forge:ingots/zinc' -> [nuclearcraft:zinc_ingot]
[28May2026 14:58:42.931] [REI-ReloadPlugins/INFO] [AlmostUnified/]: [AutoHiding] Hiding 1/2 items for tag '#forge:plates/iron' -> [nuclearcraft:iron_plate]
[28May2026 14:58:42.932] [REI-ReloadPlugins/INFO] [AlmostUnified/]: [AutoHiding] Hiding 16/22 items for tag '#forge:ores/coal' -> [gtceu:mercury_coal_ore, gtceu:blackstone_coal_ore, gtceu:deepslate_coal_ore, gtceu:basalt_coal_ore, gtceu:netherrack_coal_ore, gtceu:gravel_coal_ore, gtceu:proxima_centauri_b_coal_ore, gtceu:sand_coal_ore, gtceu:tuff_coal_ore, gtceu:mars_coal_ore, gtceu:coal_ore, gtceu:endstone_coal_ore, gtceu:red_sand_coal_ore, gtceu:marble_coal_ore, gtceu:moon_coal_ore, gtceu:venus_coal_ore]
[28May2026 14:58:42.938] [REI-ReloadPlugins/INFO] [AlmostUnified/]: [AutoHiding] Hiding 1/2 items for tag '#forge:plates/obsidian' -> [gtceu:obsidian_plate]
[28May2026 14:58:42.938] [REI-ReloadPlugins/INFO] [AlmostUnified/]: [AutoHiding] Hiding 1/2 items for tag '#forge:storage_blocks/zinc' -> [nuclearcraft:zinc_block]
[28May2026 14:58:42.938] [REI-ReloadPlugins/INFO] [AlmostUnified/]: [AutoHiding] Hiding 16/22 items for tag '#forge:ores/emerald' -> [gtceu:deepslate_emerald_ore, gtceu:red_sand_emerald_ore, gtceu:blackstone_emerald_ore, gtceu:sand_emerald_ore, gtceu:mercury_emerald_ore, gtceu:venus_emerald_ore, gtceu:gravel_emerald_ore, gtceu:tuff_emerald_ore, gtceu:mars_emerald_ore, gtceu:emerald_ore, gtceu:moon_emerald_ore, gtceu:marble_emerald_ore, gtceu:proxima_centauri_b_emerald_ore, gtceu:netherrack_emerald_ore, gtceu:endstone_emerald_ore, gtceu:basalt_emerald_ore]
[28May2026 14:58:42.939] [REI-ReloadPlugins/INFO] [AlmostUnified/]: [AutoHiding] Hiding 2/3 items for tag '#forge:dusts/obsidian' -> [enderio:powdered_obsidian, nuclearcraft:obsidian_dust]
[28May2026 14:58:42.939] [REI-ReloadPlugins/INFO] [AlmostUnified/]: [AutoHiding] Hiding 16/23 items for tag '#forge:ores/gold' -> [gtceu:gold_ore, gtceu:mars_gold_ore, gtceu:proxima_centauri_b_gold_ore, gtceu:tuff_gold_ore, gtceu:deepslate_gold_ore, gtceu:basalt_gold_ore, gtceu:netherrack_gold_ore, gtceu:moon_gold_ore, gtceu:mercury_gold_ore, gtceu:blackstone_gold_ore, gtceu:sand_gold_ore, gtceu:venus_gold_ore, gtceu:marble_gold_ore, gtceu:gravel_gold_ore, gtceu:endstone_gold_ore, gtceu:red_sand_gold_ore]
[28May2026 14:58:42.939] [REI-ReloadPlugins/INFO] [AlmostUnified/]: [AutoHiding] Hiding 1/2 items for tag '#forge:raw_materials/zinc' -> [nuclearcraft:zinc_chunk]
[28May2026 14:58:42.939] [REI-ReloadPlugins/INFO] [AlmostUnified/]: [AutoHiding] Hiding 1/2 items for tag '#forge:nuggets/zinc' -> [nuclearcraft:zinc_nugget]
[28May2026 14:58:42.939] [REI-ReloadPlugins/INFO] [AlmostUnified/]: [AutoHiding] Hiding 16/22 items for tag '#forge:ores/diamond' -> [gtceu:moon_diamond_ore, gtceu:marble_diamond_ore, gtceu:red_sand_diamond_ore, gtceu:netherrack_diamond_ore, gtceu:basalt_diamond_ore, gtceu:endstone_diamond_ore, gtceu:deepslate_diamond_ore, gtceu:blackstone_diamond_ore, gtceu:sand_diamond_ore, gtceu:gravel_diamond_ore, gtceu:proxima_centauri_b_diamond_ore, gtceu:venus_diamond_ore, gtceu:tuff_diamond_ore, gtceu:mars_diamond_ore, gtceu:mercury_diamond_ore, gtceu:diamond_ore]
[28May2026 14:58:42.939] [REI-ReloadPlugins/INFO] [AlmostUnified/]: [AutoHiding] Hiding 1/2 items for tag '#forge:nuggets/copper' -> [tconstruct:copper_nugget]
[28May2026 14:58:42.939] [REI-ReloadPlugins/INFO] [AlmostUnified/]: [AutoHiding] Hiding 1/3 items for tag '#forge:ores/zinc' -> [nuclearcraft:zinc_ore]
[28May2026 14:58:42.940] [REI-ReloadPlugins/INFO] [AlmostUnified/]: [AutoHiding] Hiding 16/22 items for tag '#forge:ores/copper' -> [gtceu:venus_copper_ore, gtceu:tuff_copper_ore, gtceu:red_sand_copper_ore, gtceu:copper_ore, gtceu:sand_copper_ore, gtceu:mars_copper_ore, gtceu:mercury_copper_ore, gtceu:gravel_copper_ore, gtceu:blackstone_copper_ore, gtceu:netherrack_copper_ore, gtceu:endstone_copper_ore, gtceu:marble_copper_ore, gtceu:basalt_copper_ore, gtceu:proxima_centauri_b_copper_ore, gtceu:deepslate_copper_ore, gtceu:moon_copper_ore]
[28May2026 14:58:42.940] [REI-ReloadPlugins/INFO] [AlmostUnified/]: [AutoHiding] Hiding 16/22 items for tag '#forge:ores/iron' -> [gtceu:mars_iron_ore, gtceu:sand_iron_ore, gtceu:marble_iron_ore, gtceu:venus_iron_ore, gtceu:red_sand_iron_ore, gtceu:deepslate_iron_ore, gtceu:netherrack_iron_ore, gtceu:moon_iron_ore, gtceu:mercury_iron_ore, gtceu:proxima_centauri_b_iron_ore, gtceu:tuff_iron_ore, gtceu:gravel_iron_ore, gtceu:endstone_iron_ore, gtceu:blackstone_iron_ore, gtceu:basalt_iron_ore, gtceu:iron_ore]
[28May2026 14:58:42.940] [REI-ReloadPlugins/INFO] [AlmostUnified/]: [AutoHiding] Hiding 1/2 items for tag '#forge:plates/copper' -> [nuclearcraft:copper_plate]
[28May2026 14:58:42.940] [REI-ReloadPlugins/INFO] [AlmostUnified/]: [AutoHiding] Hiding 16/22 items for tag '#forge:ores/lapis' -> [gtceu:proxima_centauri_b_lapis_ore, gtceu:mars_lapis_ore, gtceu:marble_lapis_ore, gtceu:sand_lapis_ore, gtceu:mercury_lapis_ore, gtceu:endstone_lapis_ore, gtceu:blackstone_lapis_ore, gtceu:venus_lapis_ore, gtceu:lapis_ore, gtceu:netherrack_lapis_ore, gtceu:deepslate_lapis_ore, gtceu:tuff_lapis_ore, gtceu:red_sand_lapis_ore, gtceu:gravel_lapis_ore, gtceu:basalt_lapis_ore, gtceu:moon_lapis_ore]
[28May2026 14:58:42.940] [REI-ReloadPlugins/INFO] [AlmostUnified/]: [AutoHiding] Hiding 1/2 items for tag '#forge:ingots/zinc' -> [nuclearcraft:zinc_ingot]
[28May2026 14:58:42.940] [REI-ReloadPlugins/INFO] [AlmostUnified/]: [AutoHiding] Hiding 1/2 items for tag '#forge:plates/iron' -> [nuclearcraft:iron_plate]
[28May2026 14:58:42.941] [REI-ReloadPlugins/INFO] [AlmostUnified/]: [AutoHiding] Hiding 16/22 items for tag '#forge:ores/coal' -> [gtceu:mercury_coal_ore, gtceu:blackstone_coal_ore, gtceu:deepslate_coal_ore, gtceu:basalt_coal_ore, gtceu:netherrack_coal_ore, gtceu:gravel_coal_ore, gtceu:proxima_centauri_b_coal_ore, gtceu:sand_coal_ore, gtceu:tuff_coal_ore, gtceu:mars_coal_ore, gtceu:coal_ore, gtceu:endstone_coal_ore, gtceu:red_sand_coal_ore, gtceu:marble_coal_ore, gtceu:moon_coal_ore, gtceu:venus_coal_ore]
[28May2026 14:58:43.049] [Render thread/WARN] [Embeddium-MixinTaintDetector/]: Mod(s) [oculus] are modifying Embeddium class me.jellysquid.mods.sodium.client.gl.shader.ShaderType, which may cause instability.
[28May2026 14:58:43.067] [Render thread/WARN] [Embeddium-MixinTaintDetector/]: Mod(s) [oculus] are modifying Embeddium class me.jellysquid.mods.sodium.client.gl.shader.GlProgram, which may cause instability.
[28May2026 14:58:43.208] [Render thread/INFO] [xaero.hud.minimap.MinimapLogs/]: Reloading radar icon resources...
[28May2026 14:58:43.222] [Render thread/INFO] [xaero.hud.minimap.MinimapLogs/]: Reloaded radar icon resources!
[28May2026 14:58:43.655] [Render thread/INFO] [net.minecraft.advancements.AdvancementList/]: Loaded 79 advancements
[28May2026 14:58:43.663] [Render thread/INFO] [patchouli/]: BookContentResourceListenerLoader: Files found in 52.46 μs
[28May2026 14:58:43.667] [Render thread/INFO] [patchouli/]: BookContentResourceListenerLoader: Files found in 19.44 μs
[28May2026 14:58:43.675] [Render thread/INFO] [patchouli/]: BookContentResourceListenerLoader: Files found in 12.31 μs
[28May2026 14:58:43.676] [Render thread/INFO] [patchouli/]: BookContentResourceListenerLoader: Files found in 90.82 μs
[28May2026 14:58:43.676] [Render thread/INFO] [patchouli/]: BookContentResourceListenerLoader: Files found in 105.2 μs
[28May2026 14:58:43.690] [Render thread/INFO] [patchouli/]: BookContentResourceListenerLoader: Files found in 89.69 μs
[28May2026 14:58:43.690] [Render thread/INFO] [patchouli/]: BookContentResourceListenerLoader: Files found in 41.73 μs
[28May2026 14:58:43.690] [Render thread/INFO] [patchouli/]: BookContentResourceListenerLoader: Files found in 48.58 μs
[28May2026 14:58:43.696] [Render thread/INFO] [patchouli/]: BookContentResourceListenerLoader: Files found in 42.08 μs
[28May2026 14:58:43.700] [REI-Cache-0/ERROR] [net.minecraftforge.eventbus.EventBus/EVENTBUS]: Exception caught during firing event: Index 32768 out of bounds for length 16385
	Index: 10
	Listeners:
		0: HIGH
		1: ASM: class dev.architectury.event.forge.EventHandlerImplClient event(Lnet/minecraftforge/event/entity/player/ItemTooltipEvent;)V
		2: ASM: class argent_matter.gcyr.forge.ForgeCommonEventListener onAddTooltips(Lnet/minecraftforge/event/entity/player/ItemTooltipEvent;)V
		3: NORMAL
		4: ASM: class glitchcore.forge.handlers.TooltipEventHandler onItemTooltip(Lnet/minecraftforge/event/entity/player/ItemTooltipEvent;)V
		5: ASM: class net.createmod.ponder.ForgePonderClient$ClientEvents onItemTooltip(Lnet/minecraftforge/event/entity/player/ItemTooltipEvent;)V
		6: net.minecraftforge.eventbus.EventBus$$Lambda$1816/0x00000008008cf180@5033287b
		7: net.minecraftforge.eventbus.EventBus$$Lambda$1816/0x00000008008cf180@377fc5bc
		8: ASM: class vectorwing.farmersdelight.client.event.TooltipEvents addTooltipToVanillaSoups(Lnet/minecraftforge/event/entity/player/ItemTooltipEvent;)V
		9: net.minecraftforge.eventbus.EventBus$$Lambda$1816/0x00000008008cf180@2f462039
		10: ASM: class com.gregtechceu.gtceu.client.forge.ForgeClientEventListener onTooltipEvent(Lnet/minecraftforge/event/entity/player/ItemTooltipEvent;)V
		11: ASM: class igentuman.nc.handler.event.client.TooltipHandler handle(Lnet/minecraftforge/event/entity/player/ItemTooltipEvent;)V
		12: ASM: class com.enderio.base.common.init.EIOEnchantments tooltip(Lnet/minecraftforge/event/entity/player/ItemTooltipEvent;)V
		13: ASM: class com.enderio.base.client.tooltip.TooltipHandler addAdvancedTooltips(Lnet/minecraftforge/event/entity/player/ItemTooltipEvent;)V
		14: ASM: class slimeknights.tconstruct.tools.client.ModifierClientEvents onTooltipEvent(Lnet/minecraftforge/event/entity/player/ItemTooltipEvent;)V
		15: ASM: class net.mehvahdjukaar.supplementaries.common.events.forge.ClientEventsForge onItemTooltip(Lnet/minecraftforge/event/entity/player/ItemTooltipEvent;)V
		16: ASM: class com.simibubi.create.foundation.events.ClientEvents addToItemTooltip(Lnet/minecraftforge/event/entity/player/ItemTooltipEvent;)V
		17: ASM: top.theillusivec4.curios.client.ClientEventHandler@6925e0ed onTooltip(Lnet/minecraftforge/event/entity/player/ItemTooltipEvent;)V
		18: net.minecraftforge.eventbus.EventBus$$Lambda$1816/0x00000008008cf180@9959e7d
		19: net.minecraftforge.eventbus.EventBus$$Lambda$1816/0x00000008008cf180@402c0fc4
		20: net.minecraftforge.eventbus.EventBus$$Lambda$1816/0x00000008008cf180@9b77058
		21: LOW
		22: ASM: class com.cazsius.solcarrot.client.TooltipHandler onItemTooltip(Lnet/minecraftforge/event/entity/player/ItemTooltipEvent;)V
		23: ASM: com.blakebr0.cucumber.client.handler.TagTooltipHandler@32b0439c onItemTooltip(Lnet/minecraftforge/event/entity/player/ItemTooltipEvent;)V
		24: ASM: com.blakebr0.cucumber.client.handler.NBTTooltipHandler@22f369cb onItemTooltip(Lnet/minecraftforge/event/entity/player/ItemTooltipEvent;)V
		25: LOWEST
		26: net.minecraftforge.eventbus.EventBus$$Lambda$1816/0x00000008008cf180@176ecebf
java.lang.ArrayIndexOutOfBoundsException: Index 32768 out of bounds for length 16385
	at MC-BOOTSTRAP/it.unimi.dsi.fastutil@8.5.9/it.unimi.dsi.fastutil.objects.Object2ObjectOpenHashMap.rehash(Object2ObjectOpenHashMap.java:1275)
	at MC-BOOTSTRAP/it.unimi.dsi.fastutil@8.5.9/it.unimi.dsi.fastutil.objects.Object2ObjectOpenHashMap.insert(Object2ObjectOpenHashMap.java:245)
	at MC-BOOTSTRAP/it.unimi.dsi.fastutil@8.5.9/it.unimi.dsi.fastutil.objects.Object2ObjectOpenHashMap.put(Object2ObjectOpenHashMap.java:253)
	at java.base/java.util.Map.computeIfAbsent(Map.java:1055)
	at TRANSFORMER/gtceu@7.5.3/com.gregtechceu.gtceu.api.data.chemical.ChemicalHelper.getMaterialEntry(ChemicalHelper.java:191)
	at TRANSFORMER/gtceu@7.5.3/com.gregtechceu.gtceu.client.TooltipsHandler.appendTooltips(TooltipsHandler.java:46)
	at TRANSFORMER/gtceu@7.5.3/com.gregtechceu.gtceu.client.forge.ForgeClientEventListener.onTooltipEvent(ForgeClientEventListener.java:135)
	at TRANSFORMER/gtceu@7.5.3/com.gregtechceu.gtceu.client.forge.__ForgeClientEventListener_onTooltipEvent_ItemTooltipEvent.invoke(.dynamic)
	at MC-BOOTSTRAP/net.minecraftforge.eventbus/net.minecraftforge.eventbus.ASMEventHandler.invoke(ASMEventHandler.java:73)
	at MC-BOOTSTRAP/net.minecraftforge.eventbus/net.minecraftforge.eventbus.EventBus.post(EventBus.java:315)
	at MC-BOOTSTRAP/net.minecraftforge.eventbus/net.minecraftforge.eventbus.EventBus.post(EventBus.java:296)
	at TRANSFORMER/forge@47.4.10/net.minecraftforge.event.ForgeEventFactory.onItemTooltip(ForgeEventFactory.java:360)
	at TRANSFORMER/minecraft@1.20.1/net.minecraft.world.item.ItemStack.m_41651_(ItemStack.java:763)
	at TRANSFORMER/roughlyenoughitems@12.1.785/me.shedaniel.rei.plugin.client.entry.ItemEntryDefinition.tryGetItemStackToolTip(ItemEntryDefinition.java:231)
	at TRANSFORMER/roughlyenoughitems@12.1.785/me.shedaniel.rei.plugin.client.entry.ItemEntryDefinition$ItemEntryRenderer.getTooltip(ItemEntryDefinition.java:369)
	at TRANSFORMER/roughlyenoughitems@12.1.785/me.shedaniel.rei.impl.common.entry.AbstractEntryStack.getTooltip(AbstractEntryStack.java:195)
	at TRANSFORMER/roughlyenoughitems@12.1.785/me.shedaniel.rei.impl.client.search.argument.type.TooltipArgumentType.tryGetEntryStackTooltip(TooltipArgumentType.java:90)
	at TRANSFORMER/roughlyenoughitems@12.1.785/me.shedaniel.rei.impl.client.search.argument.type.TooltipArgumentType.cacheData(TooltipArgumentType.java:75)
	at TRANSFORMER/roughlyenoughitems@12.1.785/me.shedaniel.rei.impl.client.search.argument.type.TooltipArgumentType.cacheData(TooltipArgumentType.java:45)
	at TRANSFORMER/roughlyenoughitems@12.1.785/me.shedaniel.rei.impl.client.search.argument.ArgumentCache.cacheStacks(ArgumentCache.java:138)
	at TRANSFORMER/roughlyenoughitems@12.1.785/me.shedaniel.rei.impl.client.search.argument.ArgumentCache.lambda$cache$1(ArgumentCache.java:110)
	at java.base/java.util.concurrent.CompletableFuture$AsyncSupply.run(CompletableFuture.java:1768)
	at java.base/java.util.concurrent.CompletableFuture$AsyncSupply.exec(CompletableFuture.java:1760)
	at java.base/java.util.concurrent.ForkJoinTask.doExec(ForkJoinTask.java:373)
	at java.base/java.util.concurrent.ForkJoinPool$WorkQueue.topLevelExec(ForkJoinPool.java:1182)
	at java.base/java.util.concurrent.ForkJoinPool.scan(ForkJoinPool.java:1655)
	at java.base/java.util.concurrent.ForkJoinPool.runWorker(ForkJoinPool.java:1622)
	at java.base/java.util.concurrent.ForkJoinWorkerThread.run(ForkJoinWorkerThread.java:165)

[28May2026 14:58:43.711] [Render thread/INFO] [patchouli/]: BookContentResourceListenerLoader: Files found in 114.4 μs
[28May2026 14:58:43.712] [Render thread/INFO] [patchouli/]: BookContentResourceListenerLoader: Files found in 143.9 μs
[28May2026 14:58:43.717] [Render thread/INFO] [patchouli/]: BookContentResourceListenerLoader: Files found in 115.0 μs
[28May2026 14:58:43.727] [Render thread/INFO] [patchouli/]: BookContentResourceListenerLoader: Files found in 43.20 μs
[28May2026 14:58:43.727] [Render thread/INFO] [patchouli/]: BookContentResourceListenerLoader: Files found in 23.18 μs
[28May2026 14:58:43.727] [Render thread/INFO] [patchouli/]: BookContentResourceListenerLoader: Files found in 16.42 μs
[28May2026 14:58:43.727] [Render thread/INFO] [patchouli/]: BookContentResourceListenerLoader: Files found in 55.47 μs
[28May2026 14:58:43.727] [Render thread/INFO] [patchouli/]: BookContentResourceListenerLoader: Files found in 46.28 μs
[28May2026 14:58:43.729] [Render thread/INFO] [patchouli/]: BookContentResourceListenerLoader: Files found in 48.24 μs
[28May2026 14:58:43.729] [Render thread/WARN] [patchouli/]: Recipe advancedperipherals:chat_box (of type minecraft:crafting) not found
[28May2026 14:58:43.729] [Render thread/WARN] [patchouli/]: Recipe advancedperipherals:rs_bridge (of type minecraft:crafting) not found
[28May2026 14:58:43.729] [Render thread/WARN] [patchouli/]: Recipe advancedperipherals:colony_integrator (of type minecraft:crafting) not found
[28May2026 14:58:43.729] [Render thread/WARN] [patchouli/]: Recipe advancedperipherals:inventory_manager (of type minecraft:crafting) not found
[28May2026 14:58:43.729] [Render thread/WARN] [patchouli/]: Recipe advancedperipherals:player_detector (of type minecraft:crafting) not found
[28May2026 14:58:43.729] [Render thread/WARN] [patchouli/]: Recipe advancedperipherals:environment_detector (of type minecraft:crafting) not found
[28May2026 14:58:43.729] [Render thread/WARN] [patchouli/]: Recipe advancedperipherals:geo_scanner (of type minecraft:crafting) not found
[28May2026 14:58:43.729] [Render thread/WARN] [patchouli/]: Recipe advancedperipherals:me_bridge (of type minecraft:crafting) not found
[28May2026 14:58:43.729] [Render thread/WARN] [patchouli/]: Recipe advancedperipherals:block_reader (of type minecraft:crafting) not found
[28May2026 14:58:43.729] [Render thread/WARN] [patchouli/]: Recipe advancedperipherals:energy_detector (of type minecraft:crafting) not found
[28May2026 14:58:43.729] [Render thread/WARN] [patchouli/]: Recipe advancedperipherals:nbt_storage (of type minecraft:crafting) not found
[28May2026 14:58:43.730] [Render thread/INFO] [patchouli/]: BookContentResourceListenerLoader: Files found in 256.3 μs
[28May2026 14:58:43.730] [Render thread/INFO] [patchouli/]: BookContentResourceListenerLoader: Files found in 294.8 μs
[28May2026 14:58:43.732] [Render thread/INFO] [patchouli/]: BookContentResourceListenerLoader: Files found in 258.0 μs
[28May2026 14:58:43.734] [Render thread/INFO] [ModernFix/]: Cleared 0 unneeded book NBT tags
[28May2026 14:58:44.008] [Render thread/WARN] [Embeddium-MixinTaintDetector/]: Mod(s) [oculus] are modifying Embeddium class me.jellysquid.mods.sodium.client.render.chunk.region.RenderRegion$DeviceResources, which may cause instability.
[28May2026 14:58:44.657] [Render thread/WARN] [ModernFix/]: Time from main menu to in-game was 33.91255 seconds
[28May2026 14:58:44.658] [Render thread/WARN] [ModernFix/]: Total time to load game and open world was 84.546555 seconds
[28May2026 14:58:44.658] [Server thread/INFO] [net.minecraft.client.server.IntegratedServer/]: Saving and pausing game...
[28May2026 14:58:44.765] [Server thread/INFO] [net.minecraft.server.MinecraftServer/]: Saving chunks for level 'ServerLevel[New World]'/minecraft:overworld
[28May2026 14:58:45.368] [Server thread/INFO] [net.minecraft.server.MinecraftServer/]: Saving chunks for level 'ServerLevel[New World]'/minecraft:the_end
[28May2026 14:58:45.387] [Server thread/INFO] [net.minecraft.server.MinecraftServer/]: Saving chunks for level 'ServerLevel[New World]'/nuclearcraft:wasteland
[28May2026 14:58:45.388] [Server thread/INFO] [net.minecraft.server.MinecraftServer/]: Saving chunks for level 'ServerLevel[New World]'/gcyr:venus
[28May2026 14:58:45.388] [Server thread/INFO] [net.minecraft.server.MinecraftServer/]: Saving chunks for level 'ServerLevel[New World]'/gcyr:venus_orbit
[28May2026 14:58:45.389] [Server thread/INFO] [net.minecraft.server.MinecraftServer/]: Saving chunks for level 'ServerLevel[New World]'/gcyr:luna_orbit
[28May2026 14:58:45.389] [Server thread/INFO] [net.minecraft.server.MinecraftServer/]: Saving chunks for level 'ServerLevel[New World]'/gcyr:mars
[28May2026 14:58:45.389] [Server thread/INFO] [net.minecraft.server.MinecraftServer/]: Saving chunks for level 'ServerLevel[New World]'/gcyr:mercury
[28May2026 14:58:45.389] [Server thread/INFO] [net.minecraft.server.MinecraftServer/]: Saving chunks for level 'ServerLevel[New World]'/javd:void
[28May2026 14:58:45.390] [Server thread/INFO] [net.minecraft.server.MinecraftServer/]: Saving chunks for level 'ServerLevel[New World]'/gcyr:overworld_orbit
[28May2026 14:58:45.395] [Server thread/INFO] [net.minecraft.server.MinecraftServer/]: Saving chunks for level 'ServerLevel[New World]'/gcyr:mars_orbit
[28May2026 14:58:45.396] [Server thread/INFO] [net.minecraft.server.MinecraftServer/]: Saving chunks for level 'ServerLevel[New World]'/gcyr:luna
[28May2026 14:58:45.396] [Server thread/INFO] [net.minecraft.server.MinecraftServer/]: Saving chunks for level 'ServerLevel[New World]'/gcyr:proxima_centauri_b
[28May2026 14:58:45.397] [Server thread/INFO] [net.minecraft.server.MinecraftServer/]: Saving chunks for level 'ServerLevel[New World]'/gcyr:mercury_orbit
[28May2026 14:58:45.397] [Server thread/INFO] [net.minecraft.server.MinecraftServer/]: Saving chunks for level 'ServerLevel[New World]'/minecraft:the_nether
[28May2026 14:58:45.397] [Server thread/INFO] [net.minecraft.server.MinecraftServer/]: Saving chunks for level 'ServerLevel[New World]'/gcyr:black_hole_orbit
[28May2026 14:58:45.397] [Server thread/INFO] [net.minecraft.server.MinecraftServer/]: Saving chunks for level 'ServerLevel[New World]'/ae2:spatial_storage
[28May2026 14:58:45.649] [REI-ReloadPlugins/INFO] [REI/]: [REI] ========================================
[28May2026 14:58:45.649] [REI-ReloadPlugins/INFO] [REI/]: [REI] REIServerPlugin starting main-reload for START.
[28May2026 14:58:45.649] [REI-ReloadPlugins/INFO] [REI/]: [REI] Plugins (7):
[28May2026 14:58:45.649] [REI-ReloadPlugins/INFO] [REI/]: [REI]  - (-100.00) DefaultPluginImpl of DefaultPluginImpl [roughlyenoughitems]
[28May2026 14:58:45.649] [REI-ReloadPlugins/INFO] [REI/]: [REI]  - (0.00) StorageReiCommonPlugin of StorageReiCommonPlugin [sophisticatedstorage]
[28May2026 14:58:45.649] [REI-ReloadPlugins/INFO] [REI/]: [REI]  - (0.00) ReiPlugin of ReiPlugin [craftingstation]
[28May2026 14:58:45.649] [REI-ReloadPlugins/INFO] [REI/]: [REI]  - (0.00) BackpackReiCommonPlugin of BackpackReiCommonPlugin [sophisticatedbackpacks]
[28May2026 14:58:45.649] [REI-ReloadPlugins/INFO] [REI/]: [REI]  - (0.00) CoreReiCommonPlugin of CoreReiCommonPlugin [sophisticatedcore]
[28May2026 14:58:45.649] [REI-ReloadPlugins/INFO] [REI/]: [REI]  - (0.00) AdornReiServerForge of AdornReiServerForge [adorn]
[28May2026 14:58:45.649] [REI-ReloadPlugins/INFO] [REI/]: [REI]  - (0.00) DefaultRuntimePlugin of DefaultRuntimePlugin [roughlyenoughitems]
[28May2026 14:58:45.649] [REI-ReloadPlugins/INFO] [REI/]: [REI] ========================================
[28May2026 14:58:45.651] [REI-ReloadPlugins/INFO] [REI/]: [REI] REIPlugin finished post-reload for START in 719.7 μs, totaling 28.33 ms.
[28May2026 14:58:45.652] [REI-ReloadPlugins/INFO] [REI/]: [REI] REIClientPlugin finished post-reload for START in 430.7 μs, totaling 3.498 s.
[28May2026 14:58:45.652] [REI-ReloadPlugins/INFO] [REI/]: [REI] REIServerPlugin finished post-reload for START in 137.8 μs, totaling 1.069 ms.
[28May2026 14:58:45.654] [REI-ReloadPlugins/INFO] [REI/]: [REI] ++++++++++++++++++++++++++++++++++++++++
[28May2026 14:58:45.654] [REI-ReloadPlugins/INFO] [REI/]: [REI] REIPlugin starting main-reload for END.
[28May2026 14:58:45.654] [REI-ReloadPlugins/INFO] [REI/]: [REI] Plugins (24):
[28May2026 14:58:45.654] [REI-ReloadPlugins/INFO] [REI/]: [REI]  - (-100.00) DefaultClientPluginImpl of DefaultClientPluginImpl [roughlyenoughitems]
[28May2026 14:58:45.654] [REI-ReloadPlugins/INFO] [REI/]: [REI]  - (-100.00) DefaultPluginImpl of DefaultPluginImpl [roughlyenoughitems]
[28May2026 14:58:45.654] [REI-ReloadPlugins/INFO] [REI/]: [REI]  - (0.00) HideIngredientsFromTagsPlugin of HideIngredientsFromTagsPlugin [roughlyenoughitems]
[28May2026 14:58:45.654] [REI-ReloadPlugins/INFO] [REI/]: [REI]  - (0.00) DefaultClientRuntimePlugin of DefaultClientRuntimePlugin [roughlyenoughitems]
[28May2026 14:58:45.654] [REI-ReloadPlugins/INFO] [REI/]: [REI]  - (0.00) DefaultRuntimePlugin of DefaultRuntimePlugin [roughlyenoughitems]
[28May2026 14:58:45.654] [REI-ReloadPlugins/INFO] [REI/]: [REI]  - (0.00) REICompat of REICompat [supplementaries]
[28May2026 14:58:45.654] [REI-ReloadPlugins/INFO] [REI/]: [REI]  - (0.00) GTREIPlugin of GTREIPlugin [gtceu]
[28May2026 14:58:45.654] [REI-ReloadPlugins/INFO] [REI/]: [REI]  - (0.00) FTBQuestsREIIntegrationForge of FTBQuestsREIIntegrationForge [ftbxmodcompat]
[28May2026 14:58:45.654] [REI-ReloadPlugins/INFO] [REI/]: [REI]  - (0.00) ExtendedAE of ExtendedAE [expatternprovider]
[28May2026 14:58:45.654] [REI-ReloadPlugins/INFO] [REI/]: [REI]  - (0.00) FramedReiPlugin of FramedReiPlugin [framedblocks]
[28May2026 14:58:45.654] [REI-ReloadPlugins/INFO] [REI/]: [REI]  - (0.00) StorageReiClientPlugin of StorageReiClientPlugin [sophisticatedstorage]
[28May2026 14:58:45.654] [REI-ReloadPlugins/INFO] [REI/]: [REI]  - (0.00) BackpackReiClientPlugin of BackpackReiClientPlugin [sophisticatedbackpacks]
[28May2026 14:58:45.654] [REI-ReloadPlugins/INFO] [REI/]: [REI]  - (0.00) almostunified.roughlyenoughitems of almostunified.roughlyenoughitems [almostunified]
[28May2026 14:58:45.654] [REI-ReloadPlugins/INFO] [REI/]: [REI]  - (0.00) AdornReiClientForge of AdornReiClientForge [adorn]
[28May2026 14:58:45.654] [REI-ReloadPlugins/INFO] [REI/]: [REI]  - (0.00) REIPluginImpl of REIPluginImpl [ldlib]
[28May2026 14:58:45.654] [REI-ReloadPlugins/INFO] [REI/]: [REI]  - (0.00) StorageReiCommonPlugin of StorageReiCommonPlugin [sophisticatedstorage]
[28May2026 14:58:45.654] [REI-ReloadPlugins/INFO] [REI/]: [REI]  - (0.00) ReiClientPlugin of ReiClientPlugin [craftingstation]
[28May2026 14:58:45.654] [REI-ReloadPlugins/INFO] [REI/]: [REI]  - (0.00) ReiPlugin of ReiPlugin [craftingstation]
[28May2026 14:58:45.654] [REI-ReloadPlugins/INFO] [REI/]: [REI]  - (0.00) REIForgePluginStub of REIForgePluginStub [ftblibrary]
[28May2026 14:58:45.654] [REI-ReloadPlugins/INFO] [REI/]: [REI]  - (0.00) BackpackReiCommonPlugin of BackpackReiCommonPlugin [sophisticatedbackpacks]
[28May2026 14:58:45.654] [REI-ReloadPlugins/INFO] [REI/]: [REI]  - (0.00) CoreReiCommonPlugin of CoreReiCommonPlugin [sophisticatedcore]
[28May2026 14:58:45.654] [REI-ReloadPlugins/INFO] [REI/]: [REI]  - (0.00) AdornReiServerForge of AdornReiServerForge [adorn]
[28May2026 14:58:45.654] [REI-ReloadPlugins/INFO] [REI/]: [REI]  - (0.00) AE2 of AE2 [ae2]
[28May2026 14:58:45.654] [REI-ReloadPlugins/INFO] [REI/]: [REI]  - (10000000.00) REIForgePluginStub of REIForgePluginStub [kubejs]
[28May2026 14:58:45.654] [REI-ReloadPlugins/INFO] [REI/]: [REI] ++++++++++++++++++++++++++++++++++++++++
[28May2026 14:58:45.696] [REI-ReloadPlugins/INFO] [REI/]: [REI] ----------------------------------------
[28May2026 14:58:45.696] [REI-ReloadPlugins/INFO] [REI/]: [REI] REIClientPlugin starting main-reload for END.
[28May2026 14:58:45.696] [REI-ReloadPlugins/INFO] [REI/]: [REI] Plugins (17):
[28May2026 14:58:45.696] [REI-ReloadPlugins/INFO] [REI/]: [REI]  - (-100.00) DefaultClientPluginImpl of DefaultClientPluginImpl [roughlyenoughitems]
[28May2026 14:58:45.696] [REI-ReloadPlugins/INFO] [REI/]: [REI]  - (0.00) REICompat of REICompat [supplementaries]
[28May2026 14:58:45.696] [REI-ReloadPlugins/INFO] [REI/]: [REI]  - (0.00) GTREIPlugin of GTREIPlugin [gtceu]
[28May2026 14:58:45.696] [REI-ReloadPlugins/INFO] [REI/]: [REI]  - (0.00) FTBQuestsREIIntegrationForge of FTBQuestsREIIntegrationForge [ftbxmodcompat]
[28May2026 14:58:45.696] [REI-ReloadPlugins/INFO] [REI/]: [REI]  - (0.00) ExtendedAE of ExtendedAE [expatternprovider]
[28May2026 14:58:45.696] [REI-ReloadPlugins/INFO] [REI/]: [REI]  - (0.00) FramedReiPlugin of FramedReiPlugin [framedblocks]
[28May2026 14:58:45.696] [REI-ReloadPlugins/INFO] [REI/]: [REI]  - (0.00) StorageReiClientPlugin of StorageReiClientPlugin [sophisticatedstorage]
[28May2026 14:58:45.696] [REI-ReloadPlugins/INFO] [REI/]: [REI]  - (0.00) BackpackReiClientPlugin of BackpackReiClientPlugin [sophisticatedbackpacks]
[28May2026 14:58:45.696] [REI-ReloadPlugins/INFO] [REI/]: [REI]  - (0.00) almostunified.roughlyenoughitems of almostunified.roughlyenoughitems [almostunified]
[28May2026 14:58:45.696] [REI-ReloadPlugins/INFO] [REI/]: [REI]  - (0.00) AdornReiClientForge of AdornReiClientForge [adorn]
[28May2026 14:58:45.696] [REI-ReloadPlugins/INFO] [REI/]: [REI]  - (0.00) REIPluginImpl of REIPluginImpl [ldlib]
[28May2026 14:58:45.696] [REI-ReloadPlugins/INFO] [REI/]: [REI]  - (0.00) ReiClientPlugin of ReiClientPlugin [craftingstation]
[28May2026 14:58:45.696] [REI-ReloadPlugins/INFO] [REI/]: [REI]  - (0.00) REIForgePluginStub of REIForgePluginStub [ftblibrary]
[28May2026 14:58:45.696] [REI-ReloadPlugins/INFO] [REI/]: [REI]  - (0.00) AE2 of AE2 [ae2]
[28May2026 14:58:45.696] [REI-ReloadPlugins/INFO] [REI/]: [REI]  - (0.00) HideIngredientsFromTagsPlugin of HideIngredientsFromTagsPlugin [roughlyenoughitems]
[28May2026 14:58:45.696] [REI-ReloadPlugins/INFO] [REI/]: [REI]  - (0.00) DefaultClientRuntimePlugin of DefaultClientRuntimePlugin [roughlyenoughitems]
[28May2026 14:58:45.696] [REI-ReloadPlugins/INFO] [REI/]: [REI]  - (10000000.00) REIForgePluginStub of REIForgePluginStub [kubejs]
[28May2026 14:58:45.696] [REI-ReloadPlugins/INFO] [REI/]: [REI] ----------------------------------------
[28May2026 14:58:45.739] [REI-ReloadPlugins/WARN] [REI/]: [REI] Collapsible entry group [gtceu:tool/shears] Shears has no entries, ignoring.
[28May2026 14:58:45.746] [REI-ReloadPlugins/WARN] [REI/]: [REI] Collapsible entry group [gtceu:ore/bisalloy_400] Bisalloy 400 Ore has no entries, ignoring.
[28May2026 14:58:45.746] [REI-ReloadPlugins/WARN] [REI/]: [REI] Collapsible entry group [gtceu:ore/tungsten_steel] Tungsten Steel Ore has no entries, ignoring.
[28May2026 14:58:45.746] [REI-ReloadPlugins/WARN] [REI/]: [REI] Collapsible entry group [gtceu:ore/tungsten] Tungsten Ore has no entries, ignoring.
[28May2026 14:58:45.746] [REI-ReloadPlugins/WARN] [REI/]: [REI] Collapsible entry group [gtceu:ore/neutronium] Neutronium Ore has no entries, ignoring.
[28May2026 14:58:45.746] [REI-ReloadPlugins/WARN] [REI/]: [REI] Collapsible entry group [gtceu:ore/hsse] Hsse Ore has no entries, ignoring.
[28May2026 14:58:45.746] [REI-ReloadPlugins/WARN] [REI/]: [REI] Collapsible entry group [gtceu:ore/black_steel] Black Steel Ore has no entries, ignoring.
[28May2026 14:58:45.747] [REI-ReloadPlugins/WARN] [REI/]: [REI] Collapsible entry group [gtceu:ore/hsss] Hsss Ore has no entries, ignoring.
[28May2026 14:58:45.747] [REI-ReloadPlugins/WARN] [REI/]: [REI] Collapsible entry group [gtceu:ore/tritanium] Tritanium Ore has no entries, ignoring.
[28May2026 14:58:45.747] [REI-ReloadPlugins/WARN] [REI/]: [REI] Collapsible entry group [gtceu:ore/watertight_steel] Watertight Steel Ore has no entries, ignoring.
[28May2026 14:58:45.747] [REI-ReloadPlugins/WARN] [REI/]: [REI] Collapsible entry group [gtceu:ore/polytetrafluoroethylene] Polytetrafluoroethylene Ore has no entries, ignoring.
[28May2026 14:58:45.747] [REI-ReloadPlugins/WARN] [REI/]: [REI] Collapsible entry group [gtceu:ore/stainless_steel] Stainless Steel Ore has no entries, ignoring.
[28May2026 14:58:45.747] [REI-ReloadPlugins/WARN] [REI/]: [REI] Collapsible entry group [gtceu:ore/maraging_steel_300] Maraging Steel 300 Ore has no entries, ignoring.
[28May2026 14:58:45.747] [REI-ReloadPlugins/WARN] [REI/]: [REI] Collapsible entry group [gtceu:ore/hastelloy_x] Hastelloy X Ore has no entries, ignoring.
[28May2026 14:58:45.747] [REI-ReloadPlugins/WARN] [REI/]: [REI] Collapsible entry group [gtceu:ore/hsla_steel] Hsla Steel Ore has no entries, ignoring.
[28May2026 14:58:45.748] [REI-ReloadPlugins/WARN] [REI/]: [REI] Collapsible entry group [gtceu:ore/tungsten_carbide] Tungsten Carbide Ore has no entries, ignoring.
[28May2026 14:58:45.748] [REI-ReloadPlugins/WARN] [REI/]: [REI] Collapsible entry group [gtceu:ore/naquadah_alloy] Naquadah Alloy Ore has no entries, ignoring.
[28May2026 14:58:45.748] [REI-ReloadPlugins/WARN] [REI/]: [REI] Collapsible entry group [gtceu:ore/ruridit] Ruridit Ore has no entries, ignoring.
[28May2026 14:58:45.748] [REI-ReloadPlugins/WARN] [REI/]: [REI] Collapsible entry group [gtceu:ore/invar] Invar Ore has no entries, ignoring.
[28May2026 14:58:45.748] [REI-ReloadPlugins/WARN] [REI/]: [REI] Collapsible entry group [gtceu:ore/europium] Europium Ore has no entries, ignoring.
[28May2026 14:58:45.748] [REI-ReloadPlugins/WARN] [REI/]: [REI] Collapsible entry group [gtceu:ore/iridium] Iridium Ore has no entries, ignoring.
[28May2026 14:58:45.748] [REI-ReloadPlugins/WARN] [REI/]: [REI] Collapsible entry group [gtceu:ore/bronze] Bronze Ore has no entries, ignoring.
[28May2026 14:58:45.748] [REI-ReloadPlugins/WARN] [REI/]: [REI] Collapsible entry group [gtceu:ore/ultimet] Ultimet Ore has no entries, ignoring.
[28May2026 14:58:45.748] [REI-ReloadPlugins/WARN] [REI/]: [REI] Collapsible entry group [gtceu:ore/hastelloy_c_276] Hastelloy C 276 Ore has no entries, ignoring.
[28May2026 14:58:45.748] [REI-ReloadPlugins/WARN] [REI/]: [REI] Collapsible entry group [gtceu:ore/blue_steel] Blue Steel Ore has no entries, ignoring.
[28May2026 14:58:45.749] [REI-ReloadPlugins/WARN] [REI/]: [REI] Collapsible entry group [gtceu:ore/steel] Steel Ore has no entries, ignoring.
[28May2026 14:58:45.749] [REI-ReloadPlugins/WARN] [REI/]: [REI] Collapsible entry group [gtceu:ore/incoloy_ma_956] Incoloy Ma 956 Ore has no entries, ignoring.
[28May2026 14:58:45.749] [REI-ReloadPlugins/WARN] [REI/]: [REI] Collapsible entry group [gtceu:ore/hssg] Hssg Ore has no entries, ignoring.
[28May2026 14:58:48.355] [Render thread/INFO] [net.minecraft.advancements.AdvancementList/]: Loaded 87 advancements
[28May2026 14:58:50.554] [REI-ReloadPlugins/ERROR] [GregTechCEu/]: Input item 0 of recipe gtceu:potion_vanilla_quark.resilience_66 is empty
[28May2026 14:58:50.554] [REI-ReloadPlugins/ERROR] [GregTechCEu/]: Input item 0 of recipe gtceu:potion_vanilla_mundane_67 is empty
[28May2026 14:58:50.554] [REI-ReloadPlugins/ERROR] [GregTechCEu/]: Input item 0 of recipe gtceu:potion_vanilla_quark.resilience_68 is empty
[28May2026 14:58:50.554] [REI-ReloadPlugins/ERROR] [GregTechCEu/]: Input item 0 of recipe gtceu:potion_vanilla_quark.resilience_69 is empty
[28May2026 14:58:53.192] [Render thread/INFO] [xaero.map.WorldMap/]: Exception when loading gtceu:oil_medium texture, using material colour.
[28May2026 14:58:53.193] [Render thread/INFO] [xaero.map.WorldMap/]: Black texture 16
[28May2026 14:58:59.140] [Server thread/INFO] [net.minecraft.client.server.IntegratedServer/]: Saving and pausing game...
[28May2026 14:58:59.235] [Server thread/INFO] [net.minecraft.server.MinecraftServer/]: Saving chunks for level 'ServerLevel[New World]'/minecraft:overworld
[28May2026 14:58:59.244] [Server thread/INFO] [net.minecraft.server.MinecraftServer/]: Saving chunks for level 'ServerLevel[New World]'/minecraft:the_end
[28May2026 14:58:59.244] [Server thread/INFO] [net.minecraft.server.MinecraftServer/]: Saving chunks for level 'ServerLevel[New World]'/nuclearcraft:wasteland
[28May2026 14:58:59.244] [Server thread/INFO] [net.minecraft.server.MinecraftServer/]: Saving chunks for level 'ServerLevel[New World]'/gcyr:venus
[28May2026 14:58:59.245] [Server thread/INFO] [net.minecraft.server.MinecraftServer/]: Saving chunks for level 'ServerLevel[New World]'/gcyr:venus_orbit
[28May2026 14:58:59.245] [Server thread/INFO] [net.minecraft.server.MinecraftServer/]: Saving chunks for level 'ServerLevel[New World]'/gcyr:luna_orbit
[28May2026 14:58:59.245] [Server thread/INFO] [net.minecraft.server.MinecraftServer/]: Saving chunks for level 'ServerLevel[New World]'/gcyr:mars
[28May2026 14:58:59.245] [Server thread/INFO] [net.minecraft.server.MinecraftServer/]: Saving chunks for level 'ServerLevel[New World]'/gcyr:mercury
[28May2026 14:58:59.246] [Server thread/INFO] [net.minecraft.server.MinecraftServer/]: Saving chunks for level 'ServerLevel[New World]'/javd:void
[28May2026 14:58:59.246] [Server thread/INFO] [net.minecraft.server.MinecraftServer/]: Saving chunks for level 'ServerLevel[New World]'/gcyr:overworld_orbit
[28May2026 14:58:59.246] [Server thread/INFO] [net.minecraft.server.MinecraftServer/]: Saving chunks for level 'ServerLevel[New World]'/gcyr:mars_orbit
[28May2026 14:58:59.246] [Server thread/INFO] [net.minecraft.server.MinecraftServer/]: Saving chunks for level 'ServerLevel[New World]'/gcyr:luna
[28May2026 14:58:59.247] [Server thread/INFO] [net.minecraft.server.MinecraftServer/]: Saving chunks for level 'ServerLevel[New World]'/gcyr:proxima_centauri_b
[28May2026 14:58:59.247] [Server thread/INFO] [net.minecraft.server.MinecraftServer/]: Saving chunks for level 'ServerLevel[New World]'/gcyr:mercury_orbit
[28May2026 14:58:59.247] [Server thread/INFO] [net.minecraft.server.MinecraftServer/]: Saving chunks for level 'ServerLevel[New World]'/minecraft:the_nether
[28May2026 14:58:59.248] [Server thread/INFO] [net.minecraft.server.MinecraftServer/]: Saving chunks for level 'ServerLevel[New World]'/gcyr:black_hole_orbit
[28May2026 14:58:59.248] [Server thread/INFO] [net.minecraft.server.MinecraftServer/]: Saving chunks for level 'ServerLevel[New World]'/ae2:spatial_storage
[28May2026 14:59:00.180] [Render thread/INFO] [xaero.hud.minimap.MinimapLogs/]: Xaero hud session finalized.
[28May2026 14:59:00.180] [Render thread/INFO] [xaero.map.WorldMap/]: Finalizing world map session...
[28May2026 14:59:00.221] [Thread-17/INFO] [xaero.map.WorldMap/]: World map cleaned normally!
[28May2026 14:59:00.281] [Render thread/INFO] [xaero.map.WorldMap/]: World map session finalized.
[28May2026 14:59:00.370] [Server thread/INFO] [net.minecraft.server.network.ServerGamePacketListenerImpl/]: Bigh2011x lost connection: Disconnected
[28May2026 14:59:00.370] [Server thread/INFO] [net.minecraft.server.MinecraftServer/]: Bigh2011x left the game
[28May2026 14:59:00.446] [Server thread/INFO] [net.minecraft.server.network.ServerGamePacketListenerImpl/]: Stopping singleplayer server as player logged out
[28May2026 14:59:00.463] [Server thread/INFO] [net.creeperhost.ftbbackups.FTBBackups/]: Shutdown Complete
[28May2026 14:59:00.484] [Server thread/INFO] [net.minecraft.server.MinecraftServer/]: Stopping server
[28May2026 14:59:00.484] [Server thread/INFO] [net.minecraft.server.MinecraftServer/]: Saving players
[28May2026 14:59:00.484] [Server thread/INFO] [net.minecraft.server.MinecraftServer/]: Saving worlds
[28May2026 14:59:01.000] [Server thread/INFO] [net.minecraft.server.MinecraftServer/]: Saving chunks for level 'ServerLevel[New World]'/minecraft:overworld
[28May2026 14:59:06.186] [Server thread/INFO] [net.minecraft.server.MinecraftServer/]: Saving chunks for level 'ServerLevel[New World]'/minecraft:the_end
[28May2026 14:59:06.187] [Server thread/INFO] [net.minecraft.server.MinecraftServer/]: Saving chunks for level 'ServerLevel[New World]'/nuclearcraft:wasteland
[28May2026 14:59:06.187] [Server thread/INFO] [net.minecraft.server.MinecraftServer/]: Saving chunks for level 'ServerLevel[New World]'/gcyr:venus
[28May2026 14:59:06.187] [Server thread/INFO] [net.minecraft.server.MinecraftServer/]: Saving chunks for level 'ServerLevel[New World]'/gcyr:venus_orbit
[28May2026 14:59:06.187] [Server thread/INFO] [net.minecraft.server.MinecraftServer/]: Saving chunks for level 'ServerLevel[New World]'/gcyr:luna_orbit
[28May2026 14:59:06.188] [Server thread/INFO] [net.minecraft.server.MinecraftServer/]: Saving chunks for level 'ServerLevel[New World]'/gcyr:mars
[28May2026 14:59:06.188] [Server thread/INFO] [net.minecraft.server.MinecraftServer/]: Saving chunks for level 'ServerLevel[New World]'/gcyr:mercury
[28May2026 14:59:06.188] [Server thread/INFO] [net.minecraft.server.MinecraftServer/]: Saving chunks for level 'ServerLevel[New World]'/javd:void
[28May2026 14:59:06.188] [Server thread/INFO] [net.minecraft.server.MinecraftServer/]: Saving chunks for level 'ServerLevel[New World]'/gcyr:overworld_orbit
[28May2026 14:59:06.189] [Server thread/INFO] [net.minecraft.server.MinecraftServer/]: Saving chunks for level 'ServerLevel[New World]'/gcyr:mars_orbit
[28May2026 14:59:06.189] [Server thread/INFO] [net.minecraft.server.MinecraftServer/]: Saving chunks for level 'ServerLevel[New World]'/gcyr:luna
[28May2026 14:59:06.189] [Server thread/INFO] [net.minecraft.server.MinecraftServer/]: Saving chunks for level 'ServerLevel[New World]'/gcyr:proxima_centauri_b
[28May2026 14:59:06.189] [Server thread/INFO] [net.minecraft.server.MinecraftServer/]: Saving chunks for level 'ServerLevel[New World]'/gcyr:mercury_orbit
[28May2026 14:59:06.190] [Server thread/INFO] [net.minecraft.server.MinecraftServer/]: Saving chunks for level 'ServerLevel[New World]'/minecraft:the_nether
[28May2026 14:59:06.190] [Server thread/INFO] [net.minecraft.server.MinecraftServer/]: Saving chunks for level 'ServerLevel[New World]'/gcyr:black_hole_orbit
[28May2026 14:59:06.190] [Server thread/INFO] [net.minecraft.server.MinecraftServer/]: Saving chunks for level 'ServerLevel[New World]'/ae2:spatial_storage
[28May2026 14:59:06.354] [Server thread/INFO] [net.minecraft.server.MinecraftServer/]: ThreadedAnvilChunkStorage (New World): All chunks are saved
[28May2026 14:59:06.354] [Server thread/INFO] [net.minecraft.server.MinecraftServer/]: ThreadedAnvilChunkStorage (DIM1): All chunks are saved
[28May2026 14:59:06.354] [Server thread/INFO] [net.minecraft.server.MinecraftServer/]: ThreadedAnvilChunkStorage (wasteland): All chunks are saved
[28May2026 14:59:06.354] [Server thread/INFO] [net.minecraft.server.MinecraftServer/]: ThreadedAnvilChunkStorage (venus): All chunks are saved
[28May2026 14:59:06.354] [Server thread/INFO] [net.minecraft.server.MinecraftServer/]: ThreadedAnvilChunkStorage (venus_orbit): All chunks are saved
[28May2026 14:59:06.354] [Server thread/INFO] [net.minecraft.server.MinecraftServer/]: ThreadedAnvilChunkStorage (luna_orbit): All chunks are saved
[28May2026 14:59:06.354] [Server thread/INFO] [net.minecraft.server.MinecraftServer/]: ThreadedAnvilChunkStorage (mars): All chunks are saved
[28May2026 14:59:06.354] [Server thread/INFO] [net.minecraft.server.MinecraftServer/]: ThreadedAnvilChunkStorage (mercury): All chunks are saved
[28May2026 14:59:06.354] [Server thread/INFO] [net.minecraft.server.MinecraftServer/]: ThreadedAnvilChunkStorage (void): All chunks are saved
[28May2026 14:59:06.354] [Server thread/INFO] [net.minecraft.server.MinecraftServer/]: ThreadedAnvilChunkStorage (overworld_orbit): All chunks are saved
[28May2026 14:59:06.354] [Server thread/INFO] [net.minecraft.server.MinecraftServer/]: ThreadedAnvilChunkStorage (mars_orbit): All chunks are saved
[28May2026 14:59:06.354] [Server thread/INFO] [net.minecraft.server.MinecraftServer/]: ThreadedAnvilChunkStorage (luna): All chunks are saved
[28May2026 14:59:06.354] [Server thread/INFO] [net.minecraft.server.MinecraftServer/]: ThreadedAnvilChunkStorage (proxima_centauri_b): All chunks are saved
[28May2026 14:59:06.354] [Server thread/INFO] [net.minecraft.server.MinecraftServer/]: ThreadedAnvilChunkStorage (mercury_orbit): All chunks are saved
[28May2026 14:59:06.354] [Server thread/INFO] [net.minecraft.server.MinecraftServer/]: ThreadedAnvilChunkStorage (DIM-1): All chunks are saved
[28May2026 14:59:06.354] [Server thread/INFO] [net.minecraft.server.MinecraftServer/]: ThreadedAnvilChunkStorage (black_hole_orbit): All chunks are saved
[28May2026 14:59:06.354] [Server thread/INFO] [net.minecraft.server.MinecraftServer/]: ThreadedAnvilChunkStorage (spatial_storage): All chunks are saved
[28May2026 14:59:06.354] [Server thread/INFO] [net.minecraft.server.MinecraftServer/]: ThreadedAnvilChunkStorage: All dimensions are saved
[28May2026 14:59:06.631] [Render thread/INFO] [ChunkBuilder/]: Stopping worker threads
[28May2026 15:03:25.292] [Render thread/INFO] [mixin/]: Mixing client.MixinOnlineServerEntry from mixins/common/nochatreports.mixins.json into net.minecraft.client.gui.screens.multiplayer.ServerSelectionList$OnlineServerEntry
[28May2026 15:03:25.292] [Render thread/INFO] [mixin/]: Renaming synthetic method lambda$onRender$0()Ljava/util/ArrayList; to md56901c$lambda$onRender$0$0 in mixins/common/nochatreports.mixins.json:client.MixinOnlineServerEntry
[28May2026 15:03:25.562] [Server Pinger #0/INFO] [mixin/]: Mixing client.MixinServerStatusPinger$1 from mixins/common/nochatreports.mixins.json into net.minecraft.client.multiplayer.ServerStatusPinger$1
[28May2026 15:03:25.563] [Server Pinger #0/INFO] [mixin/]: Mixing client.MixinServerStatusPinger$1 from mixins/forge/nochatreports-forge.mixins.json into net.minecraft.client.multiplayer.ServerStatusPinger$1
[28May2026 15:03:25.563] [Server Pinger #0/INFO] [mixin/]: Renaming synthetic method lambda$static$0(Ljava/lang/Error;)V to md56901c$lambda$static$0$0 in mixins/forge/nochatreports-forge.mixins.json:client.MixinServerStatusPinger$1
[28May2026 15:03:25.566] [Server Pinger #0/INFO] [NoChatReports/]: Common mixin into ServerStatusPinger$1 succeeded.
[28May2026 15:03:25.616] [Render thread/ERROR] [net.minecraft.client.multiplayer.ServerStatusPinger/]: Can't ping Season6Test.exaroton.me: Internal Exception: java.net.SocketException: Connection reset
[28May2026 15:03:35.865] [Netty Client IO #2/INFO] [net.minecraftforge.client.ForgeHooksClient/CLIENTHOOKS]: Client has mods that are missing on server: [chatplus, nochatrestrictions, tooltipoverhaul, longerchathistory, nochatreports, obscure_tooltips]
[28May2026 15:03:37.053] [Render thread/INFO] [mixin/]: Mixing client.MixinConnectScreen from mixins/common/nochatreports.mixins.json into net.minecraft.client.gui.screens.ConnectScreen
[28May2026 15:03:37.070] [Render thread/INFO] [net.minecraft.client.gui.screens.ConnectScreen/]: Connecting to gws6.ggwp.cc, 25565
[28May2026 15:03:38.041] [Netty Epoll Client IO #0/INFO] [Puzzles Lib/]: Reloading server config for hangglider
[28May2026 15:03:38.134] [Netty Epoll Client IO #0/INFO] [net.minecraftforge.network.NetworkHooks/]: Connected to a modded server.
[28May2026 15:03:38.301] [Render thread/INFO] [xaero.hud.minimap.MinimapLogs/]: Minimap required item set to nothing.
[28May2026 15:03:38.302] [Render thread/INFO] [xaero.hud.minimap.MinimapLogs/]: New Xaero hud session initialized!
[28May2026 15:03:38.302] [Render thread/INFO] [xaero.map.WorldMap/]: Fullscreen map required item set to nothing.
[28May2026 15:03:38.302] [Render thread/INFO] [xaero.map.WorldMap/]: New world map session initialized!
[28May2026 15:03:38.356] [Render thread/INFO] [Oculus/]: Reloading pipeline on dimension change: NamespacedId{namespace='minecraft', name='overworld'} => NamespacedId{namespace='minecraft', name='overworld'}
[28May2026 15:03:38.356] [Render thread/INFO] [Oculus/]: Destroying pipeline NamespacedId{namespace='minecraft', name='overworld'}
[28May2026 15:03:38.356] [Render thread/INFO] [Oculus/]: Creating pipeline for dimension NamespacedId{namespace='minecraft', name='overworld'}
[28May2026 15:03:38.369] [Render thread/INFO] [ChunkBuilder/]: Started 6 worker threads
[28May2026 15:03:38.394] [Render thread/INFO] [Supplementaries/]: Synced Flute Songs
[28May2026 15:03:38.394] [Render thread/INFO] [Supplementaries/]: Synced Captured Mobs settings
[28May2026 15:03:38.394] [Render thread/INFO] [Supplementaries/]: Synced Globe data
[28May2026 15:03:38.394] [Render thread/INFO] [Supplementaries/]: Synced Hourglass data
[28May2026 15:03:38.394] [Render thread/INFO] [Iron Jetpacks/]: Loaded 14 jetpacks from the server
[28May2026 15:03:38.394] [Render thread/INFO] [Extended Crafting/]: Loaded 19 singularities from the server
[28May2026 15:03:38.397] [Render thread/INFO] [ChunkBuilder/]: Stopping worker threads
[28May2026 15:03:38.408] [Render thread/INFO] [ChunkBuilder/]: Started 6 worker threads
[28May2026 15:03:38.547] [Render thread/INFO] [Cucumber Library/]: Loaded cucumber-tags.json in 0 ms
[28May2026 15:03:38.553] [Render thread/INFO] [AlmostUnified/]: [AutoHiding] Hiding 1/2 items for tag '#forge:plates/obsidian' -> [gtceu:obsidian_plate]
[28May2026 15:03:38.554] [Render thread/INFO] [AlmostUnified/]: [AutoHiding] Hiding 1/2 items for tag '#forge:storage_blocks/zinc' -> [nuclearcraft:zinc_block]
[28May2026 15:03:38.554] [Render thread/INFO] [AlmostUnified/]: [AutoHiding] Hiding 16/22 items for tag '#forge:ores/emerald' -> [gtceu:deepslate_emerald_ore, gtceu:red_sand_emerald_ore, gtceu:blackstone_emerald_ore, gtceu:sand_emerald_ore, gtceu:mercury_emerald_ore, gtceu:venus_emerald_ore, gtceu:gravel_emerald_ore, gtceu:tuff_emerald_ore, gtceu:mars_emerald_ore, gtceu:emerald_ore, gtceu:moon_emerald_ore, gtceu:marble_emerald_ore, gtceu:proxima_centauri_b_emerald_ore, gtceu:netherrack_emerald_ore, gtceu:endstone_emerald_ore, gtceu:basalt_emerald_ore]
[28May2026 15:03:38.554] [Render thread/INFO] [AlmostUnified/]: [AutoHiding] Hiding 2/3 items for tag '#forge:dusts/obsidian' -> [enderio:powdered_obsidian, nuclearcraft:obsidian_dust]
[28May2026 15:03:38.554] [Render thread/INFO] [AlmostUnified/]: [AutoHiding] Hiding 16/23 items for tag '#forge:ores/gold' -> [gtceu:gold_ore, gtceu:mars_gold_ore, gtceu:proxima_centauri_b_gold_ore, gtceu:tuff_gold_ore, gtceu:deepslate_gold_ore, gtceu:basalt_gold_ore, gtceu:netherrack_gold_ore, gtceu:moon_gold_ore, gtceu:mercury_gold_ore, gtceu:blackstone_gold_ore, gtceu:sand_gold_ore, gtceu:venus_gold_ore, gtceu:marble_gold_ore, gtceu:gravel_gold_ore, gtceu:endstone_gold_ore, gtceu:red_sand_gold_ore]
[28May2026 15:03:38.554] [Render thread/INFO] [AlmostUnified/]: [AutoHiding] Hiding 1/2 items for tag '#forge:raw_materials/zinc' -> [nuclearcraft:zinc_chunk]
[28May2026 15:03:38.554] [Render thread/INFO] [AlmostUnified/]: [AutoHiding] Hiding 1/2 items for tag '#forge:nuggets/zinc' -> [nuclearcraft:zinc_nugget]
[28May2026 15:03:38.554] [Render thread/INFO] [AlmostUnified/]: [AutoHiding] Hiding 16/22 items for tag '#forge:ores/diamond' -> [gtceu:moon_diamond_ore, gtceu:marble_diamond_ore, gtceu:red_sand_diamond_ore, gtceu:netherrack_diamond_ore, gtceu:basalt_diamond_ore, gtceu:endstone_diamond_ore, gtceu:deepslate_diamond_ore, gtceu:blackstone_diamond_ore, gtceu:sand_diamond_ore, gtceu:gravel_diamond_ore, gtceu:proxima_centauri_b_diamond_ore, gtceu:venus_diamond_ore, gtceu:tuff_diamond_ore, gtceu:mars_diamond_ore, gtceu:mercury_diamond_ore, gtceu:diamond_ore]
[28May2026 15:03:38.554] [Render thread/INFO] [AlmostUnified/]: [AutoHiding] Hiding 1/2 items for tag '#forge:nuggets/copper' -> [tconstruct:copper_nugget]
[28May2026 15:03:38.554] [Render thread/INFO] [AlmostUnified/]: [AutoHiding] Hiding 1/3 items for tag '#forge:ores/zinc' -> [nuclearcraft:zinc_ore]
[28May2026 15:03:38.554] [Render thread/INFO] [AlmostUnified/]: [AutoHiding] Hiding 16/22 items for tag '#forge:ores/copper' -> [gtceu:venus_copper_ore, gtceu:tuff_copper_ore, gtceu:red_sand_copper_ore, gtceu:copper_ore, gtceu:sand_copper_ore, gtceu:mars_copper_ore, gtceu:mercury_copper_ore, gtceu:gravel_copper_ore, gtceu:blackstone_copper_ore, gtceu:netherrack_copper_ore, gtceu:endstone_copper_ore, gtceu:marble_copper_ore, gtceu:basalt_copper_ore, gtceu:proxima_centauri_b_copper_ore, gtceu:deepslate_copper_ore, gtceu:moon_copper_ore]
[28May2026 15:03:38.554] [Render thread/INFO] [AlmostUnified/]: [AutoHiding] Hiding 16/22 items for tag '#forge:ores/iron' -> [gtceu:mars_iron_ore, gtceu:sand_iron_ore, gtceu:marble_iron_ore, gtceu:venus_iron_ore, gtceu:red_sand_iron_ore, gtceu:deepslate_iron_ore, gtceu:netherrack_iron_ore, gtceu:moon_iron_ore, gtceu:mercury_iron_ore, gtceu:proxima_centauri_b_iron_ore, gtceu:tuff_iron_ore, gtceu:gravel_iron_ore, gtceu:endstone_iron_ore, gtceu:blackstone_iron_ore, gtceu:basalt_iron_ore, gtceu:iron_ore]
[28May2026 15:03:38.554] [Render thread/INFO] [AlmostUnified/]: [AutoHiding] Hiding 1/2 items for tag '#forge:plates/copper' -> [nuclearcraft:copper_plate]
[28May2026 15:03:38.555] [Render thread/INFO] [AlmostUnified/]: [AutoHiding] Hiding 16/22 items for tag '#forge:ores/lapis' -> [gtceu:proxima_centauri_b_lapis_ore, gtceu:mars_lapis_ore, gtceu:marble_lapis_ore, gtceu:sand_lapis_ore, gtceu:mercury_lapis_ore, gtceu:endstone_lapis_ore, gtceu:blackstone_lapis_ore, gtceu:venus_lapis_ore, gtceu:lapis_ore, gtceu:netherrack_lapis_ore, gtceu:deepslate_lapis_ore, gtceu:tuff_lapis_ore, gtceu:red_sand_lapis_ore, gtceu:gravel_lapis_ore, gtceu:basalt_lapis_ore, gtceu:moon_lapis_ore]
[28May2026 15:03:38.555] [Render thread/INFO] [AlmostUnified/]: [AutoHiding] Hiding 1/2 items for tag '#forge:ingots/zinc' -> [nuclearcraft:zinc_ingot]
[28May2026 15:03:38.555] [Render thread/INFO] [AlmostUnified/]: [AutoHiding] Hiding 1/2 items for tag '#forge:plates/iron' -> [nuclearcraft:iron_plate]
[28May2026 15:03:38.555] [Render thread/INFO] [AlmostUnified/]: [AutoHiding] Hiding 16/22 items for tag '#forge:ores/coal' -> [gtceu:mercury_coal_ore, gtceu:blackstone_coal_ore, gtceu:deepslate_coal_ore, gtceu:basalt_coal_ore, gtceu:netherrack_coal_ore, gtceu:gravel_coal_ore, gtceu:proxima_centauri_b_coal_ore, gtceu:sand_coal_ore, gtceu:tuff_coal_ore, gtceu:mars_coal_ore, gtceu:coal_ore, gtceu:endstone_coal_ore, gtceu:red_sand_coal_ore, gtceu:marble_coal_ore, gtceu:moon_coal_ore, gtceu:venus_coal_ore]
[28May2026 15:03:39.440] [Netty Epoll Client IO #0/WARN] [com.simibubi.create.Create/]: Your custom createaddition:rolling/copper_ingot recipe (createaddition:rolling/copper_ingot) specified a duration. Durations have no impact on this type of recipe.
[28May2026 15:03:39.604] [Netty Epoll Client IO #0/WARN] [electrolyte.greate.Greate/]: Your custom greate:mixing recipe (greate:mixing/integration/createaddition/compat/tconstruct/pig_iron_2) has more item inputs (13) than supported (9).
[28May2026 15:03:39.605] [Netty Epoll Client IO #0/WARN] [com.simibubi.create.Create/]: Your custom createaddition:rolling/gold_ingot recipe (createaddition:rolling/gold_ingot) specified a duration. Durations have no impact on this type of recipe.
[28May2026 15:03:39.692] [Netty Epoll Client IO #0/WARN] [com.simibubi.create.Create/]: Your custom createaddition:rolling/iron_plate recipe (createaddition:rolling/iron_plate) specified a duration. Durations have no impact on this type of recipe.
[28May2026 15:03:39.709] [Netty Epoll Client IO #0/WARN] [com.simibubi.create.Create/]: Your custom createaddition:rolling/electrum_plate recipe (createaddition:rolling/electrum_plate) specified a duration. Durations have no impact on this type of recipe.
[28May2026 15:03:39.742] [Netty Epoll Client IO #0/WARN] [com.simibubi.create.Create/]: Your custom createaddition:rolling/straw recipe (createaddition:rolling/straw) specified a duration. Durations have no impact on this type of recipe.
[28May2026 15:03:39.885] [Netty Epoll Client IO #0/WARN] [com.simibubi.create.Create/]: Your custom createaddition:rolling/electrum_ingot recipe (createaddition:rolling/electrum_ingot) specified a duration. Durations have no impact on this type of recipe.
[28May2026 15:03:39.886] [Netty Epoll Client IO #0/WARN] [com.simibubi.create.Create/]: Your custom createaddition:rolling/iron_ingot recipe (createaddition:rolling/iron_ingot) specified a duration. Durations have no impact on this type of recipe.
[28May2026 15:03:40.136] [Netty Epoll Client IO #0/WARN] [com.simibubi.create.Create/]: Your custom createaddition:rolling/gold_plate recipe (createaddition:rolling/gold_plate) specified a duration. Durations have no impact on this type of recipe.
[28May2026 15:03:40.178] [Netty Epoll Client IO #0/WARN] [com.simibubi.create.Create/]: Your custom createaddition:rolling/brass_ingot recipe (createaddition:rolling/brass_ingot) specified a duration. Durations have no impact on this type of recipe.
[28May2026 15:03:40.226] [Netty Epoll Client IO #0/WARN] [com.simibubi.create.Create/]: Your custom createaddition:rolling/copper_plate recipe (createaddition:rolling/copper_plate) specified a duration. Durations have no impact on this type of recipe.
[28May2026 15:03:40.270] [REI-ReloadPlugins/INFO] [REI/]: [REI] @@@@@@@@@@@@@@@@@@@@@@@@@@@@@@@@@@@@@@@@
[28May2026 15:03:40.270] [REI-ReloadPlugins/INFO] [REI/]: [REI] REIPlugin starting main-reload for START.
[28May2026 15:03:40.270] [REI-ReloadPlugins/INFO] [REI/]: [REI] Plugins (24):
[28May2026 15:03:40.270] [REI-ReloadPlugins/INFO] [REI/]: [REI]  - (-100.00) DefaultClientPluginImpl of DefaultClientPluginImpl [roughlyenoughitems]
[28May2026 15:03:40.270] [REI-ReloadPlugins/INFO] [REI/]: [REI]  - (-100.00) DefaultPluginImpl of DefaultPluginImpl [roughlyenoughitems]
[28May2026 15:03:40.270] [REI-ReloadPlugins/INFO] [REI/]: [REI]  - (0.00) HideIngredientsFromTagsPlugin of HideIngredientsFromTagsPlugin [roughlyenoughitems]
[28May2026 15:03:40.270] [REI-ReloadPlugins/INFO] [REI/]: [REI]  - (0.00) DefaultClientRuntimePlugin of DefaultClientRuntimePlugin [roughlyenoughitems]
[28May2026 15:03:40.270] [REI-ReloadPlugins/INFO] [REI/]: [REI]  - (0.00) DefaultRuntimePlugin of DefaultRuntimePlugin [roughlyenoughitems]
[28May2026 15:03:40.270] [REI-ReloadPlugins/INFO] [REI/]: [REI]  - (0.00) REICompat of REICompat [supplementaries]
[28May2026 15:03:40.270] [REI-ReloadPlugins/INFO] [REI/]: [REI]  - (0.00) GTREIPlugin of GTREIPlugin [gtceu]
[28May2026 15:03:40.270] [REI-ReloadPlugins/INFO] [REI/]: [REI]  - (0.00) FTBQuestsREIIntegrationForge of FTBQuestsREIIntegrationForge [ftbxmodcompat]
[28May2026 15:03:40.270] [REI-ReloadPlugins/INFO] [REI/]: [REI]  - (0.00) ExtendedAE of ExtendedAE [expatternprovider]
[28May2026 15:03:40.270] [REI-ReloadPlugins/INFO] [REI/]: [REI]  - (0.00) FramedReiPlugin of FramedReiPlugin [framedblocks]
[28May2026 15:03:40.270] [REI-ReloadPlugins/INFO] [REI/]: [REI]  - (0.00) StorageReiClientPlugin of StorageReiClientPlugin [sophisticatedstorage]
[28May2026 15:03:40.270] [REI-ReloadPlugins/INFO] [REI/]: [REI]  - (0.00) BackpackReiClientPlugin of BackpackReiClientPlugin [sophisticatedbackpacks]
[28May2026 15:03:40.270] [REI-ReloadPlugins/INFO] [REI/]: [REI]  - (0.00) almostunified.roughlyenoughitems of almostunified.roughlyenoughitems [almostunified]
[28May2026 15:03:40.271] [REI-ReloadPlugins/INFO] [REI/]: [REI]  - (0.00) AdornReiClientForge of AdornReiClientForge [adorn]
[28May2026 15:03:40.271] [REI-ReloadPlugins/INFO] [REI/]: [REI]  - (0.00) REIPluginImpl of REIPluginImpl [ldlib]
[28May2026 15:03:40.271] [REI-ReloadPlugins/INFO] [REI/]: [REI]  - (0.00) StorageReiCommonPlugin of StorageReiCommonPlugin [sophisticatedstorage]
[28May2026 15:03:40.271] [REI-ReloadPlugins/INFO] [REI/]: [REI]  - (0.00) ReiClientPlugin of ReiClientPlugin [craftingstation]
[28May2026 15:03:40.271] [REI-ReloadPlugins/INFO] [REI/]: [REI]  - (0.00) ReiPlugin of ReiPlugin [craftingstation]
[28May2026 15:03:40.271] [REI-ReloadPlugins/INFO] [REI/]: [REI]  - (0.00) REIForgePluginStub of REIForgePluginStub [ftblibrary]
[28May2026 15:03:40.271] [REI-ReloadPlugins/INFO] [REI/]: [REI]  - (0.00) BackpackReiCommonPlugin of BackpackReiCommonPlugin [sophisticatedbackpacks]
[28May2026 15:03:40.271] [REI-ReloadPlugins/INFO] [REI/]: [REI]  - (0.00) CoreReiCommonPlugin of CoreReiCommonPlugin [sophisticatedcore]
[28May2026 15:03:40.271] [REI-ReloadPlugins/INFO] [REI/]: [REI]  - (0.00) AdornReiServerForge of AdornReiServerForge [adorn]
[28May2026 15:03:40.271] [REI-ReloadPlugins/INFO] [REI/]: [REI]  - (0.00) AE2 of AE2 [ae2]
[28May2026 15:03:40.271] [REI-ReloadPlugins/INFO] [REI/]: [REI]  - (10000000.00) REIForgePluginStub of REIForgePluginStub [kubejs]
[28May2026 15:03:40.271] [REI-ReloadPlugins/INFO] [REI/]: [REI] @@@@@@@@@@@@@@@@@@@@@@@@@@@@@@@@@@@@@@@@
[28May2026 15:03:40.275] [REI-ReloadPlugins/INFO] [REI/]: [REI] ~~~~~~~~~~~~~~~~~~~~~~~~~~~~~~~~~~~~~~~~
[28May2026 15:03:40.275] [REI-ReloadPlugins/INFO] [REI/]: [REI] REIClientPlugin starting main-reload for START.
[28May2026 15:03:40.275] [REI-ReloadPlugins/INFO] [REI/]: [REI] Plugins (17):
[28May2026 15:03:40.275] [REI-ReloadPlugins/INFO] [REI/]: [REI]  - (-100.00) DefaultClientPluginImpl of DefaultClientPluginImpl [roughlyenoughitems]
[28May2026 15:03:40.275] [REI-ReloadPlugins/INFO] [REI/]: [REI]  - (0.00) REICompat of REICompat [supplementaries]
[28May2026 15:03:40.275] [REI-ReloadPlugins/INFO] [REI/]: [REI]  - (0.00) GTREIPlugin of GTREIPlugin [gtceu]
[28May2026 15:03:40.275] [REI-ReloadPlugins/INFO] [REI/]: [REI]  - (0.00) FTBQuestsREIIntegrationForge of FTBQuestsREIIntegrationForge [ftbxmodcompat]
[28May2026 15:03:40.275] [REI-ReloadPlugins/INFO] [REI/]: [REI]  - (0.00) ExtendedAE of ExtendedAE [expatternprovider]
[28May2026 15:03:40.275] [REI-ReloadPlugins/INFO] [REI/]: [REI]  - (0.00) FramedReiPlugin of FramedReiPlugin [framedblocks]
[28May2026 15:03:40.275] [REI-ReloadPlugins/INFO] [REI/]: [REI]  - (0.00) StorageReiClientPlugin of StorageReiClientPlugin [sophisticatedstorage]
[28May2026 15:03:40.275] [REI-ReloadPlugins/INFO] [REI/]: [REI]  - (0.00) BackpackReiClientPlugin of BackpackReiClientPlugin [sophisticatedbackpacks]
[28May2026 15:03:40.275] [REI-ReloadPlugins/INFO] [REI/]: [REI]  - (0.00) almostunified.roughlyenoughitems of almostunified.roughlyenoughitems [almostunified]
[28May2026 15:03:40.275] [REI-ReloadPlugins/INFO] [REI/]: [REI]  - (0.00) AdornReiClientForge of AdornReiClientForge [adorn]
[28May2026 15:03:40.275] [REI-ReloadPlugins/INFO] [REI/]: [REI]  - (0.00) REIPluginImpl of REIPluginImpl [ldlib]
[28May2026 15:03:40.275] [REI-ReloadPlugins/INFO] [REI/]: [REI]  - (0.00) ReiClientPlugin of ReiClientPlugin [craftingstation]
[28May2026 15:03:40.275] [REI-ReloadPlugins/INFO] [REI/]: [REI]  - (0.00) REIForgePluginStub of REIForgePluginStub [ftblibrary]
[28May2026 15:03:40.275] [REI-ReloadPlugins/INFO] [REI/]: [REI]  - (0.00) AE2 of AE2 [ae2]
[28May2026 15:03:40.275] [REI-ReloadPlugins/INFO] [REI/]: [REI]  - (0.00) HideIngredientsFromTagsPlugin of HideIngredientsFromTagsPlugin [roughlyenoughitems]
[28May2026 15:03:40.275] [REI-ReloadPlugins/INFO] [REI/]: [REI]  - (0.00) DefaultClientRuntimePlugin of DefaultClientRuntimePlugin [roughlyenoughitems]
[28May2026 15:03:40.275] [REI-ReloadPlugins/INFO] [REI/]: [REI]  - (10000000.00) REIForgePluginStub of REIForgePluginStub [kubejs]
[28May2026 15:03:40.275] [REI-ReloadPlugins/INFO] [REI/]: [REI] ~~~~~~~~~~~~~~~~~~~~~~~~~~~~~~~~~~~~~~~~
[28May2026 15:03:40.373] [Render thread/WARN] [net.minecraft.client.ClientRecipeBook/]: Unknown recipe category: ae2:charger/ae2:charger/charged_certus_quartz_crystal
[28May2026 15:03:40.376] [Render thread/WARN] [net.minecraft.client.ClientRecipeBook/]: Unknown recipe category: ae2:charger/ae2:charger/meteorite_compass
[28May2026 15:03:40.379] [Render thread/WARN] [net.minecraft.client.ClientRecipeBook/]: Unknown recipe category: ae2:charger/ae2:charger/guide
[28May2026 15:03:40.396] [Render thread/WARN] [REI/]: [REI] Found 1 existing reload task(s) after trying to terminate them!
[28May2026 15:03:40.437] [Render thread/INFO] [xaero.hud.minimap.MinimapLogs/]: Minimap updated server level id: 1700382168 for world ResourceKey[minecraft:dimension / minecraft:overworld]
[28May2026 15:03:40.620] [Netty Epoll Client IO #0/INFO] [FTB Quests/]: Read 404616 bytes, 1686 objects
[28May2026 15:03:40.624] [Render thread/INFO] [FTB Chunks/]: Loading FTB Chunks client data from world 1ed4e67c-4e11-4ab9-828f-3105e513d638
[28May2026 15:03:40.628] [Render thread/INFO] [mixin/]: Mixing client.MixinGuiMessageTag from mixins/common/nochatreports.mixins.json into net.minecraft.client.GuiMessageTag
[28May2026 15:03:40.629] [Render thread/INFO] [net.minecraft.client.gui.components.ChatComponent/]: [CHAT] KubeJS errors found [1]! Run '/kubejs errors server' for more info
[28May2026 15:03:40.645] [Render thread/INFO] [Moonlight/]: Synced vista-common.toml configs
[28May2026 15:03:40.646] [Render thread/INFO] [Moonlight/]: Synced moonlight-common.toml configs
[28May2026 15:03:40.646] [Render thread/INFO] [Jade/]: Received config from the server: {}
[28May2026 15:03:40.648] [Render thread/INFO] [Moonlight/]: Synced supplementaries-common.toml configs
[28May2026 15:03:40.809] [REI-ReloadPlugins/INFO] [AlmostUnified/]: [AutoHiding] Hiding 1/2 items for tag '#forge:plates/obsidian' -> [gtceu:obsidian_plate]
[28May2026 15:03:40.809] [REI-ReloadPlugins/INFO] [AlmostUnified/]: [AutoHiding] Hiding 1/2 items for tag '#forge:storage_blocks/zinc' -> [nuclearcraft:zinc_block]
[28May2026 15:03:40.809] [REI-ReloadPlugins/INFO] [AlmostUnified/]: [AutoHiding] Hiding 16/22 items for tag '#forge:ores/emerald' -> [gtceu:deepslate_emerald_ore, gtceu:red_sand_emerald_ore, gtceu:blackstone_emerald_ore, gtceu:sand_emerald_ore, gtceu:mercury_emerald_ore, gtceu:venus_emerald_ore, gtceu:gravel_emerald_ore, gtceu:tuff_emerald_ore, gtceu:mars_emerald_ore, gtceu:emerald_ore, gtceu:moon_emerald_ore, gtceu:marble_emerald_ore, gtceu:proxima_centauri_b_emerald_ore, gtceu:netherrack_emerald_ore, gtceu:endstone_emerald_ore, gtceu:basalt_emerald_ore]
[28May2026 15:03:40.809] [REI-ReloadPlugins/INFO] [AlmostUnified/]: [AutoHiding] Hiding 2/3 items for tag '#forge:dusts/obsidian' -> [enderio:powdered_obsidian, nuclearcraft:obsidian_dust]
[28May2026 15:03:40.809] [REI-ReloadPlugins/INFO] [AlmostUnified/]: [AutoHiding] Hiding 16/23 items for tag '#forge:ores/gold' -> [gtceu:gold_ore, gtceu:mars_gold_ore, gtceu:proxima_centauri_b_gold_ore, gtceu:tuff_gold_ore, gtceu:deepslate_gold_ore, gtceu:basalt_gold_ore, gtceu:netherrack_gold_ore, gtceu:moon_gold_ore, gtceu:mercury_gold_ore, gtceu:blackstone_gold_ore, gtceu:sand_gold_ore, gtceu:venus_gold_ore, gtceu:marble_gold_ore, gtceu:gravel_gold_ore, gtceu:endstone_gold_ore, gtceu:red_sand_gold_ore]
[28May2026 15:03:40.809] [REI-ReloadPlugins/INFO] [AlmostUnified/]: [AutoHiding] Hiding 1/2 items for tag '#forge:raw_materials/zinc' -> [nuclearcraft:zinc_chunk]
[28May2026 15:03:40.809] [REI-ReloadPlugins/INFO] [AlmostUnified/]: [AutoHiding] Hiding 1/2 items for tag '#forge:nuggets/zinc' -> [nuclearcraft:zinc_nugget]
[28May2026 15:03:40.810] [REI-ReloadPlugins/INFO] [AlmostUnified/]: [AutoHiding] Hiding 16/22 items for tag '#forge:ores/diamond' -> [gtceu:moon_diamond_ore, gtceu:marble_diamond_ore, gtceu:red_sand_diamond_ore, gtceu:netherrack_diamond_ore, gtceu:basalt_diamond_ore, gtceu:endstone_diamond_ore, gtceu:deepslate_diamond_ore, gtceu:blackstone_diamond_ore, gtceu:sand_diamond_ore, gtceu:gravel_diamond_ore, gtceu:proxima_centauri_b_diamond_ore, gtceu:venus_diamond_ore, gtceu:tuff_diamond_ore, gtceu:mars_diamond_ore, gtceu:mercury_diamond_ore, gtceu:diamond_ore]
[28May2026 15:03:40.810] [REI-ReloadPlugins/INFO] [AlmostUnified/]: [AutoHiding] Hiding 1/2 items for tag '#forge:nuggets/copper' -> [tconstruct:copper_nugget]
[28May2026 15:03:40.810] [REI-ReloadPlugins/INFO] [AlmostUnified/]: [AutoHiding] Hiding 1/3 items for tag '#forge:ores/zinc' -> [nuclearcraft:zinc_ore]
[28May2026 15:03:40.810] [REI-ReloadPlugins/INFO] [AlmostUnified/]: [AutoHiding] Hiding 16/22 items for tag '#forge:ores/copper' -> [gtceu:venus_copper_ore, gtceu:tuff_copper_ore, gtceu:red_sand_copper_ore, gtceu:copper_ore, gtceu:sand_copper_ore, gtceu:mars_copper_ore, gtceu:mercury_copper_ore, gtceu:gravel_copper_ore, gtceu:blackstone_copper_ore, gtceu:netherrack_copper_ore, gtceu:endstone_copper_ore, gtceu:marble_copper_ore, gtceu:basalt_copper_ore, gtceu:proxima_centauri_b_copper_ore, gtceu:deepslate_copper_ore, gtceu:moon_copper_ore]
[28May2026 15:03:40.810] [REI-ReloadPlugins/INFO] [AlmostUnified/]: [AutoHiding] Hiding 16/22 items for tag '#forge:ores/iron' -> [gtceu:mars_iron_ore, gtceu:sand_iron_ore, gtceu:marble_iron_ore, gtceu:venus_iron_ore, gtceu:red_sand_iron_ore, gtceu:deepslate_iron_ore, gtceu:netherrack_iron_ore, gtceu:moon_iron_ore, gtceu:mercury_iron_ore, gtceu:proxima_centauri_b_iron_ore, gtceu:tuff_iron_ore, gtceu:gravel_iron_ore, gtceu:endstone_iron_ore, gtceu:blackstone_iron_ore, gtceu:basalt_iron_ore, gtceu:iron_ore]
[28May2026 15:03:40.810] [REI-ReloadPlugins/INFO] [AlmostUnified/]: [AutoHiding] Hiding 1/2 items for tag '#forge:plates/copper' -> [nuclearcraft:copper_plate]
[28May2026 15:03:40.810] [REI-ReloadPlugins/INFO] [AlmostUnified/]: [AutoHiding] Hiding 16/22 items for tag '#forge:ores/lapis' -> [gtceu:proxima_centauri_b_lapis_ore, gtceu:mars_lapis_ore, gtceu:marble_lapis_ore, gtceu:sand_lapis_ore, gtceu:mercury_lapis_ore, gtceu:endstone_lapis_ore, gtceu:blackstone_lapis_ore, gtceu:venus_lapis_ore, gtceu:lapis_ore, gtceu:netherrack_lapis_ore, gtceu:deepslate_lapis_ore, gtceu:tuff_lapis_ore, gtceu:red_sand_lapis_ore, gtceu:gravel_lapis_ore, gtceu:basalt_lapis_ore, gtceu:moon_lapis_ore]
[28May2026 15:03:40.810] [REI-ReloadPlugins/INFO] [AlmostUnified/]: [AutoHiding] Hiding 1/2 items for tag '#forge:ingots/zinc' -> [nuclearcraft:zinc_ingot]
[28May2026 15:03:40.810] [REI-ReloadPlugins/INFO] [AlmostUnified/]: [AutoHiding] Hiding 1/2 items for tag '#forge:plates/iron' -> [nuclearcraft:iron_plate]
[28May2026 15:03:40.810] [REI-ReloadPlugins/INFO] [AlmostUnified/]: [AutoHiding] Hiding 16/22 items for tag '#forge:ores/coal' -> [gtceu:mercury_coal_ore, gtceu:blackstone_coal_ore, gtceu:deepslate_coal_ore, gtceu:basalt_coal_ore, gtceu:netherrack_coal_ore, gtceu:gravel_coal_ore, gtceu:proxima_centauri_b_coal_ore, gtceu:sand_coal_ore, gtceu:tuff_coal_ore, gtceu:mars_coal_ore, gtceu:coal_ore, gtceu:endstone_coal_ore, gtceu:red_sand_coal_ore, gtceu:marble_coal_ore, gtceu:moon_coal_ore, gtceu:venus_coal_ore]
[28May2026 15:03:40.813] [REI-ReloadPlugins/INFO] [AlmostUnified/]: [AutoHiding] Hiding 1/2 items for tag '#forge:plates/obsidian' -> [gtceu:obsidian_plate]
[28May2026 15:03:40.813] [REI-ReloadPlugins/INFO] [AlmostUnified/]: [AutoHiding] Hiding 1/2 items for tag '#forge:storage_blocks/zinc' -> [nuclearcraft:zinc_block]
[28May2026 15:03:40.814] [REI-ReloadPlugins/INFO] [AlmostUnified/]: [AutoHiding] Hiding 16/22 items for tag '#forge:ores/emerald' -> [gtceu:deepslate_emerald_ore, gtceu:red_sand_emerald_ore, gtceu:blackstone_emerald_ore, gtceu:sand_emerald_ore, gtceu:mercury_emerald_ore, gtceu:venus_emerald_ore, gtceu:gravel_emerald_ore, gtceu:tuff_emerald_ore, gtceu:mars_emerald_ore, gtceu:emerald_ore, gtceu:moon_emerald_ore, gtceu:marble_emerald_ore, gtceu:proxima_centauri_b_emerald_ore, gtceu:netherrack_emerald_ore, gtceu:endstone_emerald_ore, gtceu:basalt_emerald_ore]
[28May2026 15:03:40.814] [REI-ReloadPlugins/INFO] [AlmostUnified/]: [AutoHiding] Hiding 2/3 items for tag '#forge:dusts/obsidian' -> [enderio:powdered_obsidian, nuclearcraft:obsidian_dust]
[28May2026 15:03:40.814] [REI-ReloadPlugins/INFO] [AlmostUnified/]: [AutoHiding] Hiding 16/23 items for tag '#forge:ores/gold' -> [gtceu:gold_ore, gtceu:mars_gold_ore, gtceu:proxima_centauri_b_gold_ore, gtceu:tuff_gold_ore, gtceu:deepslate_gold_ore, gtceu:basalt_gold_ore, gtceu:netherrack_gold_ore, gtceu:moon_gold_ore, gtceu:mercury_gold_ore, gtceu:blackstone_gold_ore, gtceu:sand_gold_ore, gtceu:venus_gold_ore, gtceu:marble_gold_ore, gtceu:gravel_gold_ore, gtceu:endstone_gold_ore, gtceu:red_sand_gold_ore]
[28May2026 15:03:40.814] [REI-ReloadPlugins/INFO] [AlmostUnified/]: [AutoHiding] Hiding 1/2 items for tag '#forge:raw_materials/zinc' -> [nuclearcraft:zinc_chunk]
[28May2026 15:03:40.814] [REI-ReloadPlugins/INFO] [AlmostUnified/]: [AutoHiding] Hiding 1/2 items for tag '#forge:nuggets/zinc' -> [nuclearcraft:zinc_nugget]
[28May2026 15:03:40.814] [REI-ReloadPlugins/INFO] [AlmostUnified/]: [AutoHiding] Hiding 16/22 items for tag '#forge:ores/diamond' -> [gtceu:moon_diamond_ore, gtceu:marble_diamond_ore, gtceu:red_sand_diamond_ore, gtceu:netherrack_diamond_ore, gtceu:basalt_diamond_ore, gtceu:endstone_diamond_ore, gtceu:deepslate_diamond_ore, gtceu:blackstone_diamond_ore, gtceu:sand_diamond_ore, gtceu:gravel_diamond_ore, gtceu:proxima_centauri_b_diamond_ore, gtceu:venus_diamond_ore, gtceu:tuff_diamond_ore, gtceu:mars_diamond_ore, gtceu:mercury_diamond_ore, gtceu:diamond_ore]
[28May2026 15:03:40.815] [REI-ReloadPlugins/INFO] [AlmostUnified/]: [AutoHiding] Hiding 1/2 items for tag '#forge:nuggets/copper' -> [tconstruct:copper_nugget]
[28May2026 15:03:40.815] [REI-ReloadPlugins/INFO] [AlmostUnified/]: [AutoHiding] Hiding 1/3 items for tag '#forge:ores/zinc' -> [nuclearcraft:zinc_ore]
[28May2026 15:03:40.815] [REI-ReloadPlugins/INFO] [AlmostUnified/]: [AutoHiding] Hiding 16/22 items for tag '#forge:ores/copper' -> [gtceu:venus_copper_ore, gtceu:tuff_copper_ore, gtceu:red_sand_copper_ore, gtceu:copper_ore, gtceu:sand_copper_ore, gtceu:mars_copper_ore, gtceu:mercury_copper_ore, gtceu:gravel_copper_ore, gtceu:blackstone_copper_ore, gtceu:netherrack_copper_ore, gtceu:endstone_copper_ore, gtceu:marble_copper_ore, gtceu:basalt_copper_ore, gtceu:proxima_centauri_b_copper_ore, gtceu:deepslate_copper_ore, gtceu:moon_copper_ore]
[28May2026 15:03:40.815] [REI-ReloadPlugins/INFO] [AlmostUnified/]: [AutoHiding] Hiding 16/22 items for tag '#forge:ores/iron' -> [gtceu:mars_iron_ore, gtceu:sand_iron_ore, gtceu:marble_iron_ore, gtceu:venus_iron_ore, gtceu:red_sand_iron_ore, gtceu:deepslate_iron_ore, gtceu:netherrack_iron_ore, gtceu:moon_iron_ore, gtceu:mercury_iron_ore, gtceu:proxima_centauri_b_iron_ore, gtceu:tuff_iron_ore, gtceu:gravel_iron_ore, gtceu:endstone_iron_ore, gtceu:blackstone_iron_ore, gtceu:basalt_iron_ore, gtceu:iron_ore]
[28May2026 15:03:40.815] [REI-ReloadPlugins/INFO] [AlmostUnified/]: [AutoHiding] Hiding 1/2 items for tag '#forge:plates/copper' -> [nuclearcraft:copper_plate]
[28May2026 15:03:40.815] [REI-ReloadPlugins/INFO] [AlmostUnified/]: [AutoHiding] Hiding 16/22 items for tag '#forge:ores/lapis' -> [gtceu:proxima_centauri_b_lapis_ore, gtceu:mars_lapis_ore, gtceu:marble_lapis_ore, gtceu:sand_lapis_ore, gtceu:mercury_lapis_ore, gtceu:endstone_lapis_ore, gtceu:blackstone_lapis_ore, gtceu:venus_lapis_ore, gtceu:lapis_ore, gtceu:netherrack_lapis_ore, gtceu:deepslate_lapis_ore, gtceu:tuff_lapis_ore, gtceu:red_sand_lapis_ore, gtceu:gravel_lapis_ore, gtceu:basalt_lapis_ore, gtceu:moon_lapis_ore]
[28May2026 15:03:40.815] [REI-ReloadPlugins/INFO] [AlmostUnified/]: [AutoHiding] Hiding 1/2 items for tag '#forge:ingots/zinc' -> [nuclearcraft:zinc_ingot]
[28May2026 15:03:40.815] [REI-ReloadPlugins/INFO] [AlmostUnified/]: [AutoHiding] Hiding 1/2 items for tag '#forge:plates/iron' -> [nuclearcraft:iron_plate]
[28May2026 15:03:40.816] [REI-ReloadPlugins/INFO] [AlmostUnified/]: [AutoHiding] Hiding 16/22 items for tag '#forge:ores/coal' -> [gtceu:mercury_coal_ore, gtceu:blackstone_coal_ore, gtceu:deepslate_coal_ore, gtceu:basalt_coal_ore, gtceu:netherrack_coal_ore, gtceu:gravel_coal_ore, gtceu:proxima_centauri_b_coal_ore, gtceu:sand_coal_ore, gtceu:tuff_coal_ore, gtceu:mars_coal_ore, gtceu:coal_ore, gtceu:endstone_coal_ore, gtceu:red_sand_coal_ore, gtceu:marble_coal_ore, gtceu:moon_coal_ore, gtceu:venus_coal_ore]
[28May2026 15:03:40.869] [Render thread/WARN] [net.minecraft.client.multiplayer.ClientPacketListener/]: Unknown custom packet identifier: configuration:network
[28May2026 15:03:40.876] [Render thread/INFO] [net.minecraft.advancements.AdvancementList/]: Loaded 79 advancements
[28May2026 15:03:40.877] [Render thread/INFO] [patchouli/]: BookContentResourceListenerLoader: Files found in 17.24 μs
[28May2026 15:03:40.877] [Render thread/INFO] [patchouli/]: BookContentResourceListenerLoader: Files found in 9.870 μs
[28May2026 15:03:40.877] [Render thread/INFO] [patchouli/]: BookContentResourceListenerLoader: Files found in 5.066 μs
[28May2026 15:03:40.877] [Render thread/INFO] [patchouli/]: BookContentResourceListenerLoader: Files found in 77.70 μs
[28May2026 15:03:40.877] [Render thread/INFO] [patchouli/]: BookContentResourceListenerLoader: Files found in 61.34 μs
[28May2026 15:03:40.878] [Render thread/INFO] [patchouli/]: BookContentResourceListenerLoader: Files found in 73.03 μs
[28May2026 15:03:40.878] [Render thread/INFO] [patchouli/]: BookContentResourceListenerLoader: Files found in 26.74 μs
[28May2026 15:03:40.878] [Render thread/INFO] [patchouli/]: BookContentResourceListenerLoader: Files found in 28.45 μs
[28May2026 15:03:40.879] [Render thread/INFO] [patchouli/]: BookContentResourceListenerLoader: Files found in 25.09 μs
[28May2026 15:03:40.879] [Render thread/INFO] [patchouli/]: BookContentResourceListenerLoader: Files found in 72.27 μs
[28May2026 15:03:40.880] [Render thread/INFO] [patchouli/]: BookContentResourceListenerLoader: Files found in 97.57 μs
[28May2026 15:03:40.880] [Render thread/INFO] [patchouli/]: BookContentResourceListenerLoader: Files found in 101.7 μs
[28May2026 15:03:40.886] [Render thread/INFO] [patchouli/]: BookContentResourceListenerLoader: Files found in 28.22 μs
[28May2026 15:03:40.886] [Render thread/INFO] [patchouli/]: BookContentResourceListenerLoader: Files found in 25.28 μs
[28May2026 15:03:40.887] [Render thread/INFO] [patchouli/]: BookContentResourceListenerLoader: Files found in 23.90 μs
[28May2026 15:03:40.887] [Render thread/INFO] [patchouli/]: BookContentResourceListenerLoader: Files found in 40.54 μs
[28May2026 15:03:40.887] [Render thread/INFO] [patchouli/]: BookContentResourceListenerLoader: Files found in 39.10 μs
[28May2026 15:03:40.887] [Render thread/INFO] [patchouli/]: BookContentResourceListenerLoader: Files found in 21.37 μs
[28May2026 15:03:40.888] [Render thread/WARN] [patchouli/]: Recipe advancedperipherals:rs_bridge (of type minecraft:crafting) not found
[28May2026 15:03:40.888] [Render thread/WARN] [patchouli/]: Recipe advancedperipherals:colony_integrator (of type minecraft:crafting) not found
[28May2026 15:03:40.888] [Render thread/INFO] [patchouli/]: BookContentResourceListenerLoader: Files found in 175.5 μs
[28May2026 15:03:40.888] [Render thread/INFO] [patchouli/]: BookContentResourceListenerLoader: Files found in 208.9 μs
[28May2026 15:03:40.890] [Render thread/INFO] [patchouli/]: BookContentResourceListenerLoader: Files found in 253.1 μs
[28May2026 15:03:40.892] [Render thread/INFO] [ModernFix/]: Cleared 0 unneeded book NBT tags
[28May2026 15:03:42.076] [Render thread/WARN] [ModernFix/]: Time from main menu to in-game was 5.0066113 seconds
[28May2026 15:03:42.076] [Render thread/WARN] [ModernFix/]: Total time to load game and open world was 55.64061 seconds
[28May2026 15:03:43.485] [REI-ReloadPlugins/INFO] [REI/]: [REI] @@@@@@@@@@@@@@@@@@@@@@@@@@@@@@@@@@@@@@@@
[28May2026 15:03:43.485] [REI-ReloadPlugins/INFO] [REI/]: [REI] REIServerPlugin starting main-reload for START.
[28May2026 15:03:43.485] [REI-ReloadPlugins/INFO] [REI/]: [REI] Plugins (7):
[28May2026 15:03:43.485] [REI-ReloadPlugins/INFO] [REI/]: [REI]  - (-100.00) DefaultPluginImpl of DefaultPluginImpl [roughlyenoughitems]
[28May2026 15:03:43.486] [REI-ReloadPlugins/INFO] [REI/]: [REI]  - (0.00) StorageReiCommonPlugin of StorageReiCommonPlugin [sophisticatedstorage]
[28May2026 15:03:43.486] [REI-ReloadPlugins/INFO] [REI/]: [REI]  - (0.00) ReiPlugin of ReiPlugin [craftingstation]
[28May2026 15:03:43.486] [REI-ReloadPlugins/INFO] [REI/]: [REI]  - (0.00) BackpackReiCommonPlugin of BackpackReiCommonPlugin [sophisticatedbackpacks]
[28May2026 15:03:43.486] [REI-ReloadPlugins/INFO] [REI/]: [REI]  - (0.00) CoreReiCommonPlugin of CoreReiCommonPlugin [sophisticatedcore]
[28May2026 15:03:43.486] [REI-ReloadPlugins/INFO] [REI/]: [REI]  - (0.00) AdornReiServerForge of AdornReiServerForge [adorn]
[28May2026 15:03:43.486] [REI-ReloadPlugins/INFO] [REI/]: [REI]  - (0.00) DefaultRuntimePlugin of DefaultRuntimePlugin [roughlyenoughitems]
[28May2026 15:03:43.486] [REI-ReloadPlugins/INFO] [REI/]: [REI] @@@@@@@@@@@@@@@@@@@@@@@@@@@@@@@@@@@@@@@@
[28May2026 15:03:43.487] [REI-ReloadPlugins/INFO] [REI/]: [REI] REIPlugin finished post-reload for START in 366.8 μs, totaling 5.380 ms.
[28May2026 15:03:43.488] [REI-ReloadPlugins/INFO] [REI/]: [REI] REIClientPlugin finished post-reload for START in 658.2 μs, totaling 3.212 s.
[28May2026 15:03:43.488] [REI-ReloadPlugins/INFO] [REI/]: [REI] REIServerPlugin finished post-reload for START in 218.3 μs, totaling 1.248 ms.
[28May2026 15:03:43.491] [REI-ReloadPlugins/INFO] [REI/]: [REI] OOOOOOOOOOOOOOOOOOOOOOOOOOOOOOOOOOOOOOOO
[28May2026 15:03:43.491] [REI-ReloadPlugins/INFO] [REI/]: [REI] REIPlugin starting main-reload for END.
[28May2026 15:03:43.491] [REI-ReloadPlugins/INFO] [REI/]: [REI] Plugins (24):
[28May2026 15:03:43.491] [REI-ReloadPlugins/INFO] [REI/]: [REI]  - (-100.00) DefaultClientPluginImpl of DefaultClientPluginImpl [roughlyenoughitems]
[28May2026 15:03:43.491] [REI-ReloadPlugins/INFO] [REI/]: [REI]  - (-100.00) DefaultPluginImpl of DefaultPluginImpl [roughlyenoughitems]
[28May2026 15:03:43.491] [REI-ReloadPlugins/INFO] [REI/]: [REI]  - (0.00) HideIngredientsFromTagsPlugin of HideIngredientsFromTagsPlugin [roughlyenoughitems]
[28May2026 15:03:43.491] [REI-ReloadPlugins/INFO] [REI/]: [REI]  - (0.00) DefaultClientRuntimePlugin of DefaultClientRuntimePlugin [roughlyenoughitems]
[28May2026 15:03:43.491] [REI-ReloadPlugins/INFO] [REI/]: [REI]  - (0.00) DefaultRuntimePlugin of DefaultRuntimePlugin [roughlyenoughitems]
[28May2026 15:03:43.491] [REI-ReloadPlugins/INFO] [REI/]: [REI]  - (0.00) REICompat of REICompat [supplementaries]
[28May2026 15:03:43.491] [REI-ReloadPlugins/INFO] [REI/]: [REI]  - (0.00) GTREIPlugin of GTREIPlugin [gtceu]
[28May2026 15:03:43.491] [REI-ReloadPlugins/INFO] [REI/]: [REI]  - (0.00) FTBQuestsREIIntegrationForge of FTBQuestsREIIntegrationForge [ftbxmodcompat]
[28May2026 15:03:43.491] [REI-ReloadPlugins/INFO] [REI/]: [REI]  - (0.00) ExtendedAE of ExtendedAE [expatternprovider]
[28May2026 15:03:43.491] [REI-ReloadPlugins/INFO] [REI/]: [REI]  - (0.00) FramedReiPlugin of FramedReiPlugin [framedblocks]
[28May2026 15:03:43.491] [REI-ReloadPlugins/INFO] [REI/]: [REI]  - (0.00) StorageReiClientPlugin of StorageReiClientPlugin [sophisticatedstorage]
[28May2026 15:03:43.491] [REI-ReloadPlugins/INFO] [REI/]: [REI]  - (0.00) BackpackReiClientPlugin of BackpackReiClientPlugin [sophisticatedbackpacks]
[28May2026 15:03:43.491] [REI-ReloadPlugins/INFO] [REI/]: [REI]  - (0.00) almostunified.roughlyenoughitems of almostunified.roughlyenoughitems [almostunified]
[28May2026 15:03:43.491] [REI-ReloadPlugins/INFO] [REI/]: [REI]  - (0.00) AdornReiClientForge of AdornReiClientForge [adorn]
[28May2026 15:03:43.491] [REI-ReloadPlugins/INFO] [REI/]: [REI]  - (0.00) REIPluginImpl of REIPluginImpl [ldlib]
[28May2026 15:03:43.491] [REI-ReloadPlugins/INFO] [REI/]: [REI]  - (0.00) StorageReiCommonPlugin of StorageReiCommonPlugin [sophisticatedstorage]
[28May2026 15:03:43.491] [REI-ReloadPlugins/INFO] [REI/]: [REI]  - (0.00) ReiClientPlugin of ReiClientPlugin [craftingstation]
[28May2026 15:03:43.491] [REI-ReloadPlugins/INFO] [REI/]: [REI]  - (0.00) ReiPlugin of ReiPlugin [craftingstation]
[28May2026 15:03:43.491] [REI-ReloadPlugins/INFO] [REI/]: [REI]  - (0.00) REIForgePluginStub of REIForgePluginStub [ftblibrary]
[28May2026 15:03:43.491] [REI-ReloadPlugins/INFO] [REI/]: [REI]  - (0.00) BackpackReiCommonPlugin of BackpackReiCommonPlugin [sophisticatedbackpacks]
[28May2026 15:03:43.491] [REI-ReloadPlugins/INFO] [REI/]: [REI]  - (0.00) CoreReiCommonPlugin of CoreReiCommonPlugin [sophisticatedcore]
[28May2026 15:03:43.491] [REI-ReloadPlugins/INFO] [REI/]: [REI]  - (0.00) AdornReiServerForge of AdornReiServerForge [adorn]
[28May2026 15:03:43.491] [REI-ReloadPlugins/INFO] [REI/]: [REI]  - (0.00) AE2 of AE2 [ae2]
[28May2026 15:03:43.491] [REI-ReloadPlugins/INFO] [REI/]: [REI]  - (10000000.00) REIForgePluginStub of REIForgePluginStub [kubejs]
[28May2026 15:03:43.491] [REI-ReloadPlugins/INFO] [REI/]: [REI] OOOOOOOOOOOOOOOOOOOOOOOOOOOOOOOOOOOOOOOO
[28May2026 15:03:43.494] [REI-ReloadPlugins/INFO] [REI/]: [REI] OOOOOOOOOOOOOOOOOOOOOOOOOOOOOOOOOOOOOOOO
[28May2026 15:03:43.494] [REI-ReloadPlugins/INFO] [REI/]: [REI] REIClientPlugin starting main-reload for END.
[28May2026 15:03:43.495] [REI-ReloadPlugins/INFO] [REI/]: [REI] Plugins (17):
[28May2026 15:03:43.495] [REI-ReloadPlugins/INFO] [REI/]: [REI]  - (-100.00) DefaultClientPluginImpl of DefaultClientPluginImpl [roughlyenoughitems]
[28May2026 15:03:43.495] [REI-ReloadPlugins/INFO] [REI/]: [REI]  - (0.00) REICompat of REICompat [supplementaries]
[28May2026 15:03:43.495] [REI-ReloadPlugins/INFO] [REI/]: [REI]  - (0.00) GTREIPlugin of GTREIPlugin [gtceu]
[28May2026 15:03:43.495] [REI-ReloadPlugins/INFO] [REI/]: [REI]  - (0.00) FTBQuestsREIIntegrationForge of FTBQuestsREIIntegrationForge [ftbxmodcompat]
[28May2026 15:03:43.495] [REI-ReloadPlugins/INFO] [REI/]: [REI]  - (0.00) ExtendedAE of ExtendedAE [expatternprovider]
[28May2026 15:03:43.495] [REI-ReloadPlugins/INFO] [REI/]: [REI]  - (0.00) FramedReiPlugin of FramedReiPlugin [framedblocks]
[28May2026 15:03:43.495] [REI-ReloadPlugins/INFO] [REI/]: [REI]  - (0.00) StorageReiClientPlugin of StorageReiClientPlugin [sophisticatedstorage]
[28May2026 15:03:43.495] [REI-ReloadPlugins/INFO] [REI/]: [REI]  - (0.00) BackpackReiClientPlugin of BackpackReiClientPlugin [sophisticatedbackpacks]
[28May2026 15:03:43.495] [REI-ReloadPlugins/INFO] [REI/]: [REI]  - (0.00) almostunified.roughlyenoughitems of almostunified.roughlyenoughitems [almostunified]
[28May2026 15:03:43.495] [REI-ReloadPlugins/INFO] [REI/]: [REI]  - (0.00) AdornReiClientForge of AdornReiClientForge [adorn]
[28May2026 15:03:43.495] [REI-ReloadPlugins/INFO] [REI/]: [REI]  - (0.00) REIPluginImpl of REIPluginImpl [ldlib]
[28May2026 15:03:43.495] [REI-ReloadPlugins/INFO] [REI/]: [REI]  - (0.00) ReiClientPlugin of ReiClientPlugin [craftingstation]
[28May2026 15:03:43.495] [REI-ReloadPlugins/INFO] [REI/]: [REI]  - (0.00) REIForgePluginStub of REIForgePluginStub [ftblibrary]
[28May2026 15:03:43.495] [REI-ReloadPlugins/INFO] [REI/]: [REI]  - (0.00) AE2 of AE2 [ae2]
[28May2026 15:03:43.495] [REI-ReloadPlugins/INFO] [REI/]: [REI]  - (0.00) HideIngredientsFromTagsPlugin of HideIngredientsFromTagsPlugin [roughlyenoughitems]
[28May2026 15:03:43.495] [REI-ReloadPlugins/INFO] [REI/]: [REI]  - (0.00) DefaultClientRuntimePlugin of DefaultClientRuntimePlugin [roughlyenoughitems]
[28May2026 15:03:43.495] [REI-ReloadPlugins/INFO] [REI/]: [REI]  - (10000000.00) REIForgePluginStub of REIForgePluginStub [kubejs]
[28May2026 15:03:43.495] [REI-ReloadPlugins/INFO] [REI/]: [REI] OOOOOOOOOOOOOOOOOOOOOOOOOOOOOOOOOOOOOOOO
[28May2026 15:03:43.503] [REI-ReloadPlugins/WARN] [REI/]: [REI] Collapsible entry group [gtceu:tool/shears] Shears has no entries, ignoring.
[28May2026 15:03:43.506] [REI-ReloadPlugins/WARN] [REI/]: [REI] Collapsible entry group [gtceu:ore/bisalloy_400] Bisalloy 400 Ore has no entries, ignoring.
[28May2026 15:03:43.506] [REI-ReloadPlugins/WARN] [REI/]: [REI] Collapsible entry group [gtceu:ore/tungsten_steel] Tungsten Steel Ore has no entries, ignoring.
[28May2026 15:03:43.506] [REI-ReloadPlugins/WARN] [REI/]: [REI] Collapsible entry group [gtceu:ore/tungsten] Tungsten Ore has no entries, ignoring.
[28May2026 15:03:43.506] [REI-ReloadPlugins/WARN] [REI/]: [REI] Collapsible entry group [gtceu:ore/neutronium] Neutronium Ore has no entries, ignoring.
[28May2026 15:03:43.507] [REI-ReloadPlugins/WARN] [REI/]: [REI] Collapsible entry group [gtceu:ore/hsse] Hsse Ore has no entries, ignoring.
[28May2026 15:03:43.507] [REI-ReloadPlugins/WARN] [REI/]: [REI] Collapsible entry group [gtceu:ore/black_steel] Black Steel Ore has no entries, ignoring.
[28May2026 15:03:43.507] [REI-ReloadPlugins/WARN] [REI/]: [REI] Collapsible entry group [gtceu:ore/hsss] Hsss Ore has no entries, ignoring.
[28May2026 15:03:43.507] [REI-ReloadPlugins/WARN] [REI/]: [REI] Collapsible entry group [gtceu:ore/tritanium] Tritanium Ore has no entries, ignoring.
[28May2026 15:03:43.507] [REI-ReloadPlugins/WARN] [REI/]: [REI] Collapsible entry group [gtceu:ore/watertight_steel] Watertight Steel Ore has no entries, ignoring.
[28May2026 15:03:43.507] [REI-ReloadPlugins/WARN] [REI/]: [REI] Collapsible entry group [gtceu:ore/polytetrafluoroethylene] Polytetrafluoroethylene Ore has no entries, ignoring.
[28May2026 15:03:43.507] [REI-ReloadPlugins/WARN] [REI/]: [REI] Collapsible entry group [gtceu:ore/stainless_steel] Stainless Steel Ore has no entries, ignoring.
[28May2026 15:03:43.507] [REI-ReloadPlugins/WARN] [REI/]: [REI] Collapsible entry group [gtceu:ore/maraging_steel_300] Maraging Steel 300 Ore has no entries, ignoring.
[28May2026 15:03:43.507] [REI-ReloadPlugins/WARN] [REI/]: [REI] Collapsible entry group [gtceu:ore/hastelloy_x] Hastelloy X Ore has no entries, ignoring.
[28May2026 15:03:43.507] [REI-ReloadPlugins/WARN] [REI/]: [REI] Collapsible entry group [gtceu:ore/hsla_steel] Hsla Steel Ore has no entries, ignoring.
[28May2026 15:03:43.507] [REI-ReloadPlugins/WARN] [REI/]: [REI] Collapsible entry group [gtceu:ore/tungsten_carbide] Tungsten Carbide Ore has no entries, ignoring.
[28May2026 15:03:43.507] [REI-ReloadPlugins/WARN] [REI/]: [REI] Collapsible entry group [gtceu:ore/naquadah_alloy] Naquadah Alloy Ore has no entries, ignoring.
[28May2026 15:03:43.507] [REI-ReloadPlugins/WARN] [REI/]: [REI] Collapsible entry group [gtceu:ore/ruridit] Ruridit Ore has no entries, ignoring.
[28May2026 15:03:43.507] [REI-ReloadPlugins/WARN] [REI/]: [REI] Collapsible entry group [gtceu:ore/invar] Invar Ore has no entries, ignoring.
[28May2026 15:03:43.507] [REI-ReloadPlugins/WARN] [REI/]: [REI] Collapsible entry group [gtceu:ore/europium] Europium Ore has no entries, ignoring.
[28May2026 15:03:43.507] [REI-ReloadPlugins/WARN] [REI/]: [REI] Collapsible entry group [gtceu:ore/iridium] Iridium Ore has no entries, ignoring.
[28May2026 15:03:43.507] [REI-ReloadPlugins/WARN] [REI/]: [REI] Collapsible entry group [gtceu:ore/bronze] Bronze Ore has no entries, ignoring.
[28May2026 15:03:43.507] [REI-ReloadPlugins/WARN] [REI/]: [REI] Collapsible entry group [gtceu:ore/ultimet] Ultimet Ore has no entries, ignoring.
[28May2026 15:03:43.507] [REI-ReloadPlugins/WARN] [REI/]: [REI] Collapsible entry group [gtceu:ore/hastelloy_c_276] Hastelloy C 276 Ore has no entries, ignoring.
[28May2026 15:03:43.507] [REI-ReloadPlugins/WARN] [REI/]: [REI] Collapsible entry group [gtceu:ore/blue_steel] Blue Steel Ore has no entries, ignoring.
[28May2026 15:03:43.507] [REI-ReloadPlugins/WARN] [REI/]: [REI] Collapsible entry group [gtceu:ore/steel] Steel Ore has no entries, ignoring.
[28May2026 15:03:43.507] [REI-ReloadPlugins/WARN] [REI/]: [REI] Collapsible entry group [gtceu:ore/incoloy_ma_956] Incoloy Ma 956 Ore has no entries, ignoring.
[28May2026 15:03:43.507] [REI-ReloadPlugins/WARN] [REI/]: [REI] Collapsible entry group [gtceu:ore/hssg] Hssg Ore has no entries, ignoring.
[28May2026 15:03:44.482] [Render thread/INFO] [net.minecraft.advancements.AdvancementList/]: Loaded 87 advancements
[28May2026 15:03:45.380] [REI-ReloadPlugins/ERROR] [GregTechCEu/]: Input item 0 of recipe gtceu:potion_vanilla_quark.resilience_66 is empty
[28May2026 15:03:45.380] [REI-ReloadPlugins/ERROR] [GregTechCEu/]: Input item 0 of recipe gtceu:potion_vanilla_mundane_67 is empty
[28May2026 15:03:45.380] [REI-ReloadPlugins/ERROR] [GregTechCEu/]: Input item 0 of recipe gtceu:potion_vanilla_quark.resilience_68 is empty
[28May2026 15:03:45.380] [REI-ReloadPlugins/ERROR] [GregTechCEu/]: Input item 0 of recipe gtceu:potion_vanilla_quark.resilience_69 is empty
[28May2026 15:03:50.975] [REI-ReloadPlugins/INFO] [REI/]: [REI] ========================================
[28May2026 15:03:50.975] [REI-ReloadPlugins/INFO] [REI/]: [REI] REIServerPlugin starting main-reload for END.
[28May2026 15:03:50.975] [REI-ReloadPlugins/INFO] [REI/]: [REI] Plugins (7):
[28May2026 15:03:50.975] [REI-ReloadPlugins/INFO] [REI/]: [REI]  - (-100.00) DefaultPluginImpl of DefaultPluginImpl [roughlyenoughitems]
[28May2026 15:03:50.975] [REI-ReloadPlugins/INFO] [REI/]: [REI]  - (0.00) StorageReiCommonPlugin of StorageReiCommonPlugin [sophisticatedstorage]
[28May2026 15:03:50.975] [REI-ReloadPlugins/INFO] [REI/]: [REI]  - (0.00) ReiPlugin of ReiPlugin [craftingstation]
[28May2026 15:03:50.975] [REI-ReloadPlugins/INFO] [REI/]: [REI]  - (0.00) BackpackReiCommonPlugin of BackpackReiCommonPlugin [sophisticatedbackpacks]
[28May2026 15:03:50.976] [REI-ReloadPlugins/INFO] [REI/]: [REI]  - (0.00) CoreReiCommonPlugin of CoreReiCommonPlugin [sophisticatedcore]
[28May2026 15:03:50.976] [REI-ReloadPlugins/INFO] [REI/]: [REI]  - (0.00) AdornReiServerForge of AdornReiServerForge [adorn]
[28May2026 15:03:50.976] [REI-ReloadPlugins/INFO] [REI/]: [REI]  - (0.00) DefaultRuntimePlugin of DefaultRuntimePlugin [roughlyenoughitems]
[28May2026 15:03:50.976] [REI-ReloadPlugins/INFO] [REI/]: [REI] ========================================
[28May2026 15:03:50.980] [REI-ReloadPlugins/INFO] [REI/]: [REI] REIPlugin finished post-reload for END in 637.4 μs, totaling 4.568 ms.
[28May2026 15:03:50.984] [REI-ReloadPlugins/INFO] [REI/]: [REI] REIClientPlugin finished post-reload for END in 3.155 ms, totaling 7.485 s.
[28May2026 15:03:50.984] [REI-ReloadPlugins/INFO] [REI/]: [REI] REIServerPlugin finished post-reload for END in 227.4 μs, totaling 3.988 ms.
[28May2026 15:05:28.479] [Render thread/INFO] [net.minecraft.client.gui.components.ChatComponent/]: [CHAT] FBELIKOFF joined the game
[28May2026 15:05:29.114] [Render thread/INFO] [xaero.hud.minimap.MinimapLogs/]: Xaero hud session finalized.
[28May2026 15:05:29.114] [Render thread/INFO] [xaero.map.WorldMap/]: Finalizing world map session...
[28May2026 15:05:29.155] [Thread-17/INFO] [xaero.map.WorldMap/]: World map cleaned normally!
[28May2026 15:05:29.295] [Render thread/INFO] [xaero.map.WorldMap/]: World map session finalized.
[28May2026 15:05:29.418] [Render thread/INFO] [ChunkBuilder/]: Stopping worker threads
[28May2026 15:05:29.452] [Netty Client IO #3/INFO] [net.minecraftforge.client.ForgeHooksClient/CLIENTHOOKS]: Client has mods that are missing on server: [chatplus, nochatrestrictions, tooltipoverhaul, longerchathistory, nochatreports, obscure_tooltips]
[28May2026 15:05:40.759] [Netty Client IO #4/ERROR] [net.minecraftforge.network.NetworkRegistry/NETREGISTRY]: Channels [supplementaries:channel,torchmaster:main,ponder:main,buildinggadgets2:main_network_channel,mantle:network,tinypipes:tinypipes,sophisticatedbackpacks:channel,enderio:network,packagedauto:1,computercraft:network,tconstruct:network,farmers_structures:farmers_structures,gtceu:network,forge:tier_sorting,toolbelt:general,lootr:main_network_channel,sophisticatedstorage:channel,ritchiesprojectilelib:network,advancedperipherals:main_channel,create:main,moonlight:channel,adorn:main,createaddition:main,gcyr:networking,cookingforblockheads:network,tinyredstone:tinyredstone,carryon:carryonpackets,nuclearcraft:nuclearcraft,createbigcannons:network,curios:main,tinygates:tinyredstone,polymorph:main,solcarrot:main,framedblocks:main,configuration:network,quark:main,travelanchors:netchannel,mts:main,enderio:main,gtm_utils:main,sophisticatedcore:channel,patchouli:main,create_enchantment_industry:main,vista:channel,farmersdelight:main,zeta:main,ldlib:networking] rejected vanilla connections
[28May2026 15:06:35.852] [Render thread/INFO] [net.minecraft.client.gui.screens.ConnectScreen/]: Connecting to gws6.ggwp.cc, 25565
[28May2026 15:06:36.971] [Netty Epoll Client IO #1/INFO] [Puzzles Lib/]: Reloading server config for hangglider
[28May2026 15:06:37.077] [Netty Epoll Client IO #1/INFO] [net.minecraftforge.network.NetworkHooks/]: Connected to a modded server.
[28May2026 15:06:37.236] [Render thread/INFO] [xaero.hud.minimap.MinimapLogs/]: Minimap required item set to nothing.
[28May2026 15:06:37.236] [Render thread/INFO] [xaero.hud.minimap.MinimapLogs/]: New Xaero hud session initialized!
[28May2026 15:06:37.237] [Render thread/INFO] [xaero.map.WorldMap/]: Fullscreen map required item set to nothing.
[28May2026 15:06:37.237] [Render thread/INFO] [xaero.map.WorldMap/]: New world map session initialized!
[28May2026 15:06:37.249] [Render thread/INFO] [Oculus/]: Reloading pipeline on dimension change: NamespacedId{namespace='minecraft', name='overworld'} => NamespacedId{namespace='minecraft', name='overworld'}
[28May2026 15:06:37.249] [Render thread/INFO] [Oculus/]: Destroying pipeline NamespacedId{namespace='minecraft', name='overworld'}
[28May2026 15:06:37.249] [Render thread/INFO] [Oculus/]: Creating pipeline for dimension NamespacedId{namespace='minecraft', name='overworld'}
[28May2026 15:06:37.260] [Render thread/INFO] [ChunkBuilder/]: Started 6 worker threads
[28May2026 15:06:37.273] [Render thread/INFO] [Supplementaries/]: Synced Flute Songs
[28May2026 15:06:37.274] [Render thread/INFO] [Supplementaries/]: Synced Captured Mobs settings
[28May2026 15:06:37.274] [Render thread/INFO] [Supplementaries/]: Synced Globe data
[28May2026 15:06:37.274] [Render thread/INFO] [Supplementaries/]: Synced Hourglass data
[28May2026 15:06:37.274] [Render thread/INFO] [Iron Jetpacks/]: Loaded 14 jetpacks from the server
[28May2026 15:06:37.274] [Render thread/INFO] [Extended Crafting/]: Loaded 19 singularities from the server
[28May2026 15:06:37.409] [Render thread/INFO] [Cucumber Library/]: Loaded cucumber-tags.json in 1 ms
[28May2026 15:06:37.415] [Render thread/INFO] [AlmostUnified/]: [AutoHiding] Hiding 1/2 items for tag '#forge:plates/obsidian' -> [gtceu:obsidian_plate]
[28May2026 15:06:37.415] [Render thread/INFO] [AlmostUnified/]: [AutoHiding] Hiding 1/2 items for tag '#forge:storage_blocks/zinc' -> [nuclearcraft:zinc_block]
[28May2026 15:06:37.415] [Render thread/INFO] [AlmostUnified/]: [AutoHiding] Hiding 16/22 items for tag '#forge:ores/emerald' -> [gtceu:deepslate_emerald_ore, gtceu:red_sand_emerald_ore, gtceu:blackstone_emerald_ore, gtceu:sand_emerald_ore, gtceu:mercury_emerald_ore, gtceu:venus_emerald_ore, gtceu:gravel_emerald_ore, gtceu:tuff_emerald_ore, gtceu:mars_emerald_ore, gtceu:emerald_ore, gtceu:moon_emerald_ore, gtceu:marble_emerald_ore, gtceu:proxima_centauri_b_emerald_ore, gtceu:netherrack_emerald_ore, gtceu:endstone_emerald_ore, gtceu:basalt_emerald_ore]
[28May2026 15:06:37.415] [Render thread/INFO] [AlmostUnified/]: [AutoHiding] Hiding 2/3 items for tag '#forge:dusts/obsidian' -> [enderio:powdered_obsidian, nuclearcraft:obsidian_dust]
[28May2026 15:06:37.416] [Render thread/INFO] [AlmostUnified/]: [AutoHiding] Hiding 16/23 items for tag '#forge:ores/gold' -> [gtceu:gold_ore, gtceu:mars_gold_ore, gtceu:proxima_centauri_b_gold_ore, gtceu:tuff_gold_ore, gtceu:deepslate_gold_ore, gtceu:basalt_gold_ore, gtceu:netherrack_gold_ore, gtceu:moon_gold_ore, gtceu:mercury_gold_ore, gtceu:blackstone_gold_ore, gtceu:sand_gold_ore, gtceu:venus_gold_ore, gtceu:marble_gold_ore, gtceu:gravel_gold_ore, gtceu:endstone_gold_ore, gtceu:red_sand_gold_ore]
[28May2026 15:06:37.416] [Render thread/INFO] [AlmostUnified/]: [AutoHiding] Hiding 1/2 items for tag '#forge:raw_materials/zinc' -> [nuclearcraft:zinc_chunk]
[28May2026 15:06:37.416] [Render thread/INFO] [AlmostUnified/]: [AutoHiding] Hiding 1/2 items for tag '#forge:nuggets/zinc' -> [nuclearcraft:zinc_nugget]
[28May2026 15:06:37.416] [Render thread/INFO] [AlmostUnified/]: [AutoHiding] Hiding 16/22 items for tag '#forge:ores/diamond' -> [gtceu:moon_diamond_ore, gtceu:marble_diamond_ore, gtceu:red_sand_diamond_ore, gtceu:netherrack_diamond_ore, gtceu:basalt_diamond_ore, gtceu:endstone_diamond_ore, gtceu:deepslate_diamond_ore, gtceu:blackstone_diamond_ore, gtceu:sand_diamond_ore, gtceu:gravel_diamond_ore, gtceu:proxima_centauri_b_diamond_ore, gtceu:venus_diamond_ore, gtceu:tuff_diamond_ore, gtceu:mars_diamond_ore, gtceu:mercury_diamond_ore, gtceu:diamond_ore]
[28May2026 15:06:37.416] [Render thread/INFO] [AlmostUnified/]: [AutoHiding] Hiding 1/2 items for tag '#forge:nuggets/copper' -> [tconstruct:copper_nugget]
[28May2026 15:06:37.416] [Render thread/INFO] [AlmostUnified/]: [AutoHiding] Hiding 1/3 items for tag '#forge:ores/zinc' -> [nuclearcraft:zinc_ore]
[28May2026 15:06:37.416] [Render thread/INFO] [AlmostUnified/]: [AutoHiding] Hiding 16/22 items for tag '#forge:ores/copper' -> [gtceu:venus_copper_ore, gtceu:tuff_copper_ore, gtceu:red_sand_copper_ore, gtceu:copper_ore, gtceu:sand_copper_ore, gtceu:mars_copper_ore, gtceu:mercury_copper_ore, gtceu:gravel_copper_ore, gtceu:blackstone_copper_ore, gtceu:netherrack_copper_ore, gtceu:endstone_copper_ore, gtceu:marble_copper_ore, gtceu:basalt_copper_ore, gtceu:proxima_centauri_b_copper_ore, gtceu:deepslate_copper_ore, gtceu:moon_copper_ore]
[28May2026 15:06:37.416] [Render thread/INFO] [AlmostUnified/]: [AutoHiding] Hiding 16/22 items for tag '#forge:ores/iron' -> [gtceu:mars_iron_ore, gtceu:sand_iron_ore, gtceu:marble_iron_ore, gtceu:venus_iron_ore, gtceu:red_sand_iron_ore, gtceu:deepslate_iron_ore, gtceu:netherrack_iron_ore, gtceu:moon_iron_ore, gtceu:mercury_iron_ore, gtceu:proxima_centauri_b_iron_ore, gtceu:tuff_iron_ore, gtceu:gravel_iron_ore, gtceu:endstone_iron_ore, gtceu:blackstone_iron_ore, gtceu:basalt_iron_ore, gtceu:iron_ore]
[28May2026 15:06:37.416] [Render thread/INFO] [AlmostUnified/]: [AutoHiding] Hiding 1/2 items for tag '#forge:plates/copper' -> [nuclearcraft:copper_plate]
[28May2026 15:06:37.416] [Render thread/INFO] [AlmostUnified/]: [AutoHiding] Hiding 16/22 items for tag '#forge:ores/lapis' -> [gtceu:proxima_centauri_b_lapis_ore, gtceu:mars_lapis_ore, gtceu:marble_lapis_ore, gtceu:sand_lapis_ore, gtceu:mercury_lapis_ore, gtceu:endstone_lapis_ore, gtceu:blackstone_lapis_ore, gtceu:venus_lapis_ore, gtceu:lapis_ore, gtceu:netherrack_lapis_ore, gtceu:deepslate_lapis_ore, gtceu:tuff_lapis_ore, gtceu:red_sand_lapis_ore, gtceu:gravel_lapis_ore, gtceu:basalt_lapis_ore, gtceu:moon_lapis_ore]
[28May2026 15:06:37.416] [Render thread/INFO] [AlmostUnified/]: [AutoHiding] Hiding 1/2 items for tag '#forge:ingots/zinc' -> [nuclearcraft:zinc_ingot]
[28May2026 15:06:37.416] [Render thread/INFO] [AlmostUnified/]: [AutoHiding] Hiding 1/2 items for tag '#forge:plates/iron' -> [nuclearcraft:iron_plate]
[28May2026 15:06:37.416] [Render thread/INFO] [AlmostUnified/]: [AutoHiding] Hiding 16/22 items for tag '#forge:ores/coal' -> [gtceu:mercury_coal_ore, gtceu:blackstone_coal_ore, gtceu:deepslate_coal_ore, gtceu:basalt_coal_ore, gtceu:netherrack_coal_ore, gtceu:gravel_coal_ore, gtceu:proxima_centauri_b_coal_ore, gtceu:sand_coal_ore, gtceu:tuff_coal_ore, gtceu:mars_coal_ore, gtceu:coal_ore, gtceu:endstone_coal_ore, gtceu:red_sand_coal_ore, gtceu:marble_coal_ore, gtceu:moon_coal_ore, gtceu:venus_coal_ore]
[28May2026 15:06:38.166] [Netty Epoll Client IO #1/WARN] [com.simibubi.create.Create/]: Your custom createaddition:rolling/copper_ingot recipe (createaddition:rolling/copper_ingot) specified a duration. Durations have no impact on this type of recipe.
[28May2026 15:06:38.261] [Netty Epoll Client IO #1/WARN] [electrolyte.greate.Greate/]: Your custom greate:mixing recipe (greate:mixing/integration/createaddition/compat/tconstruct/pig_iron_2) has more item inputs (13) than supported (9).
[28May2026 15:06:38.262] [Netty Epoll Client IO #1/WARN] [com.simibubi.create.Create/]: Your custom createaddition:rolling/gold_ingot recipe (createaddition:rolling/gold_ingot) specified a duration. Durations have no impact on this type of recipe.
[28May2026 15:06:38.356] [Netty Epoll Client IO #1/WARN] [com.simibubi.create.Create/]: Your custom createaddition:rolling/iron_plate recipe (createaddition:rolling/iron_plate) specified a duration. Durations have no impact on this type of recipe.
[28May2026 15:06:38.371] [Netty Epoll Client IO #1/WARN] [com.simibubi.create.Create/]: Your custom createaddition:rolling/electrum_plate recipe (createaddition:rolling/electrum_plate) specified a duration. Durations have no impact on this type of recipe.
[28May2026 15:06:38.396] [Netty Epoll Client IO #1/WARN] [com.simibubi.create.Create/]: Your custom createaddition:rolling/straw recipe (createaddition:rolling/straw) specified a duration. Durations have no impact on this type of recipe.
[28May2026 15:06:38.509] [Netty Epoll Client IO #1/WARN] [com.simibubi.create.Create/]: Your custom createaddition:rolling/electrum_ingot recipe (createaddition:rolling/electrum_ingot) specified a duration. Durations have no impact on this type of recipe.
[28May2026 15:06:38.509] [Netty Epoll Client IO #1/WARN] [com.simibubi.create.Create/]: Your custom createaddition:rolling/iron_ingot recipe (createaddition:rolling/iron_ingot) specified a duration. Durations have no impact on this type of recipe.
[28May2026 15:06:38.671] [Netty Epoll Client IO #1/WARN] [com.simibubi.create.Create/]: Your custom createaddition:rolling/gold_plate recipe (createaddition:rolling/gold_plate) specified a duration. Durations have no impact on this type of recipe.
[28May2026 15:06:38.704] [Netty Epoll Client IO #1/WARN] [com.simibubi.create.Create/]: Your custom createaddition:rolling/brass_ingot recipe (createaddition:rolling/brass_ingot) specified a duration. Durations have no impact on this type of recipe.
[28May2026 15:06:38.767] [Netty Epoll Client IO #1/WARN] [com.simibubi.create.Create/]: Your custom createaddition:rolling/copper_plate recipe (createaddition:rolling/copper_plate) specified a duration. Durations have no impact on this type of recipe.
[28May2026 15:06:38.869] [REI-ReloadPlugins/INFO] [REI/]: [REI] %%%%%%%%%%%%%%%%%%%%%%%%%%%%%%%%%%%%%%%%
[28May2026 15:06:38.869] [REI-ReloadPlugins/INFO] [REI/]: [REI] REIPlugin starting main-reload for START.
[28May2026 15:06:38.869] [REI-ReloadPlugins/INFO] [REI/]: [REI] Plugins (24):
[28May2026 15:06:38.869] [REI-ReloadPlugins/INFO] [REI/]: [REI]  - (-100.00) DefaultClientPluginImpl of DefaultClientPluginImpl [roughlyenoughitems]
[28May2026 15:06:38.869] [REI-ReloadPlugins/INFO] [REI/]: [REI]  - (-100.00) DefaultPluginImpl of DefaultPluginImpl [roughlyenoughitems]
[28May2026 15:06:38.869] [REI-ReloadPlugins/INFO] [REI/]: [REI]  - (0.00) HideIngredientsFromTagsPlugin of HideIngredientsFromTagsPlugin [roughlyenoughitems]
[28May2026 15:06:38.869] [REI-ReloadPlugins/INFO] [REI/]: [REI]  - (0.00) DefaultClientRuntimePlugin of DefaultClientRuntimePlugin [roughlyenoughitems]
[28May2026 15:06:38.869] [REI-ReloadPlugins/INFO] [REI/]: [REI]  - (0.00) DefaultRuntimePlugin of DefaultRuntimePlugin [roughlyenoughitems]
[28May2026 15:06:38.869] [REI-ReloadPlugins/INFO] [REI/]: [REI]  - (0.00) REICompat of REICompat [supplementaries]
[28May2026 15:06:38.869] [REI-ReloadPlugins/INFO] [REI/]: [REI]  - (0.00) GTREIPlugin of GTREIPlugin [gtceu]
[28May2026 15:06:38.869] [REI-ReloadPlugins/INFO] [REI/]: [REI]  - (0.00) FTBQuestsREIIntegrationForge of FTBQuestsREIIntegrationForge [ftbxmodcompat]
[28May2026 15:06:38.869] [REI-ReloadPlugins/INFO] [REI/]: [REI]  - (0.00) ExtendedAE of ExtendedAE [expatternprovider]
[28May2026 15:06:38.869] [REI-ReloadPlugins/INFO] [REI/]: [REI]  - (0.00) FramedReiPlugin of FramedReiPlugin [framedblocks]
[28May2026 15:06:38.869] [REI-ReloadPlugins/INFO] [REI/]: [REI]  - (0.00) StorageReiClientPlugin of StorageReiClientPlugin [sophisticatedstorage]
[28May2026 15:06:38.869] [REI-ReloadPlugins/INFO] [REI/]: [REI]  - (0.00) BackpackReiClientPlugin of BackpackReiClientPlugin [sophisticatedbackpacks]
[28May2026 15:06:38.869] [REI-ReloadPlugins/INFO] [REI/]: [REI]  - (0.00) almostunified.roughlyenoughitems of almostunified.roughlyenoughitems [almostunified]
[28May2026 15:06:38.869] [REI-ReloadPlugins/INFO] [REI/]: [REI]  - (0.00) AdornReiClientForge of AdornReiClientForge [adorn]
[28May2026 15:06:38.869] [REI-ReloadPlugins/INFO] [REI/]: [REI]  - (0.00) REIPluginImpl of REIPluginImpl [ldlib]
[28May2026 15:06:38.869] [REI-ReloadPlugins/INFO] [REI/]: [REI]  - (0.00) StorageReiCommonPlugin of StorageReiCommonPlugin [sophisticatedstorage]
[28May2026 15:06:38.869] [REI-ReloadPlugins/INFO] [REI/]: [REI]  - (0.00) ReiClientPlugin of ReiClientPlugin [craftingstation]
[28May2026 15:06:38.869] [REI-ReloadPlugins/INFO] [REI/]: [REI]  - (0.00) ReiPlugin of ReiPlugin [craftingstation]
[28May2026 15:06:38.869] [REI-ReloadPlugins/INFO] [REI/]: [REI]  - (0.00) REIForgePluginStub of REIForgePluginStub [ftblibrary]
[28May2026 15:06:38.869] [REI-ReloadPlugins/INFO] [REI/]: [REI]  - (0.00) BackpackReiCommonPlugin of BackpackReiCommonPlugin [sophisticatedbackpacks]
[28May2026 15:06:38.869] [REI-ReloadPlugins/INFO] [REI/]: [REI]  - (0.00) CoreReiCommonPlugin of CoreReiCommonPlugin [sophisticatedcore]
[28May2026 15:06:38.869] [REI-ReloadPlugins/INFO] [REI/]: [REI]  - (0.00) AdornReiServerForge of AdornReiServerForge [adorn]
[28May2026 15:06:38.869] [REI-ReloadPlugins/INFO] [REI/]: [REI]  - (0.00) AE2 of AE2 [ae2]
[28May2026 15:06:38.869] [REI-ReloadPlugins/INFO] [REI/]: [REI]  - (10000000.00) REIForgePluginStub of REIForgePluginStub [kubejs]
[28May2026 15:06:38.869] [REI-ReloadPlugins/INFO] [REI/]: [REI] %%%%%%%%%%%%%%%%%%%%%%%%%%%%%%%%%%%%%%%%
[28May2026 15:06:38.873] [REI-ReloadPlugins/INFO] [REI/]: [REI] OOOOOOOOOOOOOOOOOOOOOOOOOOOOOOOOOOOOOOOO
[28May2026 15:06:38.873] [REI-ReloadPlugins/INFO] [REI/]: [REI] REIClientPlugin starting main-reload for START.
[28May2026 15:06:38.874] [REI-ReloadPlugins/INFO] [REI/]: [REI] Plugins (17):
[28May2026 15:06:38.874] [REI-ReloadPlugins/INFO] [REI/]: [REI]  - (-100.00) DefaultClientPluginImpl of DefaultClientPluginImpl [roughlyenoughitems]
[28May2026 15:06:38.874] [REI-ReloadPlugins/INFO] [REI/]: [REI]  - (0.00) REICompat of REICompat [supplementaries]
[28May2026 15:06:38.874] [REI-ReloadPlugins/INFO] [REI/]: [REI]  - (0.00) GTREIPlugin of GTREIPlugin [gtceu]
[28May2026 15:06:38.874] [REI-ReloadPlugins/INFO] [REI/]: [REI]  - (0.00) FTBQuestsREIIntegrationForge of FTBQuestsREIIntegrationForge [ftbxmodcompat]
[28May2026 15:06:38.874] [REI-ReloadPlugins/INFO] [REI/]: [REI]  - (0.00) ExtendedAE of ExtendedAE [expatternprovider]
[28May2026 15:06:38.874] [REI-ReloadPlugins/INFO] [REI/]: [REI]  - (0.00) FramedReiPlugin of FramedReiPlugin [framedblocks]
[28May2026 15:06:38.874] [REI-ReloadPlugins/INFO] [REI/]: [REI]  - (0.00) StorageReiClientPlugin of StorageReiClientPlugin [sophisticatedstorage]
[28May2026 15:06:38.874] [REI-ReloadPlugins/INFO] [REI/]: [REI]  - (0.00) BackpackReiClientPlugin of BackpackReiClientPlugin [sophisticatedbackpacks]
[28May2026 15:06:38.874] [REI-ReloadPlugins/INFO] [REI/]: [REI]  - (0.00) almostunified.roughlyenoughitems of almostunified.roughlyenoughitems [almostunified]
[28May2026 15:06:38.874] [REI-ReloadPlugins/INFO] [REI/]: [REI]  - (0.00) AdornReiClientForge of AdornReiClientForge [adorn]
[28May2026 15:06:38.874] [REI-ReloadPlugins/INFO] [REI/]: [REI]  - (0.00) REIPluginImpl of REIPluginImpl [ldlib]
[28May2026 15:06:38.874] [REI-ReloadPlugins/INFO] [REI/]: [REI]  - (0.00) ReiClientPlugin of ReiClientPlugin [craftingstation]
[28May2026 15:06:38.874] [REI-ReloadPlugins/INFO] [REI/]: [REI]  - (0.00) REIForgePluginStub of REIForgePluginStub [ftblibrary]
[28May2026 15:06:38.874] [REI-ReloadPlugins/INFO] [REI/]: [REI]  - (0.00) AE2 of AE2 [ae2]
[28May2026 15:06:38.874] [REI-ReloadPlugins/INFO] [REI/]: [REI]  - (0.00) HideIngredientsFromTagsPlugin of HideIngredientsFromTagsPlugin [roughlyenoughitems]
[28May2026 15:06:38.874] [REI-ReloadPlugins/INFO] [REI/]: [REI]  - (0.00) DefaultClientRuntimePlugin of DefaultClientRuntimePlugin [roughlyenoughitems]
[28May2026 15:06:38.874] [REI-ReloadPlugins/INFO] [REI/]: [REI]  - (10000000.00) REIForgePluginStub of REIForgePluginStub [kubejs]
[28May2026 15:06:38.874] [REI-ReloadPlugins/INFO] [REI/]: [REI] OOOOOOOOOOOOOOOOOOOOOOOOOOOOOOOOOOOOOOOO
[28May2026 15:06:38.929] [Render thread/WARN] [net.minecraft.client.ClientRecipeBook/]: Unknown recipe category: ae2:charger/ae2:charger/meteorite_compass
[28May2026 15:06:38.954] [Render thread/WARN] [net.minecraft.client.ClientRecipeBook/]: Unknown recipe category: ae2:charger/ae2:charger/charged_certus_quartz_crystal
[28May2026 15:06:38.958] [Render thread/WARN] [net.minecraft.client.ClientRecipeBook/]: Unknown recipe category: ae2:charger/ae2:charger/guide
[28May2026 15:06:38.988] [Render thread/WARN] [REI/]: [REI] Found 1 existing reload task(s) after trying to terminate them!
[28May2026 15:06:39.076] [Render thread/INFO] [xaero.hud.minimap.MinimapLogs/]: Minimap updated server level id: 1700382168 for world ResourceKey[minecraft:dimension / minecraft:overworld]
[28May2026 15:06:39.108] [Netty Epoll Client IO #1/INFO] [FTB Quests/]: Read 404616 bytes, 1686 objects
[28May2026 15:06:39.142] [Render thread/INFO] [FTB Chunks/]: Loading FTB Chunks client data from world 1ed4e67c-4e11-4ab9-828f-3105e513d638
[28May2026 15:06:39.143] [Render thread/INFO] [net.minecraft.client.gui.components.ChatComponent/]: [CHAT] KubeJS errors found [1]! Run '/kubejs errors server' for more info
[28May2026 15:06:39.144] [Render thread/INFO] [Moonlight/]: Synced vista-common.toml configs
[28May2026 15:06:39.145] [Render thread/INFO] [Moonlight/]: Synced moonlight-common.toml configs
[28May2026 15:06:39.145] [Render thread/INFO] [Jade/]: Received config from the server: {}
[28May2026 15:06:39.147] [Render thread/INFO] [Moonlight/]: Synced supplementaries-common.toml configs
[28May2026 15:06:39.147] [Render thread/WARN] [net.minecraft.client.multiplayer.ClientPacketListener/]: Unknown custom packet identifier: configuration:network
[28May2026 15:06:39.148] [Render thread/INFO] [net.minecraft.advancements.AdvancementList/]: Loaded 87 advancements
[28May2026 15:06:39.149] [Render thread/INFO] [patchouli/]: BookContentResourceListenerLoader: Files found in 36.19 μs
[28May2026 15:06:39.149] [Render thread/INFO] [patchouli/]: BookContentResourceListenerLoader: Files found in 7.706 μs
[28May2026 15:06:39.149] [Render thread/INFO] [patchouli/]: BookContentResourceListenerLoader: Files found in 5.813 μs
[28May2026 15:06:39.149] [Render thread/INFO] [patchouli/]: BookContentResourceListenerLoader: Files found in 80.10 μs
[28May2026 15:06:39.149] [Render thread/INFO] [patchouli/]: BookContentResourceListenerLoader: Files found in 94.17 μs
[28May2026 15:06:39.150] [Render thread/INFO] [patchouli/]: BookContentResourceListenerLoader: Files found in 74.79 μs
[28May2026 15:06:39.150] [Render thread/INFO] [patchouli/]: BookContentResourceListenerLoader: Files found in 42.14 μs
[28May2026 15:06:39.150] [Render thread/INFO] [patchouli/]: BookContentResourceListenerLoader: Files found in 46.68 μs
[28May2026 15:06:39.151] [Render thread/INFO] [patchouli/]: BookContentResourceListenerLoader: Files found in 27.60 μs
[28May2026 15:06:39.152] [Render thread/INFO] [patchouli/]: BookContentResourceListenerLoader: Files found in 72.52 μs
[28May2026 15:06:39.153] [Render thread/INFO] [patchouli/]: BookContentResourceListenerLoader: Files found in 72.80 μs
[28May2026 15:06:39.153] [Render thread/INFO] [patchouli/]: BookContentResourceListenerLoader: Files found in 68.25 μs
[28May2026 15:06:39.157] [Render thread/INFO] [patchouli/]: BookContentResourceListenerLoader: Files found in 30.79 μs
[28May2026 15:06:39.157] [Render thread/INFO] [patchouli/]: BookContentResourceListenerLoader: Files found in 19.83 μs
[28May2026 15:06:39.157] [Render thread/INFO] [patchouli/]: BookContentResourceListenerLoader: Files found in 13.85 μs
[28May2026 15:06:39.157] [Render thread/INFO] [patchouli/]: BookContentResourceListenerLoader: Files found in 36.70 μs
[28May2026 15:06:39.157] [Render thread/INFO] [patchouli/]: BookContentResourceListenerLoader: Files found in 36.31 μs
[28May2026 15:06:39.158] [Render thread/INFO] [patchouli/]: BookContentResourceListenerLoader: Files found in 31.41 μs
[28May2026 15:06:39.158] [Render thread/WARN] [patchouli/]: Recipe advancedperipherals:rs_bridge (of type minecraft:crafting) not found
[28May2026 15:06:39.158] [Render thread/WARN] [patchouli/]: Recipe advancedperipherals:colony_integrator (of type minecraft:crafting) not found
[28May2026 15:06:39.158] [Render thread/INFO] [patchouli/]: BookContentResourceListenerLoader: Files found in 221.0 μs
[28May2026 15:06:39.159] [Render thread/INFO] [patchouli/]: BookContentResourceListenerLoader: Files found in 252.4 μs
[28May2026 15:06:39.160] [Render thread/INFO] [patchouli/]: BookContentResourceListenerLoader: Files found in 208.6 μs
[28May2026 15:06:39.161] [Render thread/INFO] [ModernFix/]: Cleared 0 unneeded book NBT tags
[28May2026 15:06:39.340] [REI-ReloadPlugins/INFO] [AlmostUnified/]: [AutoHiding] Hiding 1/2 items for tag '#forge:plates/obsidian' -> [gtceu:obsidian_plate]
[28May2026 15:06:39.340] [REI-ReloadPlugins/INFO] [AlmostUnified/]: [AutoHiding] Hiding 1/2 items for tag '#forge:storage_blocks/zinc' -> [nuclearcraft:zinc_block]
[28May2026 15:06:39.341] [REI-ReloadPlugins/INFO] [AlmostUnified/]: [AutoHiding] Hiding 16/22 items for tag '#forge:ores/emerald' -> [gtceu:deepslate_emerald_ore, gtceu:red_sand_emerald_ore, gtceu:blackstone_emerald_ore, gtceu:sand_emerald_ore, gtceu:mercury_emerald_ore, gtceu:venus_emerald_ore, gtceu:gravel_emerald_ore, gtceu:tuff_emerald_ore, gtceu:mars_emerald_ore, gtceu:emerald_ore, gtceu:moon_emerald_ore, gtceu:marble_emerald_ore, gtceu:proxima_centauri_b_emerald_ore, gtceu:netherrack_emerald_ore, gtceu:endstone_emerald_ore, gtceu:basalt_emerald_ore]
[28May2026 15:06:39.341] [REI-ReloadPlugins/INFO] [AlmostUnified/]: [AutoHiding] Hiding 2/3 items for tag '#forge:dusts/obsidian' -> [enderio:powdered_obsidian, nuclearcraft:obsidian_dust]
[28May2026 15:06:39.341] [REI-ReloadPlugins/INFO] [AlmostUnified/]: [AutoHiding] Hiding 16/23 items for tag '#forge:ores/gold' -> [gtceu:gold_ore, gtceu:mars_gold_ore, gtceu:proxima_centauri_b_gold_ore, gtceu:tuff_gold_ore, gtceu:deepslate_gold_ore, gtceu:basalt_gold_ore, gtceu:netherrack_gold_ore, gtceu:moon_gold_ore, gtceu:mercury_gold_ore, gtceu:blackstone_gold_ore, gtceu:sand_gold_ore, gtceu:venus_gold_ore, gtceu:marble_gold_ore, gtceu:gravel_gold_ore, gtceu:endstone_gold_ore, gtceu:red_sand_gold_ore]
[28May2026 15:06:39.341] [REI-ReloadPlugins/INFO] [AlmostUnified/]: [AutoHiding] Hiding 1/2 items for tag '#forge:raw_materials/zinc' -> [nuclearcraft:zinc_chunk]
[28May2026 15:06:39.341] [REI-ReloadPlugins/INFO] [AlmostUnified/]: [AutoHiding] Hiding 1/2 items for tag '#forge:nuggets/zinc' -> [nuclearcraft:zinc_nugget]
[28May2026 15:06:39.341] [REI-ReloadPlugins/INFO] [AlmostUnified/]: [AutoHiding] Hiding 16/22 items for tag '#forge:ores/diamond' -> [gtceu:moon_diamond_ore, gtceu:marble_diamond_ore, gtceu:red_sand_diamond_ore, gtceu:netherrack_diamond_ore, gtceu:basalt_diamond_ore, gtceu:endstone_diamond_ore, gtceu:deepslate_diamond_ore, gtceu:blackstone_diamond_ore, gtceu:sand_diamond_ore, gtceu:gravel_diamond_ore, gtceu:proxima_centauri_b_diamond_ore, gtceu:venus_diamond_ore, gtceu:tuff_diamond_ore, gtceu:mars_diamond_ore, gtceu:mercury_diamond_ore, gtceu:diamond_ore]
[28May2026 15:06:39.341] [REI-ReloadPlugins/INFO] [AlmostUnified/]: [AutoHiding] Hiding 1/2 items for tag '#forge:nuggets/copper' -> [tconstruct:copper_nugget]
[28May2026 15:06:39.341] [REI-ReloadPlugins/INFO] [AlmostUnified/]: [AutoHiding] Hiding 1/3 items for tag '#forge:ores/zinc' -> [nuclearcraft:zinc_ore]
[28May2026 15:06:39.341] [REI-ReloadPlugins/INFO] [AlmostUnified/]: [AutoHiding] Hiding 16/22 items for tag '#forge:ores/copper' -> [gtceu:venus_copper_ore, gtceu:tuff_copper_ore, gtceu:red_sand_copper_ore, gtceu:copper_ore, gtceu:sand_copper_ore, gtceu:mars_copper_ore, gtceu:mercury_copper_ore, gtceu:gravel_copper_ore, gtceu:blackstone_copper_ore, gtceu:netherrack_copper_ore, gtceu:endstone_copper_ore, gtceu:marble_copper_ore, gtceu:basalt_copper_ore, gtceu:proxima_centauri_b_copper_ore, gtceu:deepslate_copper_ore, gtceu:moon_copper_ore]
[28May2026 15:06:39.342] [REI-ReloadPlugins/INFO] [AlmostUnified/]: [AutoHiding] Hiding 16/22 items for tag '#forge:ores/iron' -> [gtceu:mars_iron_ore, gtceu:sand_iron_ore, gtceu:marble_iron_ore, gtceu:venus_iron_ore, gtceu:red_sand_iron_ore, gtceu:deepslate_iron_ore, gtceu:netherrack_iron_ore, gtceu:moon_iron_ore, gtceu:mercury_iron_ore, gtceu:proxima_centauri_b_iron_ore, gtceu:tuff_iron_ore, gtceu:gravel_iron_ore, gtceu:endstone_iron_ore, gtceu:blackstone_iron_ore, gtceu:basalt_iron_ore, gtceu:iron_ore]
[28May2026 15:06:39.342] [REI-ReloadPlugins/INFO] [AlmostUnified/]: [AutoHiding] Hiding 1/2 items for tag '#forge:plates/copper' -> [nuclearcraft:copper_plate]
[28May2026 15:06:39.342] [REI-ReloadPlugins/INFO] [AlmostUnified/]: [AutoHiding] Hiding 16/22 items for tag '#forge:ores/lapis' -> [gtceu:proxima_centauri_b_lapis_ore, gtceu:mars_lapis_ore, gtceu:marble_lapis_ore, gtceu:sand_lapis_ore, gtceu:mercury_lapis_ore, gtceu:endstone_lapis_ore, gtceu:blackstone_lapis_ore, gtceu:venus_lapis_ore, gtceu:lapis_ore, gtceu:netherrack_lapis_ore, gtceu:deepslate_lapis_ore, gtceu:tuff_lapis_ore, gtceu:red_sand_lapis_ore, gtceu:gravel_lapis_ore, gtceu:basalt_lapis_ore, gtceu:moon_lapis_ore]
[28May2026 15:06:39.342] [REI-ReloadPlugins/INFO] [AlmostUnified/]: [AutoHiding] Hiding 1/2 items for tag '#forge:ingots/zinc' -> [nuclearcraft:zinc_ingot]
[28May2026 15:06:39.342] [REI-ReloadPlugins/INFO] [AlmostUnified/]: [AutoHiding] Hiding 1/2 items for tag '#forge:plates/iron' -> [nuclearcraft:iron_plate]
[28May2026 15:06:39.342] [REI-ReloadPlugins/INFO] [AlmostUnified/]: [AutoHiding] Hiding 16/22 items for tag '#forge:ores/coal' -> [gtceu:mercury_coal_ore, gtceu:blackstone_coal_ore, gtceu:deepslate_coal_ore, gtceu:basalt_coal_ore, gtceu:netherrack_coal_ore, gtceu:gravel_coal_ore, gtceu:proxima_centauri_b_coal_ore, gtceu:sand_coal_ore, gtceu:tuff_coal_ore, gtceu:mars_coal_ore, gtceu:coal_ore, gtceu:endstone_coal_ore, gtceu:red_sand_coal_ore, gtceu:marble_coal_ore, gtceu:moon_coal_ore, gtceu:venus_coal_ore]
[28May2026 15:06:39.345] [REI-ReloadPlugins/INFO] [AlmostUnified/]: [AutoHiding] Hiding 1/2 items for tag '#forge:plates/obsidian' -> [gtceu:obsidian_plate]
[28May2026 15:06:39.345] [REI-ReloadPlugins/INFO] [AlmostUnified/]: [AutoHiding] Hiding 1/2 items for tag '#forge:storage_blocks/zinc' -> [nuclearcraft:zinc_block]
[28May2026 15:06:39.345] [REI-ReloadPlugins/INFO] [AlmostUnified/]: [AutoHiding] Hiding 16/22 items for tag '#forge:ores/emerald' -> [gtceu:deepslate_emerald_ore, gtceu:red_sand_emerald_ore, gtceu:blackstone_emerald_ore, gtceu:sand_emerald_ore, gtceu:mercury_emerald_ore, gtceu:venus_emerald_ore, gtceu:gravel_emerald_ore, gtceu:tuff_emerald_ore, gtceu:mars_emerald_ore, gtceu:emerald_ore, gtceu:moon_emerald_ore, gtceu:marble_emerald_ore, gtceu:proxima_centauri_b_emerald_ore, gtceu:netherrack_emerald_ore, gtceu:endstone_emerald_ore, gtceu:basalt_emerald_ore]
[28May2026 15:06:39.346] [REI-ReloadPlugins/INFO] [AlmostUnified/]: [AutoHiding] Hiding 2/3 items for tag '#forge:dusts/obsidian' -> [enderio:powdered_obsidian, nuclearcraft:obsidian_dust]
[28May2026 15:06:39.346] [REI-ReloadPlugins/INFO] [AlmostUnified/]: [AutoHiding] Hiding 16/23 items for tag '#forge:ores/gold' -> [gtceu:gold_ore, gtceu:mars_gold_ore, gtceu:proxima_centauri_b_gold_ore, gtceu:tuff_gold_ore, gtceu:deepslate_gold_ore, gtceu:basalt_gold_ore, gtceu:netherrack_gold_ore, gtceu:moon_gold_ore, gtceu:mercury_gold_ore, gtceu:blackstone_gold_ore, gtceu:sand_gold_ore, gtceu:venus_gold_ore, gtceu:marble_gold_ore, gtceu:gravel_gold_ore, gtceu:endstone_gold_ore, gtceu:red_sand_gold_ore]
[28May2026 15:06:39.346] [REI-ReloadPlugins/INFO] [AlmostUnified/]: [AutoHiding] Hiding 1/2 items for tag '#forge:raw_materials/zinc' -> [nuclearcraft:zinc_chunk]
[28May2026 15:06:39.346] [REI-ReloadPlugins/INFO] [AlmostUnified/]: [AutoHiding] Hiding 1/2 items for tag '#forge:nuggets/zinc' -> [nuclearcraft:zinc_nugget]
[28May2026 15:06:39.346] [REI-ReloadPlugins/INFO] [AlmostUnified/]: [AutoHiding] Hiding 16/22 items for tag '#forge:ores/diamond' -> [gtceu:moon_diamond_ore, gtceu:marble_diamond_ore, gtceu:red_sand_diamond_ore, gtceu:netherrack_diamond_ore, gtceu:basalt_diamond_ore, gtceu:endstone_diamond_ore, gtceu:deepslate_diamond_ore, gtceu:blackstone_diamond_ore, gtceu:sand_diamond_ore, gtceu:gravel_diamond_ore, gtceu:proxima_centauri_b_diamond_ore, gtceu:venus_diamond_ore, gtceu:tuff_diamond_ore, gtceu:mars_diamond_ore, gtceu:mercury_diamond_ore, gtceu:diamond_ore]
[28May2026 15:06:39.346] [REI-ReloadPlugins/INFO] [AlmostUnified/]: [AutoHiding] Hiding 1/2 items for tag '#forge:nuggets/copper' -> [tconstruct:copper_nugget]
[28May2026 15:06:39.346] [REI-ReloadPlugins/INFO] [AlmostUnified/]: [AutoHiding] Hiding 1/3 items for tag '#forge:ores/zinc' -> [nuclearcraft:zinc_ore]
[28May2026 15:06:39.346] [REI-ReloadPlugins/INFO] [AlmostUnified/]: [AutoHiding] Hiding 16/22 items for tag '#forge:ores/copper' -> [gtceu:venus_copper_ore, gtceu:tuff_copper_ore, gtceu:red_sand_copper_ore, gtceu:copper_ore, gtceu:sand_copper_ore, gtceu:mars_copper_ore, gtceu:mercury_copper_ore, gtceu:gravel_copper_ore, gtceu:blackstone_copper_ore, gtceu:netherrack_copper_ore, gtceu:endstone_copper_ore, gtceu:marble_copper_ore, gtceu:basalt_copper_ore, gtceu:proxima_centauri_b_copper_ore, gtceu:deepslate_copper_ore, gtceu:moon_copper_ore]
[28May2026 15:06:39.346] [REI-ReloadPlugins/INFO] [AlmostUnified/]: [AutoHiding] Hiding 16/22 items for tag '#forge:ores/iron' -> [gtceu:mars_iron_ore, gtceu:sand_iron_ore, gtceu:marble_iron_ore, gtceu:venus_iron_ore, gtceu:red_sand_iron_ore, gtceu:deepslate_iron_ore, gtceu:netherrack_iron_ore, gtceu:moon_iron_ore, gtceu:mercury_iron_ore, gtceu:proxima_centauri_b_iron_ore, gtceu:tuff_iron_ore, gtceu:gravel_iron_ore, gtceu:endstone_iron_ore, gtceu:blackstone_iron_ore, gtceu:basalt_iron_ore, gtceu:iron_ore]
[28May2026 15:06:39.346] [REI-ReloadPlugins/INFO] [AlmostUnified/]: [AutoHiding] Hiding 1/2 items for tag '#forge:plates/copper' -> [nuclearcraft:copper_plate]
[28May2026 15:06:39.346] [REI-ReloadPlugins/INFO] [AlmostUnified/]: [AutoHiding] Hiding 16/22 items for tag '#forge:ores/lapis' -> [gtceu:proxima_centauri_b_lapis_ore, gtceu:mars_lapis_ore, gtceu:marble_lapis_ore, gtceu:sand_lapis_ore, gtceu:mercury_lapis_ore, gtceu:endstone_lapis_ore, gtceu:blackstone_lapis_ore, gtceu:venus_lapis_ore, gtceu:lapis_ore, gtceu:netherrack_lapis_ore, gtceu:deepslate_lapis_ore, gtceu:tuff_lapis_ore, gtceu:red_sand_lapis_ore, gtceu:gravel_lapis_ore, gtceu:basalt_lapis_ore, gtceu:moon_lapis_ore]
[28May2026 15:06:39.346] [REI-ReloadPlugins/INFO] [AlmostUnified/]: [AutoHiding] Hiding 1/2 items for tag '#forge:ingots/zinc' -> [nuclearcraft:zinc_ingot]
[28May2026 15:06:39.346] [REI-ReloadPlugins/INFO] [AlmostUnified/]: [AutoHiding] Hiding 1/2 items for tag '#forge:plates/iron' -> [nuclearcraft:iron_plate]
[28May2026 15:06:39.347] [REI-ReloadPlugins/INFO] [AlmostUnified/]: [AutoHiding] Hiding 16/22 items for tag '#forge:ores/coal' -> [gtceu:mercury_coal_ore, gtceu:blackstone_coal_ore, gtceu:deepslate_coal_ore, gtceu:basalt_coal_ore, gtceu:netherrack_coal_ore, gtceu:gravel_coal_ore, gtceu:proxima_centauri_b_coal_ore, gtceu:sand_coal_ore, gtceu:tuff_coal_ore, gtceu:mars_coal_ore, gtceu:coal_ore, gtceu:endstone_coal_ore, gtceu:red_sand_coal_ore, gtceu:marble_coal_ore, gtceu:moon_coal_ore, gtceu:venus_coal_ore]
[28May2026 15:06:39.819] [Render thread/WARN] [ModernFix/]: Time from main menu to in-game was 3.9674125 seconds
[28May2026 15:06:39.819] [Render thread/WARN] [ModernFix/]: Total time to load game and open world was 54.60141 seconds
[28May2026 15:06:41.308] [REI-ReloadPlugins/INFO] [REI/]: [REI] ########################################
[28May2026 15:06:41.308] [REI-ReloadPlugins/INFO] [REI/]: [REI] REIServerPlugin starting main-reload for START.
[28May2026 15:06:41.308] [REI-ReloadPlugins/INFO] [REI/]: [REI] Plugins (7):
[28May2026 15:06:41.308] [REI-ReloadPlugins/INFO] [REI/]: [REI]  - (-100.00) DefaultPluginImpl of DefaultPluginImpl [roughlyenoughitems]
[28May2026 15:06:41.308] [REI-ReloadPlugins/INFO] [REI/]: [REI]  - (0.00) StorageReiCommonPlugin of StorageReiCommonPlugin [sophisticatedstorage]
[28May2026 15:06:41.308] [REI-ReloadPlugins/INFO] [REI/]: [REI]  - (0.00) ReiPlugin of ReiPlugin [craftingstation]
[28May2026 15:06:41.308] [REI-ReloadPlugins/INFO] [REI/]: [REI]  - (0.00) BackpackReiCommonPlugin of BackpackReiCommonPlugin [sophisticatedbackpacks]
[28May2026 15:06:41.308] [REI-ReloadPlugins/INFO] [REI/]: [REI]  - (0.00) CoreReiCommonPlugin of CoreReiCommonPlugin [sophisticatedcore]
[28May2026 15:06:41.308] [REI-ReloadPlugins/INFO] [REI/]: [REI]  - (0.00) AdornReiServerForge of AdornReiServerForge [adorn]
[28May2026 15:06:41.308] [REI-ReloadPlugins/INFO] [REI/]: [REI]  - (0.00) DefaultRuntimePlugin of DefaultRuntimePlugin [roughlyenoughitems]
[28May2026 15:06:41.308] [REI-ReloadPlugins/INFO] [REI/]: [REI] ########################################
[28May2026 15:06:41.309] [REI-ReloadPlugins/INFO] [REI/]: [REI] REIPlugin finished post-reload for START in 360.2 μs, totaling 5.679 ms.
[28May2026 15:06:41.310] [REI-ReloadPlugins/INFO] [REI/]: [REI] REIClientPlugin finished post-reload for START in 338.3 μs, totaling 2.435 s.
[28May2026 15:06:41.310] [REI-ReloadPlugins/INFO] [REI/]: [REI] REIServerPlugin finished post-reload for START in 112.0 μs, totaling 1.018 ms.
[28May2026 15:06:41.311] [REI-ReloadPlugins/INFO] [REI/]: [REI] %%%%%%%%%%%%%%%%%%%%%%%%%%%%%%%%%%%%%%%%
[28May2026 15:06:41.312] [REI-ReloadPlugins/INFO] [REI/]: [REI] REIPlugin starting main-reload for END.
[28May2026 15:06:41.312] [REI-ReloadPlugins/INFO] [REI/]: [REI] Plugins (24):
[28May2026 15:06:41.312] [REI-ReloadPlugins/INFO] [REI/]: [REI]  - (-100.00) DefaultClientPluginImpl of DefaultClientPluginImpl [roughlyenoughitems]
[28May2026 15:06:41.312] [REI-ReloadPlugins/INFO] [REI/]: [REI]  - (-100.00) DefaultPluginImpl of DefaultPluginImpl [roughlyenoughitems]
[28May2026 15:06:41.312] [REI-ReloadPlugins/INFO] [REI/]: [REI]  - (0.00) HideIngredientsFromTagsPlugin of HideIngredientsFromTagsPlugin [roughlyenoughitems]
[28May2026 15:06:41.312] [REI-ReloadPlugins/INFO] [REI/]: [REI]  - (0.00) DefaultClientRuntimePlugin of DefaultClientRuntimePlugin [roughlyenoughitems]
[28May2026 15:06:41.312] [REI-ReloadPlugins/INFO] [REI/]: [REI]  - (0.00) DefaultRuntimePlugin of DefaultRuntimePlugin [roughlyenoughitems]
[28May2026 15:06:41.312] [REI-ReloadPlugins/INFO] [REI/]: [REI]  - (0.00) REICompat of REICompat [supplementaries]
[28May2026 15:06:41.312] [REI-ReloadPlugins/INFO] [REI/]: [REI]  - (0.00) GTREIPlugin of GTREIPlugin [gtceu]
[28May2026 15:06:41.312] [REI-ReloadPlugins/INFO] [REI/]: [REI]  - (0.00) FTBQuestsREIIntegrationForge of FTBQuestsREIIntegrationForge [ftbxmodcompat]
[28May2026 15:06:41.312] [REI-ReloadPlugins/INFO] [REI/]: [REI]  - (0.00) ExtendedAE of ExtendedAE [expatternprovider]
[28May2026 15:06:41.312] [REI-ReloadPlugins/INFO] [REI/]: [REI]  - (0.00) FramedReiPlugin of FramedReiPlugin [framedblocks]
[28May2026 15:06:41.312] [REI-ReloadPlugins/INFO] [REI/]: [REI]  - (0.00) StorageReiClientPlugin of StorageReiClientPlugin [sophisticatedstorage]
[28May2026 15:06:41.312] [REI-ReloadPlugins/INFO] [REI/]: [REI]  - (0.00) BackpackReiClientPlugin of BackpackReiClientPlugin [sophisticatedbackpacks]
[28May2026 15:06:41.312] [REI-ReloadPlugins/INFO] [REI/]: [REI]  - (0.00) almostunified.roughlyenoughitems of almostunified.roughlyenoughitems [almostunified]
[28May2026 15:06:41.312] [REI-ReloadPlugins/INFO] [REI/]: [REI]  - (0.00) AdornReiClientForge of AdornReiClientForge [adorn]
[28May2026 15:06:41.312] [REI-ReloadPlugins/INFO] [REI/]: [REI]  - (0.00) REIPluginImpl of REIPluginImpl [ldlib]
[28May2026 15:06:41.312] [REI-ReloadPlugins/INFO] [REI/]: [REI]  - (0.00) StorageReiCommonPlugin of StorageReiCommonPlugin [sophisticatedstorage]
[28May2026 15:06:41.312] [REI-ReloadPlugins/INFO] [REI/]: [REI]  - (0.00) ReiClientPlugin of ReiClientPlugin [craftingstation]
[28May2026 15:06:41.312] [REI-ReloadPlugins/INFO] [REI/]: [REI]  - (0.00) ReiPlugin of ReiPlugin [craftingstation]
[28May2026 15:06:41.312] [REI-ReloadPlugins/INFO] [REI/]: [REI]  - (0.00) REIForgePluginStub of REIForgePluginStub [ftblibrary]
[28May2026 15:06:41.312] [REI-ReloadPlugins/INFO] [REI/]: [REI]  - (0.00) BackpackReiCommonPlugin of BackpackReiCommonPlugin [sophisticatedbackpacks]
[28May2026 15:06:41.312] [REI-ReloadPlugins/INFO] [REI/]: [REI]  - (0.00) CoreReiCommonPlugin of CoreReiCommonPlugin [sophisticatedcore]
[28May2026 15:06:41.312] [REI-ReloadPlugins/INFO] [REI/]: [REI]  - (0.00) AdornReiServerForge of AdornReiServerForge [adorn]
[28May2026 15:06:41.312] [REI-ReloadPlugins/INFO] [REI/]: [REI]  - (0.00) AE2 of AE2 [ae2]
[28May2026 15:06:41.312] [REI-ReloadPlugins/INFO] [REI/]: [REI]  - (10000000.00) REIForgePluginStub of REIForgePluginStub [kubejs]
[28May2026 15:06:41.312] [REI-ReloadPlugins/INFO] [REI/]: [REI] %%%%%%%%%%%%%%%%%%%%%%%%%%%%%%%%%%%%%%%%
[28May2026 15:06:41.317] [REI-ReloadPlugins/INFO] [REI/]: [REI] ++++++++++++++++++++++++++++++++++++++++
[28May2026 15:06:41.317] [REI-ReloadPlugins/INFO] [REI/]: [REI] REIClientPlugin starting main-reload for END.
[28May2026 15:06:41.318] [REI-ReloadPlugins/INFO] [REI/]: [REI] Plugins (17):
[28May2026 15:06:41.318] [REI-ReloadPlugins/INFO] [REI/]: [REI]  - (-100.00) DefaultClientPluginImpl of DefaultClientPluginImpl [roughlyenoughitems]
[28May2026 15:06:41.318] [REI-ReloadPlugins/INFO] [REI/]: [REI]  - (0.00) REICompat of REICompat [supplementaries]
[28May2026 15:06:41.318] [REI-ReloadPlugins/INFO] [REI/]: [REI]  - (0.00) GTREIPlugin of GTREIPlugin [gtceu]
[28May2026 15:06:41.318] [REI-ReloadPlugins/INFO] [REI/]: [REI]  - (0.00) FTBQuestsREIIntegrationForge of FTBQuestsREIIntegrationForge [ftbxmodcompat]
[28May2026 15:06:41.318] [REI-ReloadPlugins/INFO] [REI/]: [REI]  - (0.00) ExtendedAE of ExtendedAE [expatternprovider]
[28May2026 15:06:41.318] [REI-ReloadPlugins/INFO] [REI/]: [REI]  - (0.00) FramedReiPlugin of FramedReiPlugin [framedblocks]
[28May2026 15:06:41.318] [REI-ReloadPlugins/INFO] [REI/]: [REI]  - (0.00) StorageReiClientPlugin of StorageReiClientPlugin [sophisticatedstorage]
[28May2026 15:06:41.318] [REI-ReloadPlugins/INFO] [REI/]: [REI]  - (0.00) BackpackReiClientPlugin of BackpackReiClientPlugin [sophisticatedbackpacks]
[28May2026 15:06:41.318] [REI-ReloadPlugins/INFO] [REI/]: [REI]  - (0.00) almostunified.roughlyenoughitems of almostunified.roughlyenoughitems [almostunified]
[28May2026 15:06:41.318] [REI-ReloadPlugins/INFO] [REI/]: [REI]  - (0.00) AdornReiClientForge of AdornReiClientForge [adorn]
[28May2026 15:06:41.318] [REI-ReloadPlugins/INFO] [REI/]: [REI]  - (0.00) REIPluginImpl of REIPluginImpl [ldlib]
[28May2026 15:06:41.318] [REI-ReloadPlugins/INFO] [REI/]: [REI]  - (0.00) ReiClientPlugin of ReiClientPlugin [craftingstation]
[28May2026 15:06:41.318] [REI-ReloadPlugins/INFO] [REI/]: [REI]  - (0.00) REIForgePluginStub of REIForgePluginStub [ftblibrary]
[28May2026 15:06:41.318] [REI-ReloadPlugins/INFO] [REI/]: [REI]  - (0.00) AE2 of AE2 [ae2]
[28May2026 15:06:41.318] [REI-ReloadPlugins/INFO] [REI/]: [REI]  - (0.00) HideIngredientsFromTagsPlugin of HideIngredientsFromTagsPlugin [roughlyenoughitems]
[28May2026 15:06:41.318] [REI-ReloadPlugins/INFO] [REI/]: [REI]  - (0.00) DefaultClientRuntimePlugin of DefaultClientRuntimePlugin [roughlyenoughitems]
[28May2026 15:06:41.318] [REI-ReloadPlugins/INFO] [REI/]: [REI]  - (10000000.00) REIForgePluginStub of REIForgePluginStub [kubejs]
[28May2026 15:06:41.318] [REI-ReloadPlugins/INFO] [REI/]: [REI] ++++++++++++++++++++++++++++++++++++++++
[28May2026 15:06:41.326] [REI-ReloadPlugins/WARN] [REI/]: [REI] Collapsible entry group [gtceu:tool/shears] Shears has no entries, ignoring.
[28May2026 15:06:41.329] [REI-ReloadPlugins/WARN] [REI/]: [REI] Collapsible entry group [gtceu:ore/bisalloy_400] Bisalloy 400 Ore has no entries, ignoring.
[28May2026 15:06:41.329] [REI-ReloadPlugins/WARN] [REI/]: [REI] Collapsible entry group [gtceu:ore/tungsten_steel] Tungsten Steel Ore has no entries, ignoring.
[28May2026 15:06:41.329] [REI-ReloadPlugins/WARN] [REI/]: [REI] Collapsible entry group [gtceu:ore/tungsten] Tungsten Ore has no entries, ignoring.
[28May2026 15:06:41.329] [REI-ReloadPlugins/WARN] [REI/]: [REI] Collapsible entry group [gtceu:ore/neutronium] Neutronium Ore has no entries, ignoring.
[28May2026 15:06:41.329] [REI-ReloadPlugins/WARN] [REI/]: [REI] Collapsible entry group [gtceu:ore/hsse] Hsse Ore has no entries, ignoring.
[28May2026 15:06:41.329] [REI-ReloadPlugins/WARN] [REI/]: [REI] Collapsible entry group [gtceu:ore/black_steel] Black Steel Ore has no entries, ignoring.
[28May2026 15:06:41.329] [REI-ReloadPlugins/WARN] [REI/]: [REI] Collapsible entry group [gtceu:ore/hsss] Hsss Ore has no entries, ignoring.
[28May2026 15:06:41.329] [REI-ReloadPlugins/WARN] [REI/]: [REI] Collapsible entry group [gtceu:ore/tritanium] Tritanium Ore has no entries, ignoring.
[28May2026 15:06:41.329] [REI-ReloadPlugins/WARN] [REI/]: [REI] Collapsible entry group [gtceu:ore/watertight_steel] Watertight Steel Ore has no entries, ignoring.
[28May2026 15:06:41.329] [REI-ReloadPlugins/WARN] [REI/]: [REI] Collapsible entry group [gtceu:ore/polytetrafluoroethylene] Polytetrafluoroethylene Ore has no entries, ignoring.
[28May2026 15:06:41.329] [REI-ReloadPlugins/WARN] [REI/]: [REI] Collapsible entry group [gtceu:ore/stainless_steel] Stainless Steel Ore has no entries, ignoring.
[28May2026 15:06:41.330] [REI-ReloadPlugins/WARN] [REI/]: [REI] Collapsible entry group [gtceu:ore/maraging_steel_300] Maraging Steel 300 Ore has no entries, ignoring.
[28May2026 15:06:41.330] [REI-ReloadPlugins/WARN] [REI/]: [REI] Collapsible entry group [gtceu:ore/hastelloy_x] Hastelloy X Ore has no entries, ignoring.
[28May2026 15:06:41.330] [REI-ReloadPlugins/WARN] [REI/]: [REI] Collapsible entry group [gtceu:ore/hsla_steel] Hsla Steel Ore has no entries, ignoring.
[28May2026 15:06:41.330] [REI-ReloadPlugins/WARN] [REI/]: [REI] Collapsible entry group [gtceu:ore/tungsten_carbide] Tungsten Carbide Ore has no entries, ignoring.
[28May2026 15:06:41.330] [REI-ReloadPlugins/WARN] [REI/]: [REI] Collapsible entry group [gtceu:ore/naquadah_alloy] Naquadah Alloy Ore has no entries, ignoring.
[28May2026 15:06:41.330] [REI-ReloadPlugins/WARN] [REI/]: [REI] Collapsible entry group [gtceu:ore/ruridit] Ruridit Ore has no entries, ignoring.
[28May2026 15:06:41.330] [REI-ReloadPlugins/WARN] [REI/]: [REI] Collapsible entry group [gtceu:ore/invar] Invar Ore has no entries, ignoring.
[28May2026 15:06:41.330] [REI-ReloadPlugins/WARN] [REI/]: [REI] Collapsible entry group [gtceu:ore/europium] Europium Ore has no entries, ignoring.
[28May2026 15:06:41.330] [REI-ReloadPlugins/WARN] [REI/]: [REI] Collapsible entry group [gtceu:ore/iridium] Iridium Ore has no entries, ignoring.
[28May2026 15:06:41.330] [REI-ReloadPlugins/WARN] [REI/]: [REI] Collapsible entry group [gtceu:ore/bronze] Bronze Ore has no entries, ignoring.
[28May2026 15:06:41.330] [REI-ReloadPlugins/WARN] [REI/]: [REI] Collapsible entry group [gtceu:ore/ultimet] Ultimet Ore has no entries, ignoring.
[28May2026 15:06:41.330] [REI-ReloadPlugins/WARN] [REI/]: [REI] Collapsible entry group [gtceu:ore/hastelloy_c_276] Hastelloy C 276 Ore has no entries, ignoring.
[28May2026 15:06:41.330] [REI-ReloadPlugins/WARN] [REI/]: [REI] Collapsible entry group [gtceu:ore/blue_steel] Blue Steel Ore has no entries, ignoring.
[28May2026 15:06:41.330] [REI-ReloadPlugins/WARN] [REI/]: [REI] Collapsible entry group [gtceu:ore/steel] Steel Ore has no entries, ignoring.
[28May2026 15:06:41.330] [REI-ReloadPlugins/WARN] [REI/]: [REI] Collapsible entry group [gtceu:ore/incoloy_ma_956] Incoloy Ma 956 Ore has no entries, ignoring.
[28May2026 15:06:41.330] [REI-ReloadPlugins/WARN] [REI/]: [REI] Collapsible entry group [gtceu:ore/hssg] Hssg Ore has no entries, ignoring.
[28May2026 15:06:42.809] [REI-ReloadPlugins/ERROR] [GregTechCEu/]: Input item 0 of recipe gtceu:potion_vanilla_quark.resilience_66 is empty
[28May2026 15:06:42.809] [REI-ReloadPlugins/ERROR] [GregTechCEu/]: Input item 0 of recipe gtceu:potion_vanilla_mundane_67 is empty
[28May2026 15:06:42.809] [REI-ReloadPlugins/ERROR] [GregTechCEu/]: Input item 0 of recipe gtceu:potion_vanilla_quark.resilience_68 is empty
[28May2026 15:06:42.809] [REI-ReloadPlugins/ERROR] [GregTechCEu/]: Input item 0 of recipe gtceu:potion_vanilla_quark.resilience_69 is empty
[28May2026 15:06:43.310] [Render thread/INFO] [net.minecraft.client.gui.components.ChatComponent/]: [CHAT] Incorrect argument for command
[28May2026 15:06:43.311] [Render thread/INFO] [net.minecraft.client.gui.components.ChatComponent/]: [CHAT] ...js errors server<--[HERE]
[28May2026 15:06:47.561] [REI-ReloadPlugins/INFO] [REI/]: [REI] ****************************************
[28May2026 15:06:47.561] [REI-ReloadPlugins/INFO] [REI/]: [REI] REIServerPlugin starting main-reload for END.
[28May2026 15:06:47.561] [REI-ReloadPlugins/INFO] [REI/]: [REI] Plugins (7):
[28May2026 15:06:47.561] [REI-ReloadPlugins/INFO] [REI/]: [REI]  - (-100.00) DefaultPluginImpl of DefaultPluginImpl [roughlyenoughitems]
[28May2026 15:06:47.561] [REI-ReloadPlugins/INFO] [REI/]: [REI]  - (0.00) StorageReiCommonPlugin of StorageReiCommonPlugin [sophisticatedstorage]
[28May2026 15:06:47.561] [REI-ReloadPlugins/INFO] [REI/]: [REI]  - (0.00) ReiPlugin of ReiPlugin [craftingstation]
[28May2026 15:06:47.561] [REI-ReloadPlugins/INFO] [REI/]: [REI]  - (0.00) BackpackReiCommonPlugin of BackpackReiCommonPlugin [sophisticatedbackpacks]
[28May2026 15:06:47.561] [REI-ReloadPlugins/INFO] [REI/]: [REI]  - (0.00) CoreReiCommonPlugin of CoreReiCommonPlugin [sophisticatedcore]
[28May2026 15:06:47.561] [REI-ReloadPlugins/INFO] [REI/]: [REI]  - (0.00) AdornReiServerForge of AdornReiServerForge [adorn]
[28May2026 15:06:47.561] [REI-ReloadPlugins/INFO] [REI/]: [REI]  - (0.00) DefaultRuntimePlugin of DefaultRuntimePlugin [roughlyenoughitems]
[28May2026 15:06:47.561] [REI-ReloadPlugins/INFO] [REI/]: [REI] ****************************************
[28May2026 15:06:47.563] [REI-ReloadPlugins/INFO] [REI/]: [REI] REIPlugin finished post-reload for END in 300.9 μs, totaling 6.242 ms.
[28May2026 15:06:47.564] [REI-ReloadPlugins/INFO] [REI/]: [REI] REIClientPlugin finished post-reload for END in 1.119 ms, totaling 6.246 s.
[28May2026 15:06:47.564] [REI-ReloadPlugins/INFO] [REI/]: [REI] REIServerPlugin finished post-reload for END in 102.7 μs, totaling 900.7 μs.
[28May2026 15:06:54.044] [Render thread/INFO] [xaero.hud.minimap.MinimapLogs/]: Xaero hud session finalized.
[28May2026 15:06:54.044] [Render thread/INFO] [xaero.map.WorldMap/]: Finalizing world map session...
[28May2026 15:06:54.084] [Thread-17/INFO] [xaero.map.WorldMap/]: World map cleaned normally!
[28May2026 15:06:54.245] [Render thread/INFO] [xaero.map.WorldMap/]: World map session finalized.
[28May2026 15:06:54.395] [Render thread/INFO] [ChunkBuilder/]: Stopping worker threads
[28May2026 15:06:54.429] [Netty Client IO #5/INFO] [net.minecraftforge.client.ForgeHooksClient/CLIENTHOOKS]: Client has mods that are missing on server: [chatplus, nochatrestrictions, tooltipoverhaul, longerchathistory, nochatreports, obscure_tooltips]
[28May2026 15:07:14.065] [Netty Client IO #6/ERROR] [net.minecraftforge.network.NetworkRegistry/NETREGISTRY]: Channels [supplementaries:channel,torchmaster:main,ponder:main,buildinggadgets2:main_network_channel,mantle:network,tinypipes:tinypipes,sophisticatedbackpacks:channel,enderio:network,packagedauto:1,computercraft:network,tconstruct:network,farmers_structures:farmers_structures,gtceu:network,forge:tier_sorting,toolbelt:general,lootr:main_network_channel,sophisticatedstorage:channel,ritchiesprojectilelib:network,advancedperipherals:main_channel,create:main,moonlight:channel,adorn:main,createaddition:main,gcyr:networking,cookingforblockheads:network,tinyredstone:tinyredstone,carryon:carryonpackets,nuclearcraft:nuclearcraft,createbigcannons:network,curios:main,tinygates:tinyredstone,polymorph:main,solcarrot:main,framedblocks:main,configuration:network,quark:main,travelanchors:netchannel,mts:main,enderio:main,gtm_utils:main,sophisticatedcore:channel,patchouli:main,create_enchantment_industry:main,vista:channel,farmersdelight:main,zeta:main,ldlib:networking] rejected vanilla connections
[28May2026 15:11:39.077] [Render thread/INFO] [net.minecraft.client.gui.screens.ConnectScreen/]: Connecting to gws6.ggwp.cc, 25565
[28May2026 15:11:40.359] [Netty Epoll Client IO #2/INFO] [Puzzles Lib/]: Reloading server config for hangglider
[28May2026 15:11:40.424] [Netty Epoll Client IO #2/INFO] [net.minecraftforge.network.NetworkHooks/]: Connected to a modded server.
[28May2026 15:11:40.564] [Render thread/INFO] [xaero.hud.minimap.MinimapLogs/]: Minimap required item set to nothing.
[28May2026 15:11:40.564] [Render thread/INFO] [xaero.hud.minimap.MinimapLogs/]: New Xaero hud session initialized!
[28May2026 15:11:40.565] [Render thread/INFO] [xaero.map.WorldMap/]: Fullscreen map required item set to nothing.
[28May2026 15:11:40.565] [Render thread/INFO] [xaero.map.WorldMap/]: New world map session initialized!
[28May2026 15:11:40.579] [Render thread/INFO] [Oculus/]: Reloading pipeline on dimension change: NamespacedId{namespace='minecraft', name='overworld'} => NamespacedId{namespace='minecraft', name='overworld'}
[28May2026 15:11:40.579] [Render thread/INFO] [Oculus/]: Destroying pipeline NamespacedId{namespace='minecraft', name='overworld'}
[28May2026 15:11:40.580] [Render thread/INFO] [Oculus/]: Creating pipeline for dimension NamespacedId{namespace='minecraft', name='overworld'}
[28May2026 15:11:40.594] [Render thread/INFO] [ChunkBuilder/]: Started 6 worker threads
[28May2026 15:11:40.606] [Render thread/INFO] [Supplementaries/]: Synced Flute Songs
[28May2026 15:11:40.606] [Render thread/INFO] [Supplementaries/]: Synced Captured Mobs settings
[28May2026 15:11:40.606] [Render thread/INFO] [Supplementaries/]: Synced Globe data
[28May2026 15:11:40.606] [Render thread/INFO] [Supplementaries/]: Synced Hourglass data
[28May2026 15:11:40.606] [Render thread/INFO] [Iron Jetpacks/]: Loaded 14 jetpacks from the server
[28May2026 15:11:40.606] [Render thread/INFO] [Extended Crafting/]: Loaded 19 singularities from the server
[28May2026 15:11:40.718] [Render thread/INFO] [Cucumber Library/]: Loaded cucumber-tags.json in 0 ms
[28May2026 15:11:40.725] [Render thread/INFO] [AlmostUnified/]: [AutoHiding] Hiding 1/2 items for tag '#forge:plates/obsidian' -> [gtceu:obsidian_plate]
[28May2026 15:11:40.726] [Render thread/INFO] [AlmostUnified/]: [AutoHiding] Hiding 1/2 items for tag '#forge:storage_blocks/zinc' -> [nuclearcraft:zinc_block]
[28May2026 15:11:40.726] [Render thread/INFO] [AlmostUnified/]: [AutoHiding] Hiding 16/22 items for tag '#forge:ores/emerald' -> [gtceu:deepslate_emerald_ore, gtceu:red_sand_emerald_ore, gtceu:blackstone_emerald_ore, gtceu:sand_emerald_ore, gtceu:mercury_emerald_ore, gtceu:venus_emerald_ore, gtceu:gravel_emerald_ore, gtceu:tuff_emerald_ore, gtceu:mars_emerald_ore, gtceu:emerald_ore, gtceu:moon_emerald_ore, gtceu:marble_emerald_ore, gtceu:proxima_centauri_b_emerald_ore, gtceu:netherrack_emerald_ore, gtceu:endstone_emerald_ore, gtceu:basalt_emerald_ore]
[28May2026 15:11:40.726] [Render thread/INFO] [AlmostUnified/]: [AutoHiding] Hiding 2/3 items for tag '#forge:dusts/obsidian' -> [enderio:powdered_obsidian, nuclearcraft:obsidian_dust]
[28May2026 15:11:40.726] [Render thread/INFO] [AlmostUnified/]: [AutoHiding] Hiding 16/23 items for tag '#forge:ores/gold' -> [gtceu:gold_ore, gtceu:mars_gold_ore, gtceu:proxima_centauri_b_gold_ore, gtceu:tuff_gold_ore, gtceu:deepslate_gold_ore, gtceu:basalt_gold_ore, gtceu:netherrack_gold_ore, gtceu:moon_gold_ore, gtceu:mercury_gold_ore, gtceu:blackstone_gold_ore, gtceu:sand_gold_ore, gtceu:venus_gold_ore, gtceu:marble_gold_ore, gtceu:gravel_gold_ore, gtceu:endstone_gold_ore, gtceu:red_sand_gold_ore]
[28May2026 15:11:40.726] [Render thread/INFO] [AlmostUnified/]: [AutoHiding] Hiding 1/2 items for tag '#forge:raw_materials/zinc' -> [nuclearcraft:zinc_chunk]
[28May2026 15:11:40.726] [Render thread/INFO] [AlmostUnified/]: [AutoHiding] Hiding 1/2 items for tag '#forge:nuggets/zinc' -> [nuclearcraft:zinc_nugget]
[28May2026 15:11:40.726] [Render thread/INFO] [AlmostUnified/]: [AutoHiding] Hiding 16/22 items for tag '#forge:ores/diamond' -> [gtceu:moon_diamond_ore, gtceu:marble_diamond_ore, gtceu:red_sand_diamond_ore, gtceu:netherrack_diamond_ore, gtceu:basalt_diamond_ore, gtceu:endstone_diamond_ore, gtceu:deepslate_diamond_ore, gtceu:blackstone_diamond_ore, gtceu:sand_diamond_ore, gtceu:gravel_diamond_ore, gtceu:proxima_centauri_b_diamond_ore, gtceu:venus_diamond_ore, gtceu:tuff_diamond_ore, gtceu:mars_diamond_ore, gtceu:mercury_diamond_ore, gtceu:diamond_ore]
[28May2026 15:11:40.726] [Render thread/INFO] [AlmostUnified/]: [AutoHiding] Hiding 1/2 items for tag '#forge:nuggets/copper' -> [tconstruct:copper_nugget]
[28May2026 15:11:40.726] [Render thread/INFO] [AlmostUnified/]: [AutoHiding] Hiding 1/3 items for tag '#forge:ores/zinc' -> [nuclearcraft:zinc_ore]
[28May2026 15:11:40.726] [Render thread/INFO] [AlmostUnified/]: [AutoHiding] Hiding 16/22 items for tag '#forge:ores/copper' -> [gtceu:venus_copper_ore, gtceu:tuff_copper_ore, gtceu:red_sand_copper_ore, gtceu:copper_ore, gtceu:sand_copper_ore, gtceu:mars_copper_ore, gtceu:mercury_copper_ore, gtceu:gravel_copper_ore, gtceu:blackstone_copper_ore, gtceu:netherrack_copper_ore, gtceu:endstone_copper_ore, gtceu:marble_copper_ore, gtceu:basalt_copper_ore, gtceu:proxima_centauri_b_copper_ore, gtceu:deepslate_copper_ore, gtceu:moon_copper_ore]
[28May2026 15:11:40.726] [Render thread/INFO] [AlmostUnified/]: [AutoHiding] Hiding 16/22 items for tag '#forge:ores/iron' -> [gtceu:mars_iron_ore, gtceu:sand_iron_ore, gtceu:marble_iron_ore, gtceu:venus_iron_ore, gtceu:red_sand_iron_ore, gtceu:deepslate_iron_ore, gtceu:netherrack_iron_ore, gtceu:moon_iron_ore, gtceu:mercury_iron_ore, gtceu:proxima_centauri_b_iron_ore, gtceu:tuff_iron_ore, gtceu:gravel_iron_ore, gtceu:endstone_iron_ore, gtceu:blackstone_iron_ore, gtceu:basalt_iron_ore, gtceu:iron_ore]
[28May2026 15:11:40.726] [Render thread/INFO] [AlmostUnified/]: [AutoHiding] Hiding 1/2 items for tag '#forge:plates/copper' -> [nuclearcraft:copper_plate]
[28May2026 15:11:40.726] [Render thread/INFO] [AlmostUnified/]: [AutoHiding] Hiding 16/22 items for tag '#forge:ores/lapis' -> [gtceu:proxima_centauri_b_lapis_ore, gtceu:mars_lapis_ore, gtceu:marble_lapis_ore, gtceu:sand_lapis_ore, gtceu:mercury_lapis_ore, gtceu:endstone_lapis_ore, gtceu:blackstone_lapis_ore, gtceu:venus_lapis_ore, gtceu:lapis_ore, gtceu:netherrack_lapis_ore, gtceu:deepslate_lapis_ore, gtceu:tuff_lapis_ore, gtceu:red_sand_lapis_ore, gtceu:gravel_lapis_ore, gtceu:basalt_lapis_ore, gtceu:moon_lapis_ore]
[28May2026 15:11:40.726] [Render thread/INFO] [AlmostUnified/]: [AutoHiding] Hiding 1/2 items for tag '#forge:ingots/zinc' -> [nuclearcraft:zinc_ingot]
[28May2026 15:11:40.726] [Render thread/INFO] [AlmostUnified/]: [AutoHiding] Hiding 1/2 items for tag '#forge:plates/iron' -> [nuclearcraft:iron_plate]
[28May2026 15:11:40.727] [Render thread/INFO] [AlmostUnified/]: [AutoHiding] Hiding 16/22 items for tag '#forge:ores/coal' -> [gtceu:mercury_coal_ore, gtceu:blackstone_coal_ore, gtceu:deepslate_coal_ore, gtceu:basalt_coal_ore, gtceu:netherrack_coal_ore, gtceu:gravel_coal_ore, gtceu:proxima_centauri_b_coal_ore, gtceu:sand_coal_ore, gtceu:tuff_coal_ore, gtceu:mars_coal_ore, gtceu:coal_ore, gtceu:endstone_coal_ore, gtceu:red_sand_coal_ore, gtceu:marble_coal_ore, gtceu:moon_coal_ore, gtceu:venus_coal_ore]
[28May2026 15:11:41.412] [Netty Epoll Client IO #2/WARN] [com.simibubi.create.Create/]: Your custom createaddition:rolling/copper_ingot recipe (createaddition:rolling/copper_ingot) specified a duration. Durations have no impact on this type of recipe.
[28May2026 15:11:41.516] [Netty Epoll Client IO #2/WARN] [electrolyte.greate.Greate/]: Your custom greate:mixing recipe (greate:mixing/integration/createaddition/compat/tconstruct/pig_iron_2) has more item inputs (13) than supported (9).
[28May2026 15:11:41.516] [Netty Epoll Client IO #2/WARN] [com.simibubi.create.Create/]: Your custom createaddition:rolling/gold_ingot recipe (createaddition:rolling/gold_ingot) specified a duration. Durations have no impact on this type of recipe.
[28May2026 15:11:41.566] [Netty Epoll Client IO #2/WARN] [com.simibubi.create.Create/]: Your custom createaddition:rolling/iron_plate recipe (createaddition:rolling/iron_plate) specified a duration. Durations have no impact on this type of recipe.
[28May2026 15:11:41.597] [Netty Epoll Client IO #2/WARN] [com.simibubi.create.Create/]: Your custom createaddition:rolling/electrum_plate recipe (createaddition:rolling/electrum_plate) specified a duration. Durations have no impact on this type of recipe.
[28May2026 15:11:41.620] [Netty Epoll Client IO #2/WARN] [com.simibubi.create.Create/]: Your custom createaddition:rolling/straw recipe (createaddition:rolling/straw) specified a duration. Durations have no impact on this type of recipe.
[28May2026 15:11:41.688] [Netty Epoll Client IO #2/WARN] [com.simibubi.create.Create/]: Your custom createaddition:rolling/electrum_ingot recipe (createaddition:rolling/electrum_ingot) specified a duration. Durations have no impact on this type of recipe.
[28May2026 15:11:41.688] [Netty Epoll Client IO #2/WARN] [com.simibubi.create.Create/]: Your custom createaddition:rolling/iron_ingot recipe (createaddition:rolling/iron_ingot) specified a duration. Durations have no impact on this type of recipe.
[28May2026 15:11:41.872] [Netty Epoll Client IO #2/WARN] [com.simibubi.create.Create/]: Your custom createaddition:rolling/gold_plate recipe (createaddition:rolling/gold_plate) specified a duration. Durations have no impact on this type of recipe.
[28May2026 15:11:41.907] [Netty Epoll Client IO #2/WARN] [com.simibubi.create.Create/]: Your custom createaddition:rolling/brass_ingot recipe (createaddition:rolling/brass_ingot) specified a duration. Durations have no impact on this type of recipe.
[28May2026 15:11:41.969] [Netty Epoll Client IO #2/WARN] [com.simibubi.create.Create/]: Your custom createaddition:rolling/copper_plate recipe (createaddition:rolling/copper_plate) specified a duration. Durations have no impact on this type of recipe.
[28May2026 15:11:41.995] [REI-ReloadPlugins/INFO] [REI/]: [REI] ########################################
[28May2026 15:11:41.995] [REI-ReloadPlugins/INFO] [REI/]: [REI] REIPlugin starting main-reload for START.
[28May2026 15:11:41.995] [REI-ReloadPlugins/INFO] [REI/]: [REI] Plugins (24):
[28May2026 15:11:41.995] [REI-ReloadPlugins/INFO] [REI/]: [REI]  - (-100.00) DefaultClientPluginImpl of DefaultClientPluginImpl [roughlyenoughitems]
[28May2026 15:11:41.995] [REI-ReloadPlugins/INFO] [REI/]: [REI]  - (-100.00) DefaultPluginImpl of DefaultPluginImpl [roughlyenoughitems]
[28May2026 15:11:41.995] [REI-ReloadPlugins/INFO] [REI/]: [REI]  - (0.00) HideIngredientsFromTagsPlugin of HideIngredientsFromTagsPlugin [roughlyenoughitems]
[28May2026 15:11:41.995] [REI-ReloadPlugins/INFO] [REI/]: [REI]  - (0.00) DefaultClientRuntimePlugin of DefaultClientRuntimePlugin [roughlyenoughitems]
[28May2026 15:11:41.995] [REI-ReloadPlugins/INFO] [REI/]: [REI]  - (0.00) DefaultRuntimePlugin of DefaultRuntimePlugin [roughlyenoughitems]
[28May2026 15:11:41.995] [REI-ReloadPlugins/INFO] [REI/]: [REI]  - (0.00) REICompat of REICompat [supplementaries]
[28May2026 15:11:41.995] [REI-ReloadPlugins/INFO] [REI/]: [REI]  - (0.00) GTREIPlugin of GTREIPlugin [gtceu]
[28May2026 15:11:41.995] [REI-ReloadPlugins/INFO] [REI/]: [REI]  - (0.00) FTBQuestsREIIntegrationForge of FTBQuestsREIIntegrationForge [ftbxmodcompat]
[28May2026 15:11:41.995] [REI-ReloadPlugins/INFO] [REI/]: [REI]  - (0.00) ExtendedAE of ExtendedAE [expatternprovider]
[28May2026 15:11:41.995] [REI-ReloadPlugins/INFO] [REI/]: [REI]  - (0.00) FramedReiPlugin of FramedReiPlugin [framedblocks]
[28May2026 15:11:41.995] [REI-ReloadPlugins/INFO] [REI/]: [REI]  - (0.00) StorageReiClientPlugin of StorageReiClientPlugin [sophisticatedstorage]
[28May2026 15:11:41.995] [REI-ReloadPlugins/INFO] [REI/]: [REI]  - (0.00) BackpackReiClientPlugin of BackpackReiClientPlugin [sophisticatedbackpacks]
[28May2026 15:11:41.995] [REI-ReloadPlugins/INFO] [REI/]: [REI]  - (0.00) almostunified.roughlyenoughitems of almostunified.roughlyenoughitems [almostunified]
[28May2026 15:11:41.995] [REI-ReloadPlugins/INFO] [REI/]: [REI]  - (0.00) AdornReiClientForge of AdornReiClientForge [adorn]
[28May2026 15:11:41.995] [REI-ReloadPlugins/INFO] [REI/]: [REI]  - (0.00) REIPluginImpl of REIPluginImpl [ldlib]
[28May2026 15:11:41.995] [REI-ReloadPlugins/INFO] [REI/]: [REI]  - (0.00) StorageReiCommonPlugin of StorageReiCommonPlugin [sophisticatedstorage]
[28May2026 15:11:41.995] [REI-ReloadPlugins/INFO] [REI/]: [REI]  - (0.00) ReiClientPlugin of ReiClientPlugin [craftingstation]
[28May2026 15:11:41.995] [REI-ReloadPlugins/INFO] [REI/]: [REI]  - (0.00) ReiPlugin of ReiPlugin [craftingstation]
[28May2026 15:11:41.995] [REI-ReloadPlugins/INFO] [REI/]: [REI]  - (0.00) REIForgePluginStub of REIForgePluginStub [ftblibrary]
[28May2026 15:11:41.995] [REI-ReloadPlugins/INFO] [REI/]: [REI]  - (0.00) BackpackReiCommonPlugin of BackpackReiCommonPlugin [sophisticatedbackpacks]
[28May2026 15:11:41.995] [REI-ReloadPlugins/INFO] [REI/]: [REI]  - (0.00) CoreReiCommonPlugin of CoreReiCommonPlugin [sophisticatedcore]
[28May2026 15:11:41.995] [REI-ReloadPlugins/INFO] [REI/]: [REI]  - (0.00) AdornReiServerForge of AdornReiServerForge [adorn]
[28May2026 15:11:41.995] [REI-ReloadPlugins/INFO] [REI/]: [REI]  - (0.00) AE2 of AE2 [ae2]
[28May2026 15:11:41.995] [REI-ReloadPlugins/INFO] [REI/]: [REI]  - (10000000.00) REIForgePluginStub of REIForgePluginStub [kubejs]
[28May2026 15:11:41.995] [REI-ReloadPlugins/INFO] [REI/]: [REI] ########################################
[28May2026 15:11:41.998] [REI-ReloadPlugins/INFO] [REI/]: [REI] ########################################
[28May2026 15:11:41.998] [REI-ReloadPlugins/INFO] [REI/]: [REI] REIClientPlugin starting main-reload for START.
[28May2026 15:11:41.998] [REI-ReloadPlugins/INFO] [REI/]: [REI] Plugins (17):
[28May2026 15:11:41.998] [REI-ReloadPlugins/INFO] [REI/]: [REI]  - (-100.00) DefaultClientPluginImpl of DefaultClientPluginImpl [roughlyenoughitems]
[28May2026 15:11:41.998] [REI-ReloadPlugins/INFO] [REI/]: [REI]  - (0.00) REICompat of REICompat [supplementaries]
[28May2026 15:11:41.998] [REI-ReloadPlugins/INFO] [REI/]: [REI]  - (0.00) GTREIPlugin of GTREIPlugin [gtceu]
[28May2026 15:11:41.998] [REI-ReloadPlugins/INFO] [REI/]: [REI]  - (0.00) FTBQuestsREIIntegrationForge of FTBQuestsREIIntegrationForge [ftbxmodcompat]
[28May2026 15:11:41.998] [REI-ReloadPlugins/INFO] [REI/]: [REI]  - (0.00) ExtendedAE of ExtendedAE [expatternprovider]
[28May2026 15:11:41.998] [REI-ReloadPlugins/INFO] [REI/]: [REI]  - (0.00) FramedReiPlugin of FramedReiPlugin [framedblocks]
[28May2026 15:11:41.998] [REI-ReloadPlugins/INFO] [REI/]: [REI]  - (0.00) StorageReiClientPlugin of StorageReiClientPlugin [sophisticatedstorage]
[28May2026 15:11:41.998] [REI-ReloadPlugins/INFO] [REI/]: [REI]  - (0.00) BackpackReiClientPlugin of BackpackReiClientPlugin [sophisticatedbackpacks]
[28May2026 15:11:41.998] [REI-ReloadPlugins/INFO] [REI/]: [REI]  - (0.00) almostunified.roughlyenoughitems of almostunified.roughlyenoughitems [almostunified]
[28May2026 15:11:41.998] [REI-ReloadPlugins/INFO] [REI/]: [REI]  - (0.00) AdornReiClientForge of AdornReiClientForge [adorn]
[28May2026 15:11:41.998] [REI-ReloadPlugins/INFO] [REI/]: [REI]  - (0.00) REIPluginImpl of REIPluginImpl [ldlib]
[28May2026 15:11:41.998] [REI-ReloadPlugins/INFO] [REI/]: [REI]  - (0.00) ReiClientPlugin of ReiClientPlugin [craftingstation]
[28May2026 15:11:41.998] [REI-ReloadPlugins/INFO] [REI/]: [REI]  - (0.00) REIForgePluginStub of REIForgePluginStub [ftblibrary]
[28May2026 15:11:41.998] [REI-ReloadPlugins/INFO] [REI/]: [REI]  - (0.00) AE2 of AE2 [ae2]
[28May2026 15:11:41.998] [REI-ReloadPlugins/INFO] [REI/]: [REI]  - (0.00) HideIngredientsFromTagsPlugin of HideIngredientsFromTagsPlugin [roughlyenoughitems]
[28May2026 15:11:41.998] [REI-ReloadPlugins/INFO] [REI/]: [REI]  - (0.00) DefaultClientRuntimePlugin of DefaultClientRuntimePlugin [roughlyenoughitems]
[28May2026 15:11:41.998] [REI-ReloadPlugins/INFO] [REI/]: [REI]  - (10000000.00) REIForgePluginStub of REIForgePluginStub [kubejs]
[28May2026 15:11:41.998] [REI-ReloadPlugins/INFO] [REI/]: [REI] ########################################
[28May2026 15:11:42.046] [Render thread/WARN] [net.minecraft.client.ClientRecipeBook/]: Unknown recipe category: ae2:charger/ae2:charger/charged_certus_quartz_crystal
[28May2026 15:11:42.054] [Render thread/WARN] [net.minecraft.client.ClientRecipeBook/]: Unknown recipe category: ae2:charger/ae2:charger/guide
[28May2026 15:11:42.071] [Render thread/WARN] [net.minecraft.client.ClientRecipeBook/]: Unknown recipe category: ae2:charger/ae2:charger/meteorite_compass
[28May2026 15:11:42.091] [Render thread/WARN] [REI/]: [REI] Found 1 existing reload task(s) after trying to terminate them!
[28May2026 15:11:42.197] [Render thread/INFO] [xaero.hud.minimap.MinimapLogs/]: Minimap updated server level id: 1700382168 for world ResourceKey[minecraft:dimension / minecraft:overworld]
[28May2026 15:11:42.292] [REI-ReloadPlugins/INFO] [AlmostUnified/]: [AutoHiding] Hiding 1/2 items for tag '#forge:plates/obsidian' -> [gtceu:obsidian_plate]
[28May2026 15:11:42.292] [REI-ReloadPlugins/INFO] [AlmostUnified/]: [AutoHiding] Hiding 1/2 items for tag '#forge:storage_blocks/zinc' -> [nuclearcraft:zinc_block]
[28May2026 15:11:42.292] [REI-ReloadPlugins/INFO] [AlmostUnified/]: [AutoHiding] Hiding 16/22 items for tag '#forge:ores/emerald' -> [gtceu:deepslate_emerald_ore, gtceu:red_sand_emerald_ore, gtceu:blackstone_emerald_ore, gtceu:sand_emerald_ore, gtceu:mercury_emerald_ore, gtceu:venus_emerald_ore, gtceu:gravel_emerald_ore, gtceu:tuff_emerald_ore, gtceu:mars_emerald_ore, gtceu:emerald_ore, gtceu:moon_emerald_ore, gtceu:marble_emerald_ore, gtceu:proxima_centauri_b_emerald_ore, gtceu:netherrack_emerald_ore, gtceu:endstone_emerald_ore, gtceu:basalt_emerald_ore]
[28May2026 15:11:42.292] [REI-ReloadPlugins/INFO] [AlmostUnified/]: [AutoHiding] Hiding 2/3 items for tag '#forge:dusts/obsidian' -> [enderio:powdered_obsidian, nuclearcraft:obsidian_dust]
[28May2026 15:11:42.293] [REI-ReloadPlugins/INFO] [AlmostUnified/]: [AutoHiding] Hiding 16/23 items for tag '#forge:ores/gold' -> [gtceu:gold_ore, gtceu:mars_gold_ore, gtceu:proxima_centauri_b_gold_ore, gtceu:tuff_gold_ore, gtceu:deepslate_gold_ore, gtceu:basalt_gold_ore, gtceu:netherrack_gold_ore, gtceu:moon_gold_ore, gtceu:mercury_gold_ore, gtceu:blackstone_gold_ore, gtceu:sand_gold_ore, gtceu:venus_gold_ore, gtceu:marble_gold_ore, gtceu:gravel_gold_ore, gtceu:endstone_gold_ore, gtceu:red_sand_gold_ore]
[28May2026 15:11:42.293] [REI-ReloadPlugins/INFO] [AlmostUnified/]: [AutoHiding] Hiding 1/2 items for tag '#forge:raw_materials/zinc' -> [nuclearcraft:zinc_chunk]
[28May2026 15:11:42.293] [REI-ReloadPlugins/INFO] [AlmostUnified/]: [AutoHiding] Hiding 1/2 items for tag '#forge:nuggets/zinc' -> [nuclearcraft:zinc_nugget]
[28May2026 15:11:42.293] [REI-ReloadPlugins/INFO] [AlmostUnified/]: [AutoHiding] Hiding 16/22 items for tag '#forge:ores/diamond' -> [gtceu:moon_diamond_ore, gtceu:marble_diamond_ore, gtceu:red_sand_diamond_ore, gtceu:netherrack_diamond_ore, gtceu:basalt_diamond_ore, gtceu:endstone_diamond_ore, gtceu:deepslate_diamond_ore, gtceu:blackstone_diamond_ore, gtceu:sand_diamond_ore, gtceu:gravel_diamond_ore, gtceu:proxima_centauri_b_diamond_ore, gtceu:venus_diamond_ore, gtceu:tuff_diamond_ore, gtceu:mars_diamond_ore, gtceu:mercury_diamond_ore, gtceu:diamond_ore]
[28May2026 15:11:42.293] [REI-ReloadPlugins/INFO] [AlmostUnified/]: [AutoHiding] Hiding 1/2 items for tag '#forge:nuggets/copper' -> [tconstruct:copper_nugget]
[28May2026 15:11:42.293] [REI-ReloadPlugins/INFO] [AlmostUnified/]: [AutoHiding] Hiding 1/3 items for tag '#forge:ores/zinc' -> [nuclearcraft:zinc_ore]
[28May2026 15:11:42.293] [REI-ReloadPlugins/INFO] [AlmostUnified/]: [AutoHiding] Hiding 16/22 items for tag '#forge:ores/copper' -> [gtceu:venus_copper_ore, gtceu:tuff_copper_ore, gtceu:red_sand_copper_ore, gtceu:copper_ore, gtceu:sand_copper_ore, gtceu:mars_copper_ore, gtceu:mercury_copper_ore, gtceu:gravel_copper_ore, gtceu:blackstone_copper_ore, gtceu:netherrack_copper_ore, gtceu:endstone_copper_ore, gtceu:marble_copper_ore, gtceu:basalt_copper_ore, gtceu:proxima_centauri_b_copper_ore, gtceu:deepslate_copper_ore, gtceu:moon_copper_ore]
[28May2026 15:11:42.293] [REI-ReloadPlugins/INFO] [AlmostUnified/]: [AutoHiding] Hiding 16/22 items for tag '#forge:ores/iron' -> [gtceu:mars_iron_ore, gtceu:sand_iron_ore, gtceu:marble_iron_ore, gtceu:venus_iron_ore, gtceu:red_sand_iron_ore, gtceu:deepslate_iron_ore, gtceu:netherrack_iron_ore, gtceu:moon_iron_ore, gtceu:mercury_iron_ore, gtceu:proxima_centauri_b_iron_ore, gtceu:tuff_iron_ore, gtceu:gravel_iron_ore, gtceu:endstone_iron_ore, gtceu:blackstone_iron_ore, gtceu:basalt_iron_ore, gtceu:iron_ore]
[28May2026 15:11:42.293] [REI-ReloadPlugins/INFO] [AlmostUnified/]: [AutoHiding] Hiding 1/2 items for tag '#forge:plates/copper' -> [nuclearcraft:copper_plate]
[28May2026 15:11:42.294] [REI-ReloadPlugins/INFO] [AlmostUnified/]: [AutoHiding] Hiding 16/22 items for tag '#forge:ores/lapis' -> [gtceu:proxima_centauri_b_lapis_ore, gtceu:mars_lapis_ore, gtceu:marble_lapis_ore, gtceu:sand_lapis_ore, gtceu:mercury_lapis_ore, gtceu:endstone_lapis_ore, gtceu:blackstone_lapis_ore, gtceu:venus_lapis_ore, gtceu:lapis_ore, gtceu:netherrack_lapis_ore, gtceu:deepslate_lapis_ore, gtceu:tuff_lapis_ore, gtceu:red_sand_lapis_ore, gtceu:gravel_lapis_ore, gtceu:basalt_lapis_ore, gtceu:moon_lapis_ore]
[28May2026 15:11:42.294] [REI-ReloadPlugins/INFO] [AlmostUnified/]: [AutoHiding] Hiding 1/2 items for tag '#forge:ingots/zinc' -> [nuclearcraft:zinc_ingot]
[28May2026 15:11:42.294] [REI-ReloadPlugins/INFO] [AlmostUnified/]: [AutoHiding] Hiding 1/2 items for tag '#forge:plates/iron' -> [nuclearcraft:iron_plate]
[28May2026 15:11:42.294] [REI-ReloadPlugins/INFO] [AlmostUnified/]: [AutoHiding] Hiding 16/22 items for tag '#forge:ores/coal' -> [gtceu:mercury_coal_ore, gtceu:blackstone_coal_ore, gtceu:deepslate_coal_ore, gtceu:basalt_coal_ore, gtceu:netherrack_coal_ore, gtceu:gravel_coal_ore, gtceu:proxima_centauri_b_coal_ore, gtceu:sand_coal_ore, gtceu:tuff_coal_ore, gtceu:mars_coal_ore, gtceu:coal_ore, gtceu:endstone_coal_ore, gtceu:red_sand_coal_ore, gtceu:marble_coal_ore, gtceu:moon_coal_ore, gtceu:venus_coal_ore]
[28May2026 15:11:42.297] [REI-ReloadPlugins/INFO] [AlmostUnified/]: [AutoHiding] Hiding 1/2 items for tag '#forge:plates/obsidian' -> [gtceu:obsidian_plate]
[28May2026 15:11:42.297] [REI-ReloadPlugins/INFO] [AlmostUnified/]: [AutoHiding] Hiding 1/2 items for tag '#forge:storage_blocks/zinc' -> [nuclearcraft:zinc_block]
[28May2026 15:11:42.297] [REI-ReloadPlugins/INFO] [AlmostUnified/]: [AutoHiding] Hiding 16/22 items for tag '#forge:ores/emerald' -> [gtceu:deepslate_emerald_ore, gtceu:red_sand_emerald_ore, gtceu:blackstone_emerald_ore, gtceu:sand_emerald_ore, gtceu:mercury_emerald_ore, gtceu:venus_emerald_ore, gtceu:gravel_emerald_ore, gtceu:tuff_emerald_ore, gtceu:mars_emerald_ore, gtceu:emerald_ore, gtceu:moon_emerald_ore, gtceu:marble_emerald_ore, gtceu:proxima_centauri_b_emerald_ore, gtceu:netherrack_emerald_ore, gtceu:endstone_emerald_ore, gtceu:basalt_emerald_ore]
[28May2026 15:11:42.297] [REI-ReloadPlugins/INFO] [AlmostUnified/]: [AutoHiding] Hiding 2/3 items for tag '#forge:dusts/obsidian' -> [enderio:powdered_obsidian, nuclearcraft:obsidian_dust]
[28May2026 15:11:42.298] [REI-ReloadPlugins/INFO] [AlmostUnified/]: [AutoHiding] Hiding 16/23 items for tag '#forge:ores/gold' -> [gtceu:gold_ore, gtceu:mars_gold_ore, gtceu:proxima_centauri_b_gold_ore, gtceu:tuff_gold_ore, gtceu:deepslate_gold_ore, gtceu:basalt_gold_ore, gtceu:netherrack_gold_ore, gtceu:moon_gold_ore, gtceu:mercury_gold_ore, gtceu:blackstone_gold_ore, gtceu:sand_gold_ore, gtceu:venus_gold_ore, gtceu:marble_gold_ore, gtceu:gravel_gold_ore, gtceu:endstone_gold_ore, gtceu:red_sand_gold_ore]
[28May2026 15:11:42.298] [REI-ReloadPlugins/INFO] [AlmostUnified/]: [AutoHiding] Hiding 1/2 items for tag '#forge:raw_materials/zinc' -> [nuclearcraft:zinc_chunk]
[28May2026 15:11:42.298] [REI-ReloadPlugins/INFO] [AlmostUnified/]: [AutoHiding] Hiding 1/2 items for tag '#forge:nuggets/zinc' -> [nuclearcraft:zinc_nugget]
[28May2026 15:11:42.298] [REI-ReloadPlugins/INFO] [AlmostUnified/]: [AutoHiding] Hiding 16/22 items for tag '#forge:ores/diamond' -> [gtceu:moon_diamond_ore, gtceu:marble_diamond_ore, gtceu:red_sand_diamond_ore, gtceu:netherrack_diamond_ore, gtceu:basalt_diamond_ore, gtceu:endstone_diamond_ore, gtceu:deepslate_diamond_ore, gtceu:blackstone_diamond_ore, gtceu:sand_diamond_ore, gtceu:gravel_diamond_ore, gtceu:proxima_centauri_b_diamond_ore, gtceu:venus_diamond_ore, gtceu:tuff_diamond_ore, gtceu:mars_diamond_ore, gtceu:mercury_diamond_ore, gtceu:diamond_ore]
[28May2026 15:11:42.298] [REI-ReloadPlugins/INFO] [AlmostUnified/]: [AutoHiding] Hiding 1/2 items for tag '#forge:nuggets/copper' -> [tconstruct:copper_nugget]
[28May2026 15:11:42.298] [REI-ReloadPlugins/INFO] [AlmostUnified/]: [AutoHiding] Hiding 1/3 items for tag '#forge:ores/zinc' -> [nuclearcraft:zinc_ore]
[28May2026 15:11:42.298] [REI-ReloadPlugins/INFO] [AlmostUnified/]: [AutoHiding] Hiding 16/22 items for tag '#forge:ores/copper' -> [gtceu:venus_copper_ore, gtceu:tuff_copper_ore, gtceu:red_sand_copper_ore, gtceu:copper_ore, gtceu:sand_copper_ore, gtceu:mars_copper_ore, gtceu:mercury_copper_ore, gtceu:gravel_copper_ore, gtceu:blackstone_copper_ore, gtceu:netherrack_copper_ore, gtceu:endstone_copper_ore, gtceu:marble_copper_ore, gtceu:basalt_copper_ore, gtceu:proxima_centauri_b_copper_ore, gtceu:deepslate_copper_ore, gtceu:moon_copper_ore]
[28May2026 15:11:42.298] [REI-ReloadPlugins/INFO] [AlmostUnified/]: [AutoHiding] Hiding 16/22 items for tag '#forge:ores/iron' -> [gtceu:mars_iron_ore, gtceu:sand_iron_ore, gtceu:marble_iron_ore, gtceu:venus_iron_ore, gtceu:red_sand_iron_ore, gtceu:deepslate_iron_ore, gtceu:netherrack_iron_ore, gtceu:moon_iron_ore, gtceu:mercury_iron_ore, gtceu:proxima_centauri_b_iron_ore, gtceu:tuff_iron_ore, gtceu:gravel_iron_ore, gtceu:endstone_iron_ore, gtceu:blackstone_iron_ore, gtceu:basalt_iron_ore, gtceu:iron_ore]
[28May2026 15:11:42.298] [REI-ReloadPlugins/INFO] [AlmostUnified/]: [AutoHiding] Hiding 1/2 items for tag '#forge:plates/copper' -> [nuclearcraft:copper_plate]
[28May2026 15:11:42.299] [REI-ReloadPlugins/INFO] [AlmostUnified/]: [AutoHiding] Hiding 16/22 items for tag '#forge:ores/lapis' -> [gtceu:proxima_centauri_b_lapis_ore, gtceu:mars_lapis_ore, gtceu:marble_lapis_ore, gtceu:sand_lapis_ore, gtceu:mercury_lapis_ore, gtceu:endstone_lapis_ore, gtceu:blackstone_lapis_ore, gtceu:venus_lapis_ore, gtceu:lapis_ore, gtceu:netherrack_lapis_ore, gtceu:deepslate_lapis_ore, gtceu:tuff_lapis_ore, gtceu:red_sand_lapis_ore, gtceu:gravel_lapis_ore, gtceu:basalt_lapis_ore, gtceu:moon_lapis_ore]
[28May2026 15:11:42.299] [REI-ReloadPlugins/INFO] [AlmostUnified/]: [AutoHiding] Hiding 1/2 items for tag '#forge:ingots/zinc' -> [nuclearcraft:zinc_ingot]
[28May2026 15:11:42.299] [REI-ReloadPlugins/INFO] [AlmostUnified/]: [AutoHiding] Hiding 1/2 items for tag '#forge:plates/iron' -> [nuclearcraft:iron_plate]
[28May2026 15:11:42.299] [REI-ReloadPlugins/INFO] [AlmostUnified/]: [AutoHiding] Hiding 16/22 items for tag '#forge:ores/coal' -> [gtceu:mercury_coal_ore, gtceu:blackstone_coal_ore, gtceu:deepslate_coal_ore, gtceu:basalt_coal_ore, gtceu:netherrack_coal_ore, gtceu:gravel_coal_ore, gtceu:proxima_centauri_b_coal_ore, gtceu:sand_coal_ore, gtceu:tuff_coal_ore, gtceu:mars_coal_ore, gtceu:coal_ore, gtceu:endstone_coal_ore, gtceu:red_sand_coal_ore, gtceu:marble_coal_ore, gtceu:moon_coal_ore, gtceu:venus_coal_ore]
[28May2026 15:11:42.391] [Render thread/WARN] [ModernFix/]: Time from main menu to in-game was 3.3140795 seconds
[28May2026 15:11:42.391] [Render thread/WARN] [ModernFix/]: Total time to load game and open world was 53.94808 seconds
[28May2026 15:11:42.397] [Netty Epoll Client IO #2/INFO] [FTB Quests/]: Read 404616 bytes, 1686 objects
[28May2026 15:11:42.413] [Render thread/INFO] [FTB Chunks/]: Loading FTB Chunks client data from world 1ed4e67c-4e11-4ab9-828f-3105e513d638
[28May2026 15:11:42.414] [Render thread/INFO] [net.minecraft.client.gui.components.ChatComponent/]: [CHAT] KubeJS errors found [1]! Run '/kubejs errors server' for more info
[28May2026 15:11:42.415] [Render thread/INFO] [Moonlight/]: Synced vista-common.toml configs
[28May2026 15:11:42.621] [Render thread/INFO] [Moonlight/]: Synced moonlight-common.toml configs
[28May2026 15:11:42.622] [Render thread/INFO] [Jade/]: Received config from the server: {}
[28May2026 15:11:42.624] [Render thread/INFO] [Moonlight/]: Synced supplementaries-common.toml configs
[28May2026 15:11:42.626] [Render thread/WARN] [net.minecraft.client.multiplayer.ClientPacketListener/]: Unknown custom packet identifier: configuration:network
[28May2026 15:11:42.626] [Render thread/INFO] [net.minecraft.advancements.AdvancementList/]: Loaded 87 advancements
[28May2026 15:11:42.627] [Render thread/INFO] [patchouli/]: BookContentResourceListenerLoader: Files found in 26.04 μs
[28May2026 15:11:42.627] [Render thread/INFO] [patchouli/]: BookContentResourceListenerLoader: Files found in 7.108 μs
[28May2026 15:11:42.627] [Render thread/INFO] [patchouli/]: BookContentResourceListenerLoader: Files found in 5.896 μs
[28May2026 15:11:42.627] [Render thread/INFO] [patchouli/]: BookContentResourceListenerLoader: Files found in 86.41 μs
[28May2026 15:11:42.628] [Render thread/INFO] [patchouli/]: BookContentResourceListenerLoader: Files found in 115.6 μs
[28May2026 15:11:42.629] [Render thread/INFO] [patchouli/]: BookContentResourceListenerLoader: Files found in 69.88 μs
[28May2026 15:11:42.629] [Render thread/INFO] [patchouli/]: BookContentResourceListenerLoader: Files found in 40.40 μs
[28May2026 15:11:42.629] [Render thread/INFO] [patchouli/]: BookContentResourceListenerLoader: Files found in 46.46 μs
[28May2026 15:11:42.629] [Render thread/INFO] [patchouli/]: BookContentResourceListenerLoader: Files found in 38.53 μs
[28May2026 15:11:42.630] [Render thread/INFO] [patchouli/]: BookContentResourceListenerLoader: Files found in 107.8 μs
[28May2026 15:11:42.631] [Render thread/INFO] [patchouli/]: BookContentResourceListenerLoader: Files found in 105.7 μs
[28May2026 15:11:42.632] [Render thread/INFO] [patchouli/]: BookContentResourceListenerLoader: Files found in 108.1 μs
[28May2026 15:11:42.640] [Render thread/INFO] [patchouli/]: BookContentResourceListenerLoader: Files found in 45.08 μs
[28May2026 15:11:42.640] [Render thread/INFO] [patchouli/]: BookContentResourceListenerLoader: Files found in 23.05 μs
[28May2026 15:11:42.640] [Render thread/INFO] [patchouli/]: BookContentResourceListenerLoader: Files found in 29.86 μs
[28May2026 15:11:42.641] [Render thread/INFO] [patchouli/]: BookContentResourceListenerLoader: Files found in 55.53 μs
[28May2026 15:11:42.641] [Render thread/INFO] [patchouli/]: BookContentResourceListenerLoader: Files found in 75.50 μs
[28May2026 15:11:42.642] [Render thread/INFO] [patchouli/]: BookContentResourceListenerLoader: Files found in 40.33 μs
[28May2026 15:11:42.642] [Render thread/WARN] [patchouli/]: Recipe advancedperipherals:rs_bridge (of type minecraft:crafting) not found
[28May2026 15:11:42.642] [Render thread/WARN] [patchouli/]: Recipe advancedperipherals:colony_integrator (of type minecraft:crafting) not found
[28May2026 15:11:42.643] [Render thread/INFO] [patchouli/]: BookContentResourceListenerLoader: Files found in 365.2 μs
[28May2026 15:11:42.643] [Render thread/INFO] [patchouli/]: BookContentResourceListenerLoader: Files found in 373.0 μs
[28May2026 15:11:42.644] [Render thread/INFO] [patchouli/]: BookContentResourceListenerLoader: Files found in 260.2 μs
[28May2026 15:11:42.646] [Render thread/INFO] [ModernFix/]: Cleared 0 unneeded book NBT tags
[28May2026 15:11:44.147] [REI-ReloadPlugins/INFO] [REI/]: [REI] ========================================
[28May2026 15:11:44.147] [REI-ReloadPlugins/INFO] [REI/]: [REI] REIServerPlugin starting main-reload for START.
[28May2026 15:11:44.147] [REI-ReloadPlugins/INFO] [REI/]: [REI] Plugins (7):
[28May2026 15:11:44.147] [REI-ReloadPlugins/INFO] [REI/]: [REI]  - (-100.00) DefaultPluginImpl of DefaultPluginImpl [roughlyenoughitems]
[28May2026 15:11:44.147] [REI-ReloadPlugins/INFO] [REI/]: [REI]  - (0.00) StorageReiCommonPlugin of StorageReiCommonPlugin [sophisticatedstorage]
[28May2026 15:11:44.147] [REI-ReloadPlugins/INFO] [REI/]: [REI]  - (0.00) ReiPlugin of ReiPlugin [craftingstation]
[28May2026 15:11:44.147] [REI-ReloadPlugins/INFO] [REI/]: [REI]  - (0.00) BackpackReiCommonPlugin of BackpackReiCommonPlugin [sophisticatedbackpacks]
[28May2026 15:11:44.147] [REI-ReloadPlugins/INFO] [REI/]: [REI]  - (0.00) CoreReiCommonPlugin of CoreReiCommonPlugin [sophisticatedcore]
[28May2026 15:11:44.147] [REI-ReloadPlugins/INFO] [REI/]: [REI]  - (0.00) AdornReiServerForge of AdornReiServerForge [adorn]
[28May2026 15:11:44.147] [REI-ReloadPlugins/INFO] [REI/]: [REI]  - (0.00) DefaultRuntimePlugin of DefaultRuntimePlugin [roughlyenoughitems]
[28May2026 15:11:44.147] [REI-ReloadPlugins/INFO] [REI/]: [REI] ========================================
[28May2026 15:11:44.148] [REI-ReloadPlugins/INFO] [REI/]: [REI] REIPlugin finished post-reload for START in 304.2 μs, totaling 3.633 ms.
[28May2026 15:11:44.149] [REI-ReloadPlugins/INFO] [REI/]: [REI] REIClientPlugin finished post-reload for START in 300.3 μs, totaling 2.149 s.
[28May2026 15:11:44.149] [REI-ReloadPlugins/INFO] [REI/]: [REI] REIServerPlugin finished post-reload for START in 130.8 μs, totaling 1.120 ms.
[28May2026 15:11:44.150] [REI-ReloadPlugins/INFO] [REI/]: [REI] ~~~~~~~~~~~~~~~~~~~~~~~~~~~~~~~~~~~~~~~~
[28May2026 15:11:44.150] [REI-ReloadPlugins/INFO] [REI/]: [REI] REIPlugin starting main-reload for END.
[28May2026 15:11:44.150] [REI-ReloadPlugins/INFO] [REI/]: [REI] Plugins (24):
[28May2026 15:11:44.151] [REI-ReloadPlugins/INFO] [REI/]: [REI]  - (-100.00) DefaultClientPluginImpl of DefaultClientPluginImpl [roughlyenoughitems]
[28May2026 15:11:44.151] [REI-ReloadPlugins/INFO] [REI/]: [REI]  - (-100.00) DefaultPluginImpl of DefaultPluginImpl [roughlyenoughitems]
[28May2026 15:11:44.151] [REI-ReloadPlugins/INFO] [REI/]: [REI]  - (0.00) HideIngredientsFromTagsPlugin of HideIngredientsFromTagsPlugin [roughlyenoughitems]
[28May2026 15:11:44.151] [REI-ReloadPlugins/INFO] [REI/]: [REI]  - (0.00) DefaultClientRuntimePlugin of DefaultClientRuntimePlugin [roughlyenoughitems]
[28May2026 15:11:44.151] [REI-ReloadPlugins/INFO] [REI/]: [REI]  - (0.00) DefaultRuntimePlugin of DefaultRuntimePlugin [roughlyenoughitems]
[28May2026 15:11:44.151] [REI-ReloadPlugins/INFO] [REI/]: [REI]  - (0.00) REICompat of REICompat [supplementaries]
[28May2026 15:11:44.151] [REI-ReloadPlugins/INFO] [REI/]: [REI]  - (0.00) GTREIPlugin of GTREIPlugin [gtceu]
[28May2026 15:11:44.151] [REI-ReloadPlugins/INFO] [REI/]: [REI]  - (0.00) FTBQuestsREIIntegrationForge of FTBQuestsREIIntegrationForge [ftbxmodcompat]
[28May2026 15:11:44.151] [REI-ReloadPlugins/INFO] [REI/]: [REI]  - (0.00) ExtendedAE of ExtendedAE [expatternprovider]
[28May2026 15:11:44.151] [REI-ReloadPlugins/INFO] [REI/]: [REI]  - (0.00) FramedReiPlugin of FramedReiPlugin [framedblocks]
[28May2026 15:11:44.151] [REI-ReloadPlugins/INFO] [REI/]: [REI]  - (0.00) StorageReiClientPlugin of StorageReiClientPlugin [sophisticatedstorage]
[28May2026 15:11:44.151] [REI-ReloadPlugins/INFO] [REI/]: [REI]  - (0.00) BackpackReiClientPlugin of BackpackReiClientPlugin [sophisticatedbackpacks]
[28May2026 15:11:44.151] [REI-ReloadPlugins/INFO] [REI/]: [REI]  - (0.00) almostunified.roughlyenoughitems of almostunified.roughlyenoughitems [almostunified]
[28May2026 15:11:44.151] [REI-ReloadPlugins/INFO] [REI/]: [REI]  - (0.00) AdornReiClientForge of AdornReiClientForge [adorn]
[28May2026 15:11:44.151] [REI-ReloadPlugins/INFO] [REI/]: [REI]  - (0.00) REIPluginImpl of REIPluginImpl [ldlib]
[28May2026 15:11:44.151] [REI-ReloadPlugins/INFO] [REI/]: [REI]  - (0.00) StorageReiCommonPlugin of StorageReiCommonPlugin [sophisticatedstorage]
[28May2026 15:11:44.151] [REI-ReloadPlugins/INFO] [REI/]: [REI]  - (0.00) ReiClientPlugin of ReiClientPlugin [craftingstation]
[28May2026 15:11:44.151] [REI-ReloadPlugins/INFO] [REI/]: [REI]  - (0.00) ReiPlugin of ReiPlugin [craftingstation]
[28May2026 15:11:44.151] [REI-ReloadPlugins/INFO] [REI/]: [REI]  - (0.00) REIForgePluginStub of REIForgePluginStub [ftblibrary]
[28May2026 15:11:44.151] [REI-ReloadPlugins/INFO] [REI/]: [REI]  - (0.00) BackpackReiCommonPlugin of BackpackReiCommonPlugin [sophisticatedbackpacks]
[28May2026 15:11:44.151] [REI-ReloadPlugins/INFO] [REI/]: [REI]  - (0.00) CoreReiCommonPlugin of CoreReiCommonPlugin [sophisticatedcore]
[28May2026 15:11:44.151] [REI-ReloadPlugins/INFO] [REI/]: [REI]  - (0.00) AdornReiServerForge of AdornReiServerForge [adorn]
[28May2026 15:11:44.151] [REI-ReloadPlugins/INFO] [REI/]: [REI]  - (0.00) AE2 of AE2 [ae2]
[28May2026 15:11:44.151] [REI-ReloadPlugins/INFO] [REI/]: [REI]  - (10000000.00) REIForgePluginStub of REIForgePluginStub [kubejs]
[28May2026 15:11:44.151] [REI-ReloadPlugins/INFO] [REI/]: [REI] ~~~~~~~~~~~~~~~~~~~~~~~~~~~~~~~~~~~~~~~~
[28May2026 15:11:44.154] [REI-ReloadPlugins/INFO] [REI/]: [REI] @@@@@@@@@@@@@@@@@@@@@@@@@@@@@@@@@@@@@@@@
[28May2026 15:11:44.154] [REI-ReloadPlugins/INFO] [REI/]: [REI] REIClientPlugin starting main-reload for END.
[28May2026 15:11:44.154] [REI-ReloadPlugins/INFO] [REI/]: [REI] Plugins (17):
[28May2026 15:11:44.154] [REI-ReloadPlugins/INFO] [REI/]: [REI]  - (-100.00) DefaultClientPluginImpl of DefaultClientPluginImpl [roughlyenoughitems]
[28May2026 15:11:44.154] [REI-ReloadPlugins/INFO] [REI/]: [REI]  - (0.00) REICompat of REICompat [supplementaries]
[28May2026 15:11:44.154] [REI-ReloadPlugins/INFO] [REI/]: [REI]  - (0.00) GTREIPlugin of GTREIPlugin [gtceu]
[28May2026 15:11:44.154] [REI-ReloadPlugins/INFO] [REI/]: [REI]  - (0.00) FTBQuestsREIIntegrationForge of FTBQuestsREIIntegrationForge [ftbxmodcompat]
[28May2026 15:11:44.154] [REI-ReloadPlugins/INFO] [REI/]: [REI]  - (0.00) ExtendedAE of ExtendedAE [expatternprovider]
[28May2026 15:11:44.154] [REI-ReloadPlugins/INFO] [REI/]: [REI]  - (0.00) FramedReiPlugin of FramedReiPlugin [framedblocks]
[28May2026 15:11:44.154] [REI-ReloadPlugins/INFO] [REI/]: [REI]  - (0.00) StorageReiClientPlugin of StorageReiClientPlugin [sophisticatedstorage]
[28May2026 15:11:44.154] [REI-ReloadPlugins/INFO] [REI/]: [REI]  - (0.00) BackpackReiClientPlugin of BackpackReiClientPlugin [sophisticatedbackpacks]
[28May2026 15:11:44.154] [REI-ReloadPlugins/INFO] [REI/]: [REI]  - (0.00) almostunified.roughlyenoughitems of almostunified.roughlyenoughitems [almostunified]
[28May2026 15:11:44.154] [REI-ReloadPlugins/INFO] [REI/]: [REI]  - (0.00) AdornReiClientForge of AdornReiClientForge [adorn]
[28May2026 15:11:44.154] [REI-ReloadPlugins/INFO] [REI/]: [REI]  - (0.00) REIPluginImpl of REIPluginImpl [ldlib]
[28May2026 15:11:44.154] [REI-ReloadPlugins/INFO] [REI/]: [REI]  - (0.00) ReiClientPlugin of ReiClientPlugin [craftingstation]
[28May2026 15:11:44.154] [REI-ReloadPlugins/INFO] [REI/]: [REI]  - (0.00) REIForgePluginStub of REIForgePluginStub [ftblibrary]
[28May2026 15:11:44.154] [REI-ReloadPlugins/INFO] [REI/]: [REI]  - (0.00) AE2 of AE2 [ae2]
[28May2026 15:11:44.154] [REI-ReloadPlugins/INFO] [REI/]: [REI]  - (0.00) HideIngredientsFromTagsPlugin of HideIngredientsFromTagsPlugin [roughlyenoughitems]
[28May2026 15:11:44.154] [REI-ReloadPlugins/INFO] [REI/]: [REI]  - (0.00) DefaultClientRuntimePlugin of DefaultClientRuntimePlugin [roughlyenoughitems]
[28May2026 15:11:44.154] [REI-ReloadPlugins/INFO] [REI/]: [REI]  - (10000000.00) REIForgePluginStub of REIForgePluginStub [kubejs]
[28May2026 15:11:44.154] [REI-ReloadPlugins/INFO] [REI/]: [REI] @@@@@@@@@@@@@@@@@@@@@@@@@@@@@@@@@@@@@@@@
[28May2026 15:11:44.162] [REI-ReloadPlugins/WARN] [REI/]: [REI] Collapsible entry group [gtceu:tool/shears] Shears has no entries, ignoring.
[28May2026 15:11:44.164] [REI-ReloadPlugins/WARN] [REI/]: [REI] Collapsible entry group [gtceu:ore/bisalloy_400] Bisalloy 400 Ore has no entries, ignoring.
[28May2026 15:11:44.164] [REI-ReloadPlugins/WARN] [REI/]: [REI] Collapsible entry group [gtceu:ore/tungsten_steel] Tungsten Steel Ore has no entries, ignoring.
[28May2026 15:11:44.164] [REI-ReloadPlugins/WARN] [REI/]: [REI] Collapsible entry group [gtceu:ore/tungsten] Tungsten Ore has no entries, ignoring.
[28May2026 15:11:44.164] [REI-ReloadPlugins/WARN] [REI/]: [REI] Collapsible entry group [gtceu:ore/neutronium] Neutronium Ore has no entries, ignoring.
[28May2026 15:11:44.165] [REI-ReloadPlugins/WARN] [REI/]: [REI] Collapsible entry group [gtceu:ore/hsse] Hsse Ore has no entries, ignoring.
[28May2026 15:11:44.165] [REI-ReloadPlugins/WARN] [REI/]: [REI] Collapsible entry group [gtceu:ore/black_steel] Black Steel Ore has no entries, ignoring.
[28May2026 15:11:44.165] [REI-ReloadPlugins/WARN] [REI/]: [REI] Collapsible entry group [gtceu:ore/hsss] Hsss Ore has no entries, ignoring.
[28May2026 15:11:44.165] [REI-ReloadPlugins/WARN] [REI/]: [REI] Collapsible entry group [gtceu:ore/tritanium] Tritanium Ore has no entries, ignoring.
[28May2026 15:11:44.165] [REI-ReloadPlugins/WARN] [REI/]: [REI] Collapsible entry group [gtceu:ore/watertight_steel] Watertight Steel Ore has no entries, ignoring.
[28May2026 15:11:44.165] [REI-ReloadPlugins/WARN] [REI/]: [REI] Collapsible entry group [gtceu:ore/polytetrafluoroethylene] Polytetrafluoroethylene Ore has no entries, ignoring.
[28May2026 15:11:44.165] [REI-ReloadPlugins/WARN] [REI/]: [REI] Collapsible entry group [gtceu:ore/stainless_steel] Stainless Steel Ore has no entries, ignoring.
[28May2026 15:11:44.165] [REI-ReloadPlugins/WARN] [REI/]: [REI] Collapsible entry group [gtceu:ore/maraging_steel_300] Maraging Steel 300 Ore has no entries, ignoring.
[28May2026 15:11:44.165] [REI-ReloadPlugins/WARN] [REI/]: [REI] Collapsible entry group [gtceu:ore/hastelloy_x] Hastelloy X Ore has no entries, ignoring.
[28May2026 15:11:44.165] [REI-ReloadPlugins/WARN] [REI/]: [REI] Collapsible entry group [gtceu:ore/hsla_steel] Hsla Steel Ore has no entries, ignoring.
[28May2026 15:11:44.165] [REI-ReloadPlugins/WARN] [REI/]: [REI] Collapsible entry group [gtceu:ore/tungsten_carbide] Tungsten Carbide Ore has no entries, ignoring.
[28May2026 15:11:44.165] [REI-ReloadPlugins/WARN] [REI/]: [REI] Collapsible entry group [gtceu:ore/naquadah_alloy] Naquadah Alloy Ore has no entries, ignoring.
[28May2026 15:11:44.165] [REI-ReloadPlugins/WARN] [REI/]: [REI] Collapsible entry group [gtceu:ore/ruridit] Ruridit Ore has no entries, ignoring.
[28May2026 15:11:44.165] [REI-ReloadPlugins/WARN] [REI/]: [REI] Collapsible entry group [gtceu:ore/invar] Invar Ore has no entries, ignoring.
[28May2026 15:11:44.165] [REI-ReloadPlugins/WARN] [REI/]: [REI] Collapsible entry group [gtceu:ore/europium] Europium Ore has no entries, ignoring.
[28May2026 15:11:44.165] [REI-ReloadPlugins/WARN] [REI/]: [REI] Collapsible entry group [gtceu:ore/iridium] Iridium Ore has no entries, ignoring.
[28May2026 15:11:44.165] [REI-ReloadPlugins/WARN] [REI/]: [REI] Collapsible entry group [gtceu:ore/bronze] Bronze Ore has no entries, ignoring.
[28May2026 15:11:44.166] [REI-ReloadPlugins/WARN] [REI/]: [REI] Collapsible entry group [gtceu:ore/ultimet] Ultimet Ore has no entries, ignoring.
[28May2026 15:11:44.166] [REI-ReloadPlugins/WARN] [REI/]: [REI] Collapsible entry group [gtceu:ore/hastelloy_c_276] Hastelloy C 276 Ore has no entries, ignoring.
[28May2026 15:11:44.166] [REI-ReloadPlugins/WARN] [REI/]: [REI] Collapsible entry group [gtceu:ore/blue_steel] Blue Steel Ore has no entries, ignoring.
[28May2026 15:11:44.166] [REI-ReloadPlugins/WARN] [REI/]: [REI] Collapsible entry group [gtceu:ore/steel] Steel Ore has no entries, ignoring.
[28May2026 15:11:44.166] [REI-ReloadPlugins/WARN] [REI/]: [REI] Collapsible entry group [gtceu:ore/incoloy_ma_956] Incoloy Ma 956 Ore has no entries, ignoring.
[28May2026 15:11:44.166] [REI-ReloadPlugins/WARN] [REI/]: [REI] Collapsible entry group [gtceu:ore/hssg] Hssg Ore has no entries, ignoring.
[28May2026 15:11:45.519] [REI-ReloadPlugins/ERROR] [GregTechCEu/]: Input item 0 of recipe gtceu:potion_vanilla_quark.resilience_66 is empty
[28May2026 15:11:45.519] [REI-ReloadPlugins/ERROR] [GregTechCEu/]: Input item 0 of recipe gtceu:potion_vanilla_mundane_67 is empty
[28May2026 15:11:45.519] [REI-ReloadPlugins/ERROR] [GregTechCEu/]: Input item 0 of recipe gtceu:potion_vanilla_quark.resilience_68 is empty
[28May2026 15:11:45.519] [REI-ReloadPlugins/ERROR] [GregTechCEu/]: Input item 0 of recipe gtceu:potion_vanilla_quark.resilience_69 is empty
[28May2026 15:11:50.287] [REI-ReloadPlugins/INFO] [REI/]: [REI] ########################################
[28May2026 15:11:50.287] [REI-ReloadPlugins/INFO] [REI/]: [REI] REIServerPlugin starting main-reload for END.
[28May2026 15:11:50.287] [REI-ReloadPlugins/INFO] [REI/]: [REI] Plugins (7):
[28May2026 15:11:50.287] [REI-ReloadPlugins/INFO] [REI/]: [REI]  - (-100.00) DefaultPluginImpl of DefaultPluginImpl [roughlyenoughitems]
[28May2026 15:11:50.287] [REI-ReloadPlugins/INFO] [REI/]: [REI]  - (0.00) StorageReiCommonPlugin of StorageReiCommonPlugin [sophisticatedstorage]
[28May2026 15:11:50.287] [REI-ReloadPlugins/INFO] [REI/]: [REI]  - (0.00) ReiPlugin of ReiPlugin [craftingstation]
[28May2026 15:11:50.287] [REI-ReloadPlugins/INFO] [REI/]: [REI]  - (0.00) BackpackReiCommonPlugin of BackpackReiCommonPlugin [sophisticatedbackpacks]
[28May2026 15:11:50.287] [REI-ReloadPlugins/INFO] [REI/]: [REI]  - (0.00) CoreReiCommonPlugin of CoreReiCommonPlugin [sophisticatedcore]
[28May2026 15:11:50.287] [REI-ReloadPlugins/INFO] [REI/]: [REI]  - (0.00) AdornReiServerForge of AdornReiServerForge [adorn]
[28May2026 15:11:50.287] [REI-ReloadPlugins/INFO] [REI/]: [REI]  - (0.00) DefaultRuntimePlugin of DefaultRuntimePlugin [roughlyenoughitems]
[28May2026 15:11:50.287] [REI-ReloadPlugins/INFO] [REI/]: [REI] ########################################
[28May2026 15:11:50.288] [REI-ReloadPlugins/INFO] [REI/]: [REI] REIPlugin finished post-reload for END in 279.3 μs, totaling 3.957 ms.
[28May2026 15:11:50.289] [REI-ReloadPlugins/INFO] [REI/]: [REI] REIClientPlugin finished post-reload for END in 1.109 ms, totaling 6.134 s.
[28May2026 15:11:50.289] [REI-ReloadPlugins/INFO] [REI/]: [REI] REIServerPlugin finished post-reload for END in 104.6 μs, totaling 825.3 μs.
[28May2026 15:12:02.627] [Render thread/INFO] [xaero.hud.minimap.MinimapLogs/]: Xaero hud session finalized.
[28May2026 15:12:02.627] [Render thread/INFO] [xaero.map.WorldMap/]: Finalizing world map session...
[28May2026 15:12:02.667] [Thread-17/INFO] [xaero.map.WorldMap/]: World map cleaned normally!
[28May2026 15:12:02.807] [Render thread/INFO] [xaero.map.WorldMap/]: World map session finalized.
[28May2026 15:12:02.954] [Render thread/INFO] [ChunkBuilder/]: Stopping worker threads
[28May2026 15:12:02.994] [Netty Client IO #7/INFO] [net.minecraftforge.client.ForgeHooksClient/CLIENTHOOKS]: Client has mods that are missing on server: [chatplus, nochatrestrictions, tooltipoverhaul, longerchathistory, nochatreports, obscure_tooltips]
[28May2026 15:12:03.115] [Render thread/ERROR] [net.minecraft.client.multiplayer.ServerStatusPinger/]: Can't ping Season6Test.exaroton.me: Internal Exception: java.net.SocketException: Connection reset
[28May2026 15:12:04.155] [Render thread/INFO] [net.minecraft.client.Minecraft/]: Stopping!
[28May2026 15:12:04.188] [Render thread/INFO] [FTB Chunks/]: Shutting down map thread
